SalesLineID,TransactionID,DateKey,TimeKey,StoreKey,ProductKey,PaymentKey,ChannelKey,Quantity,UnitPriceTND,UnitCostTND,LineRevenueTND,LineCostTND,LineProfitTND
1,100001,20260523,1956,4,7,1,2,1,4.3,1.8,4.3,1.8,2.5
2,100002,20260903,701,6,1,2,2,1,3.5,1.4,3.5,1.4,2.1
3,100003,20260706,1147,6,10,3,1,1,8.0,3.0,8.0,3.0,5.0
4,100003,20260706,1147,6,10,3,1,1,8.0,3.0,8.0,3.0,5.0
5,100004,20260604,849,3,17,3,1,1,4.5,1.6,4.5,1.6,2.9
6,100005,20260418,2044,5,24,3,4,1,8.0,3.0,8.0,3.0,5.0
7,100005,20260418,2044,5,24,3,4,1,8.0,3.0,8.0,3.0,5.0
8,100006,20260701,2033,4,2,1,1,1,4.0,1.6,4.0,1.6,2.4
9,100007,20260724,1821,4,19,2,4,1,5.5,2.0,5.5,2.0,3.5
10,100007,20260724,1821,4,15,2,4,1,11.0,4.0,11.0,4.0,7.0
11,100007,20260724,1821,4,11,2,4,1,10.5,3.8,10.5,3.8,6.7
12,100008,20260626,1812,3,3,1,3,1,3.8,1.5,3.8,1.5,2.3
13,100009,20260529,1805,2,24,1,1,1,8.0,3.0,8.0,3.0,5.0
14,100010,20260606,938,2,4,1,3,1,4.5,1.9,4.5,1.9,2.6
15,100011,20260518,1021,1,6,1,1,2,5.0,2.1,10.0,4.2,5.8
16,100011,20260518,1021,1,22,1,1,1,9.5,3.6,9.5,3.6,5.9
17,100012,20260411,2155,2,4,1,4,1,4.5,1.9,4.5,1.9,2.6
18,100013,20260702,828,2,25,2,1,1,8.5,3.2,8.5,3.2,5.3
19,100014,20260815,1029,1,1,2,1,2,3.5,1.4,7.0,2.8,4.2
20,100014,20260815,1029,1,6,2,1,1,5.0,2.1,5.0,2.1,2.9
21,100015,20260622,1738,2,11,4,1,1,10.5,3.8,10.5,3.8,6.7
22,100015,20260622,1738,2,18,4,1,1,5.0,1.8,5.0,1.8,3.2
23,100016,20260827,1905,5,17,1,3,1,4.5,1.6,4.5,1.6,2.9
24,100017,20260715,712,1,3,2,1,1,3.8,1.5,3.8,1.5,2.3
25,100017,20260715,712,1,16,2,1,1,11.5,4.1,11.5,4.1,7.4
26,100018,20260521,1001,2,14,1,4,1,13.5,4.6,13.5,4.6,8.9
27,100018,20260521,1001,2,1,1,4,1,3.5,1.4,3.5,1.4,2.1
28,100018,20260521,1001,2,19,1,4,1,5.5,2.0,5.5,2.0,3.5
29,100019,20260824,1801,6,23,2,1,1,9.0,3.4,9.0,3.4,5.6
30,100019,20260824,1801,6,21,2,1,1,9.0,3.2,9.0,3.2,5.8
31,100020,20260817,1925,1,8,2,1,1,8.5,3.2,8.5,3.2,5.3
32,100021,20260721,1741,2,19,2,1,1,5.5,2.0,5.5,2.0,3.5
33,100021,20260721,1741,2,21,2,1,1,9.0,3.2,9.0,3.2,5.8
34,100022,20260825,801,3,3,2,1,1,3.8,1.5,3.8,1.5,2.3
35,100023,20260813,1119,1,14,2,1,1,13.5,4.6,13.5,4.6,8.9
36,100024,20260622,1711,4,21,1,4,1,9.0,3.2,9.0,3.2,5.8
37,100025,20260418,828,3,2,1,2,1,4.0,1.6,4.0,1.6,2.4
38,100025,20260418,828,3,1,1,2,1,3.5,1.4,3.5,1.4,2.1
39,100025,20260418,828,3,4,1,2,1,4.5,1.9,4.5,1.9,2.6
40,100026,20260819,1741,3,3,1,1,2,3.8,1.5,7.6,3.0,4.6
41,100027,20260502,738,6,15,1,1,1,11.0,4.0,11.0,4.0,7.0
42,100027,20260502,738,6,9,1,1,1,9.0,3.4,9.0,3.4,5.6
43,100028,20260813,1705,5,10,1,3,1,8.0,3.0,8.0,3.0,5.0
44,100029,20260718,823,2,7,1,3,2,4.3,1.8,8.6,3.6,5.0
45,100029,20260718,823,2,19,1,3,1,5.5,2.0,5.5,2.0,3.5
46,100030,20260731,1828,6,10,1,2,1,8.0,3.0,8.0,3.0,5.0
47,100030,20260731,1828,6,15,1,2,2,11.0,4.0,22.0,8.0,14.0
48,100031,20260616,1837,2,23,1,4,2,9.0,3.4,18.0,6.8,11.2
49,100032,20260717,1353,3,13,1,1,1,12.5,4.3,12.5,4.3,8.2
50,100032,20260717,1353,3,4,1,1,1,4.5,1.9,4.5,1.9,2.6
51,100033,20260728,1626,4,19,2,4,1,5.5,2.0,5.5,2.0,3.5
52,100033,20260728,1626,4,19,2,4,2,5.5,2.0,11.0,4.0,7.0
53,100034,20260523,1132,5,9,4,4,1,9.0,3.4,9.0,3.4,5.6
54,100034,20260523,1132,5,20,4,4,1,6.5,2.4,6.5,2.4,4.1
55,100035,20260501,1215,3,21,2,2,1,9.0,3.2,9.0,3.2,5.8
56,100035,20260501,1215,3,7,2,2,2,4.3,1.8,8.6,3.6,5.0
57,100036,20260625,1031,1,15,3,4,1,11.0,4.0,11.0,4.0,7.0
58,100037,20260508,2150,4,22,2,1,1,9.5,3.6,9.5,3.6,5.9
59,100037,20260508,2150,4,1,2,1,1,3.5,1.4,3.5,1.4,2.1
60,100037,20260508,2150,4,6,2,1,1,5.0,2.1,5.0,2.1,2.9
61,100038,20260529,1655,2,9,1,1,1,9.0,3.4,9.0,3.4,5.6
62,100038,20260529,1655,2,25,1,1,1,8.5,3.2,8.5,3.2,5.3
63,100038,20260529,1655,2,10,1,1,2,8.0,3.0,16.0,6.0,10.0
64,100039,20260411,1651,2,13,2,4,1,12.5,4.3,12.5,4.3,8.2
65,100039,20260411,1651,2,18,2,4,2,5.0,1.8,10.0,3.6,6.4
66,100040,20260625,1811,6,7,1,4,1,4.3,1.8,4.3,1.8,2.5
67,100041,20260706,1116,1,10,1,2,2,8.0,3.0,16.0,6.0,10.0
68,100041,20260706,1116,1,2,1,2,1,4.0,1.6,4.0,1.6,2.4
69,100042,20260806,1712,5,15,2,4,1,11.0,4.0,11.0,4.0,7.0
70,100042,20260806,1712,5,14,2,4,2,13.5,4.6,27.0,9.2,17.8
71,100042,20260806,1712,5,11,2,4,2,10.5,3.8,21.0,7.6,13.4
72,100043,20260411,1923,3,15,1,1,1,11.0,4.0,11.0,4.0,7.0
73,100043,20260411,1923,3,2,1,1,2,4.0,1.6,8.0,3.2,4.8
74,100043,20260411,1923,3,14,1,1,1,13.5,4.6,13.5,4.6,8.9
75,100044,20260415,1008,1,5,1,1,1,4.8,2.0,4.8,2.0,2.8
76,100045,20260611,1734,3,20,1,1,1,6.5,2.4,6.5,2.4,4.1
77,100046,20260522,1355,4,4,1,1,1,4.5,1.9,4.5,1.9,2.6
78,100046,20260522,1355,4,9,1,1,1,9.0,3.4,9.0,3.4,5.6
79,100047,20260319,1030,1,16,1,1,1,11.5,4.1,11.5,4.1,7.4
80,100047,20260319,1030,1,4,1,1,1,4.5,1.9,4.5,1.9,2.6
81,100047,20260319,1030,1,3,1,1,1,3.8,1.5,3.8,1.5,2.3
82,100048,20260912,1656,2,2,1,1,1,4.0,1.6,4.0,1.6,2.4
83,100049,20260721,2154,6,24,3,2,1,8.0,3.0,8.0,3.0,5.0
84,100050,20260725,1558,3,19,1,3,1,5.5,2.0,5.5,2.0,3.5
85,100050,20260725,1558,3,15,1,3,1,11.0,4.0,11.0,4.0,7.0
86,100050,20260725,1558,3,11,1,3,1,10.5,3.8,10.5,3.8,6.7
87,100051,20260624,1630,1,4,1,3,2,4.5,1.9,9.0,3.8,5.2
88,100052,20260730,1219,6,22,1,4,1,9.5,3.6,9.5,3.6,5.9
89,100053,20260410,1823,1,15,1,1,1,11.0,4.0,11.0,4.0,7.0
90,100053,20260410,1823,1,16,1,1,1,11.5,4.1,11.5,4.1,7.4
91,100054,20260615,945,6,16,1,1,1,11.5,4.1,11.5,4.1,7.4
92,100054,20260615,945,6,3,1,1,1,3.8,1.5,3.8,1.5,2.3
93,100054,20260615,945,6,23,1,1,1,9.0,3.4,9.0,3.4,5.6
94,100055,20260730,804,3,18,3,2,1,5.0,1.8,5.0,1.8,3.2
95,100056,20260612,1220,5,20,2,1,2,6.5,2.4,13.0,4.8,8.2
96,100056,20260612,1220,5,12,2,1,2,12.0,4.2,24.0,8.4,15.6
97,100057,20260409,838,2,19,2,2,1,5.5,2.0,5.5,2.0,3.5
98,100058,20260803,1136,1,24,1,1,2,8.0,3.0,16.0,6.0,10.0
99,100058,20260803,1136,1,20,1,1,1,6.5,2.4,6.5,2.4,4.1
100,100059,20260702,1207,1,5,2,1,1,4.8,2.0,4.8,2.0,2.8
101,100060,20260517,1757,3,2,1,1,1,4.0,1.6,4.0,1.6,2.4
102,100061,20260505,938,1,11,4,1,1,10.5,3.8,10.5,3.8,6.7
103,100062,20260509,1024,2,7,2,1,1,4.3,1.8,4.3,1.8,2.5
104,100063,20260724,1540,3,1,1,1,1,3.5,1.4,3.5,1.4,2.1
105,100063,20260724,1540,3,19,1,1,1,5.5,2.0,5.5,2.0,3.5
106,100064,20260320,939,2,20,1,2,1,6.5,2.4,6.5,2.4,4.1
107,100065,20260402,950,4,20,2,3,2,6.5,2.4,13.0,4.8,8.2
108,100066,20260317,831,1,6,1,1,1,5.0,2.1,5.0,2.1,2.9
109,100066,20260317,831,1,3,1,1,1,3.8,1.5,3.8,1.5,2.3
110,100067,20260521,1853,2,12,2,4,1,12.0,4.2,12.0,4.2,7.8
111,100068,20260612,1501,4,14,1,2,1,13.5,4.6,13.5,4.6,8.9
112,100069,20260504,746,6,16,2,1,1,11.5,4.1,11.5,4.1,7.4
113,100070,20260317,857,6,19,2,3,1,5.5,2.0,5.5,2.0,3.5
114,100070,20260317,857,6,19,2,3,1,5.5,2.0,5.5,2.0,3.5
115,100071,20260331,1812,1,16,1,4,1,11.5,4.1,11.5,4.1,7.4
116,100071,20260331,1812,1,24,1,4,1,8.0,3.0,8.0,3.0,5.0
117,100071,20260331,1812,1,9,1,4,1,9.0,3.4,9.0,3.4,5.6
118,100072,20260703,1046,5,11,1,1,1,10.5,3.8,10.5,3.8,6.7
119,100072,20260703,1046,5,17,1,1,1,4.5,1.6,4.5,1.6,2.9
120,100073,20260403,1026,5,8,2,4,2,8.5,3.2,17.0,6.4,10.6
121,100073,20260403,1026,5,18,2,4,1,5.0,1.8,5.0,1.8,3.2
122,100074,20260818,953,3,4,4,1,1,4.5,1.9,4.5,1.9,2.6
123,100074,20260818,953,3,5,4,1,2,4.8,2.0,9.6,4.0,5.6
124,100074,20260818,953,3,1,4,1,1,3.5,1.4,3.5,1.4,2.1
125,100075,20260712,1124,3,9,3,1,1,9.0,3.4,9.0,3.4,5.6
126,100075,20260712,1124,3,11,3,1,1,10.5,3.8,10.5,3.8,6.7
127,100076,20260825,1701,2,20,3,1,2,6.5,2.4,13.0,4.8,8.2
128,100077,20260518,1810,2,24,2,2,1,8.0,3.0,8.0,3.0,5.0
129,100077,20260518,1810,2,15,2,2,1,11.0,4.0,11.0,4.0,7.0
130,100077,20260518,1810,2,8,2,2,1,8.5,3.2,8.5,3.2,5.3
131,100078,20260505,1916,1,23,1,1,1,9.0,3.4,9.0,3.4,5.6
132,100079,20260530,1902,6,23,2,2,1,9.0,3.4,9.0,3.4,5.6
133,100080,20260814,848,1,19,1,1,1,5.5,2.0,5.5,2.0,3.5
134,100080,20260814,848,1,7,1,1,1,4.3,1.8,4.3,1.8,2.5
135,100080,20260814,848,1,5,1,1,1,4.8,2.0,4.8,2.0,2.8
136,100081,20260321,1909,5,15,1,2,1,11.0,4.0,11.0,4.0,7.0
137,100082,20260514,1926,4,14,1,1,1,13.5,4.6,13.5,4.6,8.9
138,100083,20260718,826,5,21,1,1,1,9.0,3.2,9.0,3.2,5.8
139,100083,20260718,826,5,18,1,1,2,5.0,1.8,10.0,3.6,6.4
140,100084,20260723,1842,4,6,2,3,1,5.0,2.1,5.0,2.1,2.9
141,100084,20260723,1842,4,1,2,3,1,3.5,1.4,3.5,1.4,2.1
142,100085,20260501,925,1,1,2,1,1,3.5,1.4,3.5,1.4,2.1
143,100086,20260816,1159,1,21,2,2,1,9.0,3.2,9.0,3.2,5.8
144,100087,20260630,1100,4,23,3,1,1,9.0,3.4,9.0,3.4,5.6
145,100087,20260630,1100,4,9,3,1,1,9.0,3.4,9.0,3.4,5.6
146,100087,20260630,1100,4,8,3,1,1,8.5,3.2,8.5,3.2,5.3
147,100088,20260413,1335,6,21,3,1,1,9.0,3.2,9.0,3.2,5.8
148,100088,20260413,1335,6,15,3,1,1,11.0,4.0,11.0,4.0,7.0
149,100089,20260602,1938,2,25,1,2,1,8.5,3.2,8.5,3.2,5.3
150,100090,20260730,929,5,10,2,2,2,8.0,3.0,16.0,6.0,10.0
151,100091,20260805,1812,5,5,2,3,1,4.8,2.0,4.8,2.0,2.8
152,100092,20260405,851,4,1,1,1,1,3.5,1.4,3.5,1.4,2.1
153,100093,20260317,824,2,19,2,1,1,5.5,2.0,5.5,2.0,3.5
154,100094,20260611,840,2,16,1,4,1,11.5,4.1,11.5,4.1,7.4
155,100095,20260514,1515,1,10,1,1,1,8.0,3.0,8.0,3.0,5.0
156,100096,20260720,1835,1,20,4,3,1,6.5,2.4,6.5,2.4,4.1
157,100097,20260509,1927,6,12,2,3,1,12.0,4.2,12.0,4.2,7.8
158,100097,20260509,1927,6,16,2,3,1,11.5,4.1,11.5,4.1,7.4
159,100098,20260326,952,1,1,1,3,1,3.5,1.4,3.5,1.4,2.1
160,100098,20260326,952,1,5,1,3,1,4.8,2.0,4.8,2.0,2.8
161,100098,20260326,952,1,3,1,3,1,3.8,1.5,3.8,1.5,2.3
162,100099,20260729,1241,2,19,4,1,1,5.5,2.0,5.5,2.0,3.5
163,100100,20260704,1653,5,11,4,3,1,10.5,3.8,10.5,3.8,6.7
164,100101,20260727,854,4,23,1,3,1,9.0,3.4,9.0,3.4,5.6
165,100102,20260603,837,2,6,2,2,1,5.0,2.1,5.0,2.1,2.9
166,100102,20260603,837,2,2,2,2,1,4.0,1.6,4.0,1.6,2.4
167,100103,20260328,913,3,6,2,1,1,5.0,2.1,5.0,2.1,2.9
168,100104,20260704,1114,3,21,2,2,1,9.0,3.2,9.0,3.2,5.8
169,100105,20260325,1549,6,23,1,1,1,9.0,3.4,9.0,3.4,5.6
170,100106,20260719,1205,3,22,1,2,1,9.5,3.6,9.5,3.6,5.9
171,100107,20260613,1724,1,11,1,1,1,10.5,3.8,10.5,3.8,6.7
172,100107,20260613,1724,1,15,1,1,1,11.0,4.0,11.0,4.0,7.0
173,100108,20260816,1941,4,16,2,1,2,11.5,4.1,23.0,8.2,14.8
174,100108,20260816,1941,4,13,2,1,1,12.5,4.3,12.5,4.3,8.2
175,100108,20260816,1941,4,14,2,1,2,13.5,4.6,27.0,9.2,17.8
176,100109,20260529,1858,5,10,2,3,1,8.0,3.0,8.0,3.0,5.0
177,100109,20260529,1858,5,13,2,3,1,12.5,4.3,12.5,4.3,8.2
178,100109,20260529,1858,5,4,2,3,1,4.5,1.9,4.5,1.9,2.6
179,100110,20260626,1144,3,6,1,2,1,5.0,2.1,5.0,2.1,2.9
180,100111,20260821,1518,3,11,1,1,1,10.5,3.8,10.5,3.8,6.7
181,100112,20260526,1630,4,9,1,3,2,9.0,3.4,18.0,6.8,11.2
182,100112,20260526,1630,4,9,1,3,1,9.0,3.4,9.0,3.4,5.6
183,100113,20260611,926,1,17,1,2,1,4.5,1.6,4.5,1.6,2.9
184,100113,20260611,926,1,3,1,2,1,3.8,1.5,3.8,1.5,2.3
185,100114,20260820,1825,1,24,2,1,1,8.0,3.0,8.0,3.0,5.0
186,100115,20260522,1537,1,15,2,1,1,11.0,4.0,11.0,4.0,7.0
187,100115,20260522,1537,1,10,2,1,1,8.0,3.0,8.0,3.0,5.0
188,100116,20260509,1754,5,6,2,3,2,5.0,2.1,10.0,4.2,5.8
189,100116,20260509,1754,5,15,2,3,1,11.0,4.0,11.0,4.0,7.0
190,100117,20260426,931,4,1,2,1,1,3.5,1.4,3.5,1.4,2.1
191,100118,20260726,739,2,25,2,3,1,8.5,3.2,8.5,3.2,5.3
192,100119,20260826,924,2,1,1,1,1,3.5,1.4,3.5,1.4,2.1
193,100120,20260823,1717,3,24,1,1,2,8.0,3.0,16.0,6.0,10.0
194,100120,20260823,1717,3,8,1,1,1,8.5,3.2,8.5,3.2,5.3
195,100121,20260907,1710,5,21,1,1,1,9.0,3.2,9.0,3.2,5.8
196,100122,20260406,2055,1,12,2,2,1,12.0,4.2,12.0,4.2,7.8
197,100123,20260821,1657,3,10,1,1,1,8.0,3.0,8.0,3.0,5.0
198,100124,20260903,1632,2,15,1,2,2,11.0,4.0,22.0,8.0,14.0
199,100124,20260903,1632,2,21,1,2,1,9.0,3.2,9.0,3.2,5.8
200,100125,20260812,1144,5,7,2,3,1,4.3,1.8,4.3,1.8,2.5
201,100125,20260812,1144,5,24,2,3,1,8.0,3.0,8.0,3.0,5.0
202,100126,20260611,1026,4,7,3,1,1,4.3,1.8,4.3,1.8,2.5
203,100126,20260611,1026,4,2,3,1,1,4.0,1.6,4.0,1.6,2.4
204,100127,20260604,841,4,6,2,1,1,5.0,2.1,5.0,2.1,2.9
205,100127,20260604,841,4,25,2,1,1,8.5,3.2,8.5,3.2,5.3
206,100128,20260602,914,1,21,1,2,1,9.0,3.2,9.0,3.2,5.8
207,100129,20260706,1022,4,18,1,1,1,5.0,1.8,5.0,1.8,3.2
208,100130,20260814,1755,5,1,1,1,1,3.5,1.4,3.5,1.4,2.1
209,100131,20260423,730,2,11,2,4,1,10.5,3.8,10.5,3.8,6.7
210,100131,20260423,730,2,9,2,4,1,9.0,3.4,9.0,3.4,5.6
211,100131,20260423,730,2,5,2,4,1,4.8,2.0,4.8,2.0,2.8
212,100132,20260820,1159,6,25,1,1,1,8.5,3.2,8.5,3.2,5.3
213,100132,20260820,1159,6,1,1,1,1,3.5,1.4,3.5,1.4,2.1
214,100133,20260605,942,6,25,3,1,1,8.5,3.2,8.5,3.2,5.3
215,100134,20260330,1747,1,12,1,1,1,12.0,4.2,12.0,4.2,7.8
216,100134,20260330,1747,1,18,1,1,1,5.0,1.8,5.0,1.8,3.2
217,100134,20260330,1747,1,12,1,1,1,12.0,4.2,12.0,4.2,7.8
218,100135,20260827,1817,2,10,2,4,1,8.0,3.0,8.0,3.0,5.0
219,100136,20260620,809,6,12,1,2,1,12.0,4.2,12.0,4.2,7.8
220,100136,20260620,809,6,20,1,2,2,6.5,2.4,13.0,4.8,8.2
221,100136,20260620,809,6,6,1,2,2,5.0,2.1,10.0,4.2,5.8
222,100137,20260428,849,1,18,2,3,1,5.0,1.8,5.0,1.8,3.2
223,100138,20260801,1325,5,4,2,2,1,4.5,1.9,4.5,1.9,2.6
224,100138,20260801,1325,5,6,2,2,1,5.0,2.1,5.0,2.1,2.9
225,100139,20260411,1056,2,6,2,2,1,5.0,2.1,5.0,2.1,2.9
226,100139,20260411,1056,2,7,2,2,1,4.3,1.8,4.3,1.8,2.5
227,100140,20260419,1902,4,16,2,1,1,11.5,4.1,11.5,4.1,7.4
228,100140,20260419,1902,4,5,2,1,1,4.8,2.0,4.8,2.0,2.8
229,100141,20260801,1730,5,1,1,4,1,3.5,1.4,3.5,1.4,2.1
230,100141,20260801,1730,5,1,1,4,1,3.5,1.4,3.5,1.4,2.1
231,100142,20260808,834,4,8,2,1,1,8.5,3.2,8.5,3.2,5.3
232,100143,20260810,1004,5,1,1,1,1,3.5,1.4,3.5,1.4,2.1
233,100144,20260406,1756,2,14,1,2,1,13.5,4.6,13.5,4.6,8.9
234,100144,20260406,1756,2,13,1,2,1,12.5,4.3,12.5,4.3,8.2
235,100145,20260913,1801,4,23,1,4,1,9.0,3.4,9.0,3.4,5.6
236,100145,20260913,1801,4,20,1,4,1,6.5,2.4,6.5,2.4,4.1
237,100146,20260904,958,3,19,2,3,1,5.5,2.0,5.5,2.0,3.5
238,100147,20260329,1752,3,5,2,2,1,4.8,2.0,4.8,2.0,2.8
239,100147,20260329,1752,3,22,2,2,1,9.5,3.6,9.5,3.6,5.9
240,100148,20260504,1006,5,19,1,4,1,5.5,2.0,5.5,2.0,3.5
241,100149,20260326,1914,1,17,1,3,1,4.5,1.6,4.5,1.6,2.9
242,100150,20260824,1200,5,23,2,2,1,9.0,3.4,9.0,3.4,5.6
243,100151,20260627,1329,6,7,1,2,1,4.3,1.8,4.3,1.8,2.5
244,100152,20260911,942,2,14,2,1,1,13.5,4.6,13.5,4.6,8.9
245,100152,20260911,942,2,21,2,1,2,9.0,3.2,18.0,6.4,11.6
246,100153,20260607,1802,2,23,1,4,1,9.0,3.4,9.0,3.4,5.6
247,100154,20260501,911,2,19,1,2,2,5.5,2.0,11.0,4.0,7.0
248,100155,20260626,1803,3,8,1,3,1,8.5,3.2,8.5,3.2,5.3
249,100156,20260606,1205,1,2,1,1,1,4.0,1.6,4.0,1.6,2.4
250,100157,20260711,926,6,4,1,1,2,4.5,1.9,9.0,3.8,5.2
251,100157,20260711,926,6,2,1,1,1,4.0,1.6,4.0,1.6,2.4
252,100158,20260706,830,5,3,1,3,1,3.8,1.5,3.8,1.5,2.3
253,100158,20260706,830,5,18,1,3,1,5.0,1.8,5.0,1.8,3.2
254,100158,20260706,830,5,11,1,3,1,10.5,3.8,10.5,3.8,6.7
255,100159,20260727,922,5,6,1,3,1,5.0,2.1,5.0,2.1,2.9
256,100159,20260727,922,5,17,1,3,1,4.5,1.6,4.5,1.6,2.9
257,100160,20260404,831,4,4,3,1,2,4.5,1.9,9.0,3.8,5.2
258,100160,20260404,831,4,16,3,1,1,11.5,4.1,11.5,4.1,7.4
259,100161,20260315,1731,1,6,4,3,1,5.0,2.1,5.0,2.1,2.9
260,100162,20260327,1808,2,21,3,3,1,9.0,3.2,9.0,3.2,5.8
261,100163,20260822,700,1,11,1,1,2,10.5,3.8,21.0,7.6,13.4
262,100164,20260404,1237,1,20,3,2,1,6.5,2.4,6.5,2.4,4.1
263,100165,20260810,745,6,3,1,2,1,3.8,1.5,3.8,1.5,2.3
264,100165,20260810,745,6,14,1,2,1,13.5,4.6,13.5,4.6,8.9
265,100166,20260425,1753,4,10,3,1,1,8.0,3.0,8.0,3.0,5.0
266,100166,20260425,1753,4,7,3,1,1,4.3,1.8,4.3,1.8,2.5
267,100166,20260425,1753,4,25,3,1,1,8.5,3.2,8.5,3.2,5.3
268,100167,20260430,939,3,19,1,2,1,5.5,2.0,5.5,2.0,3.5
269,100168,20260602,1027,3,2,2,2,1,4.0,1.6,4.0,1.6,2.4
270,100168,20260602,1027,3,5,2,2,1,4.8,2.0,4.8,2.0,2.8
271,100168,20260602,1027,3,5,2,2,1,4.8,2.0,4.8,2.0,2.8
272,100169,20260501,1121,3,23,1,1,1,9.0,3.4,9.0,3.4,5.6
273,100170,20260609,1309,3,7,1,2,1,4.3,1.8,4.3,1.8,2.5
274,100170,20260609,1309,3,12,1,2,1,12.0,4.2,12.0,4.2,7.8
275,100170,20260609,1309,3,19,1,2,1,5.5,2.0,5.5,2.0,3.5
276,100171,20260823,1642,1,24,1,3,1,8.0,3.0,8.0,3.0,5.0
277,100172,20260529,1915,4,24,1,3,2,8.0,3.0,16.0,6.0,10.0
278,100172,20260529,1915,4,7,1,3,1,4.3,1.8,4.3,1.8,2.5
279,100173,20260524,1320,2,4,1,1,1,4.5,1.9,4.5,1.9,2.6
280,100173,20260524,1320,2,15,1,1,1,11.0,4.0,11.0,4.0,7.0
281,100174,20260409,846,1,8,2,1,1,8.5,3.2,8.5,3.2,5.3
282,100174,20260409,846,1,18,2,1,1,5.0,1.8,5.0,1.8,3.2
283,100175,20260527,1916,5,4,1,1,1,4.5,1.9,4.5,1.9,2.6
284,100175,20260527,1916,5,8,1,1,1,8.5,3.2,8.5,3.2,5.3
285,100176,20260524,1312,3,7,1,2,1,4.3,1.8,4.3,1.8,2.5
286,100176,20260524,1312,3,2,1,2,2,4.0,1.6,8.0,3.2,4.8
287,100176,20260524,1312,3,5,1,2,1,4.8,2.0,4.8,2.0,2.8
288,100177,20260807,1652,1,13,1,4,2,12.5,4.3,25.0,8.6,16.4
289,100177,20260807,1652,1,9,1,4,2,9.0,3.4,18.0,6.8,11.2
290,100178,20260524,807,1,19,1,1,1,5.5,2.0,5.5,2.0,3.5
291,100179,20260522,1137,3,7,4,1,1,4.3,1.8,4.3,1.8,2.5
292,100179,20260522,1137,3,13,4,1,1,12.5,4.3,12.5,4.3,8.2
293,100180,20260802,1841,3,2,1,1,1,4.0,1.6,4.0,1.6,2.4
294,100181,20260414,1646,6,17,2,1,1,4.5,1.6,4.5,1.6,2.9
295,100182,20260807,1326,4,23,3,1,1,9.0,3.4,9.0,3.4,5.6
296,100182,20260807,1326,4,6,3,1,1,5.0,2.1,5.0,2.1,2.9
297,100183,20260808,1007,5,24,1,4,1,8.0,3.0,8.0,3.0,5.0
298,100184,20260613,1527,3,9,2,1,2,9.0,3.4,18.0,6.8,11.2
299,100184,20260613,1527,3,9,2,1,1,9.0,3.4,9.0,3.4,5.6
300,100184,20260613,1527,3,18,2,1,1,5.0,1.8,5.0,1.8,3.2
301,100185,20260315,1712,2,1,1,1,1,3.5,1.4,3.5,1.4,2.1
302,100186,20260902,803,5,21,2,1,1,9.0,3.2,9.0,3.2,5.8
303,100186,20260902,803,5,17,2,1,2,4.5,1.6,9.0,3.2,5.8
304,100187,20260331,705,1,6,2,1,1,5.0,2.1,5.0,2.1,2.9
305,100188,20260403,1208,4,7,2,1,1,4.3,1.8,4.3,1.8,2.5
306,100189,20260906,1527,2,17,1,1,1,4.5,1.6,4.5,1.6,2.9
307,100189,20260906,1527,2,1,1,1,1,3.5,1.4,3.5,1.4,2.1
308,100190,20260502,755,4,6,1,3,1,5.0,2.1,5.0,2.1,2.9
309,100191,20260725,1856,3,12,2,4,1,12.0,4.2,12.0,4.2,7.8
310,100191,20260725,1856,3,8,2,4,1,8.5,3.2,8.5,3.2,5.3
311,100192,20260804,1004,3,7,1,1,1,4.3,1.8,4.3,1.8,2.5
312,100192,20260804,1004,3,21,1,1,1,9.0,3.2,9.0,3.2,5.8
313,100193,20260429,1758,2,19,1,1,2,5.5,2.0,11.0,4.0,7.0
314,100194,20260531,1140,6,16,1,2,1,11.5,4.1,11.5,4.1,7.4
315,100195,20260409,956,5,20,1,1,1,6.5,2.4,6.5,2.4,4.1
316,100196,20260709,2159,1,8,1,1,1,8.5,3.2,8.5,3.2,5.3
317,100196,20260709,2159,1,9,1,1,1,9.0,3.4,9.0,3.4,5.6
318,100196,20260709,2159,1,12,1,1,1,12.0,4.2,12.0,4.2,7.8
319,100197,20260822,1753,4,8,2,4,1,8.5,3.2,8.5,3.2,5.3
320,100198,20260512,1714,2,9,1,3,1,9.0,3.4,9.0,3.4,5.6
321,100198,20260512,1714,2,18,1,3,1,5.0,1.8,5.0,1.8,3.2
322,100198,20260512,1714,2,8,1,3,1,8.5,3.2,8.5,3.2,5.3
323,100199,20260905,803,4,21,3,1,1,9.0,3.2,9.0,3.2,5.8
324,100200,20260802,1318,2,12,1,1,1,12.0,4.2,12.0,4.2,7.8
325,100200,20260802,1318,2,4,1,1,1,4.5,1.9,4.5,1.9,2.6
326,100200,20260802,1318,2,13,1,1,1,12.5,4.3,12.5,4.3,8.2
327,100201,20260910,1847,1,13,2,4,1,12.5,4.3,12.5,4.3,8.2
328,100201,20260910,1847,1,9,2,4,1,9.0,3.4,9.0,3.4,5.6
329,100202,20260716,1645,6,16,1,1,1,11.5,4.1,11.5,4.1,7.4
330,100202,20260716,1645,6,10,1,1,1,8.0,3.0,8.0,3.0,5.0
331,100203,20260512,1007,6,20,3,1,1,6.5,2.4,6.5,2.4,4.1
332,100204,20260726,1608,1,11,2,2,1,10.5,3.8,10.5,3.8,6.7
333,100204,20260726,1608,1,25,2,2,1,8.5,3.2,8.5,3.2,5.3
334,100204,20260726,1608,1,24,2,2,1,8.0,3.0,8.0,3.0,5.0
335,100205,20260810,1324,3,9,1,1,1,9.0,3.4,9.0,3.4,5.6
336,100206,20260409,2148,3,12,2,1,1,12.0,4.2,12.0,4.2,7.8
337,100207,20260424,1323,6,7,1,1,1,4.3,1.8,4.3,1.8,2.5
338,100208,20260526,2002,6,2,3,1,2,4.0,1.6,8.0,3.2,4.8
339,100208,20260526,2002,6,20,3,1,1,6.5,2.4,6.5,2.4,4.1
340,100209,20260519,1923,2,20,1,3,1,6.5,2.4,6.5,2.4,4.1
341,100210,20260611,1722,1,23,1,1,1,9.0,3.4,9.0,3.4,5.6
342,100210,20260611,1722,1,14,1,1,1,13.5,4.6,13.5,4.6,8.9
343,100210,20260611,1722,1,10,1,1,1,8.0,3.0,8.0,3.0,5.0
344,100211,20260430,1637,2,22,1,3,1,9.5,3.6,9.5,3.6,5.9
345,100212,20260731,943,6,4,2,1,1,4.5,1.9,4.5,1.9,2.6
346,100213,20260519,1908,6,16,1,4,1,11.5,4.1,11.5,4.1,7.4
347,100213,20260519,1908,6,8,1,4,1,8.5,3.2,8.5,3.2,5.3
348,100214,20260328,822,6,19,1,1,1,5.5,2.0,5.5,2.0,3.5
349,100214,20260328,822,6,20,1,1,1,6.5,2.4,6.5,2.4,4.1
350,100215,20260506,1241,1,10,2,1,1,8.0,3.0,8.0,3.0,5.0
351,100216,20260421,930,1,2,3,1,1,4.0,1.6,4.0,1.6,2.4
352,100217,20260531,1020,2,5,2,2,1,4.8,2.0,4.8,2.0,2.8
353,100218,20260411,1144,2,11,1,2,1,10.5,3.8,10.5,3.8,6.7
354,100219,20260502,1654,2,13,2,3,1,12.5,4.3,12.5,4.3,8.2
355,100220,20260413,918,1,19,1,3,1,5.5,2.0,5.5,2.0,3.5
356,100221,20260410,935,4,18,1,1,1,5.0,1.8,5.0,1.8,3.2
357,100221,20260410,935,4,5,1,1,1,4.8,2.0,4.8,2.0,2.8
358,100222,20260808,1701,5,13,2,1,1,12.5,4.3,12.5,4.3,8.2
359,100222,20260808,1701,5,14,2,1,2,13.5,4.6,27.0,9.2,17.8
360,100223,20260425,1902,5,20,2,3,1,6.5,2.4,6.5,2.4,4.1
361,100224,20260628,1840,6,13,2,1,1,12.5,4.3,12.5,4.3,8.2
362,100225,20260903,1247,5,7,1,2,1,4.3,1.8,4.3,1.8,2.5
363,100226,20260904,1713,4,14,1,3,1,13.5,4.6,13.5,4.6,8.9
364,100227,20260911,822,3,7,4,1,1,4.3,1.8,4.3,1.8,2.5
365,100228,20260527,1001,1,21,1,1,1,9.0,3.2,9.0,3.2,5.8
366,100229,20260901,822,3,11,1,2,2,10.5,3.8,21.0,7.6,13.4
367,100230,20260430,1728,4,13,1,3,1,12.5,4.3,12.5,4.3,8.2
368,100231,20260412,1941,4,18,1,3,1,5.0,1.8,5.0,1.8,3.2
369,100231,20260412,1941,4,23,1,3,1,9.0,3.4,9.0,3.4,5.6
370,100232,20260726,1702,4,16,2,1,2,11.5,4.1,23.0,8.2,14.8
371,100233,20260603,958,3,15,1,2,1,11.0,4.0,11.0,4.0,7.0
372,100233,20260603,958,3,2,1,2,1,4.0,1.6,4.0,1.6,2.4
373,100234,20260503,952,1,17,2,1,2,4.5,1.6,9.0,3.2,5.8
374,100234,20260503,952,1,6,2,1,1,5.0,2.1,5.0,2.1,2.9
375,100235,20260729,1757,3,15,1,1,1,11.0,4.0,11.0,4.0,7.0
376,100235,20260729,1757,3,20,1,1,1,6.5,2.4,6.5,2.4,4.1
377,100235,20260729,1757,3,17,1,1,1,4.5,1.6,4.5,1.6,2.9
378,100236,20260621,900,5,11,1,1,1,10.5,3.8,10.5,3.8,6.7
379,100236,20260621,900,5,5,1,1,1,4.8,2.0,4.8,2.0,2.8
380,100237,20260529,1922,1,15,2,3,1,11.0,4.0,11.0,4.0,7.0
381,100237,20260529,1922,1,21,2,3,1,9.0,3.2,9.0,3.2,5.8
382,100237,20260529,1922,1,11,2,3,1,10.5,3.8,10.5,3.8,6.7
383,100238,20260807,1023,6,2,1,4,1,4.0,1.6,4.0,1.6,2.4
384,100239,20260814,1104,3,11,3,2,1,10.5,3.8,10.5,3.8,6.7
385,100240,20260413,1727,1,1,1,3,1,3.5,1.4,3.5,1.4,2.1
386,100241,20260330,748,1,5,1,3,1,4.8,2.0,4.8,2.0,2.8
387,100242,20260429,1002,2,5,2,2,1,4.8,2.0,4.8,2.0,2.8
388,100242,20260429,1002,2,19,2,2,1,5.5,2.0,5.5,2.0,3.5
389,100242,20260429,1002,2,9,2,2,1,9.0,3.4,9.0,3.4,5.6
390,100243,20260614,1926,3,15,1,4,2,11.0,4.0,22.0,8.0,14.0
391,100244,20260805,1659,5,10,1,3,1,8.0,3.0,8.0,3.0,5.0
392,100244,20260805,1659,5,14,1,3,1,13.5,4.6,13.5,4.6,8.9
393,100244,20260805,1659,5,15,1,3,1,11.0,4.0,11.0,4.0,7.0
394,100245,20260417,1850,5,17,1,2,1,4.5,1.6,4.5,1.6,2.9
395,100246,20260611,919,4,2,1,3,1,4.0,1.6,4.0,1.6,2.4
396,100246,20260611,919,4,1,1,3,1,3.5,1.4,3.5,1.4,2.1
397,100246,20260611,919,4,17,1,3,1,4.5,1.6,4.5,1.6,2.9
398,100247,20260424,1722,3,14,2,1,1,13.5,4.6,13.5,4.6,8.9
399,100247,20260424,1722,3,16,2,1,1,11.5,4.1,11.5,4.1,7.4
400,100248,20260707,1759,1,23,3,1,1,9.0,3.4,9.0,3.4,5.6
401,100248,20260707,1759,1,19,3,1,1,5.5,2.0,5.5,2.0,3.5
402,100249,20260510,1228,4,12,2,1,1,12.0,4.2,12.0,4.2,7.8
403,100250,20260730,1634,4,25,1,1,1,8.5,3.2,8.5,3.2,5.3
404,100251,20260710,1802,2,8,2,3,1,8.5,3.2,8.5,3.2,5.3
405,100252,20260805,1835,3,13,2,4,1,12.5,4.3,12.5,4.3,8.2
406,100252,20260805,1835,3,1,2,4,1,3.5,1.4,3.5,1.4,2.1
407,100253,20260602,929,3,6,1,2,1,5.0,2.1,5.0,2.1,2.9
408,100253,20260602,929,3,17,1,2,1,4.5,1.6,4.5,1.6,2.9
409,100254,20260316,1332,3,20,1,1,1,6.5,2.4,6.5,2.4,4.1
410,100254,20260316,1332,3,7,1,1,1,4.3,1.8,4.3,1.8,2.5
411,100254,20260316,1332,3,7,1,1,1,4.3,1.8,4.3,1.8,2.5
412,100255,20260913,1805,3,16,1,3,1,11.5,4.1,11.5,4.1,7.4
413,100256,20260709,1336,3,22,3,1,1,9.5,3.6,9.5,3.6,5.9
414,100257,20260717,1729,2,15,1,4,1,11.0,4.0,11.0,4.0,7.0
415,100257,20260717,1729,2,16,1,4,1,11.5,4.1,11.5,4.1,7.4
416,100258,20260606,1725,5,12,1,1,2,12.0,4.2,24.0,8.4,15.6
417,100258,20260606,1725,5,15,1,1,1,11.0,4.0,11.0,4.0,7.0
418,100259,20260815,1713,1,12,1,3,2,12.0,4.2,24.0,8.4,15.6
419,100259,20260815,1713,1,13,1,3,2,12.5,4.3,25.0,8.6,16.4
420,100260,20260420,1757,2,18,4,4,1,5.0,1.8,5.0,1.8,3.2
421,100261,20260407,1103,3,1,2,1,1,3.5,1.4,3.5,1.4,2.1
422,100261,20260407,1103,3,8,2,1,1,8.5,3.2,8.5,3.2,5.3
423,100261,20260407,1103,3,7,2,1,2,4.3,1.8,8.6,3.6,5.0
424,100262,20260604,1008,5,2,1,1,1,4.0,1.6,4.0,1.6,2.4
425,100263,20260423,1829,1,6,3,1,1,5.0,2.1,5.0,2.1,2.9
426,100264,20260805,1021,2,4,1,1,1,4.5,1.9,4.5,1.9,2.6
427,100264,20260805,1021,2,7,1,1,1,4.3,1.8,4.3,1.8,2.5
428,100264,20260805,1021,2,3,1,1,1,3.8,1.5,3.8,1.5,2.3
429,100265,20260419,1403,4,8,1,1,1,8.5,3.2,8.5,3.2,5.3
430,100265,20260419,1403,4,11,1,1,1,10.5,3.8,10.5,3.8,6.7
431,100266,20260905,916,3,6,1,2,1,5.0,2.1,5.0,2.1,2.9
432,100266,20260905,916,3,17,1,2,1,4.5,1.6,4.5,1.6,2.9
433,100267,20260529,1913,4,17,2,3,1,4.5,1.6,4.5,1.6,2.9
434,100268,20260625,1846,5,11,2,1,1,10.5,3.8,10.5,3.8,6.7
435,100269,20260315,1858,5,15,2,3,2,11.0,4.0,22.0,8.0,14.0
436,100270,20260322,1014,1,3,3,1,1,3.8,1.5,3.8,1.5,2.3
437,100271,20260914,1811,2,11,1,4,1,10.5,3.8,10.5,3.8,6.7
438,100272,20260716,1335,5,20,2,1,1,6.5,2.4,6.5,2.4,4.1
439,100273,20260731,936,2,5,2,1,1,4.8,2.0,4.8,2.0,2.8
440,100273,20260731,936,2,6,2,1,2,5.0,2.1,10.0,4.2,5.8
441,100273,20260731,936,2,20,2,1,1,6.5,2.4,6.5,2.4,4.1
442,100274,20260619,1814,2,13,1,1,1,12.5,4.3,12.5,4.3,8.2
443,100274,20260619,1814,2,8,1,1,2,8.5,3.2,17.0,6.4,10.6
444,100274,20260619,1814,2,19,1,1,1,5.5,2.0,5.5,2.0,3.5
445,100275,20260908,725,4,5,2,2,1,4.8,2.0,4.8,2.0,2.8
446,100275,20260908,725,4,17,2,2,1,4.5,1.6,4.5,1.6,2.9
447,100275,20260908,725,4,6,2,2,1,5.0,2.1,5.0,2.1,2.9
448,100276,20260315,818,6,6,1,2,1,5.0,2.1,5.0,2.1,2.9
449,100277,20260821,953,4,3,1,3,1,3.8,1.5,3.8,1.5,2.3
450,100277,20260821,953,4,6,1,3,1,5.0,2.1,5.0,2.1,2.9
451,100278,20260718,1954,1,11,2,2,1,10.5,3.8,10.5,3.8,6.7
452,100278,20260718,1954,1,21,2,2,1,9.0,3.2,9.0,3.2,5.8
453,100279,20260627,1720,6,19,1,2,1,5.5,2.0,5.5,2.0,3.5
454,100280,20260608,847,6,21,1,1,1,9.0,3.2,9.0,3.2,5.8
455,100280,20260608,847,6,1,1,1,2,3.5,1.4,7.0,2.8,4.2
456,100281,20260812,2119,2,5,1,4,1,4.8,2.0,4.8,2.0,2.8
457,100282,20260705,955,3,4,2,1,1,4.5,1.9,4.5,1.9,2.6
458,100282,20260705,955,3,17,2,1,1,4.5,1.6,4.5,1.6,2.9
459,100283,20260410,1643,5,7,1,4,1,4.3,1.8,4.3,1.8,2.5
460,100284,20260903,1025,2,18,2,2,1,5.0,1.8,5.0,1.8,3.2
461,100285,20260903,1722,1,18,2,2,1,5.0,1.8,5.0,1.8,3.2
462,100286,20260403,1112,2,8,2,2,1,8.5,3.2,8.5,3.2,5.3
463,100287,20260322,1233,1,9,2,3,1,9.0,3.4,9.0,3.4,5.6
464,100288,20260815,813,3,5,1,1,1,4.8,2.0,4.8,2.0,2.8
465,100289,20260604,1908,4,1,4,1,1,3.5,1.4,3.5,1.4,2.1
466,100290,20260504,1912,1,13,2,4,1,12.5,4.3,12.5,4.3,8.2
467,100290,20260504,1912,1,21,2,4,1,9.0,3.2,9.0,3.2,5.8
468,100291,20260707,1317,5,9,1,4,1,9.0,3.4,9.0,3.4,5.6
469,100292,20260707,940,2,3,1,1,1,3.8,1.5,3.8,1.5,2.3
470,100293,20260516,1828,1,10,1,1,2,8.0,3.0,16.0,6.0,10.0
471,100294,20260409,944,5,5,1,4,1,4.8,2.0,4.8,2.0,2.8
472,100295,20260317,1819,2,24,2,1,1,8.0,3.0,8.0,3.0,5.0
473,100296,20260627,1803,1,9,1,3,1,9.0,3.4,9.0,3.4,5.6
474,100297,20260425,1833,6,20,1,1,1,6.5,2.4,6.5,2.4,4.1
475,100298,20260604,1046,2,20,1,1,1,6.5,2.4,6.5,2.4,4.1
476,100298,20260604,1046,2,4,1,1,1,4.5,1.9,4.5,1.9,2.6
477,100299,20260516,1827,2,9,1,4,1,9.0,3.4,9.0,3.4,5.6
478,100300,20260428,1727,5,1,2,3,1,3.5,1.4,3.5,1.4,2.1
479,100301,20260329,2142,1,13,4,4,1,12.5,4.3,12.5,4.3,8.2
480,100301,20260329,2142,1,8,4,4,1,8.5,3.2,8.5,3.2,5.3
481,100302,20260706,1724,3,9,1,3,1,9.0,3.4,9.0,3.4,5.6
482,100303,20260318,1834,1,8,4,4,1,8.5,3.2,8.5,3.2,5.3
483,100304,20260617,818,2,4,4,1,1,4.5,1.9,4.5,1.9,2.6
484,100305,20260523,900,1,20,4,1,1,6.5,2.4,6.5,2.4,4.1
485,100306,20260704,1848,1,24,1,3,1,8.0,3.0,8.0,3.0,5.0
486,100307,20260707,1828,5,15,2,2,2,11.0,4.0,22.0,8.0,14.0
487,100307,20260707,1828,5,2,2,2,1,4.0,1.6,4.0,1.6,2.4
488,100308,20260327,833,4,3,3,1,1,3.8,1.5,3.8,1.5,2.3
489,100309,20260827,1822,4,6,4,3,1,5.0,2.1,5.0,2.1,2.9
490,100310,20260604,809,4,3,2,3,1,3.8,1.5,3.8,1.5,2.3
491,100311,20260512,1908,4,6,1,1,1,5.0,2.1,5.0,2.1,2.9
492,100311,20260512,1908,4,18,1,1,1,5.0,1.8,5.0,1.8,3.2
493,100311,20260512,1908,4,3,1,1,1,3.8,1.5,3.8,1.5,2.3
494,100312,20260525,1350,1,8,2,1,2,8.5,3.2,17.0,6.4,10.6
495,100312,20260525,1350,1,15,2,1,1,11.0,4.0,11.0,4.0,7.0
496,100312,20260525,1350,1,11,2,1,1,10.5,3.8,10.5,3.8,6.7
497,100313,20260408,1708,1,16,2,3,1,11.5,4.1,11.5,4.1,7.4
498,100313,20260408,1708,1,14,2,3,1,13.5,4.6,13.5,4.6,8.9
499,100314,20260613,1824,2,9,2,1,1,9.0,3.4,9.0,3.4,5.6
500,100314,20260613,1824,2,2,2,1,1,4.0,1.6,4.0,1.6,2.4
501,100315,20260710,1834,1,11,2,2,1,10.5,3.8,10.5,3.8,6.7
502,100316,20260630,1753,2,13,1,3,1,12.5,4.3,12.5,4.3,8.2
503,100317,20260727,1922,6,16,1,4,1,11.5,4.1,11.5,4.1,7.4
504,100317,20260727,1922,6,23,1,4,1,9.0,3.4,9.0,3.4,5.6
505,100317,20260727,1922,6,14,1,4,1,13.5,4.6,13.5,4.6,8.9
506,100318,20260329,911,1,25,1,1,2,8.5,3.2,17.0,6.4,10.6
507,100319,20260530,1153,4,20,2,1,2,6.5,2.4,13.0,4.8,8.2
508,100320,20260411,1346,4,3,1,2,1,3.8,1.5,3.8,1.5,2.3
509,100321,20260326,1632,4,21,2,4,1,9.0,3.2,9.0,3.2,5.8
510,100322,20260829,1204,2,16,1,1,1,11.5,4.1,11.5,4.1,7.4
511,100323,20260615,929,2,6,3,2,2,5.0,2.1,10.0,4.2,5.8
512,100324,20260416,1750,1,24,1,2,1,8.0,3.0,8.0,3.0,5.0
513,100324,20260416,1750,1,20,1,2,1,6.5,2.4,6.5,2.4,4.1
514,100325,20260811,1009,1,6,2,1,2,5.0,2.1,10.0,4.2,5.8
515,100326,20260815,927,3,5,1,1,1,4.8,2.0,4.8,2.0,2.8
516,100326,20260815,927,3,2,1,1,1,4.0,1.6,4.0,1.6,2.4
517,100327,20260319,1834,5,16,1,4,1,11.5,4.1,11.5,4.1,7.4
518,100327,20260319,1834,5,1,1,4,1,3.5,1.4,3.5,1.4,2.1
519,100328,20260819,2001,5,4,1,1,1,4.5,1.9,4.5,1.9,2.6
520,100329,20260404,1919,5,12,3,4,1,12.0,4.2,12.0,4.2,7.8
521,100329,20260404,1919,5,5,3,4,1,4.8,2.0,4.8,2.0,2.8
522,100330,20260429,1116,6,10,4,2,1,8.0,3.0,8.0,3.0,5.0
523,100331,20260716,1713,2,10,1,2,1,8.0,3.0,8.0,3.0,5.0
524,100332,20260909,1631,6,4,1,1,1,4.5,1.9,4.5,1.9,2.6
525,100333,20260831,824,2,2,2,1,1,4.0,1.6,4.0,1.6,2.4
526,100333,20260831,824,2,25,2,1,1,8.5,3.2,8.5,3.2,5.3
527,100333,20260831,824,2,18,2,1,1,5.0,1.8,5.0,1.8,3.2
528,100334,20260809,1856,1,12,1,3,2,12.0,4.2,24.0,8.4,15.6
529,100335,20260409,1728,2,18,1,1,1,5.0,1.8,5.0,1.8,3.2
530,100335,20260409,1728,2,9,1,1,1,9.0,3.4,9.0,3.4,5.6
531,100335,20260409,1728,2,11,1,1,1,10.5,3.8,10.5,3.8,6.7
532,100336,20260713,928,2,5,1,1,1,4.8,2.0,4.8,2.0,2.8
533,100336,20260713,928,2,11,1,1,1,10.5,3.8,10.5,3.8,6.7
534,100337,20260408,1300,2,4,1,4,1,4.5,1.9,4.5,1.9,2.6
535,100337,20260408,1300,2,5,1,4,1,4.8,2.0,4.8,2.0,2.8
536,100338,20260326,803,4,19,1,1,1,5.5,2.0,5.5,2.0,3.5
537,100339,20260701,1027,4,5,2,3,1,4.8,2.0,4.8,2.0,2.8
538,100340,20260625,1648,2,5,1,3,1,4.8,2.0,4.8,2.0,2.8
539,100341,20260525,1854,2,15,1,1,1,11.0,4.0,11.0,4.0,7.0
540,100342,20260825,1833,1,15,1,3,1,11.0,4.0,11.0,4.0,7.0
541,100343,20260409,1852,3,15,1,3,2,11.0,4.0,22.0,8.0,14.0
542,100343,20260409,1852,3,14,1,3,2,13.5,4.6,27.0,9.2,17.8
543,100344,20260411,904,2,1,1,1,1,3.5,1.4,3.5,1.4,2.1
544,100344,20260411,904,2,1,1,1,1,3.5,1.4,3.5,1.4,2.1
545,100344,20260411,904,2,18,1,1,1,5.0,1.8,5.0,1.8,3.2
546,100345,20260802,900,4,17,1,2,1,4.5,1.6,4.5,1.6,2.9
547,100345,20260802,900,4,7,1,2,1,4.3,1.8,4.3,1.8,2.5
548,100346,20260411,1735,6,12,1,3,1,12.0,4.2,12.0,4.2,7.8
549,100346,20260411,1735,6,17,1,3,1,4.5,1.6,4.5,1.6,2.9
550,100347,20260718,946,6,18,1,3,1,5.0,1.8,5.0,1.8,3.2
551,100347,20260718,946,6,17,1,3,1,4.5,1.6,4.5,1.6,2.9
552,100348,20260820,2018,1,16,1,1,1,11.5,4.1,11.5,4.1,7.4
553,100348,20260820,2018,1,7,1,1,2,4.3,1.8,8.6,3.6,5.0
554,100349,20260528,1335,4,1,1,4,1,3.5,1.4,3.5,1.4,2.1
555,100350,20260820,945,4,25,3,2,1,8.5,3.2,8.5,3.2,5.3
556,100351,20260910,1130,2,20,1,1,2,6.5,2.4,13.0,4.8,8.2
557,100352,20260430,824,4,20,1,2,1,6.5,2.4,6.5,2.4,4.1
558,100353,20260409,1007,1,2,2,4,1,4.0,1.6,4.0,1.6,2.4
559,100353,20260409,1007,1,4,2,4,1,4.5,1.9,4.5,1.9,2.6
560,100354,20260506,1835,5,10,3,3,1,8.0,3.0,8.0,3.0,5.0
561,100354,20260506,1835,5,14,3,3,1,13.5,4.6,13.5,4.6,8.9
562,100355,20260830,842,2,2,1,2,1,4.0,1.6,4.0,1.6,2.4
563,100355,20260830,842,2,20,1,2,1,6.5,2.4,6.5,2.4,4.1
564,100356,20260621,807,5,19,2,1,2,5.5,2.0,11.0,4.0,7.0
565,100357,20260503,1557,5,7,4,1,1,4.3,1.8,4.3,1.8,2.5
566,100358,20260327,922,3,21,1,1,1,9.0,3.2,9.0,3.2,5.8
567,100359,20260403,2003,1,2,1,1,1,4.0,1.6,4.0,1.6,2.4
568,100360,20260319,1807,1,13,1,4,1,12.5,4.3,12.5,4.3,8.2
569,100361,20260423,846,5,25,1,1,1,8.5,3.2,8.5,3.2,5.3
570,100361,20260423,846,5,1,1,1,1,3.5,1.4,3.5,1.4,2.1
571,100362,20260615,1824,4,7,1,3,1,4.3,1.8,4.3,1.8,2.5
572,100362,20260615,1824,4,22,1,3,1,9.5,3.6,9.5,3.6,5.9
573,100363,20260721,1850,1,15,1,3,1,11.0,4.0,11.0,4.0,7.0
574,100363,20260721,1850,1,13,1,3,1,12.5,4.3,12.5,4.3,8.2
575,100364,20260814,1738,6,22,2,4,1,9.5,3.6,9.5,3.6,5.9
576,100364,20260814,1738,6,19,2,4,2,5.5,2.0,11.0,4.0,7.0
577,100365,20260714,1637,6,12,1,3,1,12.0,4.2,12.0,4.2,7.8
578,100365,20260714,1637,6,13,1,3,1,12.5,4.3,12.5,4.3,8.2
579,100366,20260328,1643,5,8,1,3,1,8.5,3.2,8.5,3.2,5.3
580,100367,20260426,1848,2,5,2,1,1,4.8,2.0,4.8,2.0,2.8
581,100368,20260506,828,5,4,1,2,1,4.5,1.9,4.5,1.9,2.6
582,100368,20260506,828,5,9,1,2,1,9.0,3.4,9.0,3.4,5.6
583,100369,20260608,942,4,25,1,4,1,8.5,3.2,8.5,3.2,5.3
584,100370,20260829,1639,5,21,1,4,1,9.0,3.2,9.0,3.2,5.8
585,100371,20260729,1828,5,16,1,2,1,11.5,4.1,11.5,4.1,7.4
586,100372,20260710,921,4,18,1,1,2,5.0,1.8,10.0,3.6,6.4
587,100373,20260724,2012,2,19,3,1,1,5.5,2.0,5.5,2.0,3.5
588,100373,20260724,2012,2,6,3,1,1,5.0,2.1,5.0,2.1,2.9
589,100374,20260816,1631,1,12,2,3,2,12.0,4.2,24.0,8.4,15.6
590,100374,20260816,1631,1,12,2,3,1,12.0,4.2,12.0,4.2,7.8
591,100375,20260812,1652,2,18,3,2,1,5.0,1.8,5.0,1.8,3.2
592,100376,20260504,1838,4,10,1,4,1,8.0,3.0,8.0,3.0,5.0
593,100377,20260626,1852,4,22,4,2,1,9.5,3.6,9.5,3.6,5.9
594,100377,20260626,1852,4,20,4,2,1,6.5,2.4,6.5,2.4,4.1
595,100378,20260612,816,1,8,2,2,1,8.5,3.2,8.5,3.2,5.3
596,100378,20260612,816,1,9,2,2,1,9.0,3.4,9.0,3.4,5.6
597,100378,20260612,816,1,3,2,2,1,3.8,1.5,3.8,1.5,2.3
598,100379,20260726,1831,2,19,1,3,1,5.5,2.0,5.5,2.0,3.5
599,100379,20260726,1831,2,5,1,3,1,4.8,2.0,4.8,2.0,2.8
600,100380,20260610,1048,6,10,2,1,1,8.0,3.0,8.0,3.0,5.0
601,100380,20260610,1048,6,5,2,1,1,4.8,2.0,4.8,2.0,2.8
602,100381,20260428,926,3,3,1,2,1,3.8,1.5,3.8,1.5,2.3
603,100381,20260428,926,3,4,1,2,1,4.5,1.9,4.5,1.9,2.6
604,100382,20260706,1853,2,17,1,3,2,4.5,1.6,9.0,3.2,5.8
605,100382,20260706,1853,2,21,1,3,1,9.0,3.2,9.0,3.2,5.8
606,100383,20260618,1847,4,3,1,1,1,3.8,1.5,3.8,1.5,2.3
607,100384,20260414,820,2,20,1,1,2,6.5,2.4,13.0,4.8,8.2
608,100385,20260720,726,2,18,1,3,1,5.0,1.8,5.0,1.8,3.2
609,100386,20260419,1748,2,13,2,1,1,12.5,4.3,12.5,4.3,8.2
610,100387,20260412,1135,1,9,4,2,2,9.0,3.4,18.0,6.8,11.2
611,100387,20260412,1135,1,2,4,2,1,4.0,1.6,4.0,1.6,2.4
612,100387,20260412,1135,1,3,4,2,1,3.8,1.5,3.8,1.5,2.3
613,100388,20260710,1703,1,12,1,4,1,12.0,4.2,12.0,4.2,7.8
614,100389,20260708,936,4,4,4,4,1,4.5,1.9,4.5,1.9,2.6
615,100390,20260906,1920,1,14,1,1,1,13.5,4.6,13.5,4.6,8.9
616,100391,20260622,1718,2,8,1,3,1,8.5,3.2,8.5,3.2,5.3
617,100392,20260509,1342,1,12,1,1,1,12.0,4.2,12.0,4.2,7.8
618,100393,20260715,1233,4,15,1,1,2,11.0,4.0,22.0,8.0,14.0
619,100394,20260725,1645,5,8,1,4,1,8.5,3.2,8.5,3.2,5.3
620,100395,20260821,2152,2,20,1,1,1,6.5,2.4,6.5,2.4,4.1
621,100395,20260821,2152,2,18,1,1,1,5.0,1.8,5.0,1.8,3.2
622,100396,20260820,1021,1,5,1,1,1,4.8,2.0,4.8,2.0,2.8
623,100396,20260820,1021,1,4,1,1,1,4.5,1.9,4.5,1.9,2.6
624,100397,20260723,2119,1,3,2,1,1,3.8,1.5,3.8,1.5,2.3
625,100398,20260609,1656,3,15,2,1,1,11.0,4.0,11.0,4.0,7.0
626,100399,20260611,1155,6,24,1,3,1,8.0,3.0,8.0,3.0,5.0
627,100399,20260611,1155,6,14,1,3,1,13.5,4.6,13.5,4.6,8.9
628,100400,20260513,2000,5,9,2,2,1,9.0,3.4,9.0,3.4,5.6
629,100400,20260513,2000,5,11,2,2,1,10.5,3.8,10.5,3.8,6.7
630,100401,20260908,1941,2,17,3,2,1,4.5,1.6,4.5,1.6,2.9
631,100402,20260907,1605,1,19,1,1,1,5.5,2.0,5.5,2.0,3.5
632,100402,20260907,1605,1,19,1,1,2,5.5,2.0,11.0,4.0,7.0
633,100403,20260614,1655,2,24,2,3,2,8.0,3.0,16.0,6.0,10.0
634,100403,20260614,1655,2,20,2,3,1,6.5,2.4,6.5,2.4,4.1
635,100404,20260806,1355,5,4,1,2,1,4.5,1.9,4.5,1.9,2.6
636,100404,20260806,1355,5,12,1,2,2,12.0,4.2,24.0,8.4,15.6
637,100405,20260627,1854,1,14,3,3,1,13.5,4.6,13.5,4.6,8.9
638,100405,20260627,1854,1,20,3,3,1,6.5,2.4,6.5,2.4,4.1
639,100406,20260719,1842,2,10,1,4,1,8.0,3.0,8.0,3.0,5.0
640,100407,20260813,858,4,3,4,1,1,3.8,1.5,3.8,1.5,2.3
641,100407,20260813,858,4,22,4,1,1,9.5,3.6,9.5,3.6,5.9
642,100408,20260818,1145,3,6,1,1,1,5.0,2.1,5.0,2.1,2.9
643,100408,20260818,1145,3,5,1,1,1,4.8,2.0,4.8,2.0,2.8
644,100408,20260818,1145,3,6,1,1,1,5.0,2.1,5.0,2.1,2.9
645,100409,20260529,1741,1,23,1,2,1,9.0,3.4,9.0,3.4,5.6
646,100409,20260529,1741,1,11,1,2,1,10.5,3.8,10.5,3.8,6.7
647,100409,20260529,1741,1,15,1,2,1,11.0,4.0,11.0,4.0,7.0
648,100410,20260426,1710,6,18,1,3,1,5.0,1.8,5.0,1.8,3.2
649,100411,20260912,1916,5,14,1,1,1,13.5,4.6,13.5,4.6,8.9
650,100411,20260912,1916,5,15,1,1,1,11.0,4.0,11.0,4.0,7.0
651,100412,20260825,1640,4,15,1,3,1,11.0,4.0,11.0,4.0,7.0
652,100413,20260513,958,3,17,3,1,1,4.5,1.6,4.5,1.6,2.9
653,100413,20260513,958,3,18,3,1,1,5.0,1.8,5.0,1.8,3.2
654,100413,20260513,958,3,19,3,1,1,5.5,2.0,5.5,2.0,3.5
655,100414,20260813,830,5,5,1,1,1,4.8,2.0,4.8,2.0,2.8
656,100415,20260823,1541,3,17,2,1,1,4.5,1.6,4.5,1.6,2.9
657,100415,20260823,1541,3,4,2,1,2,4.5,1.9,9.0,3.8,5.2
658,100415,20260823,1541,3,16,2,1,1,11.5,4.1,11.5,4.1,7.4
659,100416,20260504,1712,2,25,1,4,1,8.5,3.2,8.5,3.2,5.3
660,100417,20260425,1219,2,17,1,1,2,4.5,1.6,9.0,3.2,5.8
661,100417,20260425,1219,2,25,1,1,1,8.5,3.2,8.5,3.2,5.3
662,100418,20260814,1740,3,22,1,1,1,9.5,3.6,9.5,3.6,5.9
663,100419,20260902,1051,6,17,2,4,1,4.5,1.6,4.5,1.6,2.9
664,100419,20260902,1051,6,2,2,4,2,4.0,1.6,8.0,3.2,4.8
665,100420,20260826,1311,3,2,2,1,1,4.0,1.6,4.0,1.6,2.4
666,100420,20260826,1311,3,1,2,1,1,3.5,1.4,3.5,1.4,2.1
667,100421,20260516,1627,1,3,2,2,1,3.8,1.5,3.8,1.5,2.3
668,100422,20260404,930,6,23,1,1,1,9.0,3.4,9.0,3.4,5.6
669,100422,20260404,930,6,9,1,1,2,9.0,3.4,18.0,6.8,11.2
670,100422,20260404,930,6,21,1,1,1,9.0,3.2,9.0,3.2,5.8
671,100423,20260801,1703,1,14,1,3,1,13.5,4.6,13.5,4.6,8.9
672,100424,20260714,1829,4,7,4,2,1,4.3,1.8,4.3,1.8,2.5
673,100425,20260807,1814,1,7,1,3,1,4.3,1.8,4.3,1.8,2.5
674,100426,20260826,1642,2,24,1,4,1,8.0,3.0,8.0,3.0,5.0
675,100426,20260826,1642,2,10,1,4,1,8.0,3.0,8.0,3.0,5.0
676,100426,20260826,1642,2,16,1,4,1,11.5,4.1,11.5,4.1,7.4
677,100427,20260905,931,4,6,1,1,1,5.0,2.1,5.0,2.1,2.9
678,100427,20260905,931,4,5,1,1,1,4.8,2.0,4.8,2.0,2.8
679,100428,20260408,1714,1,19,1,1,1,5.5,2.0,5.5,2.0,3.5
680,100428,20260408,1714,1,13,1,1,1,12.5,4.3,12.5,4.3,8.2
681,100428,20260408,1714,1,6,1,1,1,5.0,2.1,5.0,2.1,2.9
682,100429,20260417,717,3,21,1,2,2,9.0,3.2,18.0,6.4,11.6
683,100430,20260812,1310,3,6,1,1,1,5.0,2.1,5.0,2.1,2.9
684,100430,20260812,1310,3,7,1,1,1,4.3,1.8,4.3,1.8,2.5
685,100431,20260725,957,4,1,1,1,1,3.5,1.4,3.5,1.4,2.1
686,100431,20260725,957,4,1,1,1,2,3.5,1.4,7.0,2.8,4.2
687,100432,20260423,1001,4,18,3,4,1,5.0,1.8,5.0,1.8,3.2
688,100432,20260423,1001,4,17,3,4,1,4.5,1.6,4.5,1.6,2.9
689,100433,20260421,959,1,18,1,1,1,5.0,1.8,5.0,1.8,3.2
690,100433,20260421,959,1,7,1,1,1,4.3,1.8,4.3,1.8,2.5
691,100434,20260817,1307,4,15,1,2,1,11.0,4.0,11.0,4.0,7.0
692,100435,20260820,1059,2,4,2,3,2,4.5,1.9,9.0,3.8,5.2
693,100435,20260820,1059,2,1,2,3,2,3.5,1.4,7.0,2.8,4.2
694,100436,20260907,924,4,21,1,2,1,9.0,3.2,9.0,3.2,5.8
695,100437,20260618,718,2,3,1,2,1,3.8,1.5,3.8,1.5,2.3
696,100437,20260618,718,2,19,1,2,2,5.5,2.0,11.0,4.0,7.0
697,100438,20260716,1309,3,25,2,1,1,8.5,3.2,8.5,3.2,5.3
698,100439,20260830,1826,3,11,2,3,1,10.5,3.8,10.5,3.8,6.7
699,100440,20260815,1328,3,10,2,4,1,8.0,3.0,8.0,3.0,5.0
700,100440,20260815,1328,3,9,2,4,1,9.0,3.4,9.0,3.4,5.6
701,100440,20260815,1328,3,10,2,4,1,8.0,3.0,8.0,3.0,5.0
702,100441,20260531,1514,1,15,2,4,1,11.0,4.0,11.0,4.0,7.0
703,100442,20260712,951,4,19,2,2,1,5.5,2.0,5.5,2.0,3.5
704,100442,20260712,951,4,22,2,2,2,9.5,3.6,19.0,7.2,11.8
705,100443,20260809,1846,4,11,1,1,1,10.5,3.8,10.5,3.8,6.7
706,100443,20260809,1846,4,22,1,1,1,9.5,3.6,9.5,3.6,5.9
707,100443,20260809,1846,4,4,1,1,1,4.5,1.9,4.5,1.9,2.6
708,100444,20260522,1811,5,18,4,2,2,5.0,1.8,10.0,3.6,6.4
709,100445,20260331,1928,5,18,1,4,1,5.0,1.8,5.0,1.8,3.2
710,100445,20260331,1928,5,2,1,4,1,4.0,1.6,4.0,1.6,2.4
711,100446,20260317,1638,6,13,2,3,1,12.5,4.3,12.5,4.3,8.2
712,100447,20260718,1438,5,2,1,1,2,4.0,1.6,8.0,3.2,4.8
713,100447,20260718,1438,5,11,1,1,1,10.5,3.8,10.5,3.8,6.7
714,100448,20260320,848,4,17,1,4,1,4.5,1.6,4.5,1.6,2.9
715,100448,20260320,848,4,21,1,4,1,9.0,3.2,9.0,3.2,5.8
716,100449,20260605,839,1,20,4,2,1,6.5,2.4,6.5,2.4,4.1
717,100449,20260605,839,1,19,4,2,1,5.5,2.0,5.5,2.0,3.5
718,100449,20260605,839,1,4,4,2,2,4.5,1.9,9.0,3.8,5.2
719,100450,20260630,827,1,11,1,1,1,10.5,3.8,10.5,3.8,6.7
720,100451,20260610,1406,5,9,1,3,2,9.0,3.4,18.0,6.8,11.2
721,100452,20260704,1540,3,19,2,4,1,5.5,2.0,5.5,2.0,3.5
722,100453,20260719,1901,2,10,1,1,1,8.0,3.0,8.0,3.0,5.0
723,100453,20260719,1901,2,14,1,1,1,13.5,4.6,13.5,4.6,8.9
724,100454,20260319,1233,5,19,2,1,1,5.5,2.0,5.5,2.0,3.5
725,100455,20260417,1835,3,12,1,1,1,12.0,4.2,12.0,4.2,7.8
726,100456,20260630,1755,2,12,1,1,1,12.0,4.2,12.0,4.2,7.8
727,100456,20260630,1755,2,9,1,1,2,9.0,3.4,18.0,6.8,11.2
728,100456,20260630,1755,2,21,1,1,1,9.0,3.2,9.0,3.2,5.8
729,100457,20260506,1138,5,7,1,1,1,4.3,1.8,4.3,1.8,2.5
730,100458,20260608,1120,1,10,2,3,2,8.0,3.0,16.0,6.0,10.0
731,100459,20260416,1727,1,11,1,3,1,10.5,3.8,10.5,3.8,6.7
732,100459,20260416,1727,1,19,1,3,1,5.5,2.0,5.5,2.0,3.5
733,100460,20260501,1402,2,5,1,4,2,4.8,2.0,9.6,4.0,5.6
734,100461,20260317,1903,3,14,2,1,1,13.5,4.6,13.5,4.6,8.9
735,100461,20260317,1903,3,10,2,1,1,8.0,3.0,8.0,3.0,5.0
736,100462,20260721,1713,5,9,2,4,1,9.0,3.4,9.0,3.4,5.6
737,100463,20260722,1212,6,1,1,2,1,3.5,1.4,3.5,1.4,2.1
738,100463,20260722,1212,6,9,1,2,1,9.0,3.4,9.0,3.4,5.6
739,100463,20260722,1212,6,3,1,2,1,3.8,1.5,3.8,1.5,2.3
740,100464,20260418,1127,1,21,1,2,1,9.0,3.2,9.0,3.2,5.8
741,100464,20260418,1127,1,8,1,2,1,8.5,3.2,8.5,3.2,5.3
742,100464,20260418,1127,1,13,1,2,2,12.5,4.3,25.0,8.6,16.4
743,100465,20260831,835,3,5,2,2,2,4.8,2.0,9.6,4.0,5.6
744,100465,20260831,835,3,6,2,2,2,5.0,2.1,10.0,4.2,5.8
745,100466,20260717,2137,5,8,1,1,2,8.5,3.2,17.0,6.4,10.6
746,100467,20260402,1020,4,8,3,1,1,8.5,3.2,8.5,3.2,5.3
747,100468,20260521,1845,1,15,2,4,1,11.0,4.0,11.0,4.0,7.0
748,100468,20260521,1845,1,24,2,4,1,8.0,3.0,8.0,3.0,5.0
749,100469,20260908,1748,6,14,1,3,1,13.5,4.6,13.5,4.6,8.9
750,100469,20260908,1748,6,6,1,3,1,5.0,2.1,5.0,2.1,2.9
751,100470,20260818,1906,3,10,1,3,1,8.0,3.0,8.0,3.0,5.0
752,100471,20260320,1702,3,9,1,3,1,9.0,3.4,9.0,3.4,5.6
753,100472,20260822,947,6,5,1,1,1,4.8,2.0,4.8,2.0,2.8
754,100473,20260711,1717,5,24,1,2,2,8.0,3.0,16.0,6.0,10.0
755,100474,20260416,725,1,25,1,2,1,8.5,3.2,8.5,3.2,5.3
756,100475,20260327,1332,2,5,1,1,1,4.8,2.0,4.8,2.0,2.8
757,100475,20260327,1332,2,13,1,1,1,12.5,4.3,12.5,4.3,8.2
758,100476,20260814,2039,6,4,1,2,1,4.5,1.9,4.5,1.9,2.6
759,100477,20260627,832,2,5,2,2,1,4.8,2.0,4.8,2.0,2.8
760,100477,20260627,832,2,19,2,2,2,5.5,2.0,11.0,4.0,7.0
761,100477,20260627,832,2,3,2,2,1,3.8,1.5,3.8,1.5,2.3
762,100478,20260518,1851,2,22,1,1,1,9.5,3.6,9.5,3.6,5.9
763,100479,20260825,857,2,3,1,2,2,3.8,1.5,7.6,3.0,4.6
764,100479,20260825,857,2,19,1,2,1,5.5,2.0,5.5,2.0,3.5
765,100480,20260523,2006,5,14,2,2,1,13.5,4.6,13.5,4.6,8.9
766,100481,20260602,1013,4,2,1,1,1,4.0,1.6,4.0,1.6,2.4
767,100482,20260517,1001,4,7,1,4,1,4.3,1.8,4.3,1.8,2.5
768,100482,20260517,1001,4,17,1,4,2,4.5,1.6,9.0,3.2,5.8
769,100483,20260724,1922,3,15,1,1,1,11.0,4.0,11.0,4.0,7.0
770,100484,20260419,1408,6,15,1,1,1,11.0,4.0,11.0,4.0,7.0
771,100484,20260419,1408,6,23,1,1,1,9.0,3.4,9.0,3.4,5.6
772,100485,20260619,2027,4,13,2,4,2,12.5,4.3,25.0,8.6,16.4
773,100486,20260718,814,5,4,2,3,1,4.5,1.9,4.5,1.9,2.6
774,100486,20260718,814,5,3,2,3,1,3.8,1.5,3.8,1.5,2.3
775,100487,20260329,1118,5,2,1,1,1,4.0,1.6,4.0,1.6,2.4
776,100488,20260707,2046,3,16,1,1,1,11.5,4.1,11.5,4.1,7.4
777,100488,20260707,2046,3,19,1,1,1,5.5,2.0,5.5,2.0,3.5
778,100488,20260707,2046,3,4,1,1,1,4.5,1.9,4.5,1.9,2.6
779,100489,20260906,949,2,7,2,1,1,4.3,1.8,4.3,1.8,2.5
780,100490,20260626,714,1,24,1,3,2,8.0,3.0,16.0,6.0,10.0
781,100490,20260626,714,1,11,1,3,1,10.5,3.8,10.5,3.8,6.7
782,100491,20260331,1725,2,18,1,2,1,5.0,1.8,5.0,1.8,3.2
783,100492,20260525,1915,1,13,3,3,1,12.5,4.3,12.5,4.3,8.2
784,100493,20260405,853,3,19,1,4,1,5.5,2.0,5.5,2.0,3.5
785,100493,20260405,853,3,20,1,4,1,6.5,2.4,6.5,2.4,4.1
786,100493,20260405,853,3,7,1,4,2,4.3,1.8,8.6,3.6,5.0
787,100494,20260506,823,2,10,1,2,1,8.0,3.0,8.0,3.0,5.0
788,100494,20260506,823,2,6,1,2,1,5.0,2.1,5.0,2.1,2.9
789,100495,20260703,1738,1,11,1,2,1,10.5,3.8,10.5,3.8,6.7
790,100495,20260703,1738,1,21,1,2,1,9.0,3.2,9.0,3.2,5.8
791,100496,20260619,903,1,18,2,2,1,5.0,1.8,5.0,1.8,3.2
792,100497,20260328,1926,2,18,1,4,2,5.0,1.8,10.0,3.6,6.4
793,100497,20260328,1926,2,12,1,4,2,12.0,4.2,24.0,8.4,15.6
794,100498,20260731,744,3,16,1,1,1,11.5,4.1,11.5,4.1,7.4
795,100499,20260530,1010,2,14,2,1,1,13.5,4.6,13.5,4.6,8.9
796,100500,20260315,942,2,3,2,3,1,3.8,1.5,3.8,1.5,2.3
797,100501,20260813,1851,2,9,1,1,2,9.0,3.4,18.0,6.8,11.2
798,100502,20260730,805,3,19,1,2,2,5.5,2.0,11.0,4.0,7.0
799,100502,20260730,805,3,2,1,2,1,4.0,1.6,4.0,1.6,2.4
800,100503,20260427,1929,1,15,2,1,1,11.0,4.0,11.0,4.0,7.0
801,100503,20260427,1929,1,23,2,1,1,9.0,3.4,9.0,3.4,5.6
802,100503,20260427,1929,1,13,2,1,1,12.5,4.3,12.5,4.3,8.2
803,100504,20260830,1331,1,24,2,2,2,8.0,3.0,16.0,6.0,10.0
804,100505,20260426,1903,2,5,3,1,2,4.8,2.0,9.6,4.0,5.6
805,100505,20260426,1903,2,4,3,1,1,4.5,1.9,4.5,1.9,2.6
806,100506,20260527,1815,6,9,2,4,1,9.0,3.4,9.0,3.4,5.6
807,100507,20260609,1011,6,5,1,1,1,4.8,2.0,4.8,2.0,2.8
808,100507,20260609,1011,6,20,1,1,1,6.5,2.4,6.5,2.4,4.1
809,100508,20260804,814,1,4,1,2,1,4.5,1.9,4.5,1.9,2.6
810,100509,20260619,2058,6,3,2,1,1,3.8,1.5,3.8,1.5,2.3
811,100510,20260513,1927,2,10,1,2,1,8.0,3.0,8.0,3.0,5.0
812,100510,20260513,1927,2,4,1,2,1,4.5,1.9,4.5,1.9,2.6
813,100511,20260605,1653,1,20,4,1,1,6.5,2.4,6.5,2.4,4.1
814,100511,20260605,1653,1,8,4,1,1,8.5,3.2,8.5,3.2,5.3
815,100511,20260605,1653,1,9,4,1,1,9.0,3.4,9.0,3.4,5.6
816,100512,20260620,1020,2,6,2,1,1,5.0,2.1,5.0,2.1,2.9
817,100512,20260620,1020,2,7,2,1,1,4.3,1.8,4.3,1.8,2.5
818,100512,20260620,1020,2,1,2,1,1,3.5,1.4,3.5,1.4,2.1
819,100513,20260520,903,3,6,3,1,1,5.0,2.1,5.0,2.1,2.9
820,100513,20260520,903,3,2,3,1,1,4.0,1.6,4.0,1.6,2.4
821,100513,20260520,903,3,6,3,1,1,5.0,2.1,5.0,2.1,2.9
822,100514,20260530,2105,1,11,1,1,1,10.5,3.8,10.5,3.8,6.7
823,100515,20260821,914,5,3,1,3,1,3.8,1.5,3.8,1.5,2.3
824,100515,20260821,914,5,4,1,3,1,4.5,1.9,4.5,1.9,2.6
825,100516,20260614,1024,5,11,2,3,1,10.5,3.8,10.5,3.8,6.7
826,100517,20260824,750,5,18,1,1,1,5.0,1.8,5.0,1.8,3.2
827,100518,20260616,1028,6,19,3,4,1,5.5,2.0,5.5,2.0,3.5
828,100519,20260420,1654,1,16,1,2,1,11.5,4.1,11.5,4.1,7.4
829,100520,20260419,1602,6,11,2,3,2,10.5,3.8,21.0,7.6,13.4
830,100521,20260809,1104,4,11,3,1,1,10.5,3.8,10.5,3.8,6.7
831,100522,20260322,922,5,11,1,2,1,10.5,3.8,10.5,3.8,6.7
832,100523,20260430,739,1,6,2,2,1,5.0,2.1,5.0,2.1,2.9
833,100524,20260511,1852,4,16,1,2,1,11.5,4.1,11.5,4.1,7.4
834,100524,20260511,1852,4,12,1,2,2,12.0,4.2,24.0,8.4,15.6
835,100525,20260914,905,5,4,2,1,1,4.5,1.9,4.5,1.9,2.6
836,100525,20260914,905,5,2,2,1,1,4.0,1.6,4.0,1.6,2.4
837,100526,20260608,1906,3,2,1,3,1,4.0,1.6,4.0,1.6,2.4
838,100527,20260525,950,6,24,1,1,1,8.0,3.0,8.0,3.0,5.0
839,100528,20260628,1711,3,8,1,3,1,8.5,3.2,8.5,3.2,5.3
840,100528,20260628,1711,3,15,1,3,1,11.0,4.0,11.0,4.0,7.0
841,100529,20260913,1352,5,3,1,1,2,3.8,1.5,7.6,3.0,4.6
842,100530,20260705,959,1,4,1,1,1,4.5,1.9,4.5,1.9,2.6
843,100530,20260705,959,1,18,1,1,1,5.0,1.8,5.0,1.8,3.2
844,100530,20260705,959,1,20,1,1,1,6.5,2.4,6.5,2.4,4.1
845,100531,20260330,1810,1,22,1,2,1,9.5,3.6,9.5,3.6,5.9
846,100531,20260330,1810,1,16,1,2,1,11.5,4.1,11.5,4.1,7.4
847,100532,20260716,851,6,17,2,1,1,4.5,1.6,4.5,1.6,2.9
848,100533,20260706,1812,1,17,3,4,1,4.5,1.6,4.5,1.6,2.9
849,100534,20260629,1753,2,5,2,3,1,4.8,2.0,4.8,2.0,2.8
850,100534,20260629,1753,2,11,2,3,1,10.5,3.8,10.5,3.8,6.7
851,100535,20260610,2140,5,9,1,1,1,9.0,3.4,9.0,3.4,5.6
852,100536,20260611,1339,1,7,1,1,1,4.3,1.8,4.3,1.8,2.5
853,100536,20260611,1339,1,1,1,1,2,3.5,1.4,7.0,2.8,4.2
854,100536,20260611,1339,1,4,1,1,1,4.5,1.9,4.5,1.9,2.6
855,100537,20260801,1234,6,18,3,3,1,5.0,1.8,5.0,1.8,3.2
856,100538,20260402,728,3,23,1,4,1,9.0,3.4,9.0,3.4,5.6
857,100538,20260402,728,3,16,1,4,1,11.5,4.1,11.5,4.1,7.4
858,100539,20260506,1905,2,12,2,1,1,12.0,4.2,12.0,4.2,7.8
859,100540,20260703,1737,5,7,1,1,2,4.3,1.8,8.6,3.6,5.0
860,100540,20260703,1737,5,16,1,1,2,11.5,4.1,23.0,8.2,14.8
861,100541,20260911,1923,5,11,2,1,1,10.5,3.8,10.5,3.8,6.7
862,100542,20260525,1356,2,3,4,1,1,3.8,1.5,3.8,1.5,2.3
863,100542,20260525,1356,2,24,4,1,1,8.0,3.0,8.0,3.0,5.0
864,100543,20260410,1704,1,24,1,3,1,8.0,3.0,8.0,3.0,5.0
865,100544,20260403,1412,1,10,1,4,1,8.0,3.0,8.0,3.0,5.0
866,100545,20260508,1135,4,10,1,1,2,8.0,3.0,16.0,6.0,10.0
867,100545,20260508,1135,4,9,1,1,1,9.0,3.4,9.0,3.4,5.6
868,100546,20260716,2051,4,5,1,1,1,4.8,2.0,4.8,2.0,2.8
869,100546,20260716,2051,4,20,1,1,1,6.5,2.4,6.5,2.4,4.1
870,100546,20260716,2051,4,13,1,1,1,12.5,4.3,12.5,4.3,8.2
871,100547,20260518,946,1,22,2,1,1,9.5,3.6,9.5,3.6,5.9
872,100547,20260518,946,1,4,2,1,1,4.5,1.9,4.5,1.9,2.6
873,100548,20260805,1634,4,4,1,1,1,4.5,1.9,4.5,1.9,2.6
874,100548,20260805,1634,4,10,1,1,1,8.0,3.0,8.0,3.0,5.0
875,100548,20260805,1634,4,19,1,1,1,5.5,2.0,5.5,2.0,3.5
876,100549,20260629,923,6,15,2,2,1,11.0,4.0,11.0,4.0,7.0
877,100550,20260528,1648,1,15,1,2,1,11.0,4.0,11.0,4.0,7.0
878,100550,20260528,1648,1,25,1,2,1,8.5,3.2,8.5,3.2,5.3
879,100550,20260528,1648,1,5,1,2,1,4.8,2.0,4.8,2.0,2.8
880,100551,20260826,1733,2,11,2,1,1,10.5,3.8,10.5,3.8,6.7
881,100551,20260826,1733,2,15,2,1,1,11.0,4.0,11.0,4.0,7.0
882,100552,20260519,1511,2,3,3,2,1,3.8,1.5,3.8,1.5,2.3
883,100553,20260521,838,2,6,2,2,1,5.0,2.1,5.0,2.1,2.9
884,100554,20260820,713,1,20,2,4,1,6.5,2.4,6.5,2.4,4.1
885,100555,20260501,1717,1,13,1,3,1,12.5,4.3,12.5,4.3,8.2
886,100556,20260528,941,2,2,1,1,1,4.0,1.6,4.0,1.6,2.4
887,100556,20260528,941,2,3,1,1,1,3.8,1.5,3.8,1.5,2.3
888,100556,20260528,941,2,21,1,1,1,9.0,3.2,9.0,3.2,5.8
889,100557,20260517,857,3,1,1,1,2,3.5,1.4,7.0,2.8,4.2
890,100557,20260517,857,3,21,1,1,1,9.0,3.2,9.0,3.2,5.8
891,100558,20260821,2001,2,19,4,1,1,5.5,2.0,5.5,2.0,3.5
892,100559,20260824,1636,1,12,1,1,1,12.0,4.2,12.0,4.2,7.8
893,100559,20260824,1636,1,16,1,1,1,11.5,4.1,11.5,4.1,7.4
894,100559,20260824,1636,1,15,1,1,1,11.0,4.0,11.0,4.0,7.0
895,100560,20260504,1846,3,3,1,1,1,3.8,1.5,3.8,1.5,2.3
896,100560,20260504,1846,3,8,1,1,1,8.5,3.2,8.5,3.2,5.3
897,100561,20260730,2023,3,6,4,1,1,5.0,2.1,5.0,2.1,2.9
898,100561,20260730,2023,3,15,4,1,1,11.0,4.0,11.0,4.0,7.0
899,100562,20260728,1723,1,24,1,3,1,8.0,3.0,8.0,3.0,5.0
900,100562,20260728,1723,1,5,1,3,1,4.8,2.0,4.8,2.0,2.8
901,100562,20260728,1723,1,16,1,3,1,11.5,4.1,11.5,4.1,7.4
902,100563,20260725,1728,4,19,1,2,1,5.5,2.0,5.5,2.0,3.5
903,100564,20260726,1909,1,25,1,4,1,8.5,3.2,8.5,3.2,5.3
904,100565,20260806,1025,6,20,2,3,1,6.5,2.4,6.5,2.4,4.1
905,100565,20260806,1025,6,21,2,3,1,9.0,3.2,9.0,3.2,5.8
906,100566,20260901,2024,1,3,1,2,2,3.8,1.5,7.6,3.0,4.6
907,100566,20260901,2024,1,19,1,2,1,5.5,2.0,5.5,2.0,3.5
908,100567,20260912,1724,1,6,2,1,1,5.0,2.1,5.0,2.1,2.9
909,100568,20260801,1712,1,2,2,2,1,4.0,1.6,4.0,1.6,2.4
910,100568,20260801,1712,1,13,2,2,1,12.5,4.3,12.5,4.3,8.2
911,100569,20260322,1703,5,15,1,3,1,11.0,4.0,11.0,4.0,7.0
912,100570,20260416,1031,6,9,1,4,1,9.0,3.4,9.0,3.4,5.6
913,100570,20260416,1031,6,23,1,4,1,9.0,3.4,9.0,3.4,5.6
914,100570,20260416,1031,6,4,1,4,1,4.5,1.9,4.5,1.9,2.6
915,100571,20260816,824,5,20,2,1,1,6.5,2.4,6.5,2.4,4.1
916,100571,20260816,824,5,4,2,1,1,4.5,1.9,4.5,1.9,2.6
917,100571,20260816,824,5,5,2,1,1,4.8,2.0,4.8,2.0,2.8
918,100572,20260321,1127,2,6,1,1,1,5.0,2.1,5.0,2.1,2.9
919,100572,20260321,1127,2,22,1,1,2,9.5,3.6,19.0,7.2,11.8
920,100572,20260321,1127,2,2,1,1,1,4.0,1.6,4.0,1.6,2.4
921,100573,20260417,2019,2,8,3,1,1,8.5,3.2,8.5,3.2,5.3
922,100573,20260417,2019,2,6,3,1,1,5.0,2.1,5.0,2.1,2.9
923,100574,20260317,1921,1,15,2,2,2,11.0,4.0,22.0,8.0,14.0
924,100574,20260317,1921,1,12,2,2,1,12.0,4.2,12.0,4.2,7.8
925,100574,20260317,1921,1,9,2,2,2,9.0,3.4,18.0,6.8,11.2
926,100575,20260620,1820,5,19,1,3,1,5.5,2.0,5.5,2.0,3.5
927,100576,20260731,1708,4,8,4,2,1,8.5,3.2,8.5,3.2,5.3
928,100576,20260731,1708,4,10,4,2,1,8.0,3.0,8.0,3.0,5.0
929,100577,20260630,1630,2,5,2,2,1,4.8,2.0,4.8,2.0,2.8
930,100577,20260630,1630,2,19,2,2,1,5.5,2.0,5.5,2.0,3.5
931,100578,20260524,2137,2,11,2,1,1,10.5,3.8,10.5,3.8,6.7
932,100579,20260520,1647,4,25,1,3,1,8.5,3.2,8.5,3.2,5.3
933,100579,20260520,1647,4,13,1,3,1,12.5,4.3,12.5,4.3,8.2
934,100580,20260526,1215,1,15,1,3,1,11.0,4.0,11.0,4.0,7.0
935,100580,20260526,1215,1,10,1,3,1,8.0,3.0,8.0,3.0,5.0
936,100581,20260327,1330,5,5,2,2,1,4.8,2.0,4.8,2.0,2.8
937,100582,20260617,856,3,3,2,1,1,3.8,1.5,3.8,1.5,2.3
938,100582,20260617,856,3,6,2,1,1,5.0,2.1,5.0,2.1,2.9
939,100582,20260617,856,3,18,2,1,1,5.0,1.8,5.0,1.8,3.2
940,100583,20260623,1718,2,13,1,3,1,12.5,4.3,12.5,4.3,8.2
941,100584,20260727,1148,6,1,2,1,2,3.5,1.4,7.0,2.8,4.2
942,100584,20260727,1148,6,23,2,1,2,9.0,3.4,18.0,6.8,11.2
943,100585,20260629,939,2,5,1,3,1,4.8,2.0,4.8,2.0,2.8
944,100585,20260629,939,2,3,1,3,1,3.8,1.5,3.8,1.5,2.3
945,100585,20260629,939,2,21,1,3,1,9.0,3.2,9.0,3.2,5.8
946,100586,20260512,1026,4,1,2,1,1,3.5,1.4,3.5,1.4,2.1
947,100587,20260404,1107,6,13,1,3,2,12.5,4.3,25.0,8.6,16.4
948,100587,20260404,1107,6,22,1,3,2,9.5,3.6,19.0,7.2,11.8
949,100588,20260505,1955,1,8,1,2,2,8.5,3.2,17.0,6.4,10.6
950,100588,20260505,1955,1,1,1,2,2,3.5,1.4,7.0,2.8,4.2
951,100588,20260505,1955,1,1,1,2,1,3.5,1.4,3.5,1.4,2.1
952,100589,20260330,958,1,4,3,1,1,4.5,1.9,4.5,1.9,2.6
953,100590,20260731,1308,2,6,1,1,1,5.0,2.1,5.0,2.1,2.9
954,100590,20260731,1308,2,22,1,1,1,9.5,3.6,9.5,3.6,5.9
955,100591,20260723,1756,2,10,4,1,1,8.0,3.0,8.0,3.0,5.0
956,100592,20260322,1843,3,17,1,3,1,4.5,1.6,4.5,1.6,2.9
957,100592,20260322,1843,3,17,1,3,1,4.5,1.6,4.5,1.6,2.9
958,100593,20260529,944,2,17,1,3,1,4.5,1.6,4.5,1.6,2.9
959,100593,20260529,944,2,17,1,3,1,4.5,1.6,4.5,1.6,2.9
960,100594,20260811,1554,1,2,4,1,1,4.0,1.6,4.0,1.6,2.4
961,100594,20260811,1554,1,18,4,1,2,5.0,1.8,10.0,3.6,6.4
962,100594,20260811,1554,1,13,4,1,1,12.5,4.3,12.5,4.3,8.2
963,100595,20260427,1350,3,7,1,2,1,4.3,1.8,4.3,1.8,2.5
964,100595,20260427,1350,3,5,1,2,1,4.8,2.0,4.8,2.0,2.8
965,100595,20260427,1350,3,7,1,2,1,4.3,1.8,4.3,1.8,2.5
966,100596,20260612,1026,1,21,1,1,1,9.0,3.2,9.0,3.2,5.8
967,100596,20260612,1026,1,19,1,1,2,5.5,2.0,11.0,4.0,7.0
968,100597,20260620,1914,1,19,1,1,1,5.5,2.0,5.5,2.0,3.5
969,100597,20260620,1914,1,20,1,1,1,6.5,2.4,6.5,2.4,4.1
970,100598,20260708,1732,1,11,1,4,1,10.5,3.8,10.5,3.8,6.7
971,100599,20260415,1545,2,4,1,2,1,4.5,1.9,4.5,1.9,2.6
972,100599,20260415,1545,2,8,1,2,2,8.5,3.2,17.0,6.4,10.6
973,100600,20260522,1731,1,10,4,2,1,8.0,3.0,8.0,3.0,5.0
974,100600,20260522,1731,1,3,4,2,1,3.8,1.5,3.8,1.5,2.3
975,100601,20260805,1126,2,1,1,2,1,3.5,1.4,3.5,1.4,2.1
976,100601,20260805,1126,2,15,1,2,1,11.0,4.0,11.0,4.0,7.0
977,100601,20260805,1126,2,20,1,2,1,6.5,2.4,6.5,2.4,4.1
978,100602,20260810,842,6,3,2,2,1,3.8,1.5,3.8,1.5,2.3
979,100603,20260409,816,5,3,1,1,1,3.8,1.5,3.8,1.5,2.3
980,100604,20260318,856,4,20,1,1,1,6.5,2.4,6.5,2.4,4.1
981,100605,20260529,1928,2,6,1,3,1,5.0,2.1,5.0,2.1,2.9
982,100606,20260523,1447,3,21,1,1,1,9.0,3.2,9.0,3.2,5.8
983,100606,20260523,1447,3,7,1,1,1,4.3,1.8,4.3,1.8,2.5
984,100607,20260315,1025,3,3,1,1,1,3.8,1.5,3.8,1.5,2.3
985,100608,20260717,800,2,8,2,1,1,8.5,3.2,8.5,3.2,5.3
986,100609,20260809,1747,1,11,4,1,1,10.5,3.8,10.5,3.8,6.7
987,100610,20260330,920,5,18,2,1,1,5.0,1.8,5.0,1.8,3.2
988,100611,20260812,1417,1,3,2,3,1,3.8,1.5,3.8,1.5,2.3
989,100612,20260320,1750,5,16,1,4,1,11.5,4.1,11.5,4.1,7.4
990,100612,20260320,1750,5,19,1,4,1,5.5,2.0,5.5,2.0,3.5
991,100612,20260320,1750,5,15,1,4,1,11.0,4.0,11.0,4.0,7.0
992,100613,20260501,1743,1,9,1,1,1,9.0,3.4,9.0,3.4,5.6
993,100614,20260912,1712,5,7,3,4,1,4.3,1.8,4.3,1.8,2.5
994,100615,20260422,1301,1,20,1,3,1,6.5,2.4,6.5,2.4,4.1
995,100615,20260422,1301,1,9,1,3,1,9.0,3.4,9.0,3.4,5.6
996,100615,20260422,1301,1,18,1,3,1,5.0,1.8,5.0,1.8,3.2
997,100616,20260317,1902,1,8,3,3,2,8.5,3.2,17.0,6.4,10.6
998,100617,20260624,927,2,6,1,1,1,5.0,2.1,5.0,2.1,2.9
999,100618,20260807,1702,1,12,1,1,1,12.0,4.2,12.0,4.2,7.8
1000,100619,20260425,1642,2,21,1,3,1,9.0,3.2,9.0,3.2,5.8
1001,100619,20260425,1642,2,25,1,3,2,8.5,3.2,17.0,6.4,10.6
1002,100620,20260724,1820,4,25,1,3,1,8.5,3.2,8.5,3.2,5.3
1003,100620,20260724,1820,4,19,1,3,1,5.5,2.0,5.5,2.0,3.5
1004,100620,20260724,1820,4,7,1,3,1,4.3,1.8,4.3,1.8,2.5
1005,100621,20260606,855,1,3,2,2,1,3.8,1.5,3.8,1.5,2.3
1006,100621,20260606,855,1,18,2,2,1,5.0,1.8,5.0,1.8,3.2
1007,100622,20260408,928,4,2,3,1,1,4.0,1.6,4.0,1.6,2.4
1008,100622,20260408,928,4,3,3,1,1,3.8,1.5,3.8,1.5,2.3
1009,100622,20260408,928,4,10,3,1,1,8.0,3.0,8.0,3.0,5.0
1010,100623,20260717,845,4,21,4,1,1,9.0,3.2,9.0,3.2,5.8
1011,100624,20260908,1912,2,8,4,4,2,8.5,3.2,17.0,6.4,10.6
1012,100625,20260401,756,1,15,3,1,2,11.0,4.0,22.0,8.0,14.0
1013,100625,20260401,756,1,7,3,1,1,4.3,1.8,4.3,1.8,2.5
1014,100626,20260802,834,3,4,1,1,1,4.5,1.9,4.5,1.9,2.6
1015,100626,20260802,834,3,2,1,1,1,4.0,1.6,4.0,1.6,2.4
1016,100627,20260901,1723,4,23,1,4,1,9.0,3.4,9.0,3.4,5.6
1017,100628,20260724,1734,2,15,4,1,1,11.0,4.0,11.0,4.0,7.0
1018,100628,20260724,1734,2,5,4,1,1,4.8,2.0,4.8,2.0,2.8
1019,100628,20260724,1734,2,13,4,1,1,12.5,4.3,12.5,4.3,8.2
1020,100629,20260529,1643,1,14,1,1,1,13.5,4.6,13.5,4.6,8.9
1021,100629,20260529,1643,1,12,1,1,1,12.0,4.2,12.0,4.2,7.8
1022,100629,20260529,1643,1,4,1,1,1,4.5,1.9,4.5,1.9,2.6
1023,100630,20260528,1730,1,2,2,3,1,4.0,1.6,4.0,1.6,2.4
1024,100630,20260528,1730,1,23,2,3,1,9.0,3.4,9.0,3.4,5.6
1025,100631,20260906,1304,1,3,1,1,1,3.8,1.5,3.8,1.5,2.3
1026,100631,20260906,1304,1,2,1,1,1,4.0,1.6,4.0,1.6,2.4
1027,100631,20260906,1304,1,7,1,1,1,4.3,1.8,4.3,1.8,2.5
1028,100632,20260410,1756,4,5,1,3,1,4.8,2.0,4.8,2.0,2.8
1029,100632,20260410,1756,4,14,1,3,1,13.5,4.6,13.5,4.6,8.9
1030,100632,20260410,1756,4,6,1,3,2,5.0,2.1,10.0,4.2,5.8
1031,100633,20260913,841,2,6,4,4,1,5.0,2.1,5.0,2.1,2.9
1032,100634,20260818,751,4,15,3,1,1,11.0,4.0,11.0,4.0,7.0
1033,100635,20260911,1830,3,10,1,4,1,8.0,3.0,8.0,3.0,5.0
1034,100635,20260911,1830,3,10,1,4,1,8.0,3.0,8.0,3.0,5.0
1035,100635,20260911,1830,3,25,1,4,1,8.5,3.2,8.5,3.2,5.3
1036,100636,20260803,2021,3,19,1,1,1,5.5,2.0,5.5,2.0,3.5
1037,100637,20260910,720,6,1,4,4,1,3.5,1.4,3.5,1.4,2.1
1038,100638,20260623,805,1,2,2,1,2,4.0,1.6,8.0,3.2,4.8
1039,100639,20260526,1733,2,14,1,3,1,13.5,4.6,13.5,4.6,8.9
1040,100639,20260526,1733,2,10,1,3,2,8.0,3.0,16.0,6.0,10.0
1041,100640,20260701,1338,3,7,2,4,1,4.3,1.8,4.3,1.8,2.5
1042,100641,20260327,1750,5,19,2,1,2,5.5,2.0,11.0,4.0,7.0
1043,100642,20260614,1025,5,20,1,1,1,6.5,2.4,6.5,2.4,4.1
1044,100642,20260614,1025,5,5,1,1,1,4.8,2.0,4.8,2.0,2.8
1045,100642,20260614,1025,5,1,1,1,1,3.5,1.4,3.5,1.4,2.1
1046,100643,20260325,1512,3,3,1,1,1,3.8,1.5,3.8,1.5,2.3
1047,100644,20260907,1850,2,7,1,1,1,4.3,1.8,4.3,1.8,2.5
1048,100645,20260809,1822,1,8,1,2,1,8.5,3.2,8.5,3.2,5.3
1049,100646,20260722,1052,1,21,2,1,1,9.0,3.2,9.0,3.2,5.8
1050,100647,20260606,740,1,22,1,1,1,9.5,3.6,9.5,3.6,5.9
1051,100648,20260603,1213,1,17,1,1,1,4.5,1.6,4.5,1.6,2.9
1052,100649,20260816,1227,5,8,1,1,1,8.5,3.2,8.5,3.2,5.3
1053,100650,20260508,831,5,12,1,1,1,12.0,4.2,12.0,4.2,7.8
1054,100651,20260526,1000,2,23,2,1,1,9.0,3.4,9.0,3.4,5.6
1055,100651,20260526,1000,2,19,2,1,1,5.5,2.0,5.5,2.0,3.5
1056,100652,20260316,829,1,19,1,1,1,5.5,2.0,5.5,2.0,3.5
1057,100652,20260316,829,1,1,1,1,1,3.5,1.4,3.5,1.4,2.1
1058,100652,20260316,829,1,1,1,1,1,3.5,1.4,3.5,1.4,2.1
1059,100653,20260726,1840,1,16,2,2,2,11.5,4.1,23.0,8.2,14.8
1060,100653,20260726,1840,1,12,2,2,2,12.0,4.2,24.0,8.4,15.6
1061,100654,20260415,1833,6,8,3,4,1,8.5,3.2,8.5,3.2,5.3
1062,100654,20260415,1833,6,8,3,4,1,8.5,3.2,8.5,3.2,5.3
1063,100655,20260818,1018,4,10,1,1,2,8.0,3.0,16.0,6.0,10.0
1064,100655,20260818,1018,4,17,1,1,1,4.5,1.6,4.5,1.6,2.9
1065,100655,20260818,1018,4,16,1,1,1,11.5,4.1,11.5,4.1,7.4
1066,100656,20260420,802,5,23,2,1,1,9.0,3.4,9.0,3.4,5.6
1067,100657,20260620,807,4,11,1,3,1,10.5,3.8,10.5,3.8,6.7
1068,100657,20260620,807,4,1,1,3,1,3.5,1.4,3.5,1.4,2.1
1069,100658,20260711,832,6,1,1,1,1,3.5,1.4,3.5,1.4,2.1
1070,100659,20260912,1634,2,17,1,2,1,4.5,1.6,4.5,1.6,2.9
1071,100659,20260912,1634,2,8,1,2,1,8.5,3.2,8.5,3.2,5.3
1072,100660,20260618,1312,1,20,2,2,1,6.5,2.4,6.5,2.4,4.1
1073,100660,20260618,1312,1,3,2,2,1,3.8,1.5,3.8,1.5,2.3
1074,100661,20260725,1714,2,12,2,3,1,12.0,4.2,12.0,4.2,7.8
1075,100661,20260725,1714,2,13,2,3,1,12.5,4.3,12.5,4.3,8.2
1076,100662,20260718,1635,4,8,4,1,2,8.5,3.2,17.0,6.4,10.6
1077,100662,20260718,1635,4,13,4,1,1,12.5,4.3,12.5,4.3,8.2
1078,100663,20260516,1019,3,6,2,1,1,5.0,2.1,5.0,2.1,2.9
1079,100664,20260403,1831,1,16,1,3,1,11.5,4.1,11.5,4.1,7.4
1080,100664,20260403,1831,1,12,1,3,1,12.0,4.2,12.0,4.2,7.8
1081,100664,20260403,1831,1,10,1,3,1,8.0,3.0,8.0,3.0,5.0
1082,100665,20260526,1643,4,8,4,3,1,8.5,3.2,8.5,3.2,5.3
1083,100666,20260320,1205,3,12,1,4,1,12.0,4.2,12.0,4.2,7.8
1084,100666,20260320,1205,3,24,1,4,1,8.0,3.0,8.0,3.0,5.0
1085,100667,20260421,1921,5,14,1,3,1,13.5,4.6,13.5,4.6,8.9
1086,100667,20260421,1921,5,7,1,3,1,4.3,1.8,4.3,1.8,2.5
1087,100668,20260522,1758,5,10,2,3,1,8.0,3.0,8.0,3.0,5.0
1088,100669,20260604,1755,4,10,2,4,1,8.0,3.0,8.0,3.0,5.0
1089,100670,20260722,1503,5,8,1,1,1,8.5,3.2,8.5,3.2,5.3
1090,100670,20260722,1503,5,5,1,1,1,4.8,2.0,4.8,2.0,2.8
1091,100670,20260722,1503,5,7,1,1,1,4.3,1.8,4.3,1.8,2.5
1092,100671,20260514,1344,4,20,4,4,1,6.5,2.4,6.5,2.4,4.1
1093,100671,20260514,1344,4,22,4,4,1,9.5,3.6,9.5,3.6,5.9
1094,100671,20260514,1344,4,24,4,4,1,8.0,3.0,8.0,3.0,5.0
1095,100672,20260503,1815,3,12,1,3,2,12.0,4.2,24.0,8.4,15.6
1096,100673,20260617,1755,2,16,1,2,1,11.5,4.1,11.5,4.1,7.4
1097,100674,20260711,1024,4,8,1,1,1,8.5,3.2,8.5,3.2,5.3
1098,100675,20260522,2020,5,3,1,3,1,3.8,1.5,3.8,1.5,2.3
1099,100676,20260703,1626,4,3,1,4,1,3.8,1.5,3.8,1.5,2.3
1100,100677,20260726,700,6,24,3,3,1,8.0,3.0,8.0,3.0,5.0
1101,100678,20260814,1605,1,4,1,1,1,4.5,1.9,4.5,1.9,2.6
1102,100678,20260814,1605,1,25,1,1,1,8.5,3.2,8.5,3.2,5.3
1103,100678,20260814,1605,1,17,1,1,1,4.5,1.6,4.5,1.6,2.9
1104,100679,20260606,952,5,1,1,2,1,3.5,1.4,3.5,1.4,2.1
1105,100680,20260605,957,1,2,2,1,1,4.0,1.6,4.0,1.6,2.4
1106,100681,20260318,1844,3,10,1,1,1,8.0,3.0,8.0,3.0,5.0
1107,100682,20260322,1709,2,9,2,1,1,9.0,3.4,9.0,3.4,5.6
1108,100683,20260501,1813,3,20,1,1,1,6.5,2.4,6.5,2.4,4.1
1109,100683,20260501,1813,3,14,1,1,1,13.5,4.6,13.5,4.6,8.9
1110,100684,20260622,759,1,5,4,1,1,4.8,2.0,4.8,2.0,2.8
1111,100684,20260622,759,1,10,4,1,2,8.0,3.0,16.0,6.0,10.0
1112,100685,20260609,1642,3,14,2,3,1,13.5,4.6,13.5,4.6,8.9
1113,100686,20260501,1054,1,21,2,1,1,9.0,3.2,9.0,3.2,5.8
1114,100687,20260625,1913,4,10,2,2,2,8.0,3.0,16.0,6.0,10.0
1115,100687,20260625,1913,4,12,2,2,2,12.0,4.2,24.0,8.4,15.6
1116,100687,20260625,1913,4,12,2,2,1,12.0,4.2,12.0,4.2,7.8
1117,100688,20260523,1914,3,7,1,1,1,4.3,1.8,4.3,1.8,2.5
1118,100688,20260523,1914,3,16,1,1,1,11.5,4.1,11.5,4.1,7.4
1119,100689,20260821,1717,5,10,1,1,1,8.0,3.0,8.0,3.0,5.0
1120,100689,20260821,1717,5,14,1,1,1,13.5,4.6,13.5,4.6,8.9
1121,100689,20260821,1717,5,12,1,1,1,12.0,4.2,12.0,4.2,7.8
1122,100690,20260810,1821,4,21,1,4,1,9.0,3.2,9.0,3.2,5.8
1123,100691,20260823,1018,1,8,2,1,1,8.5,3.2,8.5,3.2,5.3
1124,100692,20260715,1052,1,16,2,2,1,11.5,4.1,11.5,4.1,7.4
1125,100693,20260612,756,4,2,2,1,1,4.0,1.6,4.0,1.6,2.4
1126,100694,20260412,1726,5,15,1,1,1,11.0,4.0,11.0,4.0,7.0
1127,100695,20260630,1211,6,10,1,2,2,8.0,3.0,16.0,6.0,10.0
1128,100695,20260630,1211,6,6,1,2,1,5.0,2.1,5.0,2.1,2.9
1129,100696,20260426,702,4,9,1,1,1,9.0,3.4,9.0,3.4,5.6
1130,100697,20260626,855,1,6,3,2,2,5.0,2.1,10.0,4.2,5.8
1131,100698,20260715,1055,4,20,2,1,2,6.5,2.4,13.0,4.8,8.2
1132,100699,20260617,1118,3,24,3,2,1,8.0,3.0,8.0,3.0,5.0
1133,100700,20260329,1135,4,21,1,2,1,9.0,3.2,9.0,3.2,5.8
1134,100701,20260521,1433,1,8,1,1,1,8.5,3.2,8.5,3.2,5.3
1135,100701,20260521,1433,1,9,1,1,1,9.0,3.4,9.0,3.4,5.6
1136,100702,20260625,1924,2,9,1,2,1,9.0,3.4,9.0,3.4,5.6
1137,100702,20260625,1924,2,4,1,2,1,4.5,1.9,4.5,1.9,2.6
1138,100703,20260725,1544,2,14,2,1,2,13.5,4.6,27.0,9.2,17.8
1139,100703,20260725,1544,2,6,2,1,1,5.0,2.1,5.0,2.1,2.9
1140,100703,20260725,1544,2,4,2,1,1,4.5,1.9,4.5,1.9,2.6
1141,100704,20260321,1650,1,9,1,1,1,9.0,3.4,9.0,3.4,5.6
1142,100705,20260606,1838,1,23,1,3,1,9.0,3.4,9.0,3.4,5.6
1143,100706,20260615,1738,4,16,1,4,1,11.5,4.1,11.5,4.1,7.4
1144,100706,20260615,1738,4,21,1,4,2,9.0,3.2,18.0,6.4,11.6
1145,100707,20260412,932,4,7,2,1,1,4.3,1.8,4.3,1.8,2.5
1146,100708,20260408,1939,5,17,1,1,1,4.5,1.6,4.5,1.6,2.9
1147,100709,20260723,905,6,21,1,1,1,9.0,3.2,9.0,3.2,5.8
1148,100710,20260713,1813,5,13,1,2,2,12.5,4.3,25.0,8.6,16.4
1149,100710,20260713,1813,5,17,1,2,1,4.5,1.6,4.5,1.6,2.9
1150,100711,20260831,1238,2,16,3,1,1,11.5,4.1,11.5,4.1,7.4
1151,100712,20260524,907,4,1,2,1,1,3.5,1.4,3.5,1.4,2.1
1152,100713,20260612,1433,2,18,1,1,1,5.0,1.8,5.0,1.8,3.2
1153,100713,20260612,1433,2,7,1,1,1,4.3,1.8,4.3,1.8,2.5
1154,100714,20260904,926,4,3,2,3,1,3.8,1.5,3.8,1.5,2.3
1155,100715,20260629,1159,3,10,2,1,1,8.0,3.0,8.0,3.0,5.0
1156,100715,20260629,1159,3,16,2,1,1,11.5,4.1,11.5,4.1,7.4
1157,100716,20260328,1918,1,11,1,4,2,10.5,3.8,21.0,7.6,13.4
1158,100717,20260603,1200,5,18,2,1,1,5.0,1.8,5.0,1.8,3.2
1159,100718,20260616,1727,6,17,4,3,2,4.5,1.6,9.0,3.2,5.8
1160,100718,20260616,1727,6,10,4,3,1,8.0,3.0,8.0,3.0,5.0
1161,100718,20260616,1727,6,5,4,3,1,4.8,2.0,4.8,2.0,2.8
1162,100719,20260608,1746,4,11,4,1,1,10.5,3.8,10.5,3.8,6.7
1163,100719,20260608,1746,4,10,4,1,1,8.0,3.0,8.0,3.0,5.0
1164,100720,20260719,746,2,20,1,2,1,6.5,2.4,6.5,2.4,4.1
1165,100721,20260716,1713,6,17,2,4,1,4.5,1.6,4.5,1.6,2.9
1166,100722,20260329,823,4,17,1,4,1,4.5,1.6,4.5,1.6,2.9
1167,100722,20260329,823,4,17,1,4,1,4.5,1.6,4.5,1.6,2.9
1168,100723,20260516,916,2,25,1,2,1,8.5,3.2,8.5,3.2,5.3
1169,100723,20260516,916,2,6,1,2,1,5.0,2.1,5.0,2.1,2.9
1170,100724,20260711,804,1,3,2,1,1,3.8,1.5,3.8,1.5,2.3
1171,100724,20260711,804,1,5,2,1,1,4.8,2.0,4.8,2.0,2.8
1172,100725,20260602,1021,2,17,1,2,2,4.5,1.6,9.0,3.2,5.8
1173,100726,20260721,1652,3,15,1,2,1,11.0,4.0,11.0,4.0,7.0
1174,100726,20260721,1652,3,11,1,2,1,10.5,3.8,10.5,3.8,6.7
1175,100727,20260725,1655,6,9,1,1,2,9.0,3.4,18.0,6.8,11.2
1176,100727,20260725,1655,6,11,1,1,1,10.5,3.8,10.5,3.8,6.7
1177,100728,20260812,830,4,8,1,1,2,8.5,3.2,17.0,6.4,10.6
1178,100728,20260812,830,4,4,1,1,1,4.5,1.9,4.5,1.9,2.6
1179,100728,20260812,830,4,11,1,1,2,10.5,3.8,21.0,7.6,13.4
1180,100729,20260726,1714,2,11,1,1,1,10.5,3.8,10.5,3.8,6.7
1181,100729,20260726,1714,2,15,1,1,1,11.0,4.0,11.0,4.0,7.0
1182,100730,20260725,1633,2,1,1,3,1,3.5,1.4,3.5,1.4,2.1
1183,100730,20260725,1633,2,12,1,3,1,12.0,4.2,12.0,4.2,7.8
1184,100730,20260725,1633,2,24,1,3,1,8.0,3.0,8.0,3.0,5.0
1185,100731,20260322,758,2,10,2,1,1,8.0,3.0,8.0,3.0,5.0
1186,100731,20260322,758,2,16,2,1,1,11.5,4.1,11.5,4.1,7.4
1187,100731,20260322,758,2,8,2,1,2,8.5,3.2,17.0,6.4,10.6
1188,100732,20260521,1915,2,15,1,3,1,11.0,4.0,11.0,4.0,7.0
1189,100732,20260521,1915,2,18,1,3,2,5.0,1.8,10.0,3.6,6.4
1190,100733,20260827,2001,2,19,2,2,1,5.5,2.0,5.5,2.0,3.5
1191,100734,20260714,1013,2,1,1,1,1,3.5,1.4,3.5,1.4,2.1
1192,100734,20260714,1013,2,7,1,1,1,4.3,1.8,4.3,1.8,2.5
1193,100735,20260427,1648,3,12,1,2,1,12.0,4.2,12.0,4.2,7.8
1194,100736,20260409,821,6,4,1,4,1,4.5,1.9,4.5,1.9,2.6
1195,100737,20260519,1655,2,8,3,4,1,8.5,3.2,8.5,3.2,5.3
1196,100737,20260519,1655,2,4,3,4,2,4.5,1.9,9.0,3.8,5.2
1197,100738,20260815,902,4,19,1,1,1,5.5,2.0,5.5,2.0,3.5
1198,100738,20260815,902,4,20,1,1,1,6.5,2.4,6.5,2.4,4.1
1199,100739,20260801,1905,4,4,1,4,1,4.5,1.9,4.5,1.9,2.6
1200,100739,20260801,1905,4,12,1,4,1,12.0,4.2,12.0,4.2,7.8
1201,100740,20260722,1008,3,24,1,1,1,8.0,3.0,8.0,3.0,5.0
1202,100740,20260722,1008,3,7,1,1,1,4.3,1.8,4.3,1.8,2.5
1203,100741,20260831,858,2,5,2,2,2,4.8,2.0,9.6,4.0,5.6
1204,100741,20260831,858,2,17,2,2,1,4.5,1.6,4.5,1.6,2.9
1205,100742,20260804,1537,2,1,1,1,1,3.5,1.4,3.5,1.4,2.1
1206,100742,20260804,1537,2,9,1,1,2,9.0,3.4,18.0,6.8,11.2
1207,100743,20260419,831,2,11,1,1,1,10.5,3.8,10.5,3.8,6.7
1208,100743,20260419,831,2,9,1,1,1,9.0,3.4,9.0,3.4,5.6
1209,100744,20260705,1747,2,5,1,3,1,4.8,2.0,4.8,2.0,2.8
1210,100745,20260701,1749,2,25,4,1,1,8.5,3.2,8.5,3.2,5.3
1211,100745,20260701,1749,2,9,4,1,1,9.0,3.4,9.0,3.4,5.6
1212,100746,20260415,1000,1,5,1,2,1,4.8,2.0,4.8,2.0,2.8
1213,100747,20260913,1732,4,21,3,1,1,9.0,3.2,9.0,3.2,5.8
1214,100748,20260707,1325,1,15,1,1,2,11.0,4.0,22.0,8.0,14.0
1215,100748,20260707,1325,1,11,1,1,1,10.5,3.8,10.5,3.8,6.7
1216,100749,20260618,1852,2,6,1,4,1,5.0,2.1,5.0,2.1,2.9
1217,100750,20260606,1830,5,14,1,2,1,13.5,4.6,13.5,4.6,8.9
1218,100751,20260410,1503,2,8,1,1,1,8.5,3.2,8.5,3.2,5.3
1219,100751,20260410,1503,2,11,1,1,2,10.5,3.8,21.0,7.6,13.4
1220,100752,20260515,902,1,5,1,1,1,4.8,2.0,4.8,2.0,2.8
1221,100753,20260912,1724,2,19,2,3,1,5.5,2.0,5.5,2.0,3.5
1222,100754,20260415,802,4,10,1,4,1,8.0,3.0,8.0,3.0,5.0
1223,100755,20260615,911,4,19,1,1,1,5.5,2.0,5.5,2.0,3.5
1224,100756,20260704,1229,2,10,2,1,1,8.0,3.0,8.0,3.0,5.0
1225,100756,20260704,1229,2,4,2,1,1,4.5,1.9,4.5,1.9,2.6
1226,100757,20260516,1751,3,20,2,1,2,6.5,2.4,13.0,4.8,8.2
1227,100758,20260807,1921,4,9,3,1,1,9.0,3.4,9.0,3.4,5.6
1228,100759,20260724,1923,1,8,3,4,1,8.5,3.2,8.5,3.2,5.3
1229,100760,20260725,1422,1,20,1,2,2,6.5,2.4,13.0,4.8,8.2
1230,100760,20260725,1422,1,19,1,2,1,5.5,2.0,5.5,2.0,3.5
1231,100761,20260402,1702,1,16,1,3,2,11.5,4.1,23.0,8.2,14.8
1232,100762,20260520,810,5,24,2,4,1,8.0,3.0,8.0,3.0,5.0
1233,100763,20260323,710,4,7,1,1,1,4.3,1.8,4.3,1.8,2.5
1234,100763,20260323,710,4,10,1,1,2,8.0,3.0,16.0,6.0,10.0
1235,100763,20260323,710,4,3,1,1,1,3.8,1.5,3.8,1.5,2.3
1236,100764,20260624,1014,4,7,1,1,1,4.3,1.8,4.3,1.8,2.5
1237,100765,20260729,2041,3,5,4,3,1,4.8,2.0,4.8,2.0,2.8
1238,100765,20260729,2041,3,18,4,3,1,5.0,1.8,5.0,1.8,3.2
1239,100765,20260729,2041,3,8,4,3,1,8.5,3.2,8.5,3.2,5.3
1240,100766,20260703,817,5,2,1,1,1,4.0,1.6,4.0,1.6,2.4
1241,100767,20260417,854,4,20,1,2,1,6.5,2.4,6.5,2.4,4.1
1242,100768,20260603,1101,1,13,1,3,1,12.5,4.3,12.5,4.3,8.2
1243,100769,20260623,813,4,2,2,1,1,4.0,1.6,4.0,1.6,2.4
1244,100769,20260623,813,4,6,2,1,1,5.0,2.1,5.0,2.1,2.9
1245,100770,20260806,947,2,6,2,4,1,5.0,2.1,5.0,2.1,2.9
1246,100770,20260806,947,2,15,2,4,1,11.0,4.0,11.0,4.0,7.0
1247,100771,20260730,1847,2,12,3,1,1,12.0,4.2,12.0,4.2,7.8
1248,100771,20260730,1847,2,8,3,1,1,8.5,3.2,8.5,3.2,5.3
1249,100771,20260730,1847,2,12,3,1,1,12.0,4.2,12.0,4.2,7.8
1250,100772,20260502,956,4,13,1,4,1,12.5,4.3,12.5,4.3,8.2
1251,100773,20260507,1003,1,6,1,2,1,5.0,2.1,5.0,2.1,2.9
1252,100774,20260808,1531,3,21,2,3,1,9.0,3.2,9.0,3.2,5.8
1253,100775,20260612,1113,2,7,2,2,1,4.3,1.8,4.3,1.8,2.5
1254,100776,20260429,722,2,11,2,1,1,10.5,3.8,10.5,3.8,6.7
1255,100777,20260807,936,1,17,1,1,1,4.5,1.6,4.5,1.6,2.9
1256,100777,20260807,936,1,18,1,1,1,5.0,1.8,5.0,1.8,3.2
1257,100778,20260515,1031,3,15,1,3,1,11.0,4.0,11.0,4.0,7.0
1258,100778,20260515,1031,3,20,1,3,2,6.5,2.4,13.0,4.8,8.2
1259,100778,20260515,1031,3,3,1,3,1,3.8,1.5,3.8,1.5,2.3
1260,100779,20260515,708,6,3,2,2,1,3.8,1.5,3.8,1.5,2.3
1261,100779,20260515,708,6,15,2,2,1,11.0,4.0,11.0,4.0,7.0
1262,100780,20260623,1334,1,21,1,2,1,9.0,3.2,9.0,3.2,5.8
1263,100781,20260316,923,6,11,4,1,1,10.5,3.8,10.5,3.8,6.7
1264,100781,20260316,923,6,7,4,1,2,4.3,1.8,8.6,3.6,5.0
1265,100782,20260910,1912,1,13,1,4,1,12.5,4.3,12.5,4.3,8.2
1266,100782,20260910,1912,1,1,1,4,1,3.5,1.4,3.5,1.4,2.1
1267,100782,20260910,1912,1,15,1,4,2,11.0,4.0,22.0,8.0,14.0
1268,100783,20260722,1630,4,11,1,1,1,10.5,3.8,10.5,3.8,6.7
1269,100784,20260831,1231,6,18,1,1,1,5.0,1.8,5.0,1.8,3.2
1270,100784,20260831,1231,6,19,1,1,1,5.5,2.0,5.5,2.0,3.5
1271,100785,20260316,843,3,19,1,1,1,5.5,2.0,5.5,2.0,3.5
1272,100786,20260424,1129,2,21,1,4,1,9.0,3.2,9.0,3.2,5.8
1273,100786,20260424,1129,2,3,1,4,1,3.8,1.5,3.8,1.5,2.3
1274,100787,20260913,1730,6,8,2,4,1,8.5,3.2,8.5,3.2,5.3
1275,100787,20260913,1730,6,14,2,4,2,13.5,4.6,27.0,9.2,17.8
1276,100788,20260605,1649,1,2,1,1,1,4.0,1.6,4.0,1.6,2.4
1277,100788,20260605,1649,1,8,1,1,1,8.5,3.2,8.5,3.2,5.3
1278,100789,20260610,2005,2,10,1,2,1,8.0,3.0,8.0,3.0,5.0
1279,100790,20260913,807,1,5,2,1,1,4.8,2.0,4.8,2.0,2.8
1280,100790,20260913,807,1,1,2,1,1,3.5,1.4,3.5,1.4,2.1
1281,100790,20260913,807,1,21,2,1,1,9.0,3.2,9.0,3.2,5.8
1282,100791,20260409,1910,2,8,4,2,1,8.5,3.2,8.5,3.2,5.3
1283,100791,20260409,1910,2,12,4,2,1,12.0,4.2,12.0,4.2,7.8
1284,100792,20260522,1319,1,20,1,2,1,6.5,2.4,6.5,2.4,4.1
1285,100792,20260522,1319,1,18,1,2,1,5.0,1.8,5.0,1.8,3.2
1286,100792,20260522,1319,1,3,1,2,1,3.8,1.5,3.8,1.5,2.3
1287,100793,20260823,1856,3,13,1,1,1,12.5,4.3,12.5,4.3,8.2
1288,100793,20260823,1856,3,11,1,1,1,10.5,3.8,10.5,3.8,6.7
1289,100794,20260418,1927,6,15,1,3,1,11.0,4.0,11.0,4.0,7.0
1290,100795,20260914,1419,5,14,3,1,1,13.5,4.6,13.5,4.6,8.9
1291,100796,20260907,1436,6,6,2,2,1,5.0,2.1,5.0,2.1,2.9
1292,100797,20260516,1834,1,11,1,1,1,10.5,3.8,10.5,3.8,6.7
1293,100798,20260529,1535,6,5,2,2,1,4.8,2.0,4.8,2.0,2.8
1294,100799,20260405,1841,4,8,3,3,1,8.5,3.2,8.5,3.2,5.3
1295,100799,20260405,1841,4,10,3,3,1,8.0,3.0,8.0,3.0,5.0
1296,100800,20260616,800,6,1,1,3,2,3.5,1.4,7.0,2.8,4.2
1297,100801,20260628,1907,4,20,3,2,2,6.5,2.4,13.0,4.8,8.2
1298,100802,20260701,1906,6,13,1,1,1,12.5,4.3,12.5,4.3,8.2
1299,100803,20260802,1457,3,16,1,1,1,11.5,4.1,11.5,4.1,7.4
1300,100804,20260421,1715,5,24,2,2,1,8.0,3.0,8.0,3.0,5.0
1301,100804,20260421,1715,5,8,2,2,2,8.5,3.2,17.0,6.4,10.6
1302,100804,20260421,1715,5,1,2,2,1,3.5,1.4,3.5,1.4,2.1
1303,100805,20260702,1805,4,4,2,1,1,4.5,1.9,4.5,1.9,2.6
1304,100806,20260424,852,2,19,2,1,1,5.5,2.0,5.5,2.0,3.5
1305,100806,20260424,852,2,18,2,1,1,5.0,1.8,5.0,1.8,3.2
1306,100807,20260810,1016,2,1,1,2,1,3.5,1.4,3.5,1.4,2.1
1307,100808,20260611,1227,1,2,2,4,1,4.0,1.6,4.0,1.6,2.4
1308,100809,20260702,1852,3,25,1,1,1,8.5,3.2,8.5,3.2,5.3
1309,100810,20260326,1924,2,9,1,4,2,9.0,3.4,18.0,6.8,11.2
1310,100810,20260326,1924,2,25,1,4,1,8.5,3.2,8.5,3.2,5.3
1311,100811,20260819,1026,3,3,1,1,1,3.8,1.5,3.8,1.5,2.3
1312,100811,20260819,1026,3,7,1,1,2,4.3,1.8,8.6,3.6,5.0
1313,100811,20260819,1026,3,3,1,1,1,3.8,1.5,3.8,1.5,2.3
1314,100812,20260509,1209,4,2,1,3,1,4.0,1.6,4.0,1.6,2.4
1315,100812,20260509,1209,4,18,1,3,2,5.0,1.8,10.0,3.6,6.4
1316,100813,20260701,1919,3,4,1,3,1,4.5,1.9,4.5,1.9,2.6
1317,100813,20260701,1919,3,16,1,3,2,11.5,4.1,23.0,8.2,14.8
1318,100814,20260901,1726,6,2,4,2,1,4.0,1.6,4.0,1.6,2.4
1319,100814,20260901,1726,6,2,4,2,1,4.0,1.6,4.0,1.6,2.4
1320,100815,20260530,1752,5,25,2,4,2,8.5,3.2,17.0,6.4,10.6
1321,100816,20260501,849,6,20,1,1,1,6.5,2.4,6.5,2.4,4.1
1322,100817,20260821,854,4,3,1,1,1,3.8,1.5,3.8,1.5,2.3
1323,100818,20260712,939,1,1,1,1,1,3.5,1.4,3.5,1.4,2.1
1324,100818,20260712,939,1,6,1,1,1,5.0,2.1,5.0,2.1,2.9
1325,100819,20260604,1446,2,4,1,1,1,4.5,1.9,4.5,1.9,2.6
1326,100819,20260604,1446,2,6,1,1,1,5.0,2.1,5.0,2.1,2.9
1327,100820,20260913,824,1,6,4,1,1,5.0,2.1,5.0,2.1,2.9
1328,100821,20260608,1853,6,9,1,2,1,9.0,3.4,9.0,3.4,5.6
1329,100821,20260608,1853,6,23,1,2,1,9.0,3.4,9.0,3.4,5.6
1330,100822,20260318,1750,5,17,1,2,2,4.5,1.6,9.0,3.2,5.8
1331,100822,20260318,1750,5,11,1,2,2,10.5,3.8,21.0,7.6,13.4
1332,100822,20260318,1750,5,12,1,2,2,12.0,4.2,24.0,8.4,15.6
1333,100823,20260424,1812,1,20,1,3,1,6.5,2.4,6.5,2.4,4.1
1334,100824,20260428,1703,1,1,1,3,1,3.5,1.4,3.5,1.4,2.1
1335,100824,20260428,1703,1,15,1,3,1,11.0,4.0,11.0,4.0,7.0
1336,100824,20260428,1703,1,9,1,3,1,9.0,3.4,9.0,3.4,5.6
1337,100825,20260626,1650,2,11,1,1,1,10.5,3.8,10.5,3.8,6.7
1338,100826,20260630,1726,6,12,2,1,1,12.0,4.2,12.0,4.2,7.8
1339,100827,20260707,923,3,3,2,2,2,3.8,1.5,7.6,3.0,4.6
1340,100828,20260316,1256,2,6,3,1,1,5.0,2.1,5.0,2.1,2.9
1341,100828,20260316,1256,2,11,3,1,2,10.5,3.8,21.0,7.6,13.4
1342,100828,20260316,1256,2,1,3,1,1,3.5,1.4,3.5,1.4,2.1
1343,100829,20260503,1017,5,2,2,1,1,4.0,1.6,4.0,1.6,2.4
1344,100830,20260620,1900,3,5,1,1,1,4.8,2.0,4.8,2.0,2.8
1345,100830,20260620,1900,3,8,1,1,1,8.5,3.2,8.5,3.2,5.3
1346,100830,20260620,1900,3,23,1,1,2,9.0,3.4,18.0,6.8,11.2
1347,100831,20260514,2001,1,7,3,1,1,4.3,1.8,4.3,1.8,2.5
1348,100832,20260826,1728,1,2,1,4,1,4.0,1.6,4.0,1.6,2.4
1349,100833,20260812,1808,2,17,4,1,1,4.5,1.6,4.5,1.6,2.9
1350,100834,20260604,1743,4,2,2,1,1,4.0,1.6,4.0,1.6,2.4
1351,100834,20260604,1743,4,8,2,1,1,8.5,3.2,8.5,3.2,5.3
1352,100835,20260319,813,6,4,2,1,1,4.5,1.9,4.5,1.9,2.6
1353,100836,20260715,853,4,20,3,2,1,6.5,2.4,6.5,2.4,4.1
1354,100837,20260411,1810,1,24,1,4,1,8.0,3.0,8.0,3.0,5.0
1355,100837,20260411,1810,1,11,1,4,1,10.5,3.8,10.5,3.8,6.7
1356,100838,20260830,1849,3,3,2,3,1,3.8,1.5,3.8,1.5,2.3
1357,100839,20260418,2031,2,17,1,2,1,4.5,1.6,4.5,1.6,2.9
1358,100840,20260419,1803,6,3,2,1,1,3.8,1.5,3.8,1.5,2.3
1359,100841,20260504,924,5,4,3,2,1,4.5,1.9,4.5,1.9,2.6
1360,100842,20260323,1833,6,14,1,2,1,13.5,4.6,13.5,4.6,8.9
1361,100843,20260802,1734,2,18,1,3,1,5.0,1.8,5.0,1.8,3.2
1362,100844,20260613,1907,5,19,2,1,1,5.5,2.0,5.5,2.0,3.5
1363,100845,20260629,1651,2,10,2,1,1,8.0,3.0,8.0,3.0,5.0
1364,100846,20260402,1727,1,25,1,2,1,8.5,3.2,8.5,3.2,5.3
1365,100846,20260402,1727,1,19,1,2,1,5.5,2.0,5.5,2.0,3.5
1366,100847,20260405,1018,6,4,2,2,1,4.5,1.9,4.5,1.9,2.6
1367,100847,20260405,1018,6,8,2,2,1,8.5,3.2,8.5,3.2,5.3
1368,100848,20260426,1337,3,10,2,1,1,8.0,3.0,8.0,3.0,5.0
1369,100849,20260408,1733,1,25,1,4,1,8.5,3.2,8.5,3.2,5.3
1370,100850,20260705,1751,2,12,2,4,1,12.0,4.2,12.0,4.2,7.8
1371,100851,20260517,1210,5,8,4,1,1,8.5,3.2,8.5,3.2,5.3
1372,100852,20260908,1404,1,3,2,1,1,3.8,1.5,3.8,1.5,2.3
1373,100852,20260908,1404,1,9,2,1,1,9.0,3.4,9.0,3.4,5.6
1374,100852,20260908,1404,1,20,2,1,1,6.5,2.4,6.5,2.4,4.1
1375,100853,20260809,1825,6,20,2,2,1,6.5,2.4,6.5,2.4,4.1
1376,100853,20260809,1825,6,8,2,2,1,8.5,3.2,8.5,3.2,5.3
1377,100854,20260909,830,6,17,1,1,1,4.5,1.6,4.5,1.6,2.9
1378,100854,20260909,830,6,3,1,1,1,3.8,1.5,3.8,1.5,2.3
1379,100854,20260909,830,6,24,1,1,1,8.0,3.0,8.0,3.0,5.0
1380,100855,20260724,1845,3,9,1,3,1,9.0,3.4,9.0,3.4,5.6
1381,100856,20260501,1857,3,14,1,4,1,13.5,4.6,13.5,4.6,8.9
1382,100857,20260331,1012,5,17,2,1,1,4.5,1.6,4.5,1.6,2.9
1383,100857,20260331,1012,5,1,2,1,1,3.5,1.4,3.5,1.4,2.1
1384,100857,20260331,1012,5,18,2,1,2,5.0,1.8,10.0,3.6,6.4
1385,100858,20260516,1016,5,6,1,2,1,5.0,2.1,5.0,2.1,2.9
1386,100859,20260826,1710,6,19,1,1,1,5.5,2.0,5.5,2.0,3.5
1387,100859,20260826,1710,6,8,1,1,1,8.5,3.2,8.5,3.2,5.3
1388,100860,20260721,1015,5,8,2,1,1,8.5,3.2,8.5,3.2,5.3
1389,100860,20260721,1015,5,5,2,1,1,4.8,2.0,4.8,2.0,2.8
1390,100861,20260705,1704,3,8,4,2,1,8.5,3.2,8.5,3.2,5.3
1391,100861,20260705,1704,3,10,4,2,1,8.0,3.0,8.0,3.0,5.0
1392,100862,20260430,1145,3,6,2,4,1,5.0,2.1,5.0,2.1,2.9
1393,100863,20260622,1907,6,13,1,1,1,12.5,4.3,12.5,4.3,8.2
1394,100864,20260824,1802,6,4,1,2,1,4.5,1.9,4.5,1.9,2.6
1395,100865,20260615,1004,6,3,1,1,2,3.8,1.5,7.6,3.0,4.6
1396,100865,20260615,1004,6,17,1,1,1,4.5,1.6,4.5,1.6,2.9
1397,100866,20260909,1631,3,11,2,4,1,10.5,3.8,10.5,3.8,6.7
1398,100866,20260909,1631,3,16,2,4,1,11.5,4.1,11.5,4.1,7.4
1399,100867,20260529,931,2,1,2,1,1,3.5,1.4,3.5,1.4,2.1
1400,100868,20260627,1222,1,18,1,2,1,5.0,1.8,5.0,1.8,3.2
1401,100869,20260605,1743,4,9,2,3,1,9.0,3.4,9.0,3.4,5.6
1402,100870,20260913,807,1,18,1,3,1,5.0,1.8,5.0,1.8,3.2
1403,100870,20260913,807,1,20,1,3,2,6.5,2.4,13.0,4.8,8.2
1404,100870,20260913,807,1,2,1,3,1,4.0,1.6,4.0,1.6,2.4
1405,100871,20260605,1722,4,17,4,4,1,4.5,1.6,4.5,1.6,2.9
1406,100871,20260605,1722,4,19,4,4,1,5.5,2.0,5.5,2.0,3.5
1407,100872,20260424,1021,6,17,2,2,1,4.5,1.6,4.5,1.6,2.9
1408,100873,20260817,1726,4,6,1,3,1,5.0,2.1,5.0,2.1,2.9
1409,100873,20260817,1726,4,10,1,3,1,8.0,3.0,8.0,3.0,5.0
1410,100874,20260620,908,4,17,4,2,1,4.5,1.6,4.5,1.6,2.9
1411,100875,20260517,1813,3,23,1,1,1,9.0,3.4,9.0,3.4,5.6
1412,100875,20260517,1813,3,11,1,1,2,10.5,3.8,21.0,7.6,13.4
1413,100876,20260420,1819,3,20,2,4,1,6.5,2.4,6.5,2.4,4.1
1414,100876,20260420,1819,3,5,2,4,1,4.8,2.0,4.8,2.0,2.8
1415,100877,20260320,2045,6,22,1,4,1,9.5,3.6,9.5,3.6,5.9
1416,100877,20260320,2045,6,8,1,4,1,8.5,3.2,8.5,3.2,5.3
1417,100878,20260708,1838,4,14,2,2,1,13.5,4.6,13.5,4.6,8.9
1418,100878,20260708,1838,4,15,2,2,1,11.0,4.0,11.0,4.0,7.0
1419,100878,20260708,1838,4,9,2,2,1,9.0,3.4,9.0,3.4,5.6
1420,100879,20260710,1851,3,14,1,1,1,13.5,4.6,13.5,4.6,8.9
1421,100880,20260703,1106,3,8,2,1,1,8.5,3.2,8.5,3.2,5.3
1422,100881,20260720,1723,3,24,1,1,1,8.0,3.0,8.0,3.0,5.0
1423,100881,20260720,1723,3,7,1,1,1,4.3,1.8,4.3,1.8,2.5
1424,100881,20260720,1723,3,1,1,1,1,3.5,1.4,3.5,1.4,2.1
1425,100882,20260728,1733,2,16,1,1,1,11.5,4.1,11.5,4.1,7.4
1426,100882,20260728,1733,2,12,1,1,1,12.0,4.2,12.0,4.2,7.8
1427,100883,20260618,1741,6,11,1,4,1,10.5,3.8,10.5,3.8,6.7
1428,100884,20260504,1630,4,15,1,4,1,11.0,4.0,11.0,4.0,7.0
1429,100885,20260722,1118,1,17,1,1,1,4.5,1.6,4.5,1.6,2.9
1430,100885,20260722,1118,1,3,1,1,1,3.8,1.5,3.8,1.5,2.3
1431,100886,20260707,907,5,7,3,1,1,4.3,1.8,4.3,1.8,2.5
1432,100887,20260909,1750,2,20,1,1,1,6.5,2.4,6.5,2.4,4.1
1433,100887,20260909,1750,2,22,1,1,2,9.5,3.6,19.0,7.2,11.8
1434,100888,20260512,1719,1,22,2,1,1,9.5,3.6,9.5,3.6,5.9
1435,100888,20260512,1719,1,20,2,1,1,6.5,2.4,6.5,2.4,4.1
1436,100889,20260425,1859,2,22,1,1,1,9.5,3.6,9.5,3.6,5.9
1437,100889,20260425,1859,2,21,1,1,1,9.0,3.2,9.0,3.2,5.8
1438,100889,20260425,1859,2,4,1,1,1,4.5,1.9,4.5,1.9,2.6
1439,100890,20260801,1621,5,12,1,1,1,12.0,4.2,12.0,4.2,7.8
1440,100890,20260801,1621,5,17,1,1,1,4.5,1.6,4.5,1.6,2.9
1441,100890,20260801,1621,5,9,1,1,1,9.0,3.4,9.0,3.4,5.6
1442,100891,20260404,1712,3,10,2,4,1,8.0,3.0,8.0,3.0,5.0
1443,100891,20260404,1712,3,15,2,4,1,11.0,4.0,11.0,4.0,7.0
1444,100892,20260711,1925,3,11,4,1,1,10.5,3.8,10.5,3.8,6.7
1445,100892,20260711,1925,3,9,4,1,2,9.0,3.4,18.0,6.8,11.2
1446,100892,20260711,1925,3,11,4,1,1,10.5,3.8,10.5,3.8,6.7
1447,100893,20260629,1705,1,14,1,1,1,13.5,4.6,13.5,4.6,8.9
1448,100894,20260504,951,1,6,2,3,1,5.0,2.1,5.0,2.1,2.9
1449,100895,20260502,2109,5,3,2,1,2,3.8,1.5,7.6,3.0,4.6
1450,100895,20260502,2109,5,19,2,1,1,5.5,2.0,5.5,2.0,3.5
1451,100896,20260809,1820,5,24,1,1,1,8.0,3.0,8.0,3.0,5.0
1452,100896,20260809,1820,5,15,1,1,1,11.0,4.0,11.0,4.0,7.0
1453,100897,20260512,945,5,21,1,3,1,9.0,3.2,9.0,3.2,5.8
1454,100898,20260606,1814,1,19,1,2,1,5.5,2.0,5.5,2.0,3.5
1455,100898,20260606,1814,1,22,1,2,1,9.5,3.6,9.5,3.6,5.9
1456,100898,20260606,1814,1,11,1,2,1,10.5,3.8,10.5,3.8,6.7
1457,100899,20260816,1646,2,14,1,4,1,13.5,4.6,13.5,4.6,8.9
1458,100899,20260816,1646,2,8,1,4,1,8.5,3.2,8.5,3.2,5.3
1459,100900,20260815,920,2,11,1,1,1,10.5,3.8,10.5,3.8,6.7
1460,100900,20260815,920,2,2,1,1,1,4.0,1.6,4.0,1.6,2.4
1461,100901,20260617,1251,4,3,4,1,2,3.8,1.5,7.6,3.0,4.6
1462,100901,20260617,1251,4,9,4,1,1,9.0,3.4,9.0,3.4,5.6
1463,100902,20260327,731,6,16,1,2,2,11.5,4.1,23.0,8.2,14.8
1464,100903,20260613,852,1,4,1,2,1,4.5,1.9,4.5,1.9,2.6
1465,100904,20260515,829,3,7,2,1,2,4.3,1.8,8.6,3.6,5.0
1466,100904,20260515,829,3,1,2,1,2,3.5,1.4,7.0,2.8,4.2
1467,100904,20260515,829,3,2,2,1,1,4.0,1.6,4.0,1.6,2.4
1468,100905,20260804,1717,1,8,1,2,1,8.5,3.2,8.5,3.2,5.3
1469,100905,20260804,1717,1,18,1,2,1,5.0,1.8,5.0,1.8,3.2
1470,100906,20260402,1815,2,5,1,1,1,4.8,2.0,4.8,2.0,2.8
1471,100906,20260402,1815,2,10,1,1,1,8.0,3.0,8.0,3.0,5.0
1472,100907,20260706,1942,4,22,2,1,1,9.5,3.6,9.5,3.6,5.9
1473,100907,20260706,1942,4,5,2,1,2,4.8,2.0,9.6,4.0,5.6
1474,100908,20260609,957,6,1,2,1,1,3.5,1.4,3.5,1.4,2.1
1475,100909,20260616,2016,1,2,2,2,1,4.0,1.6,4.0,1.6,2.4
1476,100909,20260616,2016,1,6,2,2,1,5.0,2.1,5.0,2.1,2.9
1477,100910,20260701,929,5,6,1,2,2,5.0,2.1,10.0,4.2,5.8
1478,100910,20260701,929,5,5,1,2,2,4.8,2.0,9.6,4.0,5.6
1479,100910,20260701,929,5,2,1,2,1,4.0,1.6,4.0,1.6,2.4
1480,100911,20260712,848,1,7,3,1,1,4.3,1.8,4.3,1.8,2.5
1481,100911,20260712,848,1,4,3,1,1,4.5,1.9,4.5,1.9,2.6
1482,100911,20260712,848,1,5,3,1,1,4.8,2.0,4.8,2.0,2.8
1483,100912,20260802,2006,5,22,2,4,1,9.5,3.6,9.5,3.6,5.9
1484,100913,20260620,1912,2,13,1,3,1,12.5,4.3,12.5,4.3,8.2
1485,100914,20260907,959,4,17,2,4,1,4.5,1.6,4.5,1.6,2.9
1486,100914,20260907,959,4,11,2,4,1,10.5,3.8,10.5,3.8,6.7
1487,100914,20260907,959,4,6,2,4,1,5.0,2.1,5.0,2.1,2.9
1488,100915,20260719,848,1,4,1,2,1,4.5,1.9,4.5,1.9,2.6
1489,100916,20260623,1740,6,9,1,3,1,9.0,3.4,9.0,3.4,5.6
1490,100916,20260623,1740,6,14,1,3,1,13.5,4.6,13.5,4.6,8.9
1491,100917,20260512,1128,2,7,1,4,1,4.3,1.8,4.3,1.8,2.5
1492,100918,20260814,809,2,8,2,1,1,8.5,3.2,8.5,3.2,5.3
1493,100919,20260330,1753,5,12,3,4,1,12.0,4.2,12.0,4.2,7.8
1494,100919,20260330,1753,5,9,3,4,1,9.0,3.4,9.0,3.4,5.6
1495,100920,20260421,1852,4,1,1,3,1,3.5,1.4,3.5,1.4,2.1
1496,100921,20260320,1640,3,12,2,4,1,12.0,4.2,12.0,4.2,7.8
1497,100922,20260913,1719,3,7,2,3,1,4.3,1.8,4.3,1.8,2.5
1498,100922,20260913,1719,3,11,2,3,1,10.5,3.8,10.5,3.8,6.7
1499,100923,20260618,1822,3,15,4,2,2,11.0,4.0,22.0,8.0,14.0
1500,100924,20260504,1918,5,9,1,4,1,9.0,3.4,9.0,3.4,5.6
1501,100925,20260511,903,3,1,2,2,1,3.5,1.4,3.5,1.4,2.1
1502,100926,20260501,838,4,4,2,2,1,4.5,1.9,4.5,1.9,2.6
1503,100926,20260501,838,4,9,2,2,1,9.0,3.4,9.0,3.4,5.6
1504,100926,20260501,838,4,6,2,2,2,5.0,2.1,10.0,4.2,5.8
1505,100927,20260524,1816,4,25,2,1,1,8.5,3.2,8.5,3.2,5.3
1506,100928,20260517,805,3,19,1,1,1,5.5,2.0,5.5,2.0,3.5
1507,100928,20260517,805,3,13,1,1,1,12.5,4.3,12.5,4.3,8.2
1508,100929,20260613,1157,1,8,1,2,1,8.5,3.2,8.5,3.2,5.3
1509,100930,20260505,1344,3,16,2,1,2,11.5,4.1,23.0,8.2,14.8
1510,100931,20260503,805,2,6,3,1,1,5.0,2.1,5.0,2.1,2.9
1511,100931,20260503,805,2,19,3,1,1,5.5,2.0,5.5,2.0,3.5
1512,100932,20260830,1642,4,16,1,2,1,11.5,4.1,11.5,4.1,7.4
1513,100933,20260811,1224,4,23,2,1,1,9.0,3.4,9.0,3.4,5.6
1514,100933,20260811,1224,4,7,2,1,1,4.3,1.8,4.3,1.8,2.5
1515,100934,20260904,1848,5,11,1,4,1,10.5,3.8,10.5,3.8,6.7
1516,100935,20260713,1306,2,4,2,3,1,4.5,1.9,4.5,1.9,2.6
1517,100936,20260508,1808,4,10,2,1,1,8.0,3.0,8.0,3.0,5.0
1518,100936,20260508,1808,4,17,2,1,1,4.5,1.6,4.5,1.6,2.9
1519,100937,20260724,942,6,7,2,2,1,4.3,1.8,4.3,1.8,2.5
1520,100938,20260501,1804,4,17,3,1,1,4.5,1.6,4.5,1.6,2.9
1521,100939,20260415,1722,3,16,1,1,1,11.5,4.1,11.5,4.1,7.4
1522,100940,20260828,1914,4,12,2,4,1,12.0,4.2,12.0,4.2,7.8
1523,100940,20260828,1914,4,15,2,4,1,11.0,4.0,11.0,4.0,7.0
1524,100941,20260426,1648,6,14,2,3,1,13.5,4.6,13.5,4.6,8.9
1525,100941,20260426,1648,6,2,2,3,1,4.0,1.6,4.0,1.6,2.4
1526,100942,20260814,1826,4,16,2,4,1,11.5,4.1,11.5,4.1,7.4
1527,100942,20260814,1826,4,10,2,4,1,8.0,3.0,8.0,3.0,5.0
1528,100943,20260623,1706,6,12,1,1,1,12.0,4.2,12.0,4.2,7.8
1529,100943,20260623,1706,6,10,1,1,1,8.0,3.0,8.0,3.0,5.0
1530,100944,20260422,901,1,7,1,2,1,4.3,1.8,4.3,1.8,2.5
1531,100945,20260910,909,4,6,1,1,1,5.0,2.1,5.0,2.1,2.9
1532,100945,20260910,909,4,19,1,1,1,5.5,2.0,5.5,2.0,3.5
1533,100946,20260827,842,3,2,2,2,2,4.0,1.6,8.0,3.2,4.8
1534,100947,20260523,929,2,17,1,2,1,4.5,1.6,4.5,1.6,2.9
1535,100948,20260523,843,2,5,1,1,1,4.8,2.0,4.8,2.0,2.8
1536,100949,20260503,1850,3,9,1,2,1,9.0,3.4,9.0,3.4,5.6
1537,100950,20260621,1410,5,4,1,2,1,4.5,1.9,4.5,1.9,2.6
1538,100951,20260907,1521,2,2,2,1,1,4.0,1.6,4.0,1.6,2.4
1539,100952,20260908,1538,3,4,2,3,1,4.5,1.9,4.5,1.9,2.6
1540,100953,20260503,828,5,1,1,1,1,3.5,1.4,3.5,1.4,2.1
1541,100953,20260503,828,5,21,1,1,1,9.0,3.2,9.0,3.2,5.8
1542,100954,20260820,901,6,8,3,1,1,8.5,3.2,8.5,3.2,5.3
1543,100954,20260820,901,6,24,3,1,1,8.0,3.0,8.0,3.0,5.0
1544,100955,20260614,1153,4,1,1,1,1,3.5,1.4,3.5,1.4,2.1
1545,100955,20260614,1153,4,9,1,1,1,9.0,3.4,9.0,3.4,5.6
1546,100955,20260614,1153,4,12,1,1,1,12.0,4.2,12.0,4.2,7.8
1547,100956,20260521,1704,1,21,3,3,1,9.0,3.2,9.0,3.2,5.8
1548,100956,20260521,1704,1,14,3,3,1,13.5,4.6,13.5,4.6,8.9
1549,100957,20260605,1848,4,22,1,1,1,9.5,3.6,9.5,3.6,5.9
1550,100957,20260605,1848,4,14,1,1,1,13.5,4.6,13.5,4.6,8.9
1551,100958,20260409,1649,3,3,3,4,1,3.8,1.5,3.8,1.5,2.3
1552,100958,20260409,1649,3,5,3,4,1,4.8,2.0,4.8,2.0,2.8
1553,100958,20260409,1649,3,16,3,4,1,11.5,4.1,11.5,4.1,7.4
1554,100959,20260519,1911,1,21,2,1,1,9.0,3.2,9.0,3.2,5.8
1555,100959,20260519,1911,1,6,2,1,1,5.0,2.1,5.0,2.1,2.9
1556,100960,20260807,1831,1,13,3,1,1,12.5,4.3,12.5,4.3,8.2
1557,100960,20260807,1831,1,9,3,1,1,9.0,3.4,9.0,3.4,5.6
1558,100961,20260907,1007,2,10,2,2,1,8.0,3.0,8.0,3.0,5.0
1559,100961,20260907,1007,2,4,2,2,1,4.5,1.9,4.5,1.9,2.6
1560,100962,20260531,837,1,13,1,2,1,12.5,4.3,12.5,4.3,8.2
1561,100963,20260906,1843,2,24,1,3,2,8.0,3.0,16.0,6.0,10.0
1562,100963,20260906,1843,2,12,1,3,1,12.0,4.2,12.0,4.2,7.8
1563,100964,20260722,1150,2,4,1,2,1,4.5,1.9,4.5,1.9,2.6
1564,100965,20260524,1447,2,1,3,1,1,3.5,1.4,3.5,1.4,2.1
1565,100965,20260524,1447,2,6,3,1,1,5.0,2.1,5.0,2.1,2.9
1566,100965,20260524,1447,2,21,3,1,1,9.0,3.2,9.0,3.2,5.8
1567,100966,20260528,925,2,24,1,1,2,8.0,3.0,16.0,6.0,10.0
1568,100966,20260528,925,2,3,1,1,1,3.8,1.5,3.8,1.5,2.3
1569,100966,20260528,925,2,20,1,1,2,6.5,2.4,13.0,4.8,8.2
1570,100967,20260909,915,2,10,1,1,1,8.0,3.0,8.0,3.0,5.0
1571,100968,20260907,931,4,1,1,1,1,3.5,1.4,3.5,1.4,2.1
1572,100968,20260907,931,4,4,1,1,1,4.5,1.9,4.5,1.9,2.6
1573,100969,20260717,1110,5,1,1,1,1,3.5,1.4,3.5,1.4,2.1
1574,100970,20260522,1727,6,1,1,4,1,3.5,1.4,3.5,1.4,2.1
1575,100971,20260711,1741,2,17,1,3,1,4.5,1.6,4.5,1.6,2.9
1576,100971,20260711,1741,2,13,1,3,1,12.5,4.3,12.5,4.3,8.2
1577,100972,20260424,1755,5,3,1,2,1,3.8,1.5,3.8,1.5,2.3
1578,100973,20260818,946,6,6,4,4,1,5.0,2.1,5.0,2.1,2.9
1579,100973,20260818,946,6,23,4,4,1,9.0,3.4,9.0,3.4,5.6
1580,100974,20260315,1453,3,15,1,3,1,11.0,4.0,11.0,4.0,7.0
1581,100974,20260315,1453,3,6,1,3,1,5.0,2.1,5.0,2.1,2.9
1582,100974,20260315,1453,3,4,1,3,1,4.5,1.9,4.5,1.9,2.6
1583,100975,20260911,1818,6,12,1,2,1,12.0,4.2,12.0,4.2,7.8
1584,100976,20260602,1838,1,16,4,3,1,11.5,4.1,11.5,4.1,7.4
1585,100977,20260402,902,4,7,2,2,1,4.3,1.8,4.3,1.8,2.5
1586,100978,20260822,1910,5,5,4,1,1,4.8,2.0,4.8,2.0,2.8
1587,100979,20260430,1732,1,16,4,3,2,11.5,4.1,23.0,8.2,14.8
1588,100980,20260902,1654,1,10,1,4,1,8.0,3.0,8.0,3.0,5.0
1589,100981,20260906,1902,2,3,1,1,2,3.8,1.5,7.6,3.0,4.6
1590,100981,20260906,1902,2,14,1,1,1,13.5,4.6,13.5,4.6,8.9
1591,100982,20260717,1903,2,14,2,1,1,13.5,4.6,13.5,4.6,8.9
1592,100983,20260418,1710,3,20,1,1,1,6.5,2.4,6.5,2.4,4.1
1593,100984,20260605,1721,1,23,1,2,1,9.0,3.4,9.0,3.4,5.6
1594,100985,20260322,920,6,4,2,4,1,4.5,1.9,4.5,1.9,2.6
1595,100985,20260322,920,6,9,2,4,1,9.0,3.4,9.0,3.4,5.6
1596,100985,20260322,920,6,5,2,4,2,4.8,2.0,9.6,4.0,5.6
1597,100986,20260403,854,4,1,2,1,1,3.5,1.4,3.5,1.4,2.1
1598,100986,20260403,854,4,17,2,1,1,4.5,1.6,4.5,1.6,2.9
1599,100987,20260610,1849,2,16,2,1,1,11.5,4.1,11.5,4.1,7.4
1600,100988,20260802,830,1,6,1,2,1,5.0,2.1,5.0,2.1,2.9
1601,100989,20260515,944,6,5,1,1,1,4.8,2.0,4.8,2.0,2.8
1602,100989,20260515,944,6,3,1,1,1,3.8,1.5,3.8,1.5,2.3
1603,100990,20260824,920,5,7,1,1,2,4.3,1.8,8.6,3.6,5.0
1604,100991,20260823,1805,6,19,2,1,1,5.5,2.0,5.5,2.0,3.5
1605,100991,20260823,1805,6,11,2,1,1,10.5,3.8,10.5,3.8,6.7
1606,100992,20260828,1007,2,7,1,1,1,4.3,1.8,4.3,1.8,2.5
1607,100993,20260523,720,5,17,2,2,1,4.5,1.6,4.5,1.6,2.9
1608,100994,20260613,1702,1,9,1,3,1,9.0,3.4,9.0,3.4,5.6
1609,100994,20260613,1702,1,11,1,3,1,10.5,3.8,10.5,3.8,6.7
1610,100995,20260422,1306,1,25,1,1,1,8.5,3.2,8.5,3.2,5.3
1611,100996,20260320,834,4,5,3,1,1,4.8,2.0,4.8,2.0,2.8
1612,100996,20260320,834,4,4,3,1,1,4.5,1.9,4.5,1.9,2.6
1613,100997,20260502,1306,4,8,3,1,1,8.5,3.2,8.5,3.2,5.3
1614,100998,20260616,804,4,17,2,2,2,4.5,1.6,9.0,3.2,5.8
1615,100998,20260616,804,4,20,2,2,1,6.5,2.4,6.5,2.4,4.1
1616,100998,20260616,804,4,6,2,2,1,5.0,2.1,5.0,2.1,2.9
1617,100999,20260408,1852,3,16,2,4,1,11.5,4.1,11.5,4.1,7.4
1618,101000,20260526,1020,3,19,1,1,2,5.5,2.0,11.0,4.0,7.0
1619,101000,20260526,1020,3,4,1,1,1,4.5,1.9,4.5,1.9,2.6
1620,101001,20260820,839,2,18,2,1,1,5.0,1.8,5.0,1.8,3.2
1621,101002,20260617,820,2,1,2,2,1,3.5,1.4,3.5,1.4,2.1
1622,101003,20260902,1537,3,23,1,2,1,9.0,3.4,9.0,3.4,5.6
1623,101004,20260804,2049,2,5,3,1,2,4.8,2.0,9.6,4.0,5.6
1624,101005,20260606,1222,3,2,1,1,1,4.0,1.6,4.0,1.6,2.4
1625,101005,20260606,1222,3,8,1,1,1,8.5,3.2,8.5,3.2,5.3
1626,101005,20260606,1222,3,17,1,1,1,4.5,1.6,4.5,1.6,2.9
1627,101006,20260613,1801,1,12,1,2,1,12.0,4.2,12.0,4.2,7.8
1628,101007,20260529,1423,1,7,4,3,1,4.3,1.8,4.3,1.8,2.5
1629,101008,20260705,1734,3,12,2,2,1,12.0,4.2,12.0,4.2,7.8
1630,101008,20260705,1734,3,14,2,2,1,13.5,4.6,13.5,4.6,8.9
1631,101009,20260702,1628,3,19,1,2,1,5.5,2.0,5.5,2.0,3.5
1632,101010,20260609,1900,3,5,3,1,2,4.8,2.0,9.6,4.0,5.6
1633,101010,20260609,1900,3,14,3,1,1,13.5,4.6,13.5,4.6,8.9
1634,101010,20260609,1900,3,11,3,1,1,10.5,3.8,10.5,3.8,6.7
1635,101011,20260621,1019,2,3,1,1,2,3.8,1.5,7.6,3.0,4.6
1636,101012,20260628,1340,3,18,1,3,1,5.0,1.8,5.0,1.8,3.2
1637,101013,20260610,843,3,2,4,1,1,4.0,1.6,4.0,1.6,2.4
1638,101013,20260610,843,3,11,4,1,1,10.5,3.8,10.5,3.8,6.7
1639,101014,20260608,1801,2,22,4,1,1,9.5,3.6,9.5,3.6,5.9
1640,101014,20260608,1801,2,4,4,1,1,4.5,1.9,4.5,1.9,2.6
1641,101014,20260608,1801,2,9,4,1,1,9.0,3.4,9.0,3.4,5.6
1642,101015,20260411,1720,5,14,2,3,1,13.5,4.6,13.5,4.6,8.9
1643,101015,20260411,1720,5,10,2,3,1,8.0,3.0,8.0,3.0,5.0
1644,101015,20260411,1720,5,8,2,3,1,8.5,3.2,8.5,3.2,5.3
1645,101016,20260813,920,3,22,1,1,2,9.5,3.6,19.0,7.2,11.8
1646,101017,20260612,801,4,4,1,1,1,4.5,1.9,4.5,1.9,2.6
1647,101017,20260612,801,4,20,1,1,1,6.5,2.4,6.5,2.4,4.1
1648,101017,20260612,801,4,6,1,1,1,5.0,2.1,5.0,2.1,2.9
1649,101018,20260729,1736,2,21,2,1,1,9.0,3.2,9.0,3.2,5.8
1650,101018,20260729,1736,2,24,2,1,2,8.0,3.0,16.0,6.0,10.0
1651,101019,20260316,806,4,1,3,1,1,3.5,1.4,3.5,1.4,2.1
1652,101020,20260416,1649,2,3,1,1,1,3.8,1.5,3.8,1.5,2.3
1653,101020,20260416,1649,2,12,1,1,1,12.0,4.2,12.0,4.2,7.8
1654,101021,20260826,718,5,9,2,1,1,9.0,3.4,9.0,3.4,5.6
1655,101021,20260826,718,5,2,2,1,1,4.0,1.6,4.0,1.6,2.4
1656,101022,20260320,1752,5,23,1,1,2,9.0,3.4,18.0,6.8,11.2
1657,101022,20260320,1752,5,7,1,1,2,4.3,1.8,8.6,3.6,5.0
1658,101023,20260619,1219,2,19,1,1,1,5.5,2.0,5.5,2.0,3.5
1659,101023,20260619,1219,2,15,1,1,1,11.0,4.0,11.0,4.0,7.0
1660,101023,20260619,1219,2,16,1,1,1,11.5,4.1,11.5,4.1,7.4
1661,101024,20260517,1727,6,3,1,2,1,3.8,1.5,3.8,1.5,2.3
1662,101024,20260517,1727,6,14,1,2,1,13.5,4.6,13.5,4.6,8.9
1663,101025,20260902,1632,4,6,1,3,1,5.0,2.1,5.0,2.1,2.9
1664,101025,20260902,1632,4,16,1,3,1,11.5,4.1,11.5,4.1,7.4
1665,101025,20260902,1632,4,4,1,3,1,4.5,1.9,4.5,1.9,2.6
1666,101026,20260404,1532,5,4,1,1,1,4.5,1.9,4.5,1.9,2.6
1667,101026,20260404,1532,5,9,1,1,1,9.0,3.4,9.0,3.4,5.6
1668,101026,20260404,1532,5,21,1,1,1,9.0,3.2,9.0,3.2,5.8
1669,101027,20260511,1859,2,20,1,3,1,6.5,2.4,6.5,2.4,4.1
1670,101027,20260511,1859,2,14,1,3,2,13.5,4.6,27.0,9.2,17.8
1671,101027,20260511,1859,2,10,1,3,2,8.0,3.0,16.0,6.0,10.0
1672,101028,20260731,2047,5,10,2,4,1,8.0,3.0,8.0,3.0,5.0
1673,101029,20260520,1818,6,16,1,3,1,11.5,4.1,11.5,4.1,7.4
1674,101030,20260623,1809,6,11,1,4,1,10.5,3.8,10.5,3.8,6.7
1675,101030,20260623,1809,6,11,1,4,1,10.5,3.8,10.5,3.8,6.7
1676,101031,20260718,1844,1,9,2,3,1,9.0,3.4,9.0,3.4,5.6
1677,101032,20260320,1632,1,8,3,1,1,8.5,3.2,8.5,3.2,5.3
1678,101032,20260320,1632,1,25,3,1,1,8.5,3.2,8.5,3.2,5.3
1679,101033,20260809,2112,6,1,2,2,1,3.5,1.4,3.5,1.4,2.1
1680,101034,20260720,1642,1,16,1,3,1,11.5,4.1,11.5,4.1,7.4
1681,101035,20260531,1832,6,8,2,1,1,8.5,3.2,8.5,3.2,5.3
1682,101035,20260531,1832,6,10,2,1,1,8.0,3.0,8.0,3.0,5.0
1683,101036,20260328,923,2,2,1,1,1,4.0,1.6,4.0,1.6,2.4
1684,101036,20260328,923,2,20,1,1,1,6.5,2.4,6.5,2.4,4.1
1685,101036,20260328,923,2,20,1,1,1,6.5,2.4,6.5,2.4,4.1
1686,101037,20260801,1902,6,16,2,1,2,11.5,4.1,23.0,8.2,14.8
1687,101038,20260411,1708,4,9,1,1,1,9.0,3.4,9.0,3.4,5.6
1688,101038,20260411,1708,4,10,1,1,1,8.0,3.0,8.0,3.0,5.0
1689,101039,20260404,917,1,5,2,3,2,4.8,2.0,9.6,4.0,5.6
1690,101040,20260603,1216,2,17,1,3,1,4.5,1.6,4.5,1.6,2.9
1691,101041,20260404,1839,4,10,1,1,1,8.0,3.0,8.0,3.0,5.0
1692,101042,20260416,859,1,25,1,1,1,8.5,3.2,8.5,3.2,5.3
1693,101043,20260713,1009,1,17,1,1,1,4.5,1.6,4.5,1.6,2.9
1694,101044,20260621,1336,3,4,2,2,1,4.5,1.9,4.5,1.9,2.6
1695,101045,20260513,1844,5,15,2,3,2,11.0,4.0,22.0,8.0,14.0
1696,101045,20260513,1844,5,9,2,3,2,9.0,3.4,18.0,6.8,11.2
1697,101046,20260415,1109,5,23,2,1,1,9.0,3.4,9.0,3.4,5.6
1698,101046,20260415,1109,5,5,2,1,1,4.8,2.0,4.8,2.0,2.8
1699,101047,20260626,1251,3,11,1,4,1,10.5,3.8,10.5,3.8,6.7
1700,101047,20260626,1251,3,20,1,4,1,6.5,2.4,6.5,2.4,4.1
1701,101048,20260726,1638,3,17,2,4,1,4.5,1.6,4.5,1.6,2.9
1702,101048,20260726,1638,3,15,2,4,2,11.0,4.0,22.0,8.0,14.0
1703,101049,20260525,848,1,18,1,1,1,5.0,1.8,5.0,1.8,3.2
1704,101050,20260619,1609,3,6,1,1,1,5.0,2.1,5.0,2.1,2.9
1705,101051,20260630,903,5,25,1,3,1,8.5,3.2,8.5,3.2,5.3
1706,101052,20260604,1729,1,9,1,3,2,9.0,3.4,18.0,6.8,11.2
1707,101052,20260604,1729,1,8,1,3,1,8.5,3.2,8.5,3.2,5.3
1708,101052,20260604,1729,1,6,1,3,1,5.0,2.1,5.0,2.1,2.9
1709,101053,20260414,1841,2,18,1,2,1,5.0,1.8,5.0,1.8,3.2
1710,101054,20260616,1607,4,7,1,1,1,4.3,1.8,4.3,1.8,2.5
1711,101054,20260616,1607,4,23,1,1,1,9.0,3.4,9.0,3.4,5.6
1712,101054,20260616,1607,4,5,1,1,1,4.8,2.0,4.8,2.0,2.8
1713,101055,20260315,1433,4,1,2,1,1,3.5,1.4,3.5,1.4,2.1
1714,101056,20260824,1730,5,1,1,3,1,3.5,1.4,3.5,1.4,2.1
1715,101056,20260824,1730,5,7,1,3,2,4.3,1.8,8.6,3.6,5.0
1716,101057,20260406,1846,2,13,1,3,2,12.5,4.3,25.0,8.6,16.4
1717,101057,20260406,1846,2,16,1,3,1,11.5,4.1,11.5,4.1,7.4
1718,101058,20260514,920,1,1,4,4,1,3.5,1.4,3.5,1.4,2.1
1719,101059,20260504,1108,1,21,4,1,1,9.0,3.2,9.0,3.2,5.8
1720,101060,20260714,1851,1,25,4,2,1,8.5,3.2,8.5,3.2,5.3
1721,101060,20260714,1851,1,14,4,2,1,13.5,4.6,13.5,4.6,8.9
1722,101061,20260606,1411,1,6,2,2,1,5.0,2.1,5.0,2.1,2.9
1723,101062,20260804,1829,3,2,2,1,2,4.0,1.6,8.0,3.2,4.8
1724,101063,20260702,932,2,18,1,1,1,5.0,1.8,5.0,1.8,3.2
1725,101064,20260326,1623,1,3,2,3,1,3.8,1.5,3.8,1.5,2.3
1726,101064,20260326,1623,1,6,2,3,2,5.0,2.1,10.0,4.2,5.8
1727,101065,20260827,753,5,11,1,4,1,10.5,3.8,10.5,3.8,6.7
1728,101065,20260827,753,5,17,1,4,1,4.5,1.6,4.5,1.6,2.9
1729,101066,20260527,1908,3,7,4,3,1,4.3,1.8,4.3,1.8,2.5
1730,101066,20260527,1908,3,12,4,3,1,12.0,4.2,12.0,4.2,7.8
1731,101066,20260527,1908,3,10,4,3,1,8.0,3.0,8.0,3.0,5.0
1732,101067,20260818,1705,6,1,2,1,1,3.5,1.4,3.5,1.4,2.1
1733,101067,20260818,1705,6,20,2,1,1,6.5,2.4,6.5,2.4,4.1
1734,101068,20260523,812,4,1,3,4,1,3.5,1.4,3.5,1.4,2.1
1735,101068,20260523,812,4,14,3,4,2,13.5,4.6,27.0,9.2,17.8
1736,101069,20260710,1803,5,10,1,1,2,8.0,3.0,16.0,6.0,10.0
1737,101070,20260320,2136,2,8,1,3,1,8.5,3.2,8.5,3.2,5.3
1738,101071,20260609,2010,3,2,4,2,1,4.0,1.6,4.0,1.6,2.4
1739,101071,20260609,2010,3,18,4,2,1,5.0,1.8,5.0,1.8,3.2
1740,101071,20260609,2010,3,13,4,2,1,12.5,4.3,12.5,4.3,8.2
1741,101072,20260428,1856,2,8,2,1,1,8.5,3.2,8.5,3.2,5.3
1742,101073,20260718,1804,1,12,3,3,1,12.0,4.2,12.0,4.2,7.8
1743,101073,20260718,1804,1,14,3,3,1,13.5,4.6,13.5,4.6,8.9
1744,101073,20260718,1804,1,16,3,3,1,11.5,4.1,11.5,4.1,7.4
1745,101074,20260912,1906,5,14,1,2,2,13.5,4.6,27.0,9.2,17.8
1746,101074,20260912,1906,5,12,1,2,1,12.0,4.2,12.0,4.2,7.8
1747,101074,20260912,1906,5,4,1,2,2,4.5,1.9,9.0,3.8,5.2
1748,101075,20260417,1649,1,15,4,3,2,11.0,4.0,22.0,8.0,14.0
1749,101075,20260417,1649,1,11,4,3,1,10.5,3.8,10.5,3.8,6.7
1750,101076,20260331,1005,5,4,2,3,1,4.5,1.9,4.5,1.9,2.6
1751,101076,20260331,1005,5,2,2,3,1,4.0,1.6,4.0,1.6,2.4
1752,101077,20260604,1035,1,7,1,3,1,4.3,1.8,4.3,1.8,2.5
1753,101077,20260604,1035,1,5,1,3,1,4.8,2.0,4.8,2.0,2.8
1754,101078,20260803,1806,4,13,1,4,1,12.5,4.3,12.5,4.3,8.2
1755,101078,20260803,1806,4,15,1,4,1,11.0,4.0,11.0,4.0,7.0
1756,101078,20260803,1806,4,16,1,4,2,11.5,4.1,23.0,8.2,14.8
1757,101079,20260504,1405,2,17,1,1,1,4.5,1.6,4.5,1.6,2.9
1758,101079,20260504,1405,2,14,1,1,1,13.5,4.6,13.5,4.6,8.9
1759,101079,20260504,1405,2,21,1,1,1,9.0,3.2,9.0,3.2,5.8
1760,101080,20260718,1023,3,17,1,4,1,4.5,1.6,4.5,1.6,2.9
1761,101081,20260810,1720,1,8,1,1,1,8.5,3.2,8.5,3.2,5.3
1762,101082,20260622,1642,6,8,1,3,1,8.5,3.2,8.5,3.2,5.3
1763,101083,20260806,1553,4,23,1,4,1,9.0,3.4,9.0,3.4,5.6
1764,101084,20260401,1111,2,8,3,4,1,8.5,3.2,8.5,3.2,5.3
1765,101084,20260401,1111,2,4,3,4,1,4.5,1.9,4.5,1.9,2.6
1766,101085,20260809,1529,1,12,1,1,2,12.0,4.2,24.0,8.4,15.6
1767,101086,20260828,2000,5,17,1,2,1,4.5,1.6,4.5,1.6,2.9
1768,101087,20260705,1750,1,9,3,3,1,9.0,3.4,9.0,3.4,5.6
1769,101088,20260624,1745,3,10,1,1,1,8.0,3.0,8.0,3.0,5.0
1770,101088,20260624,1745,3,9,1,1,2,9.0,3.4,18.0,6.8,11.2
1771,101088,20260624,1745,3,23,1,1,2,9.0,3.4,18.0,6.8,11.2
1772,101089,20260629,1305,5,23,1,2,1,9.0,3.4,9.0,3.4,5.6
1773,101090,20260528,922,3,19,4,1,2,5.5,2.0,11.0,4.0,7.0
1774,101091,20260410,823,3,22,2,1,1,9.5,3.6,9.5,3.6,5.9
1775,101091,20260410,823,3,3,2,1,1,3.8,1.5,3.8,1.5,2.3
1776,101092,20260614,1837,5,15,2,4,2,11.0,4.0,22.0,8.0,14.0
1777,101093,20260606,1726,2,22,2,2,1,9.5,3.6,9.5,3.6,5.9
1778,101093,20260606,1726,2,11,2,2,1,10.5,3.8,10.5,3.8,6.7
1779,101094,20260718,1907,2,14,2,1,1,13.5,4.6,13.5,4.6,8.9
1780,101095,20260820,1440,4,15,2,2,1,11.0,4.0,11.0,4.0,7.0
1781,101096,20260831,1758,2,9,1,3,1,9.0,3.4,9.0,3.4,5.6
1782,101096,20260831,1758,2,12,1,3,1,12.0,4.2,12.0,4.2,7.8
1783,101097,20260321,1834,1,17,1,3,2,4.5,1.6,9.0,3.2,5.8
1784,101098,20260718,1334,1,11,1,2,2,10.5,3.8,21.0,7.6,13.4
1785,101099,20260526,822,2,7,2,1,2,4.3,1.8,8.6,3.6,5.0
1786,101100,20260507,1922,2,10,1,4,1,8.0,3.0,8.0,3.0,5.0
1787,101100,20260507,1922,2,25,1,4,1,8.5,3.2,8.5,3.2,5.3
1788,101101,20260628,746,2,12,1,1,2,12.0,4.2,24.0,8.4,15.6
1789,101101,20260628,746,2,15,1,1,1,11.0,4.0,11.0,4.0,7.0
1790,101102,20260801,1356,1,24,1,1,1,8.0,3.0,8.0,3.0,5.0
1791,101103,20260530,1232,1,17,2,1,1,4.5,1.6,4.5,1.6,2.9
1792,101104,20260525,1438,5,18,1,3,1,5.0,1.8,5.0,1.8,3.2
1793,101105,20260430,1906,5,14,1,3,1,13.5,4.6,13.5,4.6,8.9
1794,101105,20260430,1906,5,10,1,3,2,8.0,3.0,16.0,6.0,10.0
1795,101105,20260430,1906,5,11,1,3,1,10.5,3.8,10.5,3.8,6.7
1796,101106,20260512,1906,3,10,1,3,1,8.0,3.0,8.0,3.0,5.0
1797,101106,20260512,1906,3,1,1,3,2,3.5,1.4,7.0,2.8,4.2
1798,101107,20260420,1921,3,13,1,3,1,12.5,4.3,12.5,4.3,8.2
1799,101108,20260913,1001,1,14,2,1,1,13.5,4.6,13.5,4.6,8.9
1800,101108,20260913,1001,1,4,2,1,1,4.5,1.9,4.5,1.9,2.6
1801,101109,20260711,944,6,21,2,1,1,9.0,3.2,9.0,3.2,5.8
1802,101109,20260711,944,6,4,2,1,1,4.5,1.9,4.5,1.9,2.6
1803,101110,20260316,923,4,18,1,1,2,5.0,1.8,10.0,3.6,6.4
1804,101110,20260316,923,4,7,1,1,1,4.3,1.8,4.3,1.8,2.5
1805,101111,20260603,742,1,14,1,1,1,13.5,4.6,13.5,4.6,8.9
1806,101112,20260904,1926,2,12,1,3,1,12.0,4.2,12.0,4.2,7.8
1807,101112,20260904,1926,2,21,1,3,1,9.0,3.2,9.0,3.2,5.8
1808,101112,20260904,1926,2,12,1,3,1,12.0,4.2,12.0,4.2,7.8
1809,101113,20260704,1125,1,24,1,2,1,8.0,3.0,8.0,3.0,5.0
1810,101114,20260402,2144,2,8,2,1,1,8.5,3.2,8.5,3.2,5.3
1811,101115,20260605,823,3,3,1,1,1,3.8,1.5,3.8,1.5,2.3
1812,101115,20260605,823,3,1,1,1,1,3.5,1.4,3.5,1.4,2.1
1813,101115,20260605,823,3,21,1,1,1,9.0,3.2,9.0,3.2,5.8
1814,101116,20260729,1425,6,16,1,4,1,11.5,4.1,11.5,4.1,7.4
1815,101116,20260729,1425,6,5,1,4,2,4.8,2.0,9.6,4.0,5.6
1816,101117,20260723,1808,6,22,2,1,1,9.5,3.6,9.5,3.6,5.9
1817,101117,20260723,1808,6,9,2,1,1,9.0,3.4,9.0,3.4,5.6
1818,101117,20260723,1808,6,8,2,1,1,8.5,3.2,8.5,3.2,5.3
1819,101118,20260515,851,3,2,1,2,1,4.0,1.6,4.0,1.6,2.4
1820,101118,20260515,851,3,17,1,2,1,4.5,1.6,4.5,1.6,2.9
1821,101118,20260515,851,3,9,1,2,1,9.0,3.4,9.0,3.4,5.6
1822,101119,20260619,1007,1,20,1,1,1,6.5,2.4,6.5,2.4,4.1
1823,101119,20260619,1007,1,4,1,1,1,4.5,1.9,4.5,1.9,2.6
1824,101120,20260518,1656,1,9,1,1,1,9.0,3.4,9.0,3.4,5.6
1825,101121,20260802,855,1,1,1,3,1,3.5,1.4,3.5,1.4,2.1
1826,101121,20260802,855,1,21,1,3,2,9.0,3.2,18.0,6.4,11.6
1827,101121,20260802,855,1,1,1,3,1,3.5,1.4,3.5,1.4,2.1
1828,101122,20260623,1238,3,25,1,2,1,8.5,3.2,8.5,3.2,5.3
1829,101122,20260623,1238,3,9,1,2,1,9.0,3.4,9.0,3.4,5.6
1830,101122,20260623,1238,3,21,1,2,1,9.0,3.2,9.0,3.2,5.8
1831,101123,20260327,1830,6,13,1,2,2,12.5,4.3,25.0,8.6,16.4
1832,101124,20260716,1122,6,15,1,2,1,11.0,4.0,11.0,4.0,7.0
1833,101125,20260417,1701,2,10,1,1,1,8.0,3.0,8.0,3.0,5.0
1834,101125,20260417,1701,2,16,1,1,2,11.5,4.1,23.0,8.2,14.8
1835,101126,20260903,1847,6,13,1,2,1,12.5,4.3,12.5,4.3,8.2
1836,101126,20260903,1847,6,15,1,2,1,11.0,4.0,11.0,4.0,7.0
1837,101127,20260827,938,4,3,4,1,1,3.8,1.5,3.8,1.5,2.3
1838,101128,20260902,1848,1,2,2,4,1,4.0,1.6,4.0,1.6,2.4
1839,101129,20260801,1647,5,8,1,3,1,8.5,3.2,8.5,3.2,5.3
1840,101129,20260801,1647,5,22,1,3,1,9.5,3.6,9.5,3.6,5.9
1841,101129,20260801,1647,5,11,1,3,1,10.5,3.8,10.5,3.8,6.7
1842,101130,20260815,804,2,5,1,1,1,4.8,2.0,4.8,2.0,2.8
1843,101130,20260815,804,2,4,1,1,1,4.5,1.9,4.5,1.9,2.6
1844,101131,20260716,857,4,16,1,4,1,11.5,4.1,11.5,4.1,7.4
1845,101132,20260717,1641,6,11,1,4,1,10.5,3.8,10.5,3.8,6.7
1846,101132,20260717,1641,6,13,1,4,1,12.5,4.3,12.5,4.3,8.2
1847,101133,20260725,1839,1,20,1,4,1,6.5,2.4,6.5,2.4,4.1
1848,101134,20260430,1333,6,21,2,1,1,9.0,3.2,9.0,3.2,5.8
1849,101135,20260806,1359,1,14,1,1,2,13.5,4.6,27.0,9.2,17.8
1850,101135,20260806,1359,1,4,1,1,1,4.5,1.9,4.5,1.9,2.6
1851,101136,20260720,1804,1,11,1,2,1,10.5,3.8,10.5,3.8,6.7
1852,101137,20260401,1702,1,15,2,1,1,11.0,4.0,11.0,4.0,7.0
1853,101137,20260401,1702,1,21,2,1,2,9.0,3.2,18.0,6.4,11.6
1854,101137,20260401,1702,1,17,2,1,1,4.5,1.6,4.5,1.6,2.9
1855,101138,20260703,1321,2,3,1,1,2,3.8,1.5,7.6,3.0,4.6
1856,101139,20260426,923,2,3,2,4,1,3.8,1.5,3.8,1.5,2.3
1857,101139,20260426,923,2,14,2,4,1,13.5,4.6,13.5,4.6,8.9
1858,101140,20260713,1537,1,14,1,3,1,13.5,4.6,13.5,4.6,8.9
1859,101141,20260725,1750,5,13,1,4,1,12.5,4.3,12.5,4.3,8.2
1860,101142,20260529,1156,5,20,1,1,1,6.5,2.4,6.5,2.4,4.1
1861,101143,20260903,1722,5,9,1,3,2,9.0,3.4,18.0,6.8,11.2
1862,101144,20260726,1331,1,13,1,1,1,12.5,4.3,12.5,4.3,8.2
1863,101145,20260621,853,5,5,1,2,1,4.8,2.0,4.8,2.0,2.8
1864,101145,20260621,853,5,3,1,2,1,3.8,1.5,3.8,1.5,2.3
1865,101146,20260730,1801,4,18,1,3,1,5.0,1.8,5.0,1.8,3.2
1866,101147,20260518,1827,6,15,3,4,2,11.0,4.0,22.0,8.0,14.0
1867,101147,20260518,1827,6,16,3,4,2,11.5,4.1,23.0,8.2,14.8
1868,101147,20260518,1827,6,13,3,4,1,12.5,4.3,12.5,4.3,8.2
1869,101148,20260628,1329,4,10,2,2,2,8.0,3.0,16.0,6.0,10.0
1870,101148,20260628,1329,4,24,2,2,1,8.0,3.0,8.0,3.0,5.0
1871,101148,20260628,1329,4,1,2,2,1,3.5,1.4,3.5,1.4,2.1
1872,101149,20260714,845,2,1,2,1,1,3.5,1.4,3.5,1.4,2.1
1873,101149,20260714,845,2,6,2,1,1,5.0,2.1,5.0,2.1,2.9
1874,101150,20260728,1004,2,20,1,3,1,6.5,2.4,6.5,2.4,4.1
1875,101150,20260728,1004,2,21,1,3,1,9.0,3.2,9.0,3.2,5.8
1876,101151,20260513,1658,5,13,1,4,1,12.5,4.3,12.5,4.3,8.2
1877,101152,20260320,1638,1,10,2,4,1,8.0,3.0,8.0,3.0,5.0
1878,101153,20260904,1830,5,9,1,1,1,9.0,3.4,9.0,3.4,5.6
1879,101154,20260421,809,6,5,1,3,1,4.8,2.0,4.8,2.0,2.8
1880,101155,20260707,1327,6,9,1,1,1,9.0,3.4,9.0,3.4,5.6
1881,101155,20260707,1327,6,7,1,1,1,4.3,1.8,4.3,1.8,2.5
1882,101156,20260801,1820,6,1,1,1,1,3.5,1.4,3.5,1.4,2.1
1883,101156,20260801,1820,6,15,1,1,1,11.0,4.0,11.0,4.0,7.0
1884,101156,20260801,1820,6,16,1,1,1,11.5,4.1,11.5,4.1,7.4
1885,101157,20260423,1250,2,6,2,1,1,5.0,2.1,5.0,2.1,2.9
1886,101157,20260423,1250,2,8,2,1,1,8.5,3.2,8.5,3.2,5.3
1887,101158,20260426,1902,3,12,1,4,1,12.0,4.2,12.0,4.2,7.8
1888,101158,20260426,1902,3,10,1,4,1,8.0,3.0,8.0,3.0,5.0
1889,101159,20260501,1803,2,22,1,2,1,9.5,3.6,9.5,3.6,5.9
1890,101159,20260501,1803,2,7,1,2,1,4.3,1.8,4.3,1.8,2.5
1891,101160,20260530,1702,4,12,1,4,1,12.0,4.2,12.0,4.2,7.8
1892,101160,20260530,1702,4,10,1,4,1,8.0,3.0,8.0,3.0,5.0
1893,101160,20260530,1702,4,21,1,4,1,9.0,3.2,9.0,3.2,5.8
1894,101161,20260430,1132,1,12,3,1,2,12.0,4.2,24.0,8.4,15.6
1895,101161,20260430,1132,1,8,3,1,1,8.5,3.2,8.5,3.2,5.3
1896,101161,20260430,1132,1,9,3,1,1,9.0,3.4,9.0,3.4,5.6
1897,101162,20260516,957,5,17,1,1,2,4.5,1.6,9.0,3.2,5.8
1898,101162,20260516,957,5,3,1,1,1,3.8,1.5,3.8,1.5,2.3
1899,101162,20260516,957,5,1,1,1,2,3.5,1.4,7.0,2.8,4.2
1900,101163,20260427,845,1,20,2,2,1,6.5,2.4,6.5,2.4,4.1
1901,101164,20260422,1124,4,21,1,3,1,9.0,3.2,9.0,3.2,5.8
1902,101164,20260422,1124,4,21,1,3,1,9.0,3.2,9.0,3.2,5.8
1903,101165,20260809,1638,6,15,4,2,1,11.0,4.0,11.0,4.0,7.0
1904,101165,20260809,1638,6,4,4,2,1,4.5,1.9,4.5,1.9,2.6
1905,101165,20260809,1638,6,14,4,2,1,13.5,4.6,13.5,4.6,8.9
1906,101166,20260528,857,1,17,4,1,1,4.5,1.6,4.5,1.6,2.9
1907,101167,20260626,826,5,1,3,4,1,3.5,1.4,3.5,1.4,2.1
1908,101168,20260829,912,1,5,1,1,1,4.8,2.0,4.8,2.0,2.8
1909,101169,20260719,1105,3,18,1,4,1,5.0,1.8,5.0,1.8,3.2
1910,101169,20260719,1105,3,13,1,4,1,12.5,4.3,12.5,4.3,8.2
1911,101170,20260426,1001,2,5,1,1,1,4.8,2.0,4.8,2.0,2.8
1912,101170,20260426,1001,2,5,1,1,1,4.8,2.0,4.8,2.0,2.8
1913,101170,20260426,1001,2,7,1,1,1,4.3,1.8,4.3,1.8,2.5
1914,101171,20260624,1017,2,7,1,4,1,4.3,1.8,4.3,1.8,2.5
1915,101171,20260624,1017,2,7,1,4,1,4.3,1.8,4.3,1.8,2.5
1916,101171,20260624,1017,2,18,1,4,1,5.0,1.8,5.0,1.8,3.2
1917,101172,20260506,934,1,6,4,1,1,5.0,2.1,5.0,2.1,2.9
1918,101172,20260506,934,1,17,4,1,1,4.5,1.6,4.5,1.6,2.9
1919,101172,20260506,934,1,8,4,1,1,8.5,3.2,8.5,3.2,5.3
1920,101173,20260424,1303,5,1,1,1,2,3.5,1.4,7.0,2.8,4.2
1921,101173,20260424,1303,5,8,1,1,1,8.5,3.2,8.5,3.2,5.3
1922,101174,20260818,1109,2,3,2,4,1,3.8,1.5,3.8,1.5,2.3
1923,101174,20260818,1109,2,1,2,4,1,3.5,1.4,3.5,1.4,2.1
1924,101175,20260627,1907,5,13,4,4,1,12.5,4.3,12.5,4.3,8.2
1925,101176,20260329,1823,2,10,2,4,1,8.0,3.0,8.0,3.0,5.0
1926,101176,20260329,1823,2,24,2,4,1,8.0,3.0,8.0,3.0,5.0
1927,101177,20260813,841,2,20,1,2,1,6.5,2.4,6.5,2.4,4.1
1928,101177,20260813,841,2,3,1,2,1,3.8,1.5,3.8,1.5,2.3
1929,101178,20260811,1646,2,18,3,1,1,5.0,1.8,5.0,1.8,3.2
1930,101179,20260501,1753,6,2,1,4,1,4.0,1.6,4.0,1.6,2.4
1931,101179,20260501,1753,6,6,1,4,1,5.0,2.1,5.0,2.1,2.9
1932,101179,20260501,1753,6,16,1,4,1,11.5,4.1,11.5,4.1,7.4
1933,101180,20260326,1003,3,4,3,4,1,4.5,1.9,4.5,1.9,2.6
1934,101180,20260326,1003,3,7,3,4,1,4.3,1.8,4.3,1.8,2.5
1935,101180,20260326,1003,3,3,3,4,1,3.8,1.5,3.8,1.5,2.3
1936,101181,20260719,1200,5,8,1,4,1,8.5,3.2,8.5,3.2,5.3
1937,101182,20260405,1640,1,17,1,3,1,4.5,1.6,4.5,1.6,2.9
1938,101182,20260405,1640,1,5,1,3,2,4.8,2.0,9.6,4.0,5.6
1939,101183,20260430,1027,6,3,1,3,2,3.8,1.5,7.6,3.0,4.6
1940,101183,20260430,1027,6,7,1,3,1,4.3,1.8,4.3,1.8,2.5
1941,101183,20260430,1027,6,7,1,3,2,4.3,1.8,8.6,3.6,5.0
1942,101184,20260529,1102,3,25,1,1,2,8.5,3.2,17.0,6.4,10.6
1943,101184,20260529,1102,3,4,1,1,1,4.5,1.9,4.5,1.9,2.6
1944,101185,20260325,1250,5,4,2,2,1,4.5,1.9,4.5,1.9,2.6
1945,101186,20260530,1826,3,21,1,1,2,9.0,3.2,18.0,6.4,11.6
1946,101187,20260912,953,1,18,1,1,1,5.0,1.8,5.0,1.8,3.2
1947,101187,20260912,953,1,5,1,1,2,4.8,2.0,9.6,4.0,5.6
1948,101188,20260708,2146,3,17,1,2,1,4.5,1.6,4.5,1.6,2.9
1949,101188,20260708,2146,3,25,1,2,1,8.5,3.2,8.5,3.2,5.3
1950,101189,20260502,944,2,21,1,2,1,9.0,3.2,9.0,3.2,5.8
1951,101190,20260724,2112,5,11,1,3,2,10.5,3.8,21.0,7.6,13.4
1952,101191,20260428,1339,6,5,4,2,2,4.8,2.0,9.6,4.0,5.6
1953,101191,20260428,1339,6,11,4,2,2,10.5,3.8,21.0,7.6,13.4
1954,101192,20260326,1723,5,17,1,4,1,4.5,1.6,4.5,1.6,2.9
1955,101193,20260528,1754,2,9,1,3,1,9.0,3.4,9.0,3.4,5.6
1956,101194,20260807,1922,4,12,2,1,1,12.0,4.2,12.0,4.2,7.8
1957,101194,20260807,1922,4,15,2,1,1,11.0,4.0,11.0,4.0,7.0
1958,101194,20260807,1922,4,7,2,1,1,4.3,1.8,4.3,1.8,2.5
1959,101195,20260829,1746,4,23,2,3,1,9.0,3.4,9.0,3.4,5.6
1960,101195,20260829,1746,4,19,2,3,1,5.5,2.0,5.5,2.0,3.5
1961,101196,20260427,1915,3,11,1,3,2,10.5,3.8,21.0,7.6,13.4
1962,101196,20260427,1915,3,11,1,3,1,10.5,3.8,10.5,3.8,6.7
1963,101197,20260808,1853,5,11,1,1,1,10.5,3.8,10.5,3.8,6.7
1964,101197,20260808,1853,5,16,1,1,2,11.5,4.1,23.0,8.2,14.8
1965,101198,20260804,1914,2,25,1,1,1,8.5,3.2,8.5,3.2,5.3
1966,101198,20260804,1914,2,23,1,1,2,9.0,3.4,18.0,6.8,11.2
1967,101199,20260517,1106,3,17,1,1,1,4.5,1.6,4.5,1.6,2.9
1968,101199,20260517,1106,3,6,1,1,1,5.0,2.1,5.0,2.1,2.9
1969,101200,20260801,723,6,12,4,1,1,12.0,4.2,12.0,4.2,7.8
1970,101201,20260502,1852,2,8,1,1,1,8.5,3.2,8.5,3.2,5.3
1971,101201,20260502,1852,2,11,1,1,1,10.5,3.8,10.5,3.8,6.7
1972,101202,20260331,929,1,7,1,1,1,4.3,1.8,4.3,1.8,2.5
1973,101202,20260331,929,1,5,1,1,1,4.8,2.0,4.8,2.0,2.8
1974,101202,20260331,929,1,3,1,1,1,3.8,1.5,3.8,1.5,2.3
1975,101203,20260607,2055,1,9,2,4,2,9.0,3.4,18.0,6.8,11.2
1976,101203,20260607,2055,1,3,2,4,1,3.8,1.5,3.8,1.5,2.3
1977,101204,20260508,1657,2,13,2,3,1,12.5,4.3,12.5,4.3,8.2
1978,101204,20260508,1657,2,10,2,3,2,8.0,3.0,16.0,6.0,10.0
1979,101204,20260508,1657,2,9,2,3,1,9.0,3.4,9.0,3.4,5.6
1980,101205,20260703,1014,4,17,1,3,1,4.5,1.6,4.5,1.6,2.9
1981,101206,20260526,1202,2,22,2,1,2,9.5,3.6,19.0,7.2,11.8
1982,101207,20260529,1847,1,22,2,1,1,9.5,3.6,9.5,3.6,5.9
1983,101208,20260411,1817,4,17,1,2,1,4.5,1.6,4.5,1.6,2.9
1984,101208,20260411,1817,4,8,1,2,1,8.5,3.2,8.5,3.2,5.3
1985,101208,20260411,1817,4,5,1,2,1,4.8,2.0,4.8,2.0,2.8
1986,101209,20260622,1134,5,12,1,1,1,12.0,4.2,12.0,4.2,7.8
1987,101210,20260328,1702,6,15,2,1,2,11.0,4.0,22.0,8.0,14.0
1988,101210,20260328,1702,6,8,2,1,1,8.5,3.2,8.5,3.2,5.3
1989,101210,20260328,1702,6,5,2,1,1,4.8,2.0,4.8,2.0,2.8
1990,101211,20260405,1902,3,15,1,3,1,11.0,4.0,11.0,4.0,7.0
1991,101211,20260405,1902,3,8,1,3,1,8.5,3.2,8.5,3.2,5.3
1992,101211,20260405,1902,3,12,1,3,1,12.0,4.2,12.0,4.2,7.8
1993,101212,20260907,1802,4,12,1,1,1,12.0,4.2,12.0,4.2,7.8
1994,101213,20260811,801,3,4,1,2,1,4.5,1.9,4.5,1.9,2.6
1995,101213,20260811,801,3,4,1,2,2,4.5,1.9,9.0,3.8,5.2
1996,101214,20260515,1712,3,12,2,4,1,12.0,4.2,12.0,4.2,7.8
1997,101215,20260728,1920,1,24,4,2,1,8.0,3.0,8.0,3.0,5.0
1998,101215,20260728,1920,1,25,4,2,1,8.5,3.2,8.5,3.2,5.3
1999,101216,20260619,1003,5,7,1,1,1,4.3,1.8,4.3,1.8,2.5
2000,101216,20260619,1003,5,13,1,1,1,12.5,4.3,12.5,4.3,8.2
2001,101217,20260712,814,1,4,2,2,1,4.5,1.9,4.5,1.9,2.6
2002,101217,20260712,814,1,1,2,2,1,3.5,1.4,3.5,1.4,2.1
2003,101218,20260426,812,3,2,1,1,1,4.0,1.6,4.0,1.6,2.4
2004,101219,20260518,1653,1,14,3,3,1,13.5,4.6,13.5,4.6,8.9
2005,101220,20260906,1229,5,21,2,1,1,9.0,3.2,9.0,3.2,5.8
2006,101220,20260906,1229,5,13,2,1,1,12.5,4.3,12.5,4.3,8.2
2007,101220,20260906,1229,5,4,2,1,1,4.5,1.9,4.5,1.9,2.6
2008,101221,20260627,714,1,21,2,1,1,9.0,3.2,9.0,3.2,5.8
2009,101222,20260807,1335,4,8,2,2,2,8.5,3.2,17.0,6.4,10.6
2010,101222,20260807,1335,4,21,2,2,1,9.0,3.2,9.0,3.2,5.8
2011,101223,20260824,1003,2,1,2,1,1,3.5,1.4,3.5,1.4,2.1
2012,101223,20260824,1003,2,3,2,1,1,3.8,1.5,3.8,1.5,2.3
2013,101224,20260411,1643,4,12,3,1,1,12.0,4.2,12.0,4.2,7.8
2014,101224,20260411,1643,4,10,3,1,1,8.0,3.0,8.0,3.0,5.0
2015,101224,20260411,1643,4,11,3,1,1,10.5,3.8,10.5,3.8,6.7
2016,101225,20260426,1706,6,19,2,1,1,5.5,2.0,5.5,2.0,3.5
2017,101226,20260827,1029,3,4,1,1,1,4.5,1.9,4.5,1.9,2.6
2018,101226,20260827,1029,3,7,1,1,2,4.3,1.8,8.6,3.6,5.0
2019,101227,20260823,1828,2,6,2,2,1,5.0,2.1,5.0,2.1,2.9
2020,101228,20260831,917,3,4,1,3,2,4.5,1.9,9.0,3.8,5.2
2021,101228,20260831,917,3,19,1,3,1,5.5,2.0,5.5,2.0,3.5
2022,101229,20260712,1915,2,1,1,1,1,3.5,1.4,3.5,1.4,2.1
2023,101230,20260705,1901,6,12,1,3,1,12.0,4.2,12.0,4.2,7.8
2024,101230,20260705,1901,6,5,1,3,1,4.8,2.0,4.8,2.0,2.8
2025,101230,20260705,1901,6,19,1,3,1,5.5,2.0,5.5,2.0,3.5
2026,101231,20260905,1750,1,9,2,3,1,9.0,3.4,9.0,3.4,5.6
2027,101231,20260905,1750,1,12,2,3,1,12.0,4.2,12.0,4.2,7.8
2028,101231,20260905,1750,1,3,2,3,1,3.8,1.5,3.8,1.5,2.3
2029,101232,20260320,841,3,18,1,2,1,5.0,1.8,5.0,1.8,3.2
2030,101232,20260320,841,3,19,1,2,2,5.5,2.0,11.0,4.0,7.0
2031,101233,20260818,1837,4,15,2,3,1,11.0,4.0,11.0,4.0,7.0
2032,101233,20260818,1837,4,14,2,3,2,13.5,4.6,27.0,9.2,17.8
2033,101234,20260719,805,5,5,1,1,1,4.8,2.0,4.8,2.0,2.8
2034,101235,20260423,1724,4,14,1,4,1,13.5,4.6,13.5,4.6,8.9
2035,101235,20260423,1724,4,13,1,4,1,12.5,4.3,12.5,4.3,8.2
2036,101235,20260423,1724,4,16,1,4,2,11.5,4.1,23.0,8.2,14.8
2037,101236,20260626,956,2,17,1,2,1,4.5,1.6,4.5,1.6,2.9
2038,101237,20260520,1927,5,10,1,1,1,8.0,3.0,8.0,3.0,5.0
2039,101238,20260823,828,5,5,1,2,2,4.8,2.0,9.6,4.0,5.6
2040,101238,20260823,828,5,20,1,2,1,6.5,2.4,6.5,2.4,4.1
2041,101238,20260823,828,5,17,1,2,1,4.5,1.6,4.5,1.6,2.9
2042,101239,20260327,1823,4,7,1,1,1,4.3,1.8,4.3,1.8,2.5
2043,101240,20260409,2052,3,13,1,4,2,12.5,4.3,25.0,8.6,16.4
2044,101240,20260409,2052,3,6,1,4,2,5.0,2.1,10.0,4.2,5.8
2045,101241,20260611,1703,1,8,2,2,1,8.5,3.2,8.5,3.2,5.3
2046,101241,20260611,1703,1,13,2,2,2,12.5,4.3,25.0,8.6,16.4
2047,101242,20260326,842,3,1,1,1,1,3.5,1.4,3.5,1.4,2.1
2048,101242,20260326,842,3,24,1,1,1,8.0,3.0,8.0,3.0,5.0
2049,101243,20260508,1009,6,10,1,4,1,8.0,3.0,8.0,3.0,5.0
2050,101244,20260712,2014,2,15,2,1,1,11.0,4.0,11.0,4.0,7.0
2051,101244,20260712,2014,2,14,2,1,1,13.5,4.6,13.5,4.6,8.9
2052,101245,20260812,1241,1,12,1,4,1,12.0,4.2,12.0,4.2,7.8
2053,101245,20260812,1241,1,12,1,4,1,12.0,4.2,12.0,4.2,7.8
2054,101246,20260703,1826,4,9,1,1,1,9.0,3.4,9.0,3.4,5.6
2055,101246,20260703,1826,4,20,1,1,2,6.5,2.4,13.0,4.8,8.2
2056,101247,20260711,1144,1,3,1,2,1,3.8,1.5,3.8,1.5,2.3
2057,101247,20260711,1144,1,24,1,2,1,8.0,3.0,8.0,3.0,5.0
2058,101248,20260330,1336,6,14,1,2,1,13.5,4.6,13.5,4.6,8.9
2059,101249,20260629,2024,2,5,1,1,1,4.8,2.0,4.8,2.0,2.8
2060,101250,20260813,1610,2,14,1,1,1,13.5,4.6,13.5,4.6,8.9
2061,101250,20260813,1610,2,9,1,1,2,9.0,3.4,18.0,6.8,11.2
2062,101250,20260813,1610,2,11,1,1,2,10.5,3.8,21.0,7.6,13.4
2063,101251,20260902,1801,2,17,1,1,1,4.5,1.6,4.5,1.6,2.9
2064,101251,20260902,1801,2,3,1,1,1,3.8,1.5,3.8,1.5,2.3
2065,101252,20260520,1633,4,7,1,1,1,4.3,1.8,4.3,1.8,2.5
2066,101253,20260628,902,2,4,2,1,1,4.5,1.9,4.5,1.9,2.6
2067,101253,20260628,902,2,17,2,1,2,4.5,1.6,9.0,3.2,5.8
2068,101254,20260703,1710,5,8,2,3,1,8.5,3.2,8.5,3.2,5.3
2069,101255,20260510,1142,4,19,1,1,1,5.5,2.0,5.5,2.0,3.5
2070,101256,20260908,1706,1,20,2,1,1,6.5,2.4,6.5,2.4,4.1
2071,101257,20260418,710,4,17,1,1,1,4.5,1.6,4.5,1.6,2.9
2072,101257,20260418,710,4,7,1,1,1,4.3,1.8,4.3,1.8,2.5
2073,101258,20260515,1343,1,3,1,1,1,3.8,1.5,3.8,1.5,2.3
2074,101259,20260627,1750,2,14,1,2,1,13.5,4.6,13.5,4.6,8.9
2075,101259,20260627,1750,2,5,1,2,2,4.8,2.0,9.6,4.0,5.6
2076,101260,20260705,1112,1,25,3,1,2,8.5,3.2,17.0,6.4,10.6
2077,101260,20260705,1112,1,15,3,1,1,11.0,4.0,11.0,4.0,7.0
2078,101261,20260819,1741,1,14,1,1,1,13.5,4.6,13.5,4.6,8.9
2079,101262,20260412,932,2,7,1,2,1,4.3,1.8,4.3,1.8,2.5
2080,101262,20260412,932,2,4,1,2,1,4.5,1.9,4.5,1.9,2.6
2081,101263,20260611,1842,3,16,2,3,1,11.5,4.1,11.5,4.1,7.4
2082,101263,20260611,1842,3,16,2,3,1,11.5,4.1,11.5,4.1,7.4
2083,101264,20260329,1120,1,10,2,4,1,8.0,3.0,8.0,3.0,5.0
2084,101264,20260329,1120,1,8,2,4,1,8.5,3.2,8.5,3.2,5.3
2085,101265,20260725,1629,3,12,1,3,1,12.0,4.2,12.0,4.2,7.8
2086,101265,20260725,1629,3,4,1,3,1,4.5,1.9,4.5,1.9,2.6
2087,101265,20260725,1629,3,17,1,3,1,4.5,1.6,4.5,1.6,2.9
2088,101266,20260825,1202,4,15,2,4,1,11.0,4.0,11.0,4.0,7.0
2089,101267,20260410,736,4,24,2,1,1,8.0,3.0,8.0,3.0,5.0
2090,101267,20260410,736,4,8,2,1,1,8.5,3.2,8.5,3.2,5.3
2091,101267,20260410,736,4,4,2,1,1,4.5,1.9,4.5,1.9,2.6
2092,101268,20260725,1702,4,9,2,1,1,9.0,3.4,9.0,3.4,5.6
2093,101268,20260725,1702,4,5,2,1,1,4.8,2.0,4.8,2.0,2.8
2094,101269,20260824,1834,4,15,1,3,1,11.0,4.0,11.0,4.0,7.0
2095,101269,20260824,1834,4,3,1,3,1,3.8,1.5,3.8,1.5,2.3
2096,101270,20260522,1836,1,1,2,4,1,3.5,1.4,3.5,1.4,2.1
2097,101271,20260702,901,5,21,2,1,1,9.0,3.2,9.0,3.2,5.8
2098,101272,20260614,902,3,6,1,1,1,5.0,2.1,5.0,2.1,2.9
2099,101273,20260614,820,1,11,1,3,1,10.5,3.8,10.5,3.8,6.7
2100,101273,20260614,820,1,4,1,3,1,4.5,1.9,4.5,1.9,2.6
2101,101274,20260831,918,2,3,1,4,2,3.8,1.5,7.6,3.0,4.6
2102,101275,20260914,1654,1,16,1,1,1,11.5,4.1,11.5,4.1,7.4
2103,101276,20260611,1351,2,9,2,2,1,9.0,3.4,9.0,3.4,5.6
2104,101277,20260622,837,2,7,4,1,1,4.3,1.8,4.3,1.8,2.5
2105,101278,20260327,1330,4,11,1,1,1,10.5,3.8,10.5,3.8,6.7
2106,101278,20260327,1330,4,11,1,1,1,10.5,3.8,10.5,3.8,6.7
2107,101278,20260327,1330,4,3,1,1,1,3.8,1.5,3.8,1.5,2.3
2108,101279,20260822,1432,2,21,1,4,1,9.0,3.2,9.0,3.2,5.8
2109,101280,20260409,711,1,16,2,1,2,11.5,4.1,23.0,8.2,14.8
2110,101280,20260409,711,1,21,2,1,1,9.0,3.2,9.0,3.2,5.8
2111,101281,20260620,1351,1,3,3,1,1,3.8,1.5,3.8,1.5,2.3
2112,101281,20260620,1351,1,7,3,1,1,4.3,1.8,4.3,1.8,2.5
2113,101282,20260816,921,3,2,3,2,2,4.0,1.6,8.0,3.2,4.8
2114,101282,20260816,921,3,18,3,2,2,5.0,1.8,10.0,3.6,6.4
2115,101282,20260816,921,3,24,3,2,1,8.0,3.0,8.0,3.0,5.0
2116,101283,20260408,1646,1,9,2,2,1,9.0,3.4,9.0,3.4,5.6
2117,101284,20260404,1200,4,7,1,4,1,4.3,1.8,4.3,1.8,2.5
2118,101285,20260331,1753,4,18,3,3,1,5.0,1.8,5.0,1.8,3.2
2119,101285,20260331,1753,4,1,3,3,1,3.5,1.4,3.5,1.4,2.1
2120,101286,20260909,1640,2,13,3,4,2,12.5,4.3,25.0,8.6,16.4
2121,101286,20260909,1640,2,19,3,4,1,5.5,2.0,5.5,2.0,3.5
2122,101287,20260806,1743,1,9,2,1,1,9.0,3.4,9.0,3.4,5.6
2123,101287,20260806,1743,1,2,2,1,1,4.0,1.6,4.0,1.6,2.4
2124,101288,20260605,810,2,1,1,2,1,3.5,1.4,3.5,1.4,2.1
2125,101288,20260605,810,2,19,1,2,1,5.5,2.0,5.5,2.0,3.5
2126,101289,20260722,1959,4,13,1,1,1,12.5,4.3,12.5,4.3,8.2
2127,101290,20260606,833,1,1,1,3,1,3.5,1.4,3.5,1.4,2.1
2128,101290,20260606,833,1,21,1,3,1,9.0,3.2,9.0,3.2,5.8
2129,101291,20260506,1750,1,6,2,1,1,5.0,2.1,5.0,2.1,2.9
2130,101291,20260506,1750,1,24,2,1,2,8.0,3.0,16.0,6.0,10.0
2131,101291,20260506,1750,1,13,2,1,1,12.5,4.3,12.5,4.3,8.2
2132,101292,20260718,1618,5,12,3,2,1,12.0,4.2,12.0,4.2,7.8
2133,101293,20260907,1341,2,23,3,1,1,9.0,3.4,9.0,3.4,5.6
2134,101293,20260907,1341,2,19,3,1,2,5.5,2.0,11.0,4.0,7.0
2135,101293,20260907,1341,2,1,3,1,1,3.5,1.4,3.5,1.4,2.1
2136,101294,20260711,1900,5,8,1,1,1,8.5,3.2,8.5,3.2,5.3
2137,101294,20260711,1900,5,14,1,1,2,13.5,4.6,27.0,9.2,17.8
2138,101295,20260429,1843,3,19,1,2,1,5.5,2.0,5.5,2.0,3.5
2139,101295,20260429,1843,3,20,1,2,2,6.5,2.4,13.0,4.8,8.2
2140,101296,20260711,916,1,3,1,1,1,3.8,1.5,3.8,1.5,2.3
2141,101296,20260711,916,1,21,1,1,2,9.0,3.2,18.0,6.4,11.6
2142,101297,20260726,1751,2,9,4,3,1,9.0,3.4,9.0,3.4,5.6
2143,101297,20260726,1751,2,15,4,3,1,11.0,4.0,11.0,4.0,7.0
2144,101297,20260726,1751,2,12,4,3,1,12.0,4.2,12.0,4.2,7.8
2145,101298,20260511,751,5,17,2,1,2,4.5,1.6,9.0,3.2,5.8
2146,101298,20260511,751,5,20,2,1,1,6.5,2.4,6.5,2.4,4.1
2147,101299,20260329,1639,3,6,1,1,2,5.0,2.1,10.0,4.2,5.8
2148,101300,20260609,1159,4,15,1,3,1,11.0,4.0,11.0,4.0,7.0
2149,101301,20260709,850,3,3,2,2,2,3.8,1.5,7.6,3.0,4.6
2150,101302,20260529,1042,1,7,2,1,1,4.3,1.8,4.3,1.8,2.5
2151,101302,20260529,1042,1,21,2,1,1,9.0,3.2,9.0,3.2,5.8
2152,101303,20260523,1759,3,10,3,1,1,8.0,3.0,8.0,3.0,5.0
2153,101304,20260724,1853,1,10,1,4,2,8.0,3.0,16.0,6.0,10.0
2154,101304,20260724,1853,1,14,1,4,1,13.5,4.6,13.5,4.6,8.9
2155,101304,20260724,1853,1,5,1,4,2,4.8,2.0,9.6,4.0,5.6
2156,101305,20260710,1850,6,15,2,1,1,11.0,4.0,11.0,4.0,7.0
2157,101305,20260710,1850,6,10,2,1,1,8.0,3.0,8.0,3.0,5.0
2158,101305,20260710,1850,6,16,2,1,1,11.5,4.1,11.5,4.1,7.4
2159,101306,20260613,1233,2,5,1,3,1,4.8,2.0,4.8,2.0,2.8
2160,101306,20260613,1233,2,6,1,3,2,5.0,2.1,10.0,4.2,5.8
2161,101307,20260526,1709,6,21,2,3,1,9.0,3.2,9.0,3.2,5.8
2162,101307,20260526,1709,6,10,2,3,1,8.0,3.0,8.0,3.0,5.0
2163,101308,20260903,1017,2,2,1,1,2,4.0,1.6,8.0,3.2,4.8
2164,101308,20260903,1017,2,18,1,1,1,5.0,1.8,5.0,1.8,3.2
2165,101309,20260712,818,3,11,2,1,1,10.5,3.8,10.5,3.8,6.7
2166,101310,20260803,1744,4,2,2,1,1,4.0,1.6,4.0,1.6,2.4
2167,101311,20260502,1807,3,14,1,1,1,13.5,4.6,13.5,4.6,8.9
2168,101311,20260502,1807,3,3,1,1,1,3.8,1.5,3.8,1.5,2.3
2169,101311,20260502,1807,3,20,1,1,1,6.5,2.4,6.5,2.4,4.1
2170,101312,20260411,811,4,4,2,1,1,4.5,1.9,4.5,1.9,2.6
2171,101312,20260411,811,4,2,2,1,1,4.0,1.6,4.0,1.6,2.4
2172,101313,20260606,1849,4,6,1,1,1,5.0,2.1,5.0,2.1,2.9
2173,101313,20260606,1849,4,16,1,1,1,11.5,4.1,11.5,4.1,7.4
2174,101313,20260606,1849,4,14,1,1,1,13.5,4.6,13.5,4.6,8.9
2175,101314,20260410,1207,3,4,1,2,1,4.5,1.9,4.5,1.9,2.6
2176,101314,20260410,1207,3,20,1,2,1,6.5,2.4,6.5,2.4,4.1
2177,101315,20260907,1735,5,14,2,2,1,13.5,4.6,13.5,4.6,8.9
2178,101315,20260907,1735,5,19,2,2,1,5.5,2.0,5.5,2.0,3.5
2179,101316,20260623,1903,3,19,2,1,1,5.5,2.0,5.5,2.0,3.5
2180,101316,20260623,1903,3,19,2,1,1,5.5,2.0,5.5,2.0,3.5
2181,101317,20260625,1732,1,24,1,1,1,8.0,3.0,8.0,3.0,5.0
2182,101318,20260716,1716,6,17,4,4,1,4.5,1.6,4.5,1.6,2.9
2183,101318,20260716,1716,6,9,4,4,1,9.0,3.4,9.0,3.4,5.6
2184,101318,20260716,1716,6,9,4,4,2,9.0,3.4,18.0,6.8,11.2
2185,101319,20260814,1312,2,24,1,1,1,8.0,3.0,8.0,3.0,5.0
2186,101320,20260620,805,6,9,1,1,1,9.0,3.4,9.0,3.4,5.6
2187,101321,20260707,844,2,1,1,1,1,3.5,1.4,3.5,1.4,2.1
2188,101321,20260707,844,2,21,1,1,2,9.0,3.2,18.0,6.4,11.6
2189,101322,20260802,1657,2,15,2,1,1,11.0,4.0,11.0,4.0,7.0
2190,101322,20260802,1657,2,11,2,1,1,10.5,3.8,10.5,3.8,6.7
2191,101322,20260802,1657,2,17,2,1,1,4.5,1.6,4.5,1.6,2.9
2192,101323,20260515,845,5,19,2,1,1,5.5,2.0,5.5,2.0,3.5
2193,101323,20260515,845,5,3,2,1,1,3.8,1.5,3.8,1.5,2.3
2194,101324,20260823,1740,2,16,2,3,2,11.5,4.1,23.0,8.2,14.8
2195,101325,20260523,1649,1,12,1,1,1,12.0,4.2,12.0,4.2,7.8
2196,101325,20260523,1649,1,16,1,1,2,11.5,4.1,23.0,8.2,14.8
2197,101326,20260326,1211,6,13,1,2,1,12.5,4.3,12.5,4.3,8.2
2198,101327,20260414,1754,6,1,2,2,1,3.5,1.4,3.5,1.4,2.1
2199,101328,20260519,925,5,1,1,1,1,3.5,1.4,3.5,1.4,2.1
2200,101329,20260414,749,2,13,1,1,1,12.5,4.3,12.5,4.3,8.2
2201,101330,20260612,1755,5,16,1,4,1,11.5,4.1,11.5,4.1,7.4
2202,101331,20260327,736,5,3,4,1,1,3.8,1.5,3.8,1.5,2.3
2203,101332,20260515,820,1,17,4,1,2,4.5,1.6,9.0,3.2,5.8
2204,101332,20260515,820,1,4,4,1,1,4.5,1.9,4.5,1.9,2.6
2205,101333,20260329,1929,3,3,2,4,1,3.8,1.5,3.8,1.5,2.3
2206,101333,20260329,1929,3,13,2,4,1,12.5,4.3,12.5,4.3,8.2
2207,101334,20260729,1956,1,7,1,1,1,4.3,1.8,4.3,1.8,2.5
2208,101335,20260322,1632,1,2,1,1,1,4.0,1.6,4.0,1.6,2.4
2209,101335,20260322,1632,1,8,1,1,1,8.5,3.2,8.5,3.2,5.3
2210,101335,20260322,1632,1,3,1,1,1,3.8,1.5,3.8,1.5,2.3
2211,101336,20260509,1309,2,11,1,1,1,10.5,3.8,10.5,3.8,6.7
2212,101336,20260509,1309,2,4,1,1,1,4.5,1.9,4.5,1.9,2.6
2213,101337,20260728,1905,2,11,1,1,1,10.5,3.8,10.5,3.8,6.7
2214,101337,20260728,1905,2,8,1,1,2,8.5,3.2,17.0,6.4,10.6
2215,101338,20260421,843,5,19,2,2,1,5.5,2.0,5.5,2.0,3.5
2216,101339,20260906,1002,2,2,2,3,1,4.0,1.6,4.0,1.6,2.4
2217,101339,20260906,1002,2,2,2,3,1,4.0,1.6,4.0,1.6,2.4
2218,101339,20260906,1002,2,5,2,3,1,4.8,2.0,4.8,2.0,2.8
2219,101340,20260712,1744,4,21,1,4,1,9.0,3.2,9.0,3.2,5.8
2220,101340,20260712,1744,4,5,1,4,1,4.8,2.0,4.8,2.0,2.8
2221,101340,20260712,1744,4,9,1,4,1,9.0,3.4,9.0,3.4,5.6
2222,101341,20260727,911,6,16,1,1,1,11.5,4.1,11.5,4.1,7.4
2223,101342,20260808,1641,6,17,1,3,2,4.5,1.6,9.0,3.2,5.8
2224,101343,20260702,830,5,7,2,1,1,4.3,1.8,4.3,1.8,2.5
2225,101344,20260824,952,6,19,1,3,1,5.5,2.0,5.5,2.0,3.5
2226,101345,20260802,1758,1,21,2,2,2,9.0,3.2,18.0,6.4,11.6
2227,101346,20260513,1911,3,2,3,1,1,4.0,1.6,4.0,1.6,2.4
2228,101347,20260905,1039,4,6,1,3,1,5.0,2.1,5.0,2.1,2.9
2229,101347,20260905,1039,4,21,1,3,1,9.0,3.2,9.0,3.2,5.8
2230,101347,20260905,1039,4,25,1,3,1,8.5,3.2,8.5,3.2,5.3
2231,101348,20260708,1335,3,19,4,2,1,5.5,2.0,5.5,2.0,3.5
2232,101348,20260708,1335,3,19,4,2,1,5.5,2.0,5.5,2.0,3.5
2233,101349,20260502,930,3,23,1,1,1,9.0,3.4,9.0,3.4,5.6
2234,101349,20260502,930,3,18,1,1,1,5.0,1.8,5.0,1.8,3.2
2235,101350,20260911,907,4,1,1,1,1,3.5,1.4,3.5,1.4,2.1
2236,101350,20260911,907,4,4,1,1,1,4.5,1.9,4.5,1.9,2.6
2237,101351,20260906,1026,6,19,1,1,1,5.5,2.0,5.5,2.0,3.5
2238,101351,20260906,1026,6,1,1,1,1,3.5,1.4,3.5,1.4,2.1
2239,101352,20260512,1912,2,22,2,3,2,9.5,3.6,19.0,7.2,11.8
2240,101353,20260324,1903,5,22,1,3,2,9.5,3.6,19.0,7.2,11.8
2241,101354,20260429,1913,4,19,2,3,2,5.5,2.0,11.0,4.0,7.0
2242,101354,20260429,1913,4,14,2,3,1,13.5,4.6,13.5,4.6,8.9
2243,101355,20260505,1435,4,20,2,2,1,6.5,2.4,6.5,2.4,4.1
2244,101355,20260505,1435,4,1,2,2,1,3.5,1.4,3.5,1.4,2.1
2245,101356,20260913,1018,4,7,1,1,1,4.3,1.8,4.3,1.8,2.5
2246,101357,20260630,1741,2,9,1,2,1,9.0,3.4,9.0,3.4,5.6
2247,101358,20260716,1007,2,24,2,1,1,8.0,3.0,8.0,3.0,5.0
2248,101359,20260323,1355,3,5,2,1,1,4.8,2.0,4.8,2.0,2.8
2249,101359,20260323,1355,3,6,2,1,1,5.0,2.1,5.0,2.1,2.9
2250,101360,20260815,1848,5,12,1,2,1,12.0,4.2,12.0,4.2,7.8
2251,101360,20260815,1848,5,13,1,2,1,12.5,4.3,12.5,4.3,8.2
2252,101361,20260603,1703,1,17,1,2,1,4.5,1.6,4.5,1.6,2.9
2253,101361,20260603,1703,1,14,1,2,1,13.5,4.6,13.5,4.6,8.9
2254,101362,20260805,1853,6,15,2,1,1,11.0,4.0,11.0,4.0,7.0
2255,101363,20260819,1757,2,13,1,4,1,12.5,4.3,12.5,4.3,8.2
2256,101363,20260819,1757,2,9,1,4,1,9.0,3.4,9.0,3.4,5.6
2257,101363,20260819,1757,2,10,1,4,1,8.0,3.0,8.0,3.0,5.0
2258,101364,20260820,1042,2,7,1,2,1,4.3,1.8,4.3,1.8,2.5
2259,101364,20260820,1042,2,20,1,2,1,6.5,2.4,6.5,2.4,4.1
2260,101365,20260721,2038,5,1,2,1,2,3.5,1.4,7.0,2.8,4.2
2261,101365,20260721,2038,5,21,2,1,1,9.0,3.2,9.0,3.2,5.8
2262,101366,20260401,938,3,19,3,3,1,5.5,2.0,5.5,2.0,3.5
2263,101366,20260401,938,3,20,3,3,1,6.5,2.4,6.5,2.4,4.1
2264,101367,20260901,1800,2,15,3,3,1,11.0,4.0,11.0,4.0,7.0
2265,101368,20260906,1659,1,2,1,4,1,4.0,1.6,4.0,1.6,2.4
2266,101368,20260906,1659,1,11,1,4,1,10.5,3.8,10.5,3.8,6.7
2267,101369,20260516,1740,5,15,2,3,1,11.0,4.0,11.0,4.0,7.0
2268,101369,20260516,1740,5,21,2,3,1,9.0,3.2,9.0,3.2,5.8
2269,101370,20260515,802,1,1,2,1,1,3.5,1.4,3.5,1.4,2.1
2270,101370,20260515,802,1,24,2,1,1,8.0,3.0,8.0,3.0,5.0
2271,101371,20260419,956,2,1,1,2,1,3.5,1.4,3.5,1.4,2.1
2272,101372,20260423,807,3,6,3,2,1,5.0,2.1,5.0,2.1,2.9
2273,101372,20260423,807,3,25,3,2,1,8.5,3.2,8.5,3.2,5.3
2274,101372,20260423,807,3,14,3,2,2,13.5,4.6,27.0,9.2,17.8
2275,101373,20260711,1907,3,24,3,1,1,8.0,3.0,8.0,3.0,5.0
2276,101373,20260711,1907,3,2,3,1,1,4.0,1.6,4.0,1.6,2.4
2277,101374,20260822,1814,4,5,2,4,1,4.8,2.0,4.8,2.0,2.8
2278,101374,20260822,1814,4,22,2,4,1,9.5,3.6,9.5,3.6,5.9
2279,101374,20260822,1814,4,3,2,4,1,3.8,1.5,3.8,1.5,2.3
2280,101375,20260319,918,3,6,1,1,1,5.0,2.1,5.0,2.1,2.9
2281,101375,20260319,918,3,1,1,1,1,3.5,1.4,3.5,1.4,2.1
2282,101376,20260416,955,1,21,1,1,1,9.0,3.2,9.0,3.2,5.8
2283,101377,20260716,1249,5,18,2,3,1,5.0,1.8,5.0,1.8,3.2
2284,101378,20260905,935,5,4,1,1,1,4.5,1.9,4.5,1.9,2.6
2285,101378,20260905,935,5,17,1,1,1,4.5,1.6,4.5,1.6,2.9
2286,101379,20260718,811,2,4,2,1,1,4.5,1.9,4.5,1.9,2.6
2287,101380,20260508,1812,6,24,2,3,1,8.0,3.0,8.0,3.0,5.0
2288,101380,20260508,1812,6,23,2,3,1,9.0,3.4,9.0,3.4,5.6
2289,101380,20260508,1812,6,12,2,3,1,12.0,4.2,12.0,4.2,7.8
2290,101381,20260630,1355,3,17,1,1,1,4.5,1.6,4.5,1.6,2.9
2291,101382,20260419,1224,1,8,1,1,1,8.5,3.2,8.5,3.2,5.3
2292,101382,20260419,1224,1,21,1,1,1,9.0,3.2,9.0,3.2,5.8
2293,101383,20260724,1007,1,2,2,3,1,4.0,1.6,4.0,1.6,2.4
2294,101384,20260602,837,2,20,3,1,1,6.5,2.4,6.5,2.4,4.1
2295,101384,20260602,837,2,5,3,1,2,4.8,2.0,9.6,4.0,5.6
2296,101385,20260412,1855,2,5,1,1,2,4.8,2.0,9.6,4.0,5.6
2297,101385,20260412,1855,2,6,1,1,1,5.0,2.1,5.0,2.1,2.9
2298,101385,20260412,1855,2,21,1,1,1,9.0,3.2,9.0,3.2,5.8
2299,101386,20260421,1702,1,22,4,1,1,9.5,3.6,9.5,3.6,5.9
2300,101386,20260421,1702,1,6,4,1,2,5.0,2.1,10.0,4.2,5.8
2301,101387,20260804,2025,2,24,2,3,1,8.0,3.0,8.0,3.0,5.0
2302,101387,20260804,2025,2,1,2,3,1,3.5,1.4,3.5,1.4,2.1
2303,101387,20260804,2025,2,23,2,3,1,9.0,3.4,9.0,3.4,5.6
2304,101388,20260425,818,1,25,1,2,1,8.5,3.2,8.5,3.2,5.3
2305,101389,20260529,847,1,3,1,1,2,3.8,1.5,7.6,3.0,4.6
2306,101390,20260616,1810,1,7,3,4,1,4.3,1.8,4.3,1.8,2.5
2307,101390,20260616,1810,1,20,3,4,1,6.5,2.4,6.5,2.4,4.1
2308,101391,20260502,1722,4,7,2,1,2,4.3,1.8,8.6,3.6,5.0
2309,101391,20260502,1722,4,8,2,1,2,8.5,3.2,17.0,6.4,10.6
2310,101391,20260502,1722,4,13,2,1,1,12.5,4.3,12.5,4.3,8.2
2311,101392,20260512,1759,4,19,1,3,1,5.5,2.0,5.5,2.0,3.5
2312,101393,20260702,1925,3,14,1,4,1,13.5,4.6,13.5,4.6,8.9
2313,101394,20260706,1007,1,21,3,4,1,9.0,3.2,9.0,3.2,5.8
2314,101394,20260706,1007,1,7,3,4,1,4.3,1.8,4.3,1.8,2.5
2315,101394,20260706,1007,1,21,3,4,1,9.0,3.2,9.0,3.2,5.8
2316,101395,20260508,927,1,11,2,1,1,10.5,3.8,10.5,3.8,6.7
2317,101396,20260430,1835,4,16,1,4,1,11.5,4.1,11.5,4.1,7.4
2318,101396,20260430,1835,4,16,1,4,1,11.5,4.1,11.5,4.1,7.4
2319,101397,20260826,1149,2,2,2,2,1,4.0,1.6,4.0,1.6,2.4
2320,101397,20260826,1149,2,20,2,2,2,6.5,2.4,13.0,4.8,8.2
2321,101398,20260416,1035,3,21,1,1,1,9.0,3.2,9.0,3.2,5.8
2322,101399,20260325,1631,4,18,2,1,1,5.0,1.8,5.0,1.8,3.2
2323,101400,20260827,1315,2,19,1,1,1,5.5,2.0,5.5,2.0,3.5
2324,101400,20260827,1315,2,22,1,1,1,9.5,3.6,9.5,3.6,5.9
2325,101401,20260418,1043,3,5,1,2,1,4.8,2.0,4.8,2.0,2.8
2326,101401,20260418,1043,3,7,1,2,1,4.3,1.8,4.3,1.8,2.5
2327,101402,20260514,1706,4,9,1,1,1,9.0,3.4,9.0,3.4,5.6
2328,101402,20260514,1706,4,2,1,1,1,4.0,1.6,4.0,1.6,2.4
2329,101403,20260410,1918,5,16,2,1,1,11.5,4.1,11.5,4.1,7.4
2330,101403,20260410,1918,5,18,2,1,1,5.0,1.8,5.0,1.8,3.2
2331,101404,20260529,1229,6,18,2,2,2,5.0,1.8,10.0,3.6,6.4
2332,101404,20260529,1229,6,20,2,2,1,6.5,2.4,6.5,2.4,4.1
2333,101405,20260614,1751,1,15,3,3,1,11.0,4.0,11.0,4.0,7.0
2334,101406,20260520,1839,6,9,1,4,1,9.0,3.4,9.0,3.4,5.6
2335,101407,20260524,2052,1,8,4,4,1,8.5,3.2,8.5,3.2,5.3
2336,101407,20260524,2052,1,4,4,4,1,4.5,1.9,4.5,1.9,2.6
2337,101407,20260524,2052,1,9,4,4,1,9.0,3.4,9.0,3.4,5.6
2338,101408,20260728,950,3,7,1,3,1,4.3,1.8,4.3,1.8,2.5
2339,101409,20260712,928,4,4,4,2,1,4.5,1.9,4.5,1.9,2.6
2340,101410,20260728,1910,2,12,1,1,1,12.0,4.2,12.0,4.2,7.8
2341,101410,20260728,1910,2,24,1,1,1,8.0,3.0,8.0,3.0,5.0
2342,101410,20260728,1910,2,2,1,1,1,4.0,1.6,4.0,1.6,2.4
2343,101411,20260524,934,5,19,2,1,2,5.5,2.0,11.0,4.0,7.0
2344,101411,20260524,934,5,6,2,1,2,5.0,2.1,10.0,4.2,5.8
2345,101412,20260807,851,4,17,2,4,1,4.5,1.6,4.5,1.6,2.9
2346,101412,20260807,851,4,2,2,4,1,4.0,1.6,4.0,1.6,2.4
2347,101413,20260411,1015,3,1,2,1,1,3.5,1.4,3.5,1.4,2.1
2348,101414,20260828,921,4,5,1,4,1,4.8,2.0,4.8,2.0,2.8
2349,101414,20260828,921,4,2,1,4,1,4.0,1.6,4.0,1.6,2.4
2350,101414,20260828,921,4,4,1,4,1,4.5,1.9,4.5,1.9,2.6
2351,101415,20260518,1923,3,9,1,3,1,9.0,3.4,9.0,3.4,5.6
2352,101416,20260519,1829,4,14,1,1,1,13.5,4.6,13.5,4.6,8.9
2353,101416,20260519,1829,4,15,1,1,1,11.0,4.0,11.0,4.0,7.0
2354,101417,20260818,1010,5,7,1,1,1,4.3,1.8,4.3,1.8,2.5
2355,101418,20260809,1753,6,12,1,4,1,12.0,4.2,12.0,4.2,7.8
2356,101418,20260809,1753,6,25,1,4,2,8.5,3.2,17.0,6.4,10.6
2357,101419,20260911,1832,2,24,1,2,2,8.0,3.0,16.0,6.0,10.0
2358,101419,20260911,1832,2,12,1,2,1,12.0,4.2,12.0,4.2,7.8
2359,101419,20260911,1832,2,4,1,2,1,4.5,1.9,4.5,1.9,2.6
2360,101420,20260603,956,1,7,2,1,1,4.3,1.8,4.3,1.8,2.5
2361,101420,20260603,956,1,18,2,1,1,5.0,1.8,5.0,1.8,3.2
2362,101421,20260901,1632,5,5,1,1,1,4.8,2.0,4.8,2.0,2.8
2363,101421,20260901,1632,5,10,1,1,1,8.0,3.0,8.0,3.0,5.0
2364,101421,20260901,1632,5,1,1,1,1,3.5,1.4,3.5,1.4,2.1
2365,101422,20260602,1746,1,1,3,3,1,3.5,1.4,3.5,1.4,2.1
2366,101422,20260602,1746,1,4,3,3,1,4.5,1.9,4.5,1.9,2.6
2367,101423,20260726,829,4,1,4,1,1,3.5,1.4,3.5,1.4,2.1
2368,101423,20260726,829,4,7,4,1,1,4.3,1.8,4.3,1.8,2.5
2369,101424,20260815,1913,3,2,2,3,1,4.0,1.6,4.0,1.6,2.4
2370,101425,20260726,1736,1,23,1,1,2,9.0,3.4,18.0,6.8,11.2
2371,101425,20260726,1736,1,13,1,1,1,12.5,4.3,12.5,4.3,8.2
2372,101426,20260905,1018,2,6,3,1,1,5.0,2.1,5.0,2.1,2.9
2373,101427,20260418,1728,4,23,1,3,1,9.0,3.4,9.0,3.4,5.6
2374,101428,20260419,854,2,9,1,1,1,9.0,3.4,9.0,3.4,5.6
2375,101428,20260419,854,2,19,1,1,1,5.5,2.0,5.5,2.0,3.5
2376,101428,20260419,854,2,4,1,1,1,4.5,1.9,4.5,1.9,2.6
2377,101429,20260501,808,4,3,2,1,1,3.8,1.5,3.8,1.5,2.3
2378,101430,20260407,913,5,11,2,3,1,10.5,3.8,10.5,3.8,6.7
2379,101430,20260407,913,5,10,2,3,1,8.0,3.0,8.0,3.0,5.0
2380,101431,20260502,1701,6,8,1,1,1,8.5,3.2,8.5,3.2,5.3
2381,101432,20260327,809,2,17,1,2,1,4.5,1.6,4.5,1.6,2.9
2382,101432,20260327,809,2,14,1,2,1,13.5,4.6,13.5,4.6,8.9
2383,101433,20260608,826,3,2,1,1,1,4.0,1.6,4.0,1.6,2.4
2384,101434,20260830,932,3,5,1,1,1,4.8,2.0,4.8,2.0,2.8
2385,101435,20260614,1334,3,9,1,1,1,9.0,3.4,9.0,3.4,5.6
2386,101436,20260414,1207,1,7,2,1,2,4.3,1.8,8.6,3.6,5.0
2387,101437,20260413,814,3,11,1,4,1,10.5,3.8,10.5,3.8,6.7
2388,101438,20260516,1728,2,14,1,2,2,13.5,4.6,27.0,9.2,17.8
2389,101439,20260513,1242,5,15,3,1,1,11.0,4.0,11.0,4.0,7.0
2390,101440,20260606,1641,1,12,1,3,1,12.0,4.2,12.0,4.2,7.8
2391,101440,20260606,1641,1,7,1,3,1,4.3,1.8,4.3,1.8,2.5
2392,101441,20260421,1854,2,15,1,4,1,11.0,4.0,11.0,4.0,7.0
2393,101442,20260620,803,6,1,2,1,1,3.5,1.4,3.5,1.4,2.1
2394,101443,20260315,1340,6,22,1,2,1,9.5,3.6,9.5,3.6,5.9
2395,101443,20260315,1340,6,21,1,2,2,9.0,3.2,18.0,6.4,11.6
2396,101444,20260426,812,2,2,2,1,1,4.0,1.6,4.0,1.6,2.4
2397,101444,20260426,812,2,7,2,1,1,4.3,1.8,4.3,1.8,2.5
2398,101445,20260325,830,1,12,1,1,1,12.0,4.2,12.0,4.2,7.8
2399,101445,20260325,830,1,4,1,1,1,4.5,1.9,4.5,1.9,2.6
2400,101446,20260405,830,5,15,1,1,1,11.0,4.0,11.0,4.0,7.0
2401,101446,20260405,830,5,20,1,1,2,6.5,2.4,13.0,4.8,8.2
2402,101447,20260802,1754,1,15,1,3,1,11.0,4.0,11.0,4.0,7.0
2403,101447,20260802,1754,1,3,1,3,1,3.8,1.5,3.8,1.5,2.3
2404,101447,20260802,1754,1,10,1,3,1,8.0,3.0,8.0,3.0,5.0
2405,101448,20260704,1505,1,10,2,2,2,8.0,3.0,16.0,6.0,10.0
2406,101448,20260704,1505,1,18,2,2,1,5.0,1.8,5.0,1.8,3.2
2407,101448,20260704,1505,1,9,2,2,1,9.0,3.4,9.0,3.4,5.6
2408,101449,20260424,1858,6,15,1,1,2,11.0,4.0,22.0,8.0,14.0
2409,101449,20260424,1858,6,10,1,1,1,8.0,3.0,8.0,3.0,5.0
2410,101450,20260731,948,4,19,1,2,1,5.5,2.0,5.5,2.0,3.5
2411,101450,20260731,948,4,22,1,2,1,9.5,3.6,9.5,3.6,5.9
2412,101451,20260505,910,3,15,1,1,2,11.0,4.0,22.0,8.0,14.0
2413,101451,20260505,910,3,18,1,1,1,5.0,1.8,5.0,1.8,3.2
2414,101451,20260505,910,3,19,1,1,1,5.5,2.0,5.5,2.0,3.5
2415,101452,20260503,854,6,13,1,1,2,12.5,4.3,25.0,8.6,16.4
2416,101452,20260503,854,6,19,1,1,1,5.5,2.0,5.5,2.0,3.5
2417,101452,20260503,854,6,21,1,1,1,9.0,3.2,9.0,3.2,5.8
2418,101453,20260905,1240,2,19,2,2,1,5.5,2.0,5.5,2.0,3.5
2419,101454,20260911,1529,1,2,2,4,1,4.0,1.6,4.0,1.6,2.4
2420,101454,20260911,1529,1,15,2,4,1,11.0,4.0,11.0,4.0,7.0
2421,101455,20260409,1029,2,11,2,3,1,10.5,3.8,10.5,3.8,6.7
2422,101455,20260409,1029,2,24,2,3,1,8.0,3.0,8.0,3.0,5.0
2423,101455,20260409,1029,2,5,2,3,1,4.8,2.0,4.8,2.0,2.8
2424,101456,20260617,1020,3,2,2,1,2,4.0,1.6,8.0,3.2,4.8
2425,101456,20260617,1020,3,4,2,1,1,4.5,1.9,4.5,1.9,2.6
2426,101457,20260829,809,5,23,1,2,2,9.0,3.4,18.0,6.8,11.2
2427,101457,20260829,809,5,17,1,2,1,4.5,1.6,4.5,1.6,2.9
2428,101458,20260804,1920,2,12,2,1,1,12.0,4.2,12.0,4.2,7.8
2429,101459,20260508,1736,1,11,1,1,1,10.5,3.8,10.5,3.8,6.7
2430,101459,20260508,1736,1,19,1,1,1,5.5,2.0,5.5,2.0,3.5
2431,101460,20260522,1637,6,6,1,4,1,5.0,2.1,5.0,2.1,2.9
2432,101460,20260522,1637,6,22,1,4,1,9.5,3.6,9.5,3.6,5.9
2433,101461,20260703,1729,5,25,2,3,1,8.5,3.2,8.5,3.2,5.3
2434,101461,20260703,1729,5,16,2,3,1,11.5,4.1,11.5,4.1,7.4
2435,101462,20260329,1115,4,13,4,4,1,12.5,4.3,12.5,4.3,8.2
2436,101462,20260329,1115,4,2,4,4,1,4.0,1.6,4.0,1.6,2.4
2437,101463,20260511,819,1,5,1,1,1,4.8,2.0,4.8,2.0,2.8
2438,101463,20260511,819,1,4,1,1,1,4.5,1.9,4.5,1.9,2.6
2439,101464,20260429,1152,6,8,1,3,1,8.5,3.2,8.5,3.2,5.3
2440,101464,20260429,1152,6,13,1,3,1,12.5,4.3,12.5,4.3,8.2
2441,101464,20260429,1152,6,6,1,3,1,5.0,2.1,5.0,2.1,2.9
2442,101465,20260912,824,1,17,1,1,1,4.5,1.6,4.5,1.6,2.9
2443,101466,20260829,2051,3,18,1,1,1,5.0,1.8,5.0,1.8,3.2
2444,101467,20260711,1724,2,20,1,4,1,6.5,2.4,6.5,2.4,4.1
2445,101468,20260612,901,5,9,2,1,1,9.0,3.4,9.0,3.4,5.6
2446,101468,20260612,901,5,6,2,1,1,5.0,2.1,5.0,2.1,2.9
2447,101469,20260604,1818,6,19,3,1,1,5.5,2.0,5.5,2.0,3.5
2448,101469,20260604,1818,6,9,3,1,1,9.0,3.4,9.0,3.4,5.6
2449,101470,20260820,1133,2,24,3,2,1,8.0,3.0,8.0,3.0,5.0
2450,101470,20260820,1133,2,22,3,2,1,9.5,3.6,9.5,3.6,5.9
2451,101471,20260508,1547,1,2,3,1,1,4.0,1.6,4.0,1.6,2.4
2452,101472,20260905,1642,3,24,3,4,1,8.0,3.0,8.0,3.0,5.0
2453,101472,20260905,1642,3,10,3,4,1,8.0,3.0,8.0,3.0,5.0
2454,101473,20260802,1722,1,6,1,2,1,5.0,2.1,5.0,2.1,2.9
2455,101473,20260802,1722,1,13,1,2,1,12.5,4.3,12.5,4.3,8.2
2456,101473,20260802,1722,1,9,1,2,1,9.0,3.4,9.0,3.4,5.6
2457,101474,20260521,940,4,7,1,4,1,4.3,1.8,4.3,1.8,2.5
2458,101475,20260522,936,3,1,1,3,1,3.5,1.4,3.5,1.4,2.1
2459,101476,20260505,1128,4,9,1,1,1,9.0,3.4,9.0,3.4,5.6
2460,101476,20260505,1128,4,18,1,1,2,5.0,1.8,10.0,3.6,6.4
2461,101477,20260728,1725,3,10,1,1,2,8.0,3.0,16.0,6.0,10.0
2462,101477,20260728,1725,3,11,1,1,1,10.5,3.8,10.5,3.8,6.7
2463,101478,20260328,1653,1,19,1,1,1,5.5,2.0,5.5,2.0,3.5
2464,101478,20260328,1653,1,9,1,1,1,9.0,3.4,9.0,3.4,5.6
2465,101478,20260328,1653,1,11,1,1,1,10.5,3.8,10.5,3.8,6.7
2466,101479,20260513,2135,1,5,4,2,1,4.8,2.0,4.8,2.0,2.8
2467,101479,20260513,2135,1,11,4,2,2,10.5,3.8,21.0,7.6,13.4
2468,101480,20260510,1835,3,15,1,1,1,11.0,4.0,11.0,4.0,7.0
2469,101481,20260831,811,2,5,1,1,1,4.8,2.0,4.8,2.0,2.8
2470,101481,20260831,811,2,3,1,1,1,3.8,1.5,3.8,1.5,2.3
2471,101481,20260831,811,2,20,1,1,1,6.5,2.4,6.5,2.4,4.1
2472,101482,20260704,1433,4,19,2,1,2,5.5,2.0,11.0,4.0,7.0
2473,101482,20260704,1433,4,5,2,1,1,4.8,2.0,4.8,2.0,2.8
2474,101482,20260704,1433,4,4,2,1,1,4.5,1.9,4.5,1.9,2.6
2475,101483,20260704,1658,2,10,1,4,1,8.0,3.0,8.0,3.0,5.0
2476,101484,20260423,959,2,17,2,3,2,4.5,1.6,9.0,3.2,5.8
2477,101485,20260821,1817,3,11,3,1,1,10.5,3.8,10.5,3.8,6.7
2478,101485,20260821,1817,3,23,3,1,1,9.0,3.4,9.0,3.4,5.6
2479,101486,20260704,1734,1,19,3,4,1,5.5,2.0,5.5,2.0,3.5
2480,101487,20260506,1821,2,8,1,4,2,8.5,3.2,17.0,6.4,10.6
2481,101488,20260901,1850,5,7,2,1,1,4.3,1.8,4.3,1.8,2.5
2482,101488,20260901,1850,5,24,2,1,2,8.0,3.0,16.0,6.0,10.0
2483,101489,20260329,1151,4,11,1,3,1,10.5,3.8,10.5,3.8,6.7
2484,101490,20260529,1025,6,18,1,4,1,5.0,1.8,5.0,1.8,3.2
2485,101491,20260715,1917,3,8,1,1,1,8.5,3.2,8.5,3.2,5.3
2486,101492,20260715,823,2,5,2,1,1,4.8,2.0,4.8,2.0,2.8
2487,101492,20260715,823,2,18,2,1,2,5.0,1.8,10.0,3.6,6.4
2488,101493,20260626,1352,1,10,1,2,2,8.0,3.0,16.0,6.0,10.0
2489,101493,20260626,1352,1,20,1,2,1,6.5,2.4,6.5,2.4,4.1
2490,101494,20260628,1731,2,2,1,2,1,4.0,1.6,4.0,1.6,2.4
2491,101494,20260628,1731,2,20,1,2,1,6.5,2.4,6.5,2.4,4.1
2492,101495,20260516,940,3,18,1,3,2,5.0,1.8,10.0,3.6,6.4
2493,101496,20260613,1731,1,22,1,1,1,9.5,3.6,9.5,3.6,5.9
2494,101497,20260709,1922,4,10,1,1,1,8.0,3.0,8.0,3.0,5.0
2495,101498,20260615,1913,4,25,1,2,1,8.5,3.2,8.5,3.2,5.3
2496,101499,20260401,1007,1,2,4,2,1,4.0,1.6,4.0,1.6,2.4
2497,101500,20260605,1438,5,13,1,1,1,12.5,4.3,12.5,4.3,8.2
2498,101501,20260823,835,2,7,1,2,1,4.3,1.8,4.3,1.8,2.5
2499,101502,20260607,749,1,4,2,2,2,4.5,1.9,9.0,3.8,5.2
2500,101502,20260607,749,1,12,2,2,1,12.0,4.2,12.0,4.2,7.8
2501,101502,20260607,749,1,16,2,2,1,11.5,4.1,11.5,4.1,7.4
2502,101503,20260327,1002,2,6,1,1,1,5.0,2.1,5.0,2.1,2.9
2503,101503,20260327,1002,2,14,1,1,1,13.5,4.6,13.5,4.6,8.9
2504,101504,20260912,1706,6,9,2,1,1,9.0,3.4,9.0,3.4,5.6
2505,101504,20260912,1706,6,2,2,1,1,4.0,1.6,4.0,1.6,2.4
2506,101504,20260912,1706,6,7,2,1,1,4.3,1.8,4.3,1.8,2.5
2507,101505,20260906,1025,2,14,1,1,1,13.5,4.6,13.5,4.6,8.9
2508,101506,20260315,1656,3,12,1,3,1,12.0,4.2,12.0,4.2,7.8
2509,101507,20260726,1145,3,18,1,1,1,5.0,1.8,5.0,1.8,3.2
2510,101508,20260911,1025,1,9,1,1,1,9.0,3.4,9.0,3.4,5.6
2511,101508,20260911,1025,1,2,1,1,1,4.0,1.6,4.0,1.6,2.4
2512,101508,20260911,1025,1,5,1,1,2,4.8,2.0,9.6,4.0,5.6
2513,101509,20260813,1711,1,2,1,1,1,4.0,1.6,4.0,1.6,2.4
2514,101509,20260813,1711,1,24,1,1,1,8.0,3.0,8.0,3.0,5.0
2515,101510,20260422,1625,5,3,1,1,1,3.8,1.5,3.8,1.5,2.3
2516,101510,20260422,1625,5,19,1,1,1,5.5,2.0,5.5,2.0,3.5
2517,101511,20260719,1655,3,14,1,4,1,13.5,4.6,13.5,4.6,8.9
2518,101512,20260812,1313,3,16,1,1,1,11.5,4.1,11.5,4.1,7.4
2519,101513,20260901,815,5,23,2,1,1,9.0,3.4,9.0,3.4,5.6
2520,101514,20260405,806,4,20,1,1,1,6.5,2.4,6.5,2.4,4.1
2521,101514,20260405,806,4,6,1,1,2,5.0,2.1,10.0,4.2,5.8
2522,101515,20260904,1830,2,16,1,3,2,11.5,4.1,23.0,8.2,14.8
2523,101516,20260602,1926,3,24,1,4,1,8.0,3.0,8.0,3.0,5.0
2524,101516,20260602,1926,3,4,1,4,1,4.5,1.9,4.5,1.9,2.6
2525,101517,20260425,1010,3,6,3,1,2,5.0,2.1,10.0,4.2,5.8
2526,101517,20260425,1010,3,3,3,1,2,3.8,1.5,7.6,3.0,4.6
2527,101518,20260528,1840,4,8,3,1,1,8.5,3.2,8.5,3.2,5.3
2528,101519,20260615,1839,1,25,2,3,1,8.5,3.2,8.5,3.2,5.3
2529,101519,20260615,1839,1,15,2,3,1,11.0,4.0,11.0,4.0,7.0
2530,101519,20260615,1839,1,3,2,3,2,3.8,1.5,7.6,3.0,4.6
2531,101520,20260524,840,3,3,1,2,1,3.8,1.5,3.8,1.5,2.3
2532,101521,20260725,747,1,13,1,1,1,12.5,4.3,12.5,4.3,8.2
2533,101522,20260715,1756,2,10,1,4,1,8.0,3.0,8.0,3.0,5.0
2534,101523,20260331,1721,2,3,1,3,1,3.8,1.5,3.8,1.5,2.3
2535,101524,20260901,1049,4,25,2,1,2,8.5,3.2,17.0,6.4,10.6
2536,101524,20260901,1049,4,16,2,1,1,11.5,4.1,11.5,4.1,7.4
2537,101525,20260501,1920,5,3,2,1,1,3.8,1.5,3.8,1.5,2.3
2538,101525,20260501,1920,5,7,2,1,1,4.3,1.8,4.3,1.8,2.5
2539,101525,20260501,1920,5,9,2,1,1,9.0,3.4,9.0,3.4,5.6
2540,101526,20260804,1351,5,22,1,1,1,9.5,3.6,9.5,3.6,5.9
2541,101526,20260804,1351,5,24,1,1,1,8.0,3.0,8.0,3.0,5.0
2542,101527,20260413,1349,3,19,2,1,1,5.5,2.0,5.5,2.0,3.5
2543,101527,20260413,1349,3,18,2,1,1,5.0,1.8,5.0,1.8,3.2
2544,101527,20260413,1349,3,18,2,1,1,5.0,1.8,5.0,1.8,3.2
2545,101528,20260911,1824,5,25,2,1,1,8.5,3.2,8.5,3.2,5.3
2546,101529,20260629,2126,6,19,2,3,2,5.5,2.0,11.0,4.0,7.0
2547,101530,20260406,1703,4,25,2,4,1,8.5,3.2,8.5,3.2,5.3
2548,101531,20260609,1008,2,4,2,2,2,4.5,1.9,9.0,3.8,5.2
2549,101531,20260609,1008,2,5,2,2,2,4.8,2.0,9.6,4.0,5.6
2550,101532,20260427,1706,5,18,2,4,2,5.0,1.8,10.0,3.6,6.4
2551,101533,20260628,823,3,18,1,1,1,5.0,1.8,5.0,1.8,3.2
2552,101534,20260710,1733,1,7,2,2,1,4.3,1.8,4.3,1.8,2.5
2553,101535,20260726,935,1,6,2,4,1,5.0,2.1,5.0,2.1,2.9
2554,101536,20260612,1007,2,23,1,1,1,9.0,3.4,9.0,3.4,5.6
2555,101537,20260722,916,6,21,1,2,1,9.0,3.2,9.0,3.2,5.8
2556,101538,20260704,1733,2,12,4,3,1,12.0,4.2,12.0,4.2,7.8
2557,101539,20260425,1559,3,2,4,2,1,4.0,1.6,4.0,1.6,2.4
2558,101540,20260613,1033,5,1,1,2,2,3.5,1.4,7.0,2.8,4.2
2559,101541,20260616,1905,4,8,1,3,1,8.5,3.2,8.5,3.2,5.3
2560,101541,20260616,1905,4,25,1,3,1,8.5,3.2,8.5,3.2,5.3
2561,101542,20260520,1341,3,17,1,3,1,4.5,1.6,4.5,1.6,2.9
2562,101542,20260520,1341,3,6,1,3,1,5.0,2.1,5.0,2.1,2.9
2563,101542,20260520,1341,3,11,1,3,1,10.5,3.8,10.5,3.8,6.7
2564,101543,20260619,1000,2,1,1,4,1,3.5,1.4,3.5,1.4,2.1
2565,101544,20260430,1830,1,6,2,3,1,5.0,2.1,5.0,2.1,2.9
2566,101545,20260808,1751,1,10,1,3,1,8.0,3.0,8.0,3.0,5.0
2567,101546,20260608,1855,6,5,1,1,1,4.8,2.0,4.8,2.0,2.8
2568,101547,20260618,906,6,6,2,1,1,5.0,2.1,5.0,2.1,2.9
2569,101547,20260618,906,6,2,2,1,1,4.0,1.6,4.0,1.6,2.4
2570,101548,20260722,1741,3,15,1,1,1,11.0,4.0,11.0,4.0,7.0
2571,101549,20260504,1745,4,13,1,4,1,12.5,4.3,12.5,4.3,8.2
2572,101549,20260504,1745,4,23,1,4,1,9.0,3.4,9.0,3.4,5.6
2573,101549,20260504,1745,4,16,1,4,1,11.5,4.1,11.5,4.1,7.4
2574,101550,20260603,1223,3,7,2,3,2,4.3,1.8,8.6,3.6,5.0
2575,101550,20260603,1223,3,17,2,3,1,4.5,1.6,4.5,1.6,2.9
2576,101551,20260731,945,1,6,1,2,2,5.0,2.1,10.0,4.2,5.8
2577,101552,20260828,1500,6,15,1,1,1,11.0,4.0,11.0,4.0,7.0
2578,101553,20260506,1022,2,7,1,2,1,4.3,1.8,4.3,1.8,2.5
2579,101554,20260718,1928,1,11,1,1,2,10.5,3.8,21.0,7.6,13.4
2580,101554,20260718,1928,1,1,1,1,2,3.5,1.4,7.0,2.8,4.2
2581,101555,20260716,2156,1,11,1,1,1,10.5,3.8,10.5,3.8,6.7
2582,101556,20260710,934,4,21,3,2,1,9.0,3.2,9.0,3.2,5.8
2583,101557,20260506,1642,1,4,1,2,1,4.5,1.9,4.5,1.9,2.6
2584,101558,20260818,1750,3,9,1,3,2,9.0,3.4,18.0,6.8,11.2
2585,101558,20260818,1750,3,20,1,3,1,6.5,2.4,6.5,2.4,4.1
2586,101559,20260628,1827,5,10,1,3,1,8.0,3.0,8.0,3.0,5.0
2587,101560,20260421,1356,4,5,2,1,2,4.8,2.0,9.6,4.0,5.6
2588,101561,20260703,1919,4,20,1,3,1,6.5,2.4,6.5,2.4,4.1
2589,101561,20260703,1919,4,16,1,3,2,11.5,4.1,23.0,8.2,14.8
2590,101561,20260703,1919,4,10,1,3,1,8.0,3.0,8.0,3.0,5.0
2591,101562,20260501,850,4,3,1,1,2,3.8,1.5,7.6,3.0,4.6
2592,101562,20260501,850,4,7,1,1,1,4.3,1.8,4.3,1.8,2.5
2593,101563,20260327,1716,6,10,1,3,1,8.0,3.0,8.0,3.0,5.0
2594,101564,20260420,832,4,6,4,3,1,5.0,2.1,5.0,2.1,2.9
2595,101564,20260420,832,4,24,4,3,1,8.0,3.0,8.0,3.0,5.0
2596,101565,20260825,747,2,14,1,1,2,13.5,4.6,27.0,9.2,17.8
2597,101565,20260825,747,2,15,1,1,1,11.0,4.0,11.0,4.0,7.0
2598,101566,20260814,914,2,3,1,2,1,3.8,1.5,3.8,1.5,2.3
2599,101567,20260404,1643,1,19,3,3,2,5.5,2.0,11.0,4.0,7.0
2600,101568,20260404,1856,3,16,1,1,2,11.5,4.1,23.0,8.2,14.8
2601,101568,20260404,1856,3,21,1,1,1,9.0,3.2,9.0,3.2,5.8
2602,101569,20260717,1636,2,9,1,3,1,9.0,3.4,9.0,3.4,5.6
2603,101570,20260723,938,2,4,1,4,1,4.5,1.9,4.5,1.9,2.6
2604,101570,20260723,938,2,7,1,4,1,4.3,1.8,4.3,1.8,2.5
2605,101571,20260728,1816,5,22,1,4,2,9.5,3.6,19.0,7.2,11.8
2606,101571,20260728,1816,5,8,1,4,1,8.5,3.2,8.5,3.2,5.3
2607,101571,20260728,1816,5,14,1,4,1,13.5,4.6,13.5,4.6,8.9
2608,101572,20260826,1848,6,19,2,4,1,5.5,2.0,5.5,2.0,3.5
2609,101572,20260826,1848,6,22,2,4,1,9.5,3.6,9.5,3.6,5.9
2610,101572,20260826,1848,6,9,2,4,1,9.0,3.4,9.0,3.4,5.6
2611,101573,20260723,1016,1,6,3,1,1,5.0,2.1,5.0,2.1,2.9
2612,101573,20260723,1016,1,13,3,1,1,12.5,4.3,12.5,4.3,8.2
2613,101573,20260723,1016,1,16,3,1,1,11.5,4.1,11.5,4.1,7.4
2614,101574,20260403,1004,1,7,1,1,2,4.3,1.8,8.6,3.6,5.0
2615,101574,20260403,1004,1,20,1,1,1,6.5,2.4,6.5,2.4,4.1
2616,101574,20260403,1004,1,3,1,1,1,3.8,1.5,3.8,1.5,2.3
2617,101575,20260613,725,6,4,1,2,2,4.5,1.9,9.0,3.8,5.2
2618,101576,20260717,935,2,9,2,1,1,9.0,3.4,9.0,3.4,5.6
2619,101576,20260717,935,2,1,2,1,1,3.5,1.4,3.5,1.4,2.1
2620,101577,20260317,918,2,2,4,1,1,4.0,1.6,4.0,1.6,2.4
2621,101577,20260317,918,2,21,4,1,2,9.0,3.2,18.0,6.4,11.6
2622,101578,20260325,2115,6,24,2,1,2,8.0,3.0,16.0,6.0,10.0
2623,101578,20260325,2115,6,20,2,1,1,6.5,2.4,6.5,2.4,4.1
2624,101579,20260910,1902,1,13,4,3,1,12.5,4.3,12.5,4.3,8.2
2625,101580,20260616,1714,6,24,1,3,1,8.0,3.0,8.0,3.0,5.0
2626,101580,20260616,1714,6,9,1,3,1,9.0,3.4,9.0,3.4,5.6
2627,101581,20260426,840,1,6,1,1,1,5.0,2.1,5.0,2.1,2.9
2628,101581,20260426,840,1,2,1,1,1,4.0,1.6,4.0,1.6,2.4
2629,101582,20260417,928,6,18,1,1,1,5.0,1.8,5.0,1.8,3.2
2630,101582,20260417,928,6,5,1,1,1,4.8,2.0,4.8,2.0,2.8
2631,101583,20260519,2124,4,24,1,1,1,8.0,3.0,8.0,3.0,5.0
2632,101583,20260519,2124,4,10,1,1,1,8.0,3.0,8.0,3.0,5.0
2633,101584,20260430,1916,3,2,1,4,1,4.0,1.6,4.0,1.6,2.4
2634,101584,20260430,1916,3,7,1,4,1,4.3,1.8,4.3,1.8,2.5
2635,101585,20260814,1808,2,6,2,3,1,5.0,2.1,5.0,2.1,2.9
2636,101585,20260814,1808,2,12,2,3,1,12.0,4.2,12.0,4.2,7.8
2637,101585,20260814,1808,2,24,2,3,1,8.0,3.0,8.0,3.0,5.0
2638,101586,20260817,1819,2,10,1,2,1,8.0,3.0,8.0,3.0,5.0
2639,101586,20260817,1819,2,11,1,2,1,10.5,3.8,10.5,3.8,6.7
2640,101586,20260817,1819,2,5,1,2,1,4.8,2.0,4.8,2.0,2.8
2641,101587,20260814,1331,2,14,3,2,1,13.5,4.6,13.5,4.6,8.9
2642,101588,20260705,1020,4,1,1,3,2,3.5,1.4,7.0,2.8,4.2
2643,101588,20260705,1020,4,7,1,3,1,4.3,1.8,4.3,1.8,2.5
2644,101589,20260703,1736,3,15,1,1,1,11.0,4.0,11.0,4.0,7.0
2645,101590,20260620,1639,6,13,1,3,1,12.5,4.3,12.5,4.3,8.2
2646,101591,20260905,817,6,3,2,3,1,3.8,1.5,3.8,1.5,2.3
2647,101591,20260905,817,6,17,2,3,1,4.5,1.6,4.5,1.6,2.9
2648,101592,20260417,949,3,5,2,4,1,4.8,2.0,4.8,2.0,2.8
2649,101593,20260624,1846,6,17,1,4,1,4.5,1.6,4.5,1.6,2.9
2650,101593,20260624,1846,6,23,1,4,2,9.0,3.4,18.0,6.8,11.2
2651,101593,20260624,1846,6,2,1,4,1,4.0,1.6,4.0,1.6,2.4
2652,101594,20260706,1158,2,11,1,1,1,10.5,3.8,10.5,3.8,6.7
2653,101594,20260706,1158,2,23,1,1,1,9.0,3.4,9.0,3.4,5.6
2654,101595,20260716,1651,2,1,2,3,1,3.5,1.4,3.5,1.4,2.1
2655,101596,20260810,2036,3,4,3,2,1,4.5,1.9,4.5,1.9,2.6
2656,101596,20260810,2036,3,13,3,2,1,12.5,4.3,12.5,4.3,8.2
2657,101597,20260817,1924,3,13,1,3,2,12.5,4.3,25.0,8.6,16.4
2658,101597,20260817,1924,3,17,1,3,1,4.5,1.6,4.5,1.6,2.9
2659,101598,20260816,919,4,19,1,1,1,5.5,2.0,5.5,2.0,3.5
2660,101599,20260904,1315,3,2,1,4,1,4.0,1.6,4.0,1.6,2.4
2661,101599,20260904,1315,3,7,1,4,1,4.3,1.8,4.3,1.8,2.5
2662,101600,20260612,1826,2,21,1,1,1,9.0,3.2,9.0,3.2,5.8
2663,101600,20260612,1826,2,24,1,1,2,8.0,3.0,16.0,6.0,10.0
2664,101601,20260504,1857,2,24,2,1,1,8.0,3.0,8.0,3.0,5.0
2665,101601,20260504,1857,2,4,2,1,1,4.5,1.9,4.5,1.9,2.6
2666,101601,20260504,1857,2,9,2,1,1,9.0,3.4,9.0,3.4,5.6
2667,101602,20260422,1011,6,3,2,1,1,3.8,1.5,3.8,1.5,2.3
2668,101603,20260725,828,4,25,1,4,1,8.5,3.2,8.5,3.2,5.3
2669,101603,20260725,828,4,4,1,4,1,4.5,1.9,4.5,1.9,2.6
2670,101604,20260531,840,2,3,1,1,1,3.8,1.5,3.8,1.5,2.3
2671,101604,20260531,840,2,21,1,1,1,9.0,3.2,9.0,3.2,5.8
2672,101605,20260511,805,5,6,2,1,1,5.0,2.1,5.0,2.1,2.9
2673,101606,20260902,1302,5,5,4,4,2,4.8,2.0,9.6,4.0,5.6
2674,101606,20260902,1302,5,20,4,4,1,6.5,2.4,6.5,2.4,4.1
2675,101606,20260902,1302,5,22,4,4,1,9.5,3.6,9.5,3.6,5.9
2676,101607,20260408,1942,1,8,1,1,2,8.5,3.2,17.0,6.4,10.6
2677,101607,20260408,1942,1,10,1,1,1,8.0,3.0,8.0,3.0,5.0
2678,101607,20260408,1942,1,23,1,1,1,9.0,3.4,9.0,3.4,5.6
2679,101608,20260625,1007,4,8,3,2,1,8.5,3.2,8.5,3.2,5.3
2680,101609,20260628,1358,4,10,1,1,1,8.0,3.0,8.0,3.0,5.0
2681,101610,20260609,1917,3,11,2,3,1,10.5,3.8,10.5,3.8,6.7
2682,101611,20260516,811,5,4,4,1,2,4.5,1.9,9.0,3.8,5.2
2683,101612,20260327,1822,3,9,1,1,1,9.0,3.4,9.0,3.4,5.6
2684,101613,20260525,1705,2,19,1,1,1,5.5,2.0,5.5,2.0,3.5
2685,101614,20260505,1644,3,13,1,2,1,12.5,4.3,12.5,4.3,8.2
2686,101615,20260420,1742,3,15,1,1,1,11.0,4.0,11.0,4.0,7.0
2687,101616,20260619,847,2,3,1,1,1,3.8,1.5,3.8,1.5,2.3
2688,101616,20260619,847,2,20,1,1,1,6.5,2.4,6.5,2.4,4.1
2689,101616,20260619,847,2,1,1,1,2,3.5,1.4,7.0,2.8,4.2
2690,101617,20260320,1929,1,7,2,3,1,4.3,1.8,4.3,1.8,2.5
2691,101618,20260910,2116,1,21,2,1,1,9.0,3.2,9.0,3.2,5.8
2692,101619,20260831,1904,4,10,2,2,1,8.0,3.0,8.0,3.0,5.0
2693,101620,20260606,1025,5,20,2,2,1,6.5,2.4,6.5,2.4,4.1
2694,101621,20260501,1918,4,14,1,3,1,13.5,4.6,13.5,4.6,8.9
2695,101621,20260501,1918,4,10,1,3,1,8.0,3.0,8.0,3.0,5.0
2696,101622,20260809,1201,3,23,2,2,1,9.0,3.4,9.0,3.4,5.6
2697,101623,20260725,1253,4,3,1,1,1,3.8,1.5,3.8,1.5,2.3
2698,101623,20260725,1253,4,9,1,1,1,9.0,3.4,9.0,3.4,5.6
2699,101623,20260725,1253,4,3,1,1,1,3.8,1.5,3.8,1.5,2.3
2700,101624,20260525,1255,4,5,1,1,1,4.8,2.0,4.8,2.0,2.8
2701,101624,20260525,1255,4,22,1,1,1,9.5,3.6,9.5,3.6,5.9
2702,101625,20260403,1919,6,11,2,4,1,10.5,3.8,10.5,3.8,6.7
2703,101626,20260619,1326,6,4,1,1,1,4.5,1.9,4.5,1.9,2.6
2704,101626,20260619,1326,6,5,1,1,1,4.8,2.0,4.8,2.0,2.8
2705,101627,20260811,927,1,17,1,4,1,4.5,1.6,4.5,1.6,2.9
2706,101627,20260811,927,1,14,1,4,1,13.5,4.6,13.5,4.6,8.9
2707,101627,20260811,927,1,2,1,4,1,4.0,1.6,4.0,1.6,2.4
2708,101628,20260411,901,1,2,2,1,1,4.0,1.6,4.0,1.6,2.4
2709,101628,20260411,901,1,23,2,1,1,9.0,3.4,9.0,3.4,5.6
2710,101628,20260411,901,1,17,2,1,1,4.5,1.6,4.5,1.6,2.9
2711,101629,20260815,1010,1,24,1,1,1,8.0,3.0,8.0,3.0,5.0
2712,101630,20260705,1700,3,6,1,1,1,5.0,2.1,5.0,2.1,2.9
2713,101630,20260705,1700,3,13,1,1,1,12.5,4.3,12.5,4.3,8.2
2714,101631,20260808,843,3,17,2,1,2,4.5,1.6,9.0,3.2,5.8
2715,101632,20260803,1649,2,16,2,4,1,11.5,4.1,11.5,4.1,7.4
2716,101632,20260803,1649,2,16,2,4,1,11.5,4.1,11.5,4.1,7.4
2717,101632,20260803,1649,2,11,2,4,1,10.5,3.8,10.5,3.8,6.7
2718,101633,20260812,1025,2,17,2,1,1,4.5,1.6,4.5,1.6,2.9
2719,101634,20260712,1932,4,5,3,2,1,4.8,2.0,4.8,2.0,2.8
2720,101634,20260712,1932,4,17,3,2,1,4.5,1.6,4.5,1.6,2.9
2721,101635,20260415,955,5,7,1,2,1,4.3,1.8,4.3,1.8,2.5
2722,101635,20260415,955,5,7,1,2,1,4.3,1.8,4.3,1.8,2.5
2723,101635,20260415,955,5,5,1,2,1,4.8,2.0,4.8,2.0,2.8
2724,101636,20260327,933,1,8,1,1,2,8.5,3.2,17.0,6.4,10.6
2725,101636,20260327,933,1,12,1,1,2,12.0,4.2,24.0,8.4,15.6
2726,101637,20260913,1239,4,3,2,1,1,3.8,1.5,3.8,1.5,2.3
2727,101637,20260913,1239,4,9,2,1,1,9.0,3.4,9.0,3.4,5.6
2728,101637,20260913,1239,4,16,2,1,2,11.5,4.1,23.0,8.2,14.8
2729,101638,20260619,1625,2,4,4,1,1,4.5,1.9,4.5,1.9,2.6
2730,101638,20260619,1625,2,2,4,1,1,4.0,1.6,4.0,1.6,2.4
2731,101639,20260422,1950,6,7,4,3,1,4.3,1.8,4.3,1.8,2.5
2732,101639,20260422,1950,6,11,4,3,1,10.5,3.8,10.5,3.8,6.7
2733,101640,20260911,1422,6,6,1,1,1,5.0,2.1,5.0,2.1,2.9
2734,101640,20260911,1422,6,9,1,1,1,9.0,3.4,9.0,3.4,5.6
2735,101641,20260910,1838,6,15,1,3,1,11.0,4.0,11.0,4.0,7.0
2736,101641,20260910,1838,6,8,1,3,1,8.5,3.2,8.5,3.2,5.3
2737,101642,20260709,1736,2,2,1,1,1,4.0,1.6,4.0,1.6,2.4
2738,101642,20260709,1736,2,21,1,1,2,9.0,3.2,18.0,6.4,11.6
2739,101643,20260519,1208,4,9,1,1,1,9.0,3.4,9.0,3.4,5.6
2740,101644,20260617,1120,4,25,1,2,1,8.5,3.2,8.5,3.2,5.3
2741,101644,20260617,1120,4,17,1,2,1,4.5,1.6,4.5,1.6,2.9
2742,101644,20260617,1120,4,10,1,2,2,8.0,3.0,16.0,6.0,10.0
2743,101645,20260617,1759,4,18,1,4,2,5.0,1.8,10.0,3.6,6.4
2744,101645,20260617,1759,4,20,1,4,1,6.5,2.4,6.5,2.4,4.1
2745,101646,20260505,1728,5,9,1,4,1,9.0,3.4,9.0,3.4,5.6
2746,101646,20260505,1728,5,14,1,4,1,13.5,4.6,13.5,4.6,8.9
2747,101647,20260906,1813,1,2,1,3,1,4.0,1.6,4.0,1.6,2.4
2748,101647,20260906,1813,1,12,1,3,1,12.0,4.2,12.0,4.2,7.8
2749,101648,20260420,953,2,3,3,1,1,3.8,1.5,3.8,1.5,2.3
2750,101648,20260420,953,2,8,3,1,1,8.5,3.2,8.5,3.2,5.3
2751,101648,20260420,953,2,4,3,1,1,4.5,1.9,4.5,1.9,2.6
2752,101649,20260724,1544,4,15,1,2,1,11.0,4.0,11.0,4.0,7.0
2753,101649,20260724,1544,4,6,1,2,1,5.0,2.1,5.0,2.1,2.9
2754,101650,20260825,951,2,18,2,1,1,5.0,1.8,5.0,1.8,3.2
2755,101650,20260825,951,2,2,2,1,1,4.0,1.6,4.0,1.6,2.4
2756,101650,20260825,951,2,19,2,1,1,5.5,2.0,5.5,2.0,3.5
2757,101651,20260717,1447,2,4,4,2,1,4.5,1.9,4.5,1.9,2.6
2758,101651,20260717,1447,2,23,4,2,1,9.0,3.4,9.0,3.4,5.6
2759,101652,20260403,1001,1,23,1,1,1,9.0,3.4,9.0,3.4,5.6
2760,101652,20260403,1001,1,3,1,1,1,3.8,1.5,3.8,1.5,2.3
2761,101653,20260716,1703,3,13,1,1,1,12.5,4.3,12.5,4.3,8.2
2762,101653,20260716,1703,3,23,1,1,1,9.0,3.4,9.0,3.4,5.6
2763,101654,20260808,1311,1,14,1,1,1,13.5,4.6,13.5,4.6,8.9
2764,101655,20260828,908,4,23,2,2,1,9.0,3.4,9.0,3.4,5.6
2765,101656,20260620,822,4,19,1,1,1,5.5,2.0,5.5,2.0,3.5
2766,101657,20260910,1857,4,20,3,4,1,6.5,2.4,6.5,2.4,4.1
2767,101658,20260403,920,2,4,1,3,1,4.5,1.9,4.5,1.9,2.6
2768,101659,20260321,1717,6,12,1,3,1,12.0,4.2,12.0,4.2,7.8
2769,101659,20260321,1717,6,9,1,3,1,9.0,3.4,9.0,3.4,5.6
2770,101660,20260913,1736,4,18,3,3,1,5.0,1.8,5.0,1.8,3.2
2771,101660,20260913,1736,4,15,3,3,1,11.0,4.0,11.0,4.0,7.0
2772,101660,20260913,1736,4,12,3,3,1,12.0,4.2,12.0,4.2,7.8
2773,101661,20260623,2009,6,18,1,2,1,5.0,1.8,5.0,1.8,3.2
2774,101662,20260820,1020,2,1,3,2,1,3.5,1.4,3.5,1.4,2.1
2775,101663,20260827,822,2,1,1,1,2,3.5,1.4,7.0,2.8,4.2
2776,101664,20260530,1207,3,19,2,1,1,5.5,2.0,5.5,2.0,3.5
2777,101665,20260425,1848,2,9,1,1,1,9.0,3.4,9.0,3.4,5.6
2778,101665,20260425,1848,2,15,1,1,1,11.0,4.0,11.0,4.0,7.0
2779,101665,20260425,1848,2,11,1,1,1,10.5,3.8,10.5,3.8,6.7
2780,101666,20260331,932,5,3,1,4,1,3.8,1.5,3.8,1.5,2.3
2781,101666,20260331,932,5,18,1,4,1,5.0,1.8,5.0,1.8,3.2
2782,101667,20260723,1808,4,4,3,4,1,4.5,1.9,4.5,1.9,2.6
2783,101668,20260517,1931,1,3,2,2,1,3.8,1.5,3.8,1.5,2.3
2784,101669,20260707,1233,3,16,1,4,1,11.5,4.1,11.5,4.1,7.4
2785,101669,20260707,1233,3,2,1,4,2,4.0,1.6,8.0,3.2,4.8
2786,101669,20260707,1233,3,20,1,4,1,6.5,2.4,6.5,2.4,4.1
2787,101670,20260408,928,4,6,1,1,1,5.0,2.1,5.0,2.1,2.9
2788,101671,20260804,1757,1,11,1,1,2,10.5,3.8,21.0,7.6,13.4
2789,101672,20260421,1742,5,16,1,3,1,11.5,4.1,11.5,4.1,7.4
2790,101673,20260428,1647,4,16,1,1,1,11.5,4.1,11.5,4.1,7.4
2791,101673,20260428,1647,4,20,1,1,2,6.5,2.4,13.0,4.8,8.2
2792,101673,20260428,1647,4,1,1,1,1,3.5,1.4,3.5,1.4,2.1
2793,101674,20260802,1429,4,15,2,1,2,11.0,4.0,22.0,8.0,14.0
2794,101674,20260802,1429,4,9,2,1,1,9.0,3.4,9.0,3.4,5.6
2795,101675,20260712,1922,1,18,2,4,1,5.0,1.8,5.0,1.8,3.2
2796,101676,20260614,1102,1,7,3,3,1,4.3,1.8,4.3,1.8,2.5
2797,101676,20260614,1102,1,19,3,3,1,5.5,2.0,5.5,2.0,3.5
2798,101677,20260711,1731,1,14,1,4,1,13.5,4.6,13.5,4.6,8.9
2799,101677,20260711,1731,1,8,1,4,1,8.5,3.2,8.5,3.2,5.3
2800,101678,20260901,1001,2,17,2,1,1,4.5,1.6,4.5,1.6,2.9
2801,101678,20260901,1001,2,4,2,1,1,4.5,1.9,4.5,1.9,2.6
2802,101679,20260826,1857,3,16,1,1,1,11.5,4.1,11.5,4.1,7.4
2803,101679,20260826,1857,3,10,1,1,1,8.0,3.0,8.0,3.0,5.0
2804,101679,20260826,1857,3,14,1,1,2,13.5,4.6,27.0,9.2,17.8
2805,101680,20260512,1826,4,18,4,4,1,5.0,1.8,5.0,1.8,3.2
2806,101680,20260512,1826,4,13,4,4,1,12.5,4.3,12.5,4.3,8.2
2807,101681,20260718,1021,4,7,2,1,1,4.3,1.8,4.3,1.8,2.5
2808,101682,20260611,1342,2,3,2,1,1,3.8,1.5,3.8,1.5,2.3
2809,101682,20260611,1342,2,7,2,1,1,4.3,1.8,4.3,1.8,2.5
2810,101682,20260611,1342,2,3,2,1,1,3.8,1.5,3.8,1.5,2.3
2811,101683,20260411,957,4,20,1,1,2,6.5,2.4,13.0,4.8,8.2
2812,101684,20260514,1921,1,19,2,1,1,5.5,2.0,5.5,2.0,3.5
2813,101685,20260711,1651,5,20,4,1,1,6.5,2.4,6.5,2.4,4.1
2814,101685,20260711,1651,5,24,4,1,1,8.0,3.0,8.0,3.0,5.0
2815,101685,20260711,1651,5,20,4,1,2,6.5,2.4,13.0,4.8,8.2
2816,101686,20260817,1917,1,9,2,1,1,9.0,3.4,9.0,3.4,5.6
2817,101686,20260817,1917,1,5,2,1,1,4.8,2.0,4.8,2.0,2.8
2818,101687,20260607,1904,2,25,2,3,1,8.5,3.2,8.5,3.2,5.3
2819,101687,20260607,1904,2,18,2,3,1,5.0,1.8,5.0,1.8,3.2
2820,101688,20260702,1612,2,22,4,1,1,9.5,3.6,9.5,3.6,5.9
2821,101689,20260715,1758,4,1,2,1,1,3.5,1.4,3.5,1.4,2.1
2822,101690,20260515,1657,2,19,2,3,1,5.5,2.0,5.5,2.0,3.5
2823,101691,20260325,1747,1,14,1,1,1,13.5,4.6,13.5,4.6,8.9
2824,101691,20260325,1747,1,15,1,1,1,11.0,4.0,11.0,4.0,7.0
2825,101691,20260325,1747,1,17,1,1,1,4.5,1.6,4.5,1.6,2.9
2826,101692,20260527,1735,4,10,4,3,1,8.0,3.0,8.0,3.0,5.0
2827,101692,20260527,1735,4,12,4,3,1,12.0,4.2,12.0,4.2,7.8
2828,101692,20260527,1735,4,18,4,3,1,5.0,1.8,5.0,1.8,3.2
2829,101693,20260909,1713,1,12,1,1,1,12.0,4.2,12.0,4.2,7.8
2830,101694,20260713,1634,5,9,2,1,1,9.0,3.4,9.0,3.4,5.6
2831,101694,20260713,1634,5,15,2,1,1,11.0,4.0,11.0,4.0,7.0
2832,101695,20260524,1501,6,17,1,4,1,4.5,1.6,4.5,1.6,2.9
2833,101696,20260404,1845,6,22,1,3,1,9.5,3.6,9.5,3.6,5.9
2834,101696,20260404,1845,6,13,1,3,1,12.5,4.3,12.5,4.3,8.2
2835,101696,20260404,1845,6,19,1,3,1,5.5,2.0,5.5,2.0,3.5
2836,101697,20260813,1514,2,14,2,2,2,13.5,4.6,27.0,9.2,17.8
2837,101698,20260829,1642,4,15,4,4,1,11.0,4.0,11.0,4.0,7.0
2838,101699,20260807,1828,6,8,1,1,2,8.5,3.2,17.0,6.4,10.6
2839,101700,20260821,1230,2,19,2,2,2,5.5,2.0,11.0,4.0,7.0
2840,101701,20260817,1851,3,10,1,3,1,8.0,3.0,8.0,3.0,5.0
2841,101701,20260817,1851,3,10,1,3,1,8.0,3.0,8.0,3.0,5.0
2842,101702,20260826,1150,4,3,1,1,1,3.8,1.5,3.8,1.5,2.3
2843,101702,20260826,1150,4,17,1,1,2,4.5,1.6,9.0,3.2,5.8
2844,101702,20260826,1150,4,3,1,1,1,3.8,1.5,3.8,1.5,2.3
2845,101703,20260621,1856,2,23,4,4,1,9.0,3.4,9.0,3.4,5.6
2846,101703,20260621,1856,2,16,4,4,1,11.5,4.1,11.5,4.1,7.4
2847,101704,20260831,1248,6,19,2,1,2,5.5,2.0,11.0,4.0,7.0
2848,101704,20260831,1248,6,19,2,1,1,5.5,2.0,5.5,2.0,3.5
2849,101705,20260602,1752,3,9,3,1,1,9.0,3.4,9.0,3.4,5.6
2850,101705,20260602,1752,3,11,3,1,2,10.5,3.8,21.0,7.6,13.4
2851,101705,20260602,1752,3,13,3,1,1,12.5,4.3,12.5,4.3,8.2
2852,101706,20260401,1345,4,3,1,1,1,3.8,1.5,3.8,1.5,2.3
2853,101706,20260401,1345,4,5,1,1,2,4.8,2.0,9.6,4.0,5.6
2854,101707,20260716,1122,6,23,1,3,1,9.0,3.4,9.0,3.4,5.6
2855,101707,20260716,1122,6,16,1,3,1,11.5,4.1,11.5,4.1,7.4
2856,101708,20260423,1005,1,1,1,1,1,3.5,1.4,3.5,1.4,2.1
2857,101709,20260514,1223,2,9,4,2,2,9.0,3.4,18.0,6.8,11.2
2858,101710,20260501,1211,4,19,1,1,1,5.5,2.0,5.5,2.0,3.5
2859,101710,20260501,1211,4,15,1,1,1,11.0,4.0,11.0,4.0,7.0
2860,101710,20260501,1211,4,12,1,1,1,12.0,4.2,12.0,4.2,7.8
2861,101711,20260316,836,1,5,1,1,1,4.8,2.0,4.8,2.0,2.8
2862,101712,20260502,751,1,10,1,1,1,8.0,3.0,8.0,3.0,5.0
2863,101713,20260607,1326,5,4,2,3,1,4.5,1.9,4.5,1.9,2.6
2864,101714,20260529,812,4,5,4,4,2,4.8,2.0,9.6,4.0,5.6
2865,101714,20260529,812,4,9,4,4,1,9.0,3.4,9.0,3.4,5.6
2866,101715,20260605,2131,4,1,1,2,1,3.5,1.4,3.5,1.4,2.1
2867,101716,20260529,727,5,19,2,1,1,5.5,2.0,5.5,2.0,3.5
2868,101717,20260819,1513,2,21,2,1,1,9.0,3.2,9.0,3.2,5.8
2869,101718,20260601,1012,3,24,1,3,1,8.0,3.0,8.0,3.0,5.0
2870,101718,20260601,1012,3,20,1,3,1,6.5,2.4,6.5,2.4,4.1
2871,101718,20260601,1012,3,3,1,3,2,3.8,1.5,7.6,3.0,4.6
2872,101719,20260720,1409,5,20,3,2,1,6.5,2.4,6.5,2.4,4.1
2873,101720,20260901,2029,1,11,1,4,1,10.5,3.8,10.5,3.8,6.7
2874,101721,20260902,2139,3,9,1,1,1,9.0,3.4,9.0,3.4,5.6
2875,101722,20260315,1111,1,3,1,1,1,3.8,1.5,3.8,1.5,2.3
2876,101722,20260315,1111,1,18,1,1,1,5.0,1.8,5.0,1.8,3.2
2877,101723,20260813,1452,2,3,1,1,1,3.8,1.5,3.8,1.5,2.3
2878,101724,20260816,920,6,1,1,1,1,3.5,1.4,3.5,1.4,2.1
2879,101725,20260809,1157,4,6,1,4,1,5.0,2.1,5.0,2.1,2.9
2880,101726,20260720,1634,2,14,2,3,1,13.5,4.6,13.5,4.6,8.9
2881,101727,20260817,1835,4,13,2,3,1,12.5,4.3,12.5,4.3,8.2
2882,101727,20260817,1835,4,11,2,3,1,10.5,3.8,10.5,3.8,6.7
2883,101728,20260604,1813,4,15,1,1,1,11.0,4.0,11.0,4.0,7.0
2884,101729,20260511,939,2,2,1,1,1,4.0,1.6,4.0,1.6,2.4
2885,101729,20260511,939,2,18,1,1,2,5.0,1.8,10.0,3.6,6.4
2886,101730,20260803,805,5,23,2,2,1,9.0,3.4,9.0,3.4,5.6
2887,101730,20260803,805,5,2,2,2,1,4.0,1.6,4.0,1.6,2.4
2888,101731,20260518,1215,4,7,1,4,1,4.3,1.8,4.3,1.8,2.5
2889,101732,20260702,858,3,20,1,4,1,6.5,2.4,6.5,2.4,4.1
2890,101732,20260702,858,3,5,1,4,1,4.8,2.0,4.8,2.0,2.8
2891,101732,20260702,858,3,2,1,4,1,4.0,1.6,4.0,1.6,2.4
2892,101733,20260721,822,2,5,1,1,1,4.8,2.0,4.8,2.0,2.8
2893,101734,20260504,749,2,11,2,1,1,10.5,3.8,10.5,3.8,6.7
2894,101735,20260602,1725,2,15,1,1,1,11.0,4.0,11.0,4.0,7.0
2895,101735,20260602,1725,2,24,1,1,1,8.0,3.0,8.0,3.0,5.0
2896,101736,20260409,1535,3,19,2,2,1,5.5,2.0,5.5,2.0,3.5
2897,101736,20260409,1535,3,14,2,2,1,13.5,4.6,13.5,4.6,8.9
2898,101736,20260409,1535,3,19,2,2,2,5.5,2.0,11.0,4.0,7.0
2899,101737,20260619,1103,2,6,1,1,1,5.0,2.1,5.0,2.1,2.9
2900,101737,20260619,1103,2,3,1,1,2,3.8,1.5,7.6,3.0,4.6
2901,101738,20260518,807,1,18,2,2,1,5.0,1.8,5.0,1.8,3.2
2902,101738,20260518,807,1,4,2,2,1,4.5,1.9,4.5,1.9,2.6
2903,101739,20260728,1818,4,9,4,2,1,9.0,3.4,9.0,3.4,5.6
2904,101739,20260728,1818,4,3,4,2,2,3.8,1.5,7.6,3.0,4.6
2905,101740,20260831,1836,1,22,1,2,1,9.5,3.6,9.5,3.6,5.9
2906,101741,20260713,925,2,1,2,1,1,3.5,1.4,3.5,1.4,2.1
2907,101742,20260829,1245,2,11,2,1,2,10.5,3.8,21.0,7.6,13.4
2908,101742,20260829,1245,2,8,2,1,1,8.5,3.2,8.5,3.2,5.3
2909,101743,20260602,1744,4,10,1,4,1,8.0,3.0,8.0,3.0,5.0
2910,101743,20260602,1744,4,8,1,4,1,8.5,3.2,8.5,3.2,5.3
2911,101744,20260513,1749,4,13,1,1,1,12.5,4.3,12.5,4.3,8.2
2912,101745,20260410,1235,1,11,1,2,2,10.5,3.8,21.0,7.6,13.4
2913,101746,20260418,2153,2,24,2,1,1,8.0,3.0,8.0,3.0,5.0
2914,101746,20260418,2153,2,6,2,1,2,5.0,2.1,10.0,4.2,5.8
2915,101747,20260622,819,4,18,2,1,1,5.0,1.8,5.0,1.8,3.2
2916,101747,20260622,819,4,6,2,1,1,5.0,2.1,5.0,2.1,2.9
2917,101748,20260527,1818,4,2,3,3,1,4.0,1.6,4.0,1.6,2.4
2918,101749,20260526,2109,1,20,2,1,1,6.5,2.4,6.5,2.4,4.1
2919,101750,20260523,1922,4,15,3,3,1,11.0,4.0,11.0,4.0,7.0
2920,101750,20260523,1922,4,16,3,3,1,11.5,4.1,11.5,4.1,7.4
2921,101751,20260731,953,3,6,1,4,1,5.0,2.1,5.0,2.1,2.9
2922,101752,20260710,1705,4,1,2,1,2,3.5,1.4,7.0,2.8,4.2
2923,101753,20260402,1754,1,20,2,1,1,6.5,2.4,6.5,2.4,4.1
2924,101753,20260402,1754,1,9,2,1,2,9.0,3.4,18.0,6.8,11.2
2925,101754,20260601,1906,2,16,3,3,1,11.5,4.1,11.5,4.1,7.4
2926,101754,20260601,1906,2,14,3,3,1,13.5,4.6,13.5,4.6,8.9
2927,101755,20260810,948,5,5,1,4,1,4.8,2.0,4.8,2.0,2.8
2928,101756,20260525,1335,4,18,2,4,1,5.0,1.8,5.0,1.8,3.2
2929,101756,20260525,1335,4,18,2,4,1,5.0,1.8,5.0,1.8,3.2
2930,101756,20260525,1335,4,19,2,4,1,5.5,2.0,5.5,2.0,3.5
2931,101757,20260728,1829,2,13,2,1,2,12.5,4.3,25.0,8.6,16.4
2932,101757,20260728,1829,2,12,2,1,1,12.0,4.2,12.0,4.2,7.8
2933,101758,20260626,825,3,7,3,2,2,4.3,1.8,8.6,3.6,5.0
2934,101758,20260626,825,3,17,3,2,2,4.5,1.6,9.0,3.2,5.8
2935,101759,20260613,910,4,3,1,2,2,3.8,1.5,7.6,3.0,4.6
2936,101760,20260802,1029,6,1,1,2,1,3.5,1.4,3.5,1.4,2.1
2937,101761,20260724,1644,6,15,3,2,1,11.0,4.0,11.0,4.0,7.0
2938,101761,20260724,1644,6,13,3,2,1,12.5,4.3,12.5,4.3,8.2
2939,101762,20260829,1321,6,21,1,2,1,9.0,3.2,9.0,3.2,5.8
2940,101763,20260602,1802,3,5,1,1,1,4.8,2.0,4.8,2.0,2.8
2941,101764,20260325,1808,2,19,2,2,1,5.5,2.0,5.5,2.0,3.5
2942,101765,20260630,1354,2,5,2,1,1,4.8,2.0,4.8,2.0,2.8
2943,101766,20260821,1010,2,6,3,2,1,5.0,2.1,5.0,2.1,2.9
2944,101766,20260821,1010,2,11,3,2,1,10.5,3.8,10.5,3.8,6.7
2945,101767,20260403,705,1,7,1,4,1,4.3,1.8,4.3,1.8,2.5
2946,101768,20260716,947,3,7,2,2,1,4.3,1.8,4.3,1.8,2.5
2947,101768,20260716,947,3,20,2,2,1,6.5,2.4,6.5,2.4,4.1
2948,101769,20260504,939,3,5,2,3,1,4.8,2.0,4.8,2.0,2.8
2949,101769,20260504,939,3,8,2,3,1,8.5,3.2,8.5,3.2,5.3
2950,101770,20260629,1844,2,13,2,1,1,12.5,4.3,12.5,4.3,8.2
2951,101770,20260629,1844,2,15,2,1,1,11.0,4.0,11.0,4.0,7.0
2952,101770,20260629,1844,2,13,2,1,1,12.5,4.3,12.5,4.3,8.2
2953,101771,20260903,2116,6,2,2,3,1,4.0,1.6,4.0,1.6,2.4
2954,101771,20260903,2116,6,5,2,3,1,4.8,2.0,4.8,2.0,2.8
2955,101772,20260531,1647,5,24,2,1,1,8.0,3.0,8.0,3.0,5.0
2956,101772,20260531,1647,5,15,2,1,1,11.0,4.0,11.0,4.0,7.0
2957,101773,20260904,1002,6,15,2,3,1,11.0,4.0,11.0,4.0,7.0
2958,101773,20260904,1002,6,5,2,3,1,4.8,2.0,4.8,2.0,2.8
2959,101774,20260506,836,3,7,1,2,1,4.3,1.8,4.3,1.8,2.5
2960,101775,20260521,1822,4,13,1,1,1,12.5,4.3,12.5,4.3,8.2
2961,101775,20260521,1822,4,12,1,1,1,12.0,4.2,12.0,4.2,7.8
2962,101776,20260827,1738,6,13,2,1,1,12.5,4.3,12.5,4.3,8.2
2963,101776,20260827,1738,6,8,2,1,1,8.5,3.2,8.5,3.2,5.3
2964,101777,20260828,1300,4,23,1,3,2,9.0,3.4,18.0,6.8,11.2
2965,101778,20260905,732,6,17,1,2,1,4.5,1.6,4.5,1.6,2.9
2966,101778,20260905,732,6,18,1,2,1,5.0,1.8,5.0,1.8,3.2
2967,101779,20260720,937,6,1,3,2,1,3.5,1.4,3.5,1.4,2.1
2968,101779,20260720,937,6,22,3,2,2,9.5,3.6,19.0,7.2,11.8
2969,101779,20260720,937,6,25,3,2,2,8.5,3.2,17.0,6.4,10.6
2970,101780,20260816,1933,5,25,2,1,1,8.5,3.2,8.5,3.2,5.3
2971,101780,20260816,1933,5,15,2,1,2,11.0,4.0,22.0,8.0,14.0
2972,101780,20260816,1933,5,8,2,1,1,8.5,3.2,8.5,3.2,5.3
2973,101781,20260830,1637,2,14,1,1,1,13.5,4.6,13.5,4.6,8.9
2974,101781,20260830,1637,2,15,1,1,1,11.0,4.0,11.0,4.0,7.0
2975,101782,20260317,1812,4,11,1,1,1,10.5,3.8,10.5,3.8,6.7
2976,101783,20260701,1859,2,11,3,3,2,10.5,3.8,21.0,7.6,13.4
2977,101784,20260327,1549,1,21,2,2,1,9.0,3.2,9.0,3.2,5.8
2978,101784,20260327,1549,1,23,2,2,1,9.0,3.4,9.0,3.4,5.6
2979,101785,20260827,949,4,17,1,1,1,4.5,1.6,4.5,1.6,2.9
2980,101785,20260827,949,4,5,1,1,1,4.8,2.0,4.8,2.0,2.8
2981,101786,20260327,838,2,4,1,1,1,4.5,1.9,4.5,1.9,2.6
2982,101787,20260708,1712,4,8,1,1,1,8.5,3.2,8.5,3.2,5.3
2983,101788,20260830,1232,5,23,2,2,2,9.0,3.4,18.0,6.8,11.2
2984,101788,20260830,1232,5,11,2,2,1,10.5,3.8,10.5,3.8,6.7
2985,101788,20260830,1232,5,15,2,2,2,11.0,4.0,22.0,8.0,14.0
2986,101789,20260410,1637,6,10,2,1,1,8.0,3.0,8.0,3.0,5.0
2987,101789,20260410,1637,6,3,2,1,2,3.8,1.5,7.6,3.0,4.6
2988,101789,20260410,1637,6,8,2,1,1,8.5,3.2,8.5,3.2,5.3
2989,101790,20260712,1900,2,12,1,3,1,12.0,4.2,12.0,4.2,7.8
2990,101790,20260712,1900,2,23,1,3,1,9.0,3.4,9.0,3.4,5.6
2991,101791,20260504,1243,3,2,2,2,1,4.0,1.6,4.0,1.6,2.4
2992,101791,20260504,1243,3,13,2,2,1,12.5,4.3,12.5,4.3,8.2
2993,101792,20260902,1652,6,17,1,3,1,4.5,1.6,4.5,1.6,2.9
2994,101792,20260902,1652,6,22,1,3,1,9.5,3.6,9.5,3.6,5.9
2995,101793,20260531,1753,4,3,2,3,1,3.8,1.5,3.8,1.5,2.3
2996,101794,20260524,1829,3,15,1,1,1,11.0,4.0,11.0,4.0,7.0
2997,101795,20260718,1849,6,15,1,1,1,11.0,4.0,11.0,4.0,7.0
2998,101796,20260622,1312,2,17,1,2,1,4.5,1.6,4.5,1.6,2.9
2999,101797,20260608,1019,2,19,2,4,1,5.5,2.0,5.5,2.0,3.5
3000,101798,20260413,826,6,2,1,1,1,4.0,1.6,4.0,1.6,2.4
3001,101799,20260911,1018,1,17,1,1,1,4.5,1.6,4.5,1.6,2.9
3002,101800,20260821,1812,3,11,1,3,1,10.5,3.8,10.5,3.8,6.7
3003,101801,20260414,954,1,7,1,2,1,4.3,1.8,4.3,1.8,2.5
3004,101801,20260414,954,1,19,1,2,1,5.5,2.0,5.5,2.0,3.5
3005,101802,20260805,1618,2,13,3,1,1,12.5,4.3,12.5,4.3,8.2
3006,101803,20260329,1706,3,24,1,3,1,8.0,3.0,8.0,3.0,5.0
3007,101803,20260329,1706,3,9,1,3,1,9.0,3.4,9.0,3.4,5.6
3008,101804,20260518,1835,2,3,1,1,1,3.8,1.5,3.8,1.5,2.3
3009,101804,20260518,1835,2,9,1,1,1,9.0,3.4,9.0,3.4,5.6
3010,101805,20260519,1852,1,22,1,1,2,9.5,3.6,19.0,7.2,11.8
3011,101805,20260519,1852,1,6,1,1,1,5.0,2.1,5.0,2.1,2.9
3012,101805,20260519,1852,1,12,1,1,1,12.0,4.2,12.0,4.2,7.8
3013,101806,20260627,2118,1,3,2,4,2,3.8,1.5,7.6,3.0,4.6
3014,101806,20260627,2118,1,2,2,4,1,4.0,1.6,4.0,1.6,2.4
3015,101807,20260516,1812,1,16,1,1,1,11.5,4.1,11.5,4.1,7.4
3016,101807,20260516,1812,1,23,1,1,1,9.0,3.4,9.0,3.4,5.6
3017,101807,20260516,1812,1,11,1,1,1,10.5,3.8,10.5,3.8,6.7
3018,101808,20260726,829,1,4,2,3,1,4.5,1.9,4.5,1.9,2.6
3019,101808,20260726,829,1,6,2,3,2,5.0,2.1,10.0,4.2,5.8
3020,101808,20260726,829,1,17,2,3,1,4.5,1.6,4.5,1.6,2.9
3021,101809,20260913,757,3,3,1,1,1,3.8,1.5,3.8,1.5,2.3
3022,101809,20260913,757,3,19,1,1,1,5.5,2.0,5.5,2.0,3.5
3023,101810,20260406,909,3,2,1,4,2,4.0,1.6,8.0,3.2,4.8
3024,101810,20260406,909,3,20,1,4,1,6.5,2.4,6.5,2.4,4.1
3025,101810,20260406,909,3,24,1,4,1,8.0,3.0,8.0,3.0,5.0
3026,101811,20260730,1844,6,7,2,3,1,4.3,1.8,4.3,1.8,2.5
3027,101812,20260820,1635,2,9,1,2,1,9.0,3.4,9.0,3.4,5.6
3028,101813,20260715,1436,2,20,2,3,1,6.5,2.4,6.5,2.4,4.1
3029,101814,20260830,923,1,12,2,1,1,12.0,4.2,12.0,4.2,7.8
3030,101814,20260830,923,1,13,2,1,1,12.5,4.3,12.5,4.3,8.2
3031,101814,20260830,923,1,3,2,1,1,3.8,1.5,3.8,1.5,2.3
3032,101815,20260716,821,1,20,3,2,1,6.5,2.4,6.5,2.4,4.1
3033,101815,20260716,821,1,20,3,2,1,6.5,2.4,6.5,2.4,4.1
3034,101816,20260515,1817,2,20,2,1,1,6.5,2.4,6.5,2.4,4.1
3035,101817,20260906,1313,2,17,2,1,1,4.5,1.6,4.5,1.6,2.9
3036,101818,20260904,701,5,22,2,1,1,9.5,3.6,9.5,3.6,5.9
3037,101819,20260617,842,1,9,2,1,1,9.0,3.4,9.0,3.4,5.6
3038,101820,20260531,821,2,2,3,1,1,4.0,1.6,4.0,1.6,2.4
3039,101820,20260531,821,2,17,3,1,1,4.5,1.6,4.5,1.6,2.9
3040,101821,20260422,1925,1,15,3,3,2,11.0,4.0,22.0,8.0,14.0
3041,101822,20260831,1754,3,1,1,3,2,3.5,1.4,7.0,2.8,4.2
3042,101823,20260329,1646,6,9,2,1,1,9.0,3.4,9.0,3.4,5.6
3043,101824,20260404,936,1,9,3,1,1,9.0,3.4,9.0,3.4,5.6
3044,101825,20260824,1921,2,24,1,1,1,8.0,3.0,8.0,3.0,5.0
3045,101826,20260711,951,6,17,3,1,1,4.5,1.6,4.5,1.6,2.9
3046,101827,20260620,1847,6,12,1,1,2,12.0,4.2,24.0,8.4,15.6
3047,101827,20260620,1847,6,15,1,1,1,11.0,4.0,11.0,4.0,7.0
3048,101828,20260530,1730,2,16,2,1,1,11.5,4.1,11.5,4.1,7.4
3049,101828,20260530,1730,2,9,2,1,2,9.0,3.4,18.0,6.8,11.2
3050,101829,20260628,853,1,18,1,1,1,5.0,1.8,5.0,1.8,3.2
3051,101830,20260909,1056,1,4,1,1,1,4.5,1.9,4.5,1.9,2.6
3052,101831,20260816,1802,4,10,1,1,1,8.0,3.0,8.0,3.0,5.0
3053,101832,20260710,1145,1,7,2,1,1,4.3,1.8,4.3,1.8,2.5
3054,101833,20260731,1712,4,10,1,1,1,8.0,3.0,8.0,3.0,5.0
3055,101834,20260503,1315,5,1,2,3,2,3.5,1.4,7.0,2.8,4.2
3056,101834,20260503,1315,5,3,2,3,1,3.8,1.5,3.8,1.5,2.3
3057,101835,20260527,831,2,15,3,2,1,11.0,4.0,11.0,4.0,7.0
3058,101836,20260623,954,2,20,1,1,1,6.5,2.4,6.5,2.4,4.1
3059,101837,20260828,2031,5,21,1,1,1,9.0,3.2,9.0,3.2,5.8
3060,101837,20260828,2031,5,16,1,1,1,11.5,4.1,11.5,4.1,7.4
3061,101837,20260828,2031,5,7,1,1,1,4.3,1.8,4.3,1.8,2.5
3062,101838,20260316,2106,5,17,4,1,1,4.5,1.6,4.5,1.6,2.9
3063,101838,20260316,2106,5,9,4,1,1,9.0,3.4,9.0,3.4,5.6
3064,101839,20260413,1701,5,6,2,2,1,5.0,2.1,5.0,2.1,2.9
3065,101839,20260413,1701,5,7,2,2,1,4.3,1.8,4.3,1.8,2.5
3066,101840,20260510,820,1,7,2,1,1,4.3,1.8,4.3,1.8,2.5
3067,101841,20260605,1816,4,17,4,3,1,4.5,1.6,4.5,1.6,2.9
3068,101842,20260507,1729,1,19,1,1,1,5.5,2.0,5.5,2.0,3.5
3069,101842,20260507,1729,1,4,1,1,1,4.5,1.9,4.5,1.9,2.6
3070,101843,20260715,1150,5,6,2,2,1,5.0,2.1,5.0,2.1,2.9
3071,101843,20260715,1150,5,14,2,2,2,13.5,4.6,27.0,9.2,17.8
3072,101843,20260715,1150,5,12,2,2,2,12.0,4.2,24.0,8.4,15.6
3073,101844,20260527,1001,3,19,2,1,1,5.5,2.0,5.5,2.0,3.5
3074,101845,20260603,2025,2,22,2,1,1,9.5,3.6,9.5,3.6,5.9
3075,101846,20260326,1737,4,11,1,2,1,10.5,3.8,10.5,3.8,6.7
3076,101846,20260326,1737,4,9,1,2,1,9.0,3.4,9.0,3.4,5.6
3077,101846,20260326,1737,4,11,1,2,1,10.5,3.8,10.5,3.8,6.7
3078,101847,20260828,1912,6,7,1,4,2,4.3,1.8,8.6,3.6,5.0
3079,101847,20260828,1912,6,16,1,4,1,11.5,4.1,11.5,4.1,7.4
3080,101847,20260828,1912,6,18,1,4,1,5.0,1.8,5.0,1.8,3.2
3081,101848,20260827,701,2,1,3,1,1,3.5,1.4,3.5,1.4,2.1
3082,101848,20260827,701,2,13,3,1,1,12.5,4.3,12.5,4.3,8.2
3083,101848,20260827,701,2,25,3,1,1,8.5,3.2,8.5,3.2,5.3
3084,101849,20260417,1236,2,13,2,2,1,12.5,4.3,12.5,4.3,8.2
3085,101850,20260619,1852,2,19,2,2,1,5.5,2.0,5.5,2.0,3.5
3086,101851,20260331,834,4,5,4,1,1,4.8,2.0,4.8,2.0,2.8
3087,101851,20260331,834,4,2,4,1,1,4.0,1.6,4.0,1.6,2.4
3088,101852,20260809,1726,4,16,4,2,1,11.5,4.1,11.5,4.1,7.4
3089,101853,20260323,1830,3,9,2,1,1,9.0,3.4,9.0,3.4,5.6
3090,101853,20260323,1830,3,12,2,1,1,12.0,4.2,12.0,4.2,7.8
3091,101854,20260518,751,1,18,2,2,1,5.0,1.8,5.0,1.8,3.2
3092,101855,20260730,1853,1,4,2,1,1,4.5,1.9,4.5,1.9,2.6
3093,101856,20260417,1342,2,8,1,3,2,8.5,3.2,17.0,6.4,10.6
3094,101856,20260417,1342,2,18,1,3,1,5.0,1.8,5.0,1.8,3.2
3095,101856,20260417,1342,2,5,1,3,1,4.8,2.0,4.8,2.0,2.8
3096,101857,20260512,1028,2,7,1,1,1,4.3,1.8,4.3,1.8,2.5
3097,101858,20260331,1014,6,1,4,3,1,3.5,1.4,3.5,1.4,2.1
3098,101858,20260331,1014,6,18,4,3,1,5.0,1.8,5.0,1.8,3.2
3099,101859,20260529,1916,5,11,1,3,1,10.5,3.8,10.5,3.8,6.7
3100,101859,20260529,1916,5,6,1,3,2,5.0,2.1,10.0,4.2,5.8
3101,101859,20260529,1916,5,5,1,3,1,4.8,2.0,4.8,2.0,2.8
3102,101860,20260910,1759,1,12,4,1,1,12.0,4.2,12.0,4.2,7.8
3103,101861,20260426,837,3,10,1,3,1,8.0,3.0,8.0,3.0,5.0
3104,101862,20260419,1456,3,21,1,1,1,9.0,3.2,9.0,3.2,5.8
3105,101862,20260419,1456,3,18,1,1,1,5.0,1.8,5.0,1.8,3.2
3106,101862,20260419,1456,3,23,1,1,1,9.0,3.4,9.0,3.4,5.6
3107,101863,20260516,1802,4,10,1,4,1,8.0,3.0,8.0,3.0,5.0
3108,101863,20260516,1802,4,1,1,4,1,3.5,1.4,3.5,1.4,2.1
3109,101864,20260910,1741,1,16,1,2,1,11.5,4.1,11.5,4.1,7.4
3110,101865,20260807,1832,2,10,2,1,1,8.0,3.0,8.0,3.0,5.0
3111,101865,20260807,1832,2,7,2,1,1,4.3,1.8,4.3,1.8,2.5
3112,101865,20260807,1832,2,9,2,1,1,9.0,3.4,9.0,3.4,5.6
3113,101866,20260910,1728,2,25,4,3,1,8.5,3.2,8.5,3.2,5.3
3114,101866,20260910,1728,2,20,4,3,1,6.5,2.4,6.5,2.4,4.1
3115,101867,20260705,903,2,6,1,1,1,5.0,2.1,5.0,2.1,2.9
3116,101868,20260530,1025,5,23,1,1,1,9.0,3.4,9.0,3.4,5.6
3117,101869,20260415,850,5,8,2,1,2,8.5,3.2,17.0,6.4,10.6
3118,101870,20260316,1021,4,17,2,2,1,4.5,1.6,4.5,1.6,2.9
3119,101871,20260731,953,1,1,1,1,1,3.5,1.4,3.5,1.4,2.1
3120,101872,20260907,1902,2,1,2,1,1,3.5,1.4,3.5,1.4,2.1
3121,101872,20260907,1902,2,10,2,1,1,8.0,3.0,8.0,3.0,5.0
3122,101872,20260907,1902,2,13,2,1,1,12.5,4.3,12.5,4.3,8.2
3123,101873,20260529,1720,2,24,1,3,1,8.0,3.0,8.0,3.0,5.0
3124,101874,20260614,2016,1,18,3,1,1,5.0,1.8,5.0,1.8,3.2
3125,101874,20260614,2016,1,15,3,1,1,11.0,4.0,11.0,4.0,7.0
3126,101874,20260614,2016,1,12,3,1,1,12.0,4.2,12.0,4.2,7.8
3127,101875,20260913,902,4,5,2,3,1,4.8,2.0,4.8,2.0,2.8
3128,101875,20260913,902,4,6,2,3,1,5.0,2.1,5.0,2.1,2.9
3129,101875,20260913,902,4,1,2,3,2,3.5,1.4,7.0,2.8,4.2
3130,101876,20260826,930,1,5,1,2,1,4.8,2.0,4.8,2.0,2.8
3131,101877,20260626,1849,3,13,2,4,1,12.5,4.3,12.5,4.3,8.2
3132,101877,20260626,1849,3,10,2,4,1,8.0,3.0,8.0,3.0,5.0
3133,101877,20260626,1849,3,21,2,4,1,9.0,3.2,9.0,3.2,5.8
3134,101878,20260611,1033,6,11,4,2,1,10.5,3.8,10.5,3.8,6.7
3135,101879,20260809,1644,6,17,1,1,1,4.5,1.6,4.5,1.6,2.9
3136,101879,20260809,1644,6,10,1,1,2,8.0,3.0,16.0,6.0,10.0
3137,101879,20260809,1644,6,19,1,1,1,5.5,2.0,5.5,2.0,3.5
3138,101880,20260627,1015,2,5,2,1,1,4.8,2.0,4.8,2.0,2.8
3139,101881,20260403,1013,6,1,1,2,1,3.5,1.4,3.5,1.4,2.1
3140,101882,20260417,1826,2,7,2,3,1,4.3,1.8,4.3,1.8,2.5
3141,101882,20260417,1826,2,15,2,3,1,11.0,4.0,11.0,4.0,7.0
3142,101882,20260417,1826,2,12,2,3,1,12.0,4.2,12.0,4.2,7.8
3143,101883,20260408,1657,4,12,1,2,1,12.0,4.2,12.0,4.2,7.8
3144,101883,20260408,1657,4,13,1,2,1,12.5,4.3,12.5,4.3,8.2
3145,101884,20260409,1241,4,13,2,2,1,12.5,4.3,12.5,4.3,8.2
3146,101885,20260429,812,4,3,2,1,1,3.8,1.5,3.8,1.5,2.3
3147,101885,20260429,812,4,21,2,1,1,9.0,3.2,9.0,3.2,5.8
3148,101886,20260702,2155,3,8,2,4,2,8.5,3.2,17.0,6.4,10.6
3149,101886,20260702,2155,3,24,2,4,1,8.0,3.0,8.0,3.0,5.0
3150,101887,20260912,821,5,5,1,1,1,4.8,2.0,4.8,2.0,2.8
3151,101887,20260912,821,5,21,1,1,1,9.0,3.2,9.0,3.2,5.8
3152,101888,20260529,1817,1,11,1,3,1,10.5,3.8,10.5,3.8,6.7
3153,101889,20260602,2112,1,25,2,3,1,8.5,3.2,8.5,3.2,5.3
3154,101889,20260602,2112,1,7,2,3,1,4.3,1.8,4.3,1.8,2.5
3155,101889,20260602,2112,1,21,2,3,1,9.0,3.2,9.0,3.2,5.8
3156,101890,20260331,1328,5,8,1,1,1,8.5,3.2,8.5,3.2,5.3
3157,101891,20260420,1706,2,24,1,4,1,8.0,3.0,8.0,3.0,5.0
3158,101891,20260420,1706,2,11,1,4,1,10.5,3.8,10.5,3.8,6.7
3159,101891,20260420,1706,2,9,1,4,1,9.0,3.4,9.0,3.4,5.6
3160,101892,20260607,1718,4,22,3,4,1,9.5,3.6,9.5,3.6,5.9
3161,101892,20260607,1718,4,11,3,4,1,10.5,3.8,10.5,3.8,6.7
3162,101893,20260604,2103,2,23,1,2,2,9.0,3.4,18.0,6.8,11.2
3163,101893,20260604,2103,2,8,1,2,1,8.5,3.2,8.5,3.2,5.3
3164,101894,20260325,1827,5,13,1,1,1,12.5,4.3,12.5,4.3,8.2
3165,101894,20260325,1827,5,15,1,1,1,11.0,4.0,11.0,4.0,7.0
3166,101895,20260514,1849,3,7,1,2,1,4.3,1.8,4.3,1.8,2.5
3167,101896,20260626,1907,2,1,2,1,1,3.5,1.4,3.5,1.4,2.1
3168,101896,20260626,1907,2,2,2,1,1,4.0,1.6,4.0,1.6,2.4
3169,101896,20260626,1907,2,16,2,1,1,11.5,4.1,11.5,4.1,7.4
3170,101897,20260513,819,1,18,1,1,1,5.0,1.8,5.0,1.8,3.2
3171,101898,20260726,1928,2,10,1,1,1,8.0,3.0,8.0,3.0,5.0
3172,101898,20260726,1928,2,16,1,1,1,11.5,4.1,11.5,4.1,7.4
3173,101899,20260914,1527,3,7,2,1,1,4.3,1.8,4.3,1.8,2.5
3174,101900,20260318,1233,6,12,2,2,1,12.0,4.2,12.0,4.2,7.8
3175,101900,20260318,1233,6,13,2,2,1,12.5,4.3,12.5,4.3,8.2
3176,101900,20260318,1233,6,25,2,2,1,8.5,3.2,8.5,3.2,5.3
3177,101901,20260816,1350,4,6,3,2,1,5.0,2.1,5.0,2.1,2.9
3178,101901,20260816,1350,4,6,3,2,1,5.0,2.1,5.0,2.1,2.9
3179,101902,20260606,1658,5,9,2,1,1,9.0,3.4,9.0,3.4,5.6
3180,101902,20260606,1658,5,1,2,1,1,3.5,1.4,3.5,1.4,2.1
3181,101903,20260803,914,3,4,2,2,1,4.5,1.9,4.5,1.9,2.6
3182,101904,20260731,837,5,7,1,1,1,4.3,1.8,4.3,1.8,2.5
3183,101904,20260731,837,5,18,1,1,1,5.0,1.8,5.0,1.8,3.2
3184,101905,20260528,809,4,1,2,4,1,3.5,1.4,3.5,1.4,2.1
3185,101906,20260821,1054,4,11,1,1,1,10.5,3.8,10.5,3.8,6.7
3186,101907,20260715,1715,3,12,4,1,1,12.0,4.2,12.0,4.2,7.8
3187,101907,20260715,1715,3,8,4,1,1,8.5,3.2,8.5,3.2,5.3
3188,101907,20260715,1715,3,18,4,1,1,5.0,1.8,5.0,1.8,3.2
3189,101908,20260414,839,1,7,1,1,1,4.3,1.8,4.3,1.8,2.5
3190,101909,20260820,758,2,24,1,1,1,8.0,3.0,8.0,3.0,5.0
3191,101910,20260429,1448,6,12,1,1,1,12.0,4.2,12.0,4.2,7.8
3192,101911,20260512,1010,5,2,1,1,1,4.0,1.6,4.0,1.6,2.4
3193,101911,20260512,1010,5,4,1,1,1,4.5,1.9,4.5,1.9,2.6
3194,101912,20260703,1851,2,10,3,4,1,8.0,3.0,8.0,3.0,5.0
3195,101913,20260717,1706,5,15,1,3,1,11.0,4.0,11.0,4.0,7.0
3196,101913,20260717,1706,5,16,1,3,1,11.5,4.1,11.5,4.1,7.4
3197,101914,20260524,1150,4,14,3,1,1,13.5,4.6,13.5,4.6,8.9
3198,101915,20260601,1804,5,13,1,4,1,12.5,4.3,12.5,4.3,8.2
3199,101916,20260505,1246,1,18,1,4,1,5.0,1.8,5.0,1.8,3.2
3200,101916,20260505,1246,1,2,1,4,1,4.0,1.6,4.0,1.6,2.4
3201,101916,20260505,1246,1,10,1,4,1,8.0,3.0,8.0,3.0,5.0
3202,101917,20260403,1047,4,23,2,1,1,9.0,3.4,9.0,3.4,5.6
3203,101918,20260403,836,5,1,2,1,1,3.5,1.4,3.5,1.4,2.1
3204,101919,20260910,846,3,2,1,1,1,4.0,1.6,4.0,1.6,2.4
3205,101920,20260722,1915,1,22,2,1,1,9.5,3.6,9.5,3.6,5.9
3206,101920,20260722,1915,1,9,2,1,1,9.0,3.4,9.0,3.4,5.6
3207,101920,20260722,1915,1,22,2,1,1,9.5,3.6,9.5,3.6,5.9
3208,101921,20260331,1051,1,24,1,2,2,8.0,3.0,16.0,6.0,10.0
3209,101922,20260409,1805,2,10,1,1,1,8.0,3.0,8.0,3.0,5.0
3210,101923,20260515,1009,5,4,4,1,2,4.5,1.9,9.0,3.8,5.2
3211,101924,20260528,1321,4,13,1,1,1,12.5,4.3,12.5,4.3,8.2
3212,101925,20260812,1934,2,20,1,2,1,6.5,2.4,6.5,2.4,4.1
3213,101925,20260812,1934,2,22,1,2,1,9.5,3.6,9.5,3.6,5.9
3214,101926,20260527,1843,2,5,1,3,1,4.8,2.0,4.8,2.0,2.8
3215,101927,20260320,952,2,1,1,2,1,3.5,1.4,3.5,1.4,2.1
3216,101927,20260320,952,2,5,1,2,1,4.8,2.0,4.8,2.0,2.8
3217,101927,20260320,952,2,17,1,2,1,4.5,1.6,4.5,1.6,2.9
3218,101928,20260617,1334,6,18,2,2,1,5.0,1.8,5.0,1.8,3.2
3219,101929,20260608,1711,5,18,3,3,1,5.0,1.8,5.0,1.8,3.2
3220,101929,20260608,1711,5,11,3,3,1,10.5,3.8,10.5,3.8,6.7
3221,101930,20260510,1628,1,7,3,1,1,4.3,1.8,4.3,1.8,2.5
3222,101930,20260510,1628,1,20,3,1,1,6.5,2.4,6.5,2.4,4.1
3223,101930,20260510,1628,1,12,3,1,1,12.0,4.2,12.0,4.2,7.8
3224,101931,20260715,1024,3,7,2,2,1,4.3,1.8,4.3,1.8,2.5
3225,101932,20260507,1815,2,1,2,3,1,3.5,1.4,3.5,1.4,2.1
3226,101933,20260615,1746,1,9,2,3,1,9.0,3.4,9.0,3.4,5.6
3227,101933,20260615,1746,1,11,2,3,1,10.5,3.8,10.5,3.8,6.7
3228,101934,20260316,1014,1,22,2,2,1,9.5,3.6,9.5,3.6,5.9
3229,101934,20260316,1014,1,20,2,2,1,6.5,2.4,6.5,2.4,4.1
3230,101934,20260316,1014,1,19,2,2,1,5.5,2.0,5.5,2.0,3.5
3231,101935,20260813,1006,4,20,1,2,1,6.5,2.4,6.5,2.4,4.1
3232,101936,20260509,1901,3,9,2,3,2,9.0,3.4,18.0,6.8,11.2
3233,101937,20260711,1422,1,20,1,1,1,6.5,2.4,6.5,2.4,4.1
3234,101937,20260711,1422,1,20,1,1,1,6.5,2.4,6.5,2.4,4.1
3235,101937,20260711,1422,1,5,1,1,1,4.8,2.0,4.8,2.0,2.8
3236,101938,20260807,1251,3,12,1,1,1,12.0,4.2,12.0,4.2,7.8
3237,101939,20260730,1802,1,12,1,1,1,12.0,4.2,12.0,4.2,7.8
3238,101939,20260730,1802,1,13,1,1,1,12.5,4.3,12.5,4.3,8.2
3239,101939,20260730,1802,1,12,1,1,1,12.0,4.2,12.0,4.2,7.8
3240,101940,20260706,940,2,3,2,3,2,3.8,1.5,7.6,3.0,4.6
3241,101941,20260322,1009,1,1,1,1,1,3.5,1.4,3.5,1.4,2.1
3242,101941,20260322,1009,1,3,1,1,2,3.8,1.5,7.6,3.0,4.6
3243,101942,20260508,834,3,20,1,1,1,6.5,2.4,6.5,2.4,4.1
3244,101943,20260909,800,2,18,2,1,2,5.0,1.8,10.0,3.6,6.4
3245,101944,20260526,2013,2,9,2,1,1,9.0,3.4,9.0,3.4,5.6
3246,101944,20260526,2013,2,9,2,1,1,9.0,3.4,9.0,3.4,5.6
3247,101945,20260601,1652,5,11,2,1,1,10.5,3.8,10.5,3.8,6.7
3248,101946,20260401,1643,1,23,1,1,1,9.0,3.4,9.0,3.4,5.6
3249,101947,20260524,1702,1,12,4,3,1,12.0,4.2,12.0,4.2,7.8
3250,101948,20260412,1329,2,7,1,2,2,4.3,1.8,8.6,3.6,5.0
3251,101948,20260412,1329,2,1,1,2,2,3.5,1.4,7.0,2.8,4.2
3252,101949,20260417,1910,6,11,2,2,2,10.5,3.8,21.0,7.6,13.4
3253,101949,20260417,1910,6,22,2,2,1,9.5,3.6,9.5,3.6,5.9
3254,101950,20260831,810,4,6,2,1,1,5.0,2.1,5.0,2.1,2.9
3255,101950,20260831,810,4,21,2,1,1,9.0,3.2,9.0,3.2,5.8
3256,101950,20260831,810,4,6,2,1,1,5.0,2.1,5.0,2.1,2.9
3257,101951,20260315,1827,5,21,1,3,1,9.0,3.2,9.0,3.2,5.8
3258,101951,20260315,1827,5,7,1,3,1,4.3,1.8,4.3,1.8,2.5
3259,101952,20260424,1020,1,5,1,1,1,4.8,2.0,4.8,2.0,2.8
3260,101952,20260424,1020,1,4,1,1,1,4.5,1.9,4.5,1.9,2.6
3261,101952,20260424,1020,1,21,1,1,1,9.0,3.2,9.0,3.2,5.8
3262,101953,20260429,1248,2,18,1,2,2,5.0,1.8,10.0,3.6,6.4
3263,101954,20260627,1715,3,17,2,4,2,4.5,1.6,9.0,3.2,5.8
3264,101955,20260722,1852,1,17,1,1,1,4.5,1.6,4.5,1.6,2.9
3265,101955,20260722,1852,1,7,1,1,2,4.3,1.8,8.6,3.6,5.0
3266,101956,20260414,953,1,13,1,2,1,12.5,4.3,12.5,4.3,8.2
3267,101957,20260721,1636,1,13,2,1,1,12.5,4.3,12.5,4.3,8.2
3268,101957,20260721,1636,1,19,2,1,1,5.5,2.0,5.5,2.0,3.5
3269,101958,20260902,1902,1,16,2,2,1,11.5,4.1,11.5,4.1,7.4
3270,101959,20260908,1101,5,14,1,1,1,13.5,4.6,13.5,4.6,8.9
3271,101960,20260320,1746,5,16,1,3,1,11.5,4.1,11.5,4.1,7.4
3272,101960,20260320,1746,5,22,1,3,2,9.5,3.6,19.0,7.2,11.8
3273,101960,20260320,1746,5,2,1,3,1,4.0,1.6,4.0,1.6,2.4
3274,101961,20260327,1006,1,14,1,4,1,13.5,4.6,13.5,4.6,8.9
3275,101961,20260327,1006,1,4,1,4,2,4.5,1.9,9.0,3.8,5.2
3276,101962,20260908,1823,2,18,4,2,1,5.0,1.8,5.0,1.8,3.2
3277,101962,20260908,1823,2,10,4,2,1,8.0,3.0,8.0,3.0,5.0
3278,101963,20260330,906,2,18,2,4,1,5.0,1.8,5.0,1.8,3.2
3279,101963,20260330,906,2,21,2,4,1,9.0,3.2,9.0,3.2,5.8
3280,101964,20260527,825,4,5,1,1,1,4.8,2.0,4.8,2.0,2.8
3281,101965,20260409,1406,6,18,2,2,1,5.0,1.8,5.0,1.8,3.2
3282,101965,20260409,1406,6,4,2,2,2,4.5,1.9,9.0,3.8,5.2
3283,101966,20260823,1009,3,4,1,1,1,4.5,1.9,4.5,1.9,2.6
3284,101966,20260823,1009,3,1,1,1,1,3.5,1.4,3.5,1.4,2.1
3285,101967,20260827,1849,2,14,3,1,1,13.5,4.6,13.5,4.6,8.9
3286,101967,20260827,1849,2,12,3,1,2,12.0,4.2,24.0,8.4,15.6
3287,101967,20260827,1849,2,23,3,1,1,9.0,3.4,9.0,3.4,5.6
3288,101968,20260820,1915,6,8,1,4,1,8.5,3.2,8.5,3.2,5.3
3289,101969,20260828,1747,2,18,1,1,1,5.0,1.8,5.0,1.8,3.2
3290,101969,20260828,1747,2,11,1,1,1,10.5,3.8,10.5,3.8,6.7
3291,101970,20260523,1633,1,13,1,2,1,12.5,4.3,12.5,4.3,8.2
3292,101970,20260523,1633,1,10,1,2,1,8.0,3.0,8.0,3.0,5.0
3293,101971,20260527,1825,3,8,4,4,1,8.5,3.2,8.5,3.2,5.3
3294,101972,20260716,1822,4,24,1,1,1,8.0,3.0,8.0,3.0,5.0
3295,101973,20260409,1654,3,4,1,2,1,4.5,1.9,4.5,1.9,2.6
3296,101973,20260409,1654,3,13,1,2,1,12.5,4.3,12.5,4.3,8.2
3297,101974,20260513,1803,6,16,1,3,1,11.5,4.1,11.5,4.1,7.4
3298,101975,20260529,817,4,19,1,1,1,5.5,2.0,5.5,2.0,3.5
3299,101975,20260529,817,4,6,1,1,1,5.0,2.1,5.0,2.1,2.9
3300,101976,20260611,2133,4,17,1,4,1,4.5,1.6,4.5,1.6,2.9
3301,101977,20260617,1852,5,5,2,1,1,4.8,2.0,4.8,2.0,2.8
3302,101977,20260617,1852,5,11,2,1,1,10.5,3.8,10.5,3.8,6.7
3303,101978,20260321,1726,2,14,1,2,1,13.5,4.6,13.5,4.6,8.9
3304,101979,20260427,908,6,4,1,1,1,4.5,1.9,4.5,1.9,2.6
3305,101979,20260427,908,6,5,1,1,1,4.8,2.0,4.8,2.0,2.8
3306,101980,20260423,1731,6,8,1,1,1,8.5,3.2,8.5,3.2,5.3
3307,101981,20260607,2004,6,3,3,1,1,3.8,1.5,3.8,1.5,2.3
3308,101982,20260411,1022,3,4,1,1,1,4.5,1.9,4.5,1.9,2.6
3309,101983,20260902,1431,4,14,1,1,1,13.5,4.6,13.5,4.6,8.9
3310,101983,20260902,1431,4,2,1,1,1,4.0,1.6,4.0,1.6,2.4
3311,101984,20260425,1357,2,22,4,4,1,9.5,3.6,9.5,3.6,5.9
3312,101984,20260425,1357,2,18,4,4,1,5.0,1.8,5.0,1.8,3.2
3313,101985,20260621,1918,6,2,1,1,1,4.0,1.6,4.0,1.6,2.4
3314,101985,20260621,1918,6,16,1,1,1,11.5,4.1,11.5,4.1,7.4
3315,101986,20260621,1009,3,20,2,2,1,6.5,2.4,6.5,2.4,4.1
3316,101987,20260820,1705,5,11,1,1,1,10.5,3.8,10.5,3.8,6.7
3317,101987,20260820,1705,5,12,1,1,1,12.0,4.2,12.0,4.2,7.8
3318,101988,20260827,1756,2,5,1,1,1,4.8,2.0,4.8,2.0,2.8
3319,101989,20260707,1300,2,25,3,1,1,8.5,3.2,8.5,3.2,5.3
3320,101989,20260707,1300,2,24,3,1,1,8.0,3.0,8.0,3.0,5.0
3321,101990,20260821,1715,1,17,1,1,1,4.5,1.6,4.5,1.6,2.9
3322,101991,20260504,1730,4,9,1,4,1,9.0,3.4,9.0,3.4,5.6
3323,101991,20260504,1730,4,8,1,4,1,8.5,3.2,8.5,3.2,5.3
3324,101992,20260717,1029,5,21,1,1,1,9.0,3.2,9.0,3.2,5.8
3325,101992,20260717,1029,5,3,1,1,2,3.8,1.5,7.6,3.0,4.6
3326,101993,20260801,1654,6,9,1,1,1,9.0,3.4,9.0,3.4,5.6
3327,101993,20260801,1654,6,2,1,1,1,4.0,1.6,4.0,1.6,2.4
3328,101994,20260615,1502,2,7,1,3,1,4.3,1.8,4.3,1.8,2.5
3329,101995,20260714,1729,2,16,4,4,1,11.5,4.1,11.5,4.1,7.4
3330,101996,20260620,1014,5,2,1,1,1,4.0,1.6,4.0,1.6,2.4
3331,101997,20260412,856,3,18,1,2,2,5.0,1.8,10.0,3.6,6.4
3332,101998,20260901,2050,1,10,1,3,1,8.0,3.0,8.0,3.0,5.0
3333,101999,20260408,1308,4,6,2,2,1,5.0,2.1,5.0,2.1,2.9
3334,102000,20260710,1014,4,3,4,2,1,3.8,1.5,3.8,1.5,2.3
3335,102000,20260710,1014,4,17,4,2,2,4.5,1.6,9.0,3.2,5.8
3336,102000,20260710,1014,4,7,4,2,1,4.3,1.8,4.3,1.8,2.5
3337,102001,20260611,1528,1,15,1,1,1,11.0,4.0,11.0,4.0,7.0
3338,102001,20260611,1528,1,21,1,1,1,9.0,3.2,9.0,3.2,5.8
3339,102002,20260620,1256,4,19,1,1,1,5.5,2.0,5.5,2.0,3.5
3340,102002,20260620,1256,4,12,1,1,1,12.0,4.2,12.0,4.2,7.8
3341,102003,20260620,755,4,16,3,4,1,11.5,4.1,11.5,4.1,7.4
3342,102003,20260620,755,4,24,3,4,1,8.0,3.0,8.0,3.0,5.0
3343,102004,20260729,1919,5,12,1,4,1,12.0,4.2,12.0,4.2,7.8
3344,102005,20260427,2016,3,17,1,1,1,4.5,1.6,4.5,1.6,2.9
3345,102006,20260901,1858,5,20,1,3,1,6.5,2.4,6.5,2.4,4.1
3346,102006,20260901,1858,5,3,1,3,1,3.8,1.5,3.8,1.5,2.3
3347,102006,20260901,1858,5,15,1,3,1,11.0,4.0,11.0,4.0,7.0
3348,102007,20260316,1007,1,8,4,1,1,8.5,3.2,8.5,3.2,5.3
3349,102008,20260904,1140,4,9,1,1,1,9.0,3.4,9.0,3.4,5.6
3350,102009,20260324,1348,4,21,1,1,1,9.0,3.2,9.0,3.2,5.8
3351,102010,20260419,1927,4,3,2,1,1,3.8,1.5,3.8,1.5,2.3
3352,102011,20260422,929,4,17,2,3,1,4.5,1.6,4.5,1.6,2.9
3353,102011,20260422,929,4,4,2,3,1,4.5,1.9,4.5,1.9,2.6
3354,102012,20260429,1731,6,3,1,2,1,3.8,1.5,3.8,1.5,2.3
3355,102013,20260427,1007,1,21,2,2,1,9.0,3.2,9.0,3.2,5.8
3356,102014,20260828,1837,1,22,2,4,1,9.5,3.6,9.5,3.6,5.9
3357,102014,20260828,1837,1,17,2,4,1,4.5,1.6,4.5,1.6,2.9
3358,102015,20260620,1703,2,11,2,1,1,10.5,3.8,10.5,3.8,6.7
3359,102016,20260623,1046,2,22,1,1,1,9.5,3.6,9.5,3.6,5.9
3360,102016,20260623,1046,2,2,1,1,1,4.0,1.6,4.0,1.6,2.4
3361,102017,20260605,1859,4,9,2,2,1,9.0,3.4,9.0,3.4,5.6
3362,102018,20260429,933,1,7,1,2,1,4.3,1.8,4.3,1.8,2.5
3363,102019,20260614,1750,6,23,1,1,1,9.0,3.4,9.0,3.4,5.6
3364,102019,20260614,1750,6,9,1,1,2,9.0,3.4,18.0,6.8,11.2
3365,102020,20260826,1634,4,9,1,3,1,9.0,3.4,9.0,3.4,5.6
3366,102021,20260801,1422,4,16,1,3,1,11.5,4.1,11.5,4.1,7.4
3367,102022,20260815,1740,1,10,1,3,1,8.0,3.0,8.0,3.0,5.0
3368,102023,20260805,1003,1,7,1,3,2,4.3,1.8,8.6,3.6,5.0
3369,102023,20260805,1003,1,7,1,3,1,4.3,1.8,4.3,1.8,2.5
3370,102023,20260805,1003,1,19,1,3,1,5.5,2.0,5.5,2.0,3.5
3371,102024,20260416,834,2,17,3,1,1,4.5,1.6,4.5,1.6,2.9
3372,102024,20260416,834,2,1,3,1,1,3.5,1.4,3.5,1.4,2.1
3373,102024,20260416,834,2,1,3,1,1,3.5,1.4,3.5,1.4,2.1
3374,102025,20260713,1817,4,13,1,1,1,12.5,4.3,12.5,4.3,8.2
3375,102026,20260421,2015,6,21,2,4,1,9.0,3.2,9.0,3.2,5.8
3376,102027,20260713,842,5,7,1,1,1,4.3,1.8,4.3,1.8,2.5
3377,102028,20260903,1819,2,7,1,1,1,4.3,1.8,4.3,1.8,2.5
3378,102029,20260805,1145,5,10,4,4,2,8.0,3.0,16.0,6.0,10.0
3379,102029,20260805,1145,5,2,4,4,1,4.0,1.6,4.0,1.6,2.4
3380,102030,20260523,1643,4,13,2,4,2,12.5,4.3,25.0,8.6,16.4
3381,102030,20260523,1643,4,8,2,4,1,8.5,3.2,8.5,3.2,5.3
3382,102031,20260826,1906,3,10,2,1,1,8.0,3.0,8.0,3.0,5.0
3383,102031,20260826,1906,3,25,2,1,1,8.5,3.2,8.5,3.2,5.3
3384,102032,20260820,1523,4,13,2,1,1,12.5,4.3,12.5,4.3,8.2
3385,102032,20260820,1523,4,1,2,1,2,3.5,1.4,7.0,2.8,4.2
3386,102032,20260820,1523,4,12,2,1,1,12.0,4.2,12.0,4.2,7.8
3387,102033,20260825,2135,3,11,2,3,1,10.5,3.8,10.5,3.8,6.7
3388,102034,20260807,1804,6,8,2,1,1,8.5,3.2,8.5,3.2,5.3
3389,102034,20260807,1804,6,10,2,1,1,8.0,3.0,8.0,3.0,5.0
3390,102034,20260807,1804,6,7,2,1,1,4.3,1.8,4.3,1.8,2.5
3391,102035,20260812,1024,3,1,1,1,1,3.5,1.4,3.5,1.4,2.1
3392,102035,20260812,1024,3,20,1,1,1,6.5,2.4,6.5,2.4,4.1
3393,102035,20260812,1024,3,5,1,1,1,4.8,2.0,4.8,2.0,2.8
3394,102036,20260521,1725,4,16,3,4,1,11.5,4.1,11.5,4.1,7.4
3395,102037,20260605,1911,2,8,3,2,2,8.5,3.2,17.0,6.4,10.6
3396,102037,20260605,1911,2,24,3,2,1,8.0,3.0,8.0,3.0,5.0
3397,102038,20260502,1858,6,20,1,2,1,6.5,2.4,6.5,2.4,4.1
3398,102038,20260502,1858,6,22,1,2,1,9.5,3.6,9.5,3.6,5.9
3399,102038,20260502,1858,6,7,1,2,1,4.3,1.8,4.3,1.8,2.5
3400,102039,20260629,1749,2,12,2,3,1,12.0,4.2,12.0,4.2,7.8
3401,102040,20260425,1835,1,15,1,1,2,11.0,4.0,22.0,8.0,14.0
3402,102040,20260425,1835,1,14,1,1,1,13.5,4.6,13.5,4.6,8.9
3403,102041,20260331,2132,2,3,1,2,1,3.8,1.5,3.8,1.5,2.3
3404,102041,20260331,2132,2,14,1,2,2,13.5,4.6,27.0,9.2,17.8
3405,102042,20260605,1734,1,2,3,1,1,4.0,1.6,4.0,1.6,2.4
3406,102042,20260605,1734,1,8,3,1,1,8.5,3.2,8.5,3.2,5.3
3407,102043,20260523,1748,1,25,3,4,1,8.5,3.2,8.5,3.2,5.3
3408,102044,20260715,1242,5,8,1,2,1,8.5,3.2,8.5,3.2,5.3
3409,102044,20260715,1242,5,8,1,2,1,8.5,3.2,8.5,3.2,5.3
3410,102045,20260611,2153,2,5,2,1,1,4.8,2.0,4.8,2.0,2.8
3411,102046,20260418,1818,1,24,2,4,1,8.0,3.0,8.0,3.0,5.0
3412,102047,20260726,1357,1,1,2,1,2,3.5,1.4,7.0,2.8,4.2
3413,102048,20260416,802,1,6,1,3,1,5.0,2.1,5.0,2.1,2.9
3414,102049,20260428,1906,5,14,1,1,1,13.5,4.6,13.5,4.6,8.9
3415,102049,20260428,1906,5,17,1,1,1,4.5,1.6,4.5,1.6,2.9
3416,102049,20260428,1906,5,5,1,1,1,4.8,2.0,4.8,2.0,2.8
3417,102050,20260418,754,2,13,4,1,1,12.5,4.3,12.5,4.3,8.2
3418,102051,20260404,1004,3,21,2,2,1,9.0,3.2,9.0,3.2,5.8
3419,102051,20260404,1004,3,5,2,2,1,4.8,2.0,4.8,2.0,2.8
3420,102052,20260527,1020,2,3,2,2,1,3.8,1.5,3.8,1.5,2.3
3421,102052,20260527,1020,2,4,2,2,1,4.5,1.9,4.5,1.9,2.6
3422,102053,20260323,1131,3,3,2,1,1,3.8,1.5,3.8,1.5,2.3
3423,102053,20260323,1131,3,3,2,1,1,3.8,1.5,3.8,1.5,2.3
3424,102053,20260323,1131,3,5,2,1,1,4.8,2.0,4.8,2.0,2.8
3425,102054,20260619,1026,3,2,1,4,1,4.0,1.6,4.0,1.6,2.4
3426,102054,20260619,1026,3,19,1,4,1,5.5,2.0,5.5,2.0,3.5
3427,102055,20260714,1142,2,10,1,1,2,8.0,3.0,16.0,6.0,10.0
3428,102055,20260714,1142,2,13,1,1,2,12.5,4.3,25.0,8.6,16.4
3429,102056,20260825,1541,4,14,1,4,1,13.5,4.6,13.5,4.6,8.9
3430,102056,20260825,1541,4,21,1,4,2,9.0,3.2,18.0,6.4,11.6
3431,102057,20260529,801,4,8,1,2,1,8.5,3.2,8.5,3.2,5.3
3432,102057,20260529,801,4,17,1,2,2,4.5,1.6,9.0,3.2,5.8
3433,102058,20260831,1814,2,4,2,2,2,4.5,1.9,9.0,3.8,5.2
3434,102058,20260831,1814,2,15,2,2,1,11.0,4.0,11.0,4.0,7.0
3435,102059,20260616,1737,2,10,1,2,1,8.0,3.0,8.0,3.0,5.0
3436,102059,20260616,1737,2,9,1,2,1,9.0,3.4,9.0,3.4,5.6
3437,102060,20260705,1830,2,9,1,2,1,9.0,3.4,9.0,3.4,5.6
3438,102060,20260705,1830,2,22,1,2,1,9.5,3.6,9.5,3.6,5.9
3439,102061,20260804,804,4,2,1,2,1,4.0,1.6,4.0,1.6,2.4
3440,102062,20260904,801,1,7,1,2,1,4.3,1.8,4.3,1.8,2.5
3441,102063,20260423,1735,1,7,1,1,1,4.3,1.8,4.3,1.8,2.5
3442,102064,20260913,901,1,5,2,1,2,4.8,2.0,9.6,4.0,5.6
3443,102065,20260505,1758,2,6,2,4,2,5.0,2.1,10.0,4.2,5.8
3444,102065,20260505,1758,2,21,2,4,1,9.0,3.2,9.0,3.2,5.8
3445,102066,20260731,1036,4,1,2,1,1,3.5,1.4,3.5,1.4,2.1
3446,102067,20260503,1434,1,12,4,1,1,12.0,4.2,12.0,4.2,7.8
3447,102068,20260517,1651,4,10,2,3,1,8.0,3.0,8.0,3.0,5.0
3448,102069,20260320,1657,2,5,1,2,2,4.8,2.0,9.6,4.0,5.6
3449,102070,20260814,842,3,4,2,2,1,4.5,1.9,4.5,1.9,2.6
3450,102070,20260814,842,3,2,2,2,1,4.0,1.6,4.0,1.6,2.4
3451,102071,20260529,919,3,3,1,2,2,3.8,1.5,7.6,3.0,4.6
3452,102071,20260529,919,3,20,1,2,1,6.5,2.4,6.5,2.4,4.1
3453,102071,20260529,919,3,3,1,2,1,3.8,1.5,3.8,1.5,2.3
3454,102072,20260614,1154,6,6,1,1,1,5.0,2.1,5.0,2.1,2.9
3455,102073,20260805,1744,1,6,1,1,1,5.0,2.1,5.0,2.1,2.9
3456,102074,20260521,843,1,3,1,1,1,3.8,1.5,3.8,1.5,2.3
3457,102075,20260519,814,6,19,1,2,1,5.5,2.0,5.5,2.0,3.5
3458,102075,20260519,814,6,3,1,2,1,3.8,1.5,3.8,1.5,2.3
3459,102075,20260519,814,6,20,1,2,1,6.5,2.4,6.5,2.4,4.1
3460,102076,20260530,1701,1,13,2,2,1,12.5,4.3,12.5,4.3,8.2
3461,102076,20260530,1701,1,18,2,2,1,5.0,1.8,5.0,1.8,3.2
3462,102077,20260426,1906,5,14,1,3,1,13.5,4.6,13.5,4.6,8.9
3463,102077,20260426,1906,5,23,1,3,1,9.0,3.4,9.0,3.4,5.6
3464,102078,20260329,1739,5,3,2,4,1,3.8,1.5,3.8,1.5,2.3
3465,102079,20260601,1327,3,8,2,4,1,8.5,3.2,8.5,3.2,5.3
3466,102079,20260601,1327,3,18,2,4,1,5.0,1.8,5.0,1.8,3.2
3467,102080,20260827,1905,1,13,1,4,1,12.5,4.3,12.5,4.3,8.2
3468,102080,20260827,1905,1,23,1,4,1,9.0,3.4,9.0,3.4,5.6
3469,102080,20260827,1905,1,14,1,4,1,13.5,4.6,13.5,4.6,8.9
3470,102081,20260509,923,1,2,1,2,1,4.0,1.6,4.0,1.6,2.4
3471,102081,20260509,923,1,2,1,2,2,4.0,1.6,8.0,3.2,4.8
3472,102082,20260621,1536,2,10,1,1,1,8.0,3.0,8.0,3.0,5.0
3473,102083,20260629,829,2,1,1,2,1,3.5,1.4,3.5,1.4,2.1
3474,102083,20260629,829,2,3,1,2,1,3.8,1.5,3.8,1.5,2.3
3475,102083,20260629,829,2,2,1,2,1,4.0,1.6,4.0,1.6,2.4
3476,102084,20260719,818,3,21,1,1,1,9.0,3.2,9.0,3.2,5.8
3477,102085,20260625,1929,6,13,1,3,1,12.5,4.3,12.5,4.3,8.2
3478,102086,20260718,827,3,22,2,1,1,9.5,3.6,9.5,3.6,5.9
3479,102086,20260718,827,3,2,2,1,1,4.0,1.6,4.0,1.6,2.4
3480,102087,20260519,1806,5,8,1,1,1,8.5,3.2,8.5,3.2,5.3
3481,102088,20260625,1106,4,8,1,1,1,8.5,3.2,8.5,3.2,5.3
3482,102089,20260526,910,1,5,1,2,1,4.8,2.0,4.8,2.0,2.8
3483,102089,20260526,910,1,3,1,2,2,3.8,1.5,7.6,3.0,4.6
3484,102089,20260526,910,1,18,1,2,1,5.0,1.8,5.0,1.8,3.2
3485,102090,20260515,1634,1,6,1,4,2,5.0,2.1,10.0,4.2,5.8
3486,102091,20260809,1804,5,8,1,3,1,8.5,3.2,8.5,3.2,5.3
3487,102092,20260419,1709,3,10,4,1,1,8.0,3.0,8.0,3.0,5.0
3488,102093,20260506,1650,2,15,1,3,1,11.0,4.0,11.0,4.0,7.0
3489,102094,20260910,828,3,19,2,1,1,5.5,2.0,5.5,2.0,3.5
3490,102094,20260910,828,3,6,2,1,1,5.0,2.1,5.0,2.1,2.9
3491,102094,20260910,828,3,6,2,1,1,5.0,2.1,5.0,2.1,2.9
3492,102095,20260802,1129,1,3,2,1,1,3.8,1.5,3.8,1.5,2.3
3493,102096,20260725,819,4,1,2,1,1,3.5,1.4,3.5,1.4,2.1
3494,102096,20260725,819,4,3,2,1,1,3.8,1.5,3.8,1.5,2.3
3495,102097,20260713,2102,1,22,1,1,1,9.5,3.6,9.5,3.6,5.9
3496,102098,20260519,1632,3,19,1,3,1,5.5,2.0,5.5,2.0,3.5
3497,102099,20260725,1900,5,11,1,4,2,10.5,3.8,21.0,7.6,13.4
3498,102099,20260725,1900,5,14,1,4,1,13.5,4.6,13.5,4.6,8.9
3499,102099,20260725,1900,5,6,1,4,2,5.0,2.1,10.0,4.2,5.8
3500,102100,20260912,1800,5,2,1,3,1,4.0,1.6,4.0,1.6,2.4
3501,102101,20260607,808,6,1,2,3,1,3.5,1.4,3.5,1.4,2.1
3502,102102,20260620,1640,2,13,4,1,1,12.5,4.3,12.5,4.3,8.2
3503,102103,20260725,1635,3,5,1,2,1,4.8,2.0,4.8,2.0,2.8
3504,102104,20260623,1900,4,8,1,4,1,8.5,3.2,8.5,3.2,5.3
3505,102104,20260623,1900,4,2,1,4,1,4.0,1.6,4.0,1.6,2.4
3506,102105,20260722,1740,6,22,2,1,2,9.5,3.6,19.0,7.2,11.8
3507,102105,20260722,1740,6,8,2,1,1,8.5,3.2,8.5,3.2,5.3
3508,102106,20260619,823,1,3,1,4,2,3.8,1.5,7.6,3.0,4.6
3509,102106,20260619,823,1,6,1,4,1,5.0,2.1,5.0,2.1,2.9
3510,102107,20260908,840,1,20,2,2,1,6.5,2.4,6.5,2.4,4.1
3511,102108,20260330,1052,1,12,2,1,2,12.0,4.2,24.0,8.4,15.6
3512,102109,20260812,825,3,10,1,2,2,8.0,3.0,16.0,6.0,10.0
3513,102109,20260812,825,3,1,1,2,1,3.5,1.4,3.5,1.4,2.1
3514,102110,20260526,1314,4,16,4,2,1,11.5,4.1,11.5,4.1,7.4
3515,102111,20260420,1222,3,25,2,2,1,8.5,3.2,8.5,3.2,5.3
3516,102112,20260325,1852,5,10,1,1,1,8.0,3.0,8.0,3.0,5.0
3517,102112,20260325,1852,5,13,1,1,1,12.5,4.3,12.5,4.3,8.2
3518,102113,20260606,903,3,2,1,1,2,4.0,1.6,8.0,3.2,4.8
3519,102114,20260821,1029,3,20,1,2,1,6.5,2.4,6.5,2.4,4.1
3520,102114,20260821,1029,3,6,1,2,1,5.0,2.1,5.0,2.1,2.9
3521,102114,20260821,1029,3,18,1,2,2,5.0,1.8,10.0,3.6,6.4
3522,102115,20260601,1926,1,8,4,1,1,8.5,3.2,8.5,3.2,5.3
3523,102115,20260601,1926,1,14,4,1,1,13.5,4.6,13.5,4.6,8.9
3524,102116,20260801,1241,1,1,2,1,1,3.5,1.4,3.5,1.4,2.1
3525,102117,20260514,1820,4,20,1,1,1,6.5,2.4,6.5,2.4,4.1
3526,102118,20260627,910,1,20,1,2,1,6.5,2.4,6.5,2.4,4.1
3527,102119,20260829,1022,5,24,4,2,1,8.0,3.0,8.0,3.0,5.0
3528,102120,20260503,1736,4,11,1,1,1,10.5,3.8,10.5,3.8,6.7
3529,102121,20260608,1842,1,12,1,1,1,12.0,4.2,12.0,4.2,7.8
3530,102122,20260530,1012,3,4,3,3,1,4.5,1.9,4.5,1.9,2.6
3531,102123,20260326,1910,3,14,1,1,1,13.5,4.6,13.5,4.6,8.9
3532,102124,20260814,1007,2,2,1,1,1,4.0,1.6,4.0,1.6,2.4
3533,102124,20260814,1007,2,1,1,1,1,3.5,1.4,3.5,1.4,2.1
3534,102124,20260814,1007,2,7,1,1,1,4.3,1.8,4.3,1.8,2.5
3535,102125,20260729,1239,2,24,1,1,1,8.0,3.0,8.0,3.0,5.0
3536,102126,20260529,1107,3,3,1,2,1,3.8,1.5,3.8,1.5,2.3
3537,102126,20260529,1107,3,5,1,2,1,4.8,2.0,4.8,2.0,2.8
3538,102127,20260729,1005,5,3,1,3,2,3.8,1.5,7.6,3.0,4.6
3539,102127,20260729,1005,5,2,1,3,1,4.0,1.6,4.0,1.6,2.4
3540,102128,20260908,1845,3,23,1,1,1,9.0,3.4,9.0,3.4,5.6
3541,102128,20260908,1845,3,15,1,1,1,11.0,4.0,11.0,4.0,7.0
3542,102128,20260908,1845,3,3,1,1,1,3.8,1.5,3.8,1.5,2.3
3543,102129,20260711,1701,2,10,3,1,2,8.0,3.0,16.0,6.0,10.0
3544,102130,20260317,1158,5,21,2,1,1,9.0,3.2,9.0,3.2,5.8
3545,102130,20260317,1158,5,12,2,1,1,12.0,4.2,12.0,4.2,7.8
3546,102130,20260317,1158,5,8,2,1,1,8.5,3.2,8.5,3.2,5.3
3547,102131,20260821,934,5,7,4,2,1,4.3,1.8,4.3,1.8,2.5
3548,102132,20260321,1111,2,15,1,1,1,11.0,4.0,11.0,4.0,7.0
3549,102133,20260628,1903,3,8,1,3,1,8.5,3.2,8.5,3.2,5.3
3550,102134,20260604,1148,6,1,2,4,1,3.5,1.4,3.5,1.4,2.1
3551,102134,20260604,1148,6,3,2,4,1,3.8,1.5,3.8,1.5,2.3
3552,102134,20260604,1148,6,4,2,4,2,4.5,1.9,9.0,3.8,5.2
3553,102135,20260611,1250,3,9,1,1,1,9.0,3.4,9.0,3.4,5.6
3554,102135,20260611,1250,3,15,1,1,1,11.0,4.0,11.0,4.0,7.0
3555,102136,20260508,943,4,19,3,1,1,5.5,2.0,5.5,2.0,3.5
3556,102136,20260508,943,4,10,3,1,1,8.0,3.0,8.0,3.0,5.0
3557,102137,20260902,948,2,7,2,1,1,4.3,1.8,4.3,1.8,2.5
3558,102138,20260617,2018,6,25,1,1,1,8.5,3.2,8.5,3.2,5.3
3559,102139,20260628,1707,5,18,1,3,1,5.0,1.8,5.0,1.8,3.2
3560,102140,20260829,946,3,6,3,1,1,5.0,2.1,5.0,2.1,2.9
3561,102141,20260316,1546,3,11,1,2,1,10.5,3.8,10.5,3.8,6.7
3562,102142,20260715,1811,2,5,4,4,1,4.8,2.0,4.8,2.0,2.8
3563,102143,20260605,736,5,14,1,2,1,13.5,4.6,13.5,4.6,8.9
3564,102144,20260411,1709,4,2,1,1,1,4.0,1.6,4.0,1.6,2.4
3565,102144,20260411,1709,4,12,1,1,2,12.0,4.2,24.0,8.4,15.6
3566,102145,20260904,835,3,1,4,1,1,3.5,1.4,3.5,1.4,2.1
3567,102146,20260515,841,3,7,2,3,1,4.3,1.8,4.3,1.8,2.5
3568,102146,20260515,841,3,2,2,3,1,4.0,1.6,4.0,1.6,2.4
3569,102147,20260823,2005,3,20,1,2,1,6.5,2.4,6.5,2.4,4.1
3570,102148,20260819,1754,1,24,4,2,1,8.0,3.0,8.0,3.0,5.0
3571,102148,20260819,1754,1,15,4,2,2,11.0,4.0,22.0,8.0,14.0
3572,102149,20260612,1836,5,19,3,3,1,5.5,2.0,5.5,2.0,3.5
3573,102150,20260423,1623,1,7,1,3,1,4.3,1.8,4.3,1.8,2.5
3574,102150,20260423,1623,1,3,1,3,2,3.8,1.5,7.6,3.0,4.6
3575,102151,20260617,853,2,6,1,2,2,5.0,2.1,10.0,4.2,5.8
3576,102151,20260617,853,2,11,1,2,1,10.5,3.8,10.5,3.8,6.7
3577,102151,20260617,853,2,5,1,2,1,4.8,2.0,4.8,2.0,2.8
3578,102152,20260521,1703,6,12,2,3,1,12.0,4.2,12.0,4.2,7.8
3579,102152,20260521,1703,6,15,2,3,1,11.0,4.0,11.0,4.0,7.0
3580,102153,20260502,931,2,1,3,1,1,3.5,1.4,3.5,1.4,2.1
3581,102153,20260502,931,2,7,3,1,1,4.3,1.8,4.3,1.8,2.5
3582,102153,20260502,931,2,2,3,1,1,4.0,1.6,4.0,1.6,2.4
3583,102154,20260328,1641,3,8,1,2,1,8.5,3.2,8.5,3.2,5.3
3584,102154,20260328,1641,3,18,1,2,1,5.0,1.8,5.0,1.8,3.2
3585,102155,20260814,1006,4,3,1,1,2,3.8,1.5,7.6,3.0,4.6
3586,102156,20260525,1712,3,21,1,1,1,9.0,3.2,9.0,3.2,5.8
3587,102157,20260722,1836,5,22,1,1,1,9.5,3.6,9.5,3.6,5.9
3588,102157,20260722,1836,5,22,1,1,1,9.5,3.6,9.5,3.6,5.9
3589,102158,20260524,2159,2,12,1,1,1,12.0,4.2,12.0,4.2,7.8
3590,102159,20260711,1831,2,15,1,3,1,11.0,4.0,11.0,4.0,7.0
3591,102159,20260711,1831,2,16,1,3,2,11.5,4.1,23.0,8.2,14.8
3592,102160,20260707,1238,4,25,2,1,2,8.5,3.2,17.0,6.4,10.6
3593,102161,20260511,1006,3,20,2,4,1,6.5,2.4,6.5,2.4,4.1
3594,102161,20260511,1006,3,7,2,4,1,4.3,1.8,4.3,1.8,2.5
3595,102162,20260809,950,4,21,2,1,1,9.0,3.2,9.0,3.2,5.8
3596,102162,20260809,950,4,5,2,1,1,4.8,2.0,4.8,2.0,2.8
3597,102163,20260719,1701,5,20,1,4,2,6.5,2.4,13.0,4.8,8.2
3598,102164,20260701,1814,2,4,1,4,2,4.5,1.9,9.0,3.8,5.2
3599,102165,20260715,1636,4,4,1,3,1,4.5,1.9,4.5,1.9,2.6
3600,102166,20260801,1549,2,10,4,2,1,8.0,3.0,8.0,3.0,5.0
3601,102167,20260523,824,3,1,2,1,1,3.5,1.4,3.5,1.4,2.1
3602,102167,20260523,824,3,19,2,1,1,5.5,2.0,5.5,2.0,3.5
3603,102168,20260317,959,2,22,2,3,1,9.5,3.6,9.5,3.6,5.9
3604,102169,20260412,1014,1,7,4,1,1,4.3,1.8,4.3,1.8,2.5
3605,102170,20260318,1101,3,7,2,1,1,4.3,1.8,4.3,1.8,2.5
3606,102171,20260906,1916,1,2,1,1,1,4.0,1.6,4.0,1.6,2.4
3607,102171,20260906,1916,1,5,1,1,1,4.8,2.0,4.8,2.0,2.8
3608,102172,20260911,858,4,4,3,1,1,4.5,1.9,4.5,1.9,2.6
3609,102173,20260912,1841,1,16,1,3,1,11.5,4.1,11.5,4.1,7.4
3610,102174,20260520,1210,2,11,3,4,2,10.5,3.8,21.0,7.6,13.4
3611,102174,20260520,1210,2,5,3,4,2,4.8,2.0,9.6,4.0,5.6
3612,102174,20260520,1210,2,3,3,4,1,3.8,1.5,3.8,1.5,2.3
3613,102175,20260725,1345,1,6,1,1,1,5.0,2.1,5.0,2.1,2.9
3614,102175,20260725,1345,1,1,1,1,1,3.5,1.4,3.5,1.4,2.1
3615,102176,20260716,1644,4,12,2,1,1,12.0,4.2,12.0,4.2,7.8
3616,102177,20260713,731,4,6,1,2,1,5.0,2.1,5.0,2.1,2.9
3617,102178,20260715,949,3,6,1,1,1,5.0,2.1,5.0,2.1,2.9
3618,102179,20260528,2159,2,1,1,1,1,3.5,1.4,3.5,1.4,2.1
3619,102179,20260528,2159,2,3,1,1,2,3.8,1.5,7.6,3.0,4.6
3620,102180,20260403,937,2,4,1,3,1,4.5,1.9,4.5,1.9,2.6
3621,102180,20260403,937,2,13,1,3,2,12.5,4.3,25.0,8.6,16.4
3622,102180,20260403,937,2,17,1,3,1,4.5,1.6,4.5,1.6,2.9
3623,102181,20260502,1333,5,23,1,1,1,9.0,3.4,9.0,3.4,5.6
3624,102182,20260822,1939,1,13,2,2,1,12.5,4.3,12.5,4.3,8.2
3625,102183,20260801,1701,4,8,1,3,1,8.5,3.2,8.5,3.2,5.3
3626,102184,20260714,1014,6,18,1,1,1,5.0,1.8,5.0,1.8,3.2
3627,102184,20260714,1014,6,5,1,1,1,4.8,2.0,4.8,2.0,2.8
3628,102185,20260912,1052,6,10,1,1,1,8.0,3.0,8.0,3.0,5.0
3629,102186,20260614,1835,2,9,2,4,1,9.0,3.4,9.0,3.4,5.6
3630,102186,20260614,1835,2,25,2,4,1,8.5,3.2,8.5,3.2,5.3
3631,102187,20260708,1752,5,1,1,3,1,3.5,1.4,3.5,1.4,2.1
3632,102188,20260530,820,4,21,2,1,1,9.0,3.2,9.0,3.2,5.8
3633,102188,20260530,820,4,3,2,1,1,3.8,1.5,3.8,1.5,2.3
3634,102189,20260407,1801,4,15,1,4,2,11.0,4.0,22.0,8.0,14.0
3635,102189,20260407,1801,4,25,1,4,2,8.5,3.2,17.0,6.4,10.6
3636,102190,20260627,908,1,12,1,1,1,12.0,4.2,12.0,4.2,7.8
3637,102191,20260323,923,4,6,2,1,1,5.0,2.1,5.0,2.1,2.9
3638,102192,20260829,1328,1,14,1,2,1,13.5,4.6,13.5,4.6,8.9
3639,102192,20260829,1328,1,25,1,2,1,8.5,3.2,8.5,3.2,5.3
3640,102193,20260818,824,4,3,1,1,2,3.8,1.5,7.6,3.0,4.6
3641,102194,20260807,1847,5,20,2,4,1,6.5,2.4,6.5,2.4,4.1
3642,102194,20260807,1847,5,11,2,4,1,10.5,3.8,10.5,3.8,6.7
3643,102195,20260907,815,2,1,2,1,1,3.5,1.4,3.5,1.4,2.1
3644,102196,20260706,1141,2,18,2,1,1,5.0,1.8,5.0,1.8,3.2
3645,102196,20260706,1141,2,2,2,1,1,4.0,1.6,4.0,1.6,2.4
3646,102197,20260706,1122,1,19,3,2,2,5.5,2.0,11.0,4.0,7.0
3647,102197,20260706,1122,1,19,3,2,2,5.5,2.0,11.0,4.0,7.0
3648,102198,20260322,1720,5,8,2,1,1,8.5,3.2,8.5,3.2,5.3
3649,102198,20260322,1720,5,5,2,1,1,4.8,2.0,4.8,2.0,2.8
3650,102199,20260424,1037,1,16,2,1,1,11.5,4.1,11.5,4.1,7.4
3651,102200,20260407,1416,2,8,1,1,2,8.5,3.2,17.0,6.4,10.6
3652,102201,20260517,1856,6,11,3,4,1,10.5,3.8,10.5,3.8,6.7
3653,102201,20260517,1856,6,12,3,4,1,12.0,4.2,12.0,4.2,7.8
3654,102201,20260517,1856,6,16,3,4,2,11.5,4.1,23.0,8.2,14.8
3655,102202,20260327,1925,5,25,1,1,2,8.5,3.2,17.0,6.4,10.6
3656,102203,20260616,949,2,22,3,1,1,9.5,3.6,9.5,3.6,5.9
3657,102204,20260428,1040,4,3,1,1,1,3.8,1.5,3.8,1.5,2.3
3658,102204,20260428,1040,4,21,1,1,2,9.0,3.2,18.0,6.4,11.6
3659,102205,20260528,1834,2,10,2,2,2,8.0,3.0,16.0,6.0,10.0
3660,102206,20260508,907,3,5,1,1,1,4.8,2.0,4.8,2.0,2.8
3661,102206,20260508,907,3,21,1,1,1,9.0,3.2,9.0,3.2,5.8
3662,102206,20260508,907,3,19,1,1,2,5.5,2.0,11.0,4.0,7.0
3663,102207,20260711,2114,1,3,1,1,2,3.8,1.5,7.6,3.0,4.6
3664,102208,20260426,1823,3,10,1,1,1,8.0,3.0,8.0,3.0,5.0
3665,102208,20260426,1823,3,14,1,1,1,13.5,4.6,13.5,4.6,8.9
3666,102209,20260805,1729,3,20,1,4,1,6.5,2.4,6.5,2.4,4.1
3667,102210,20260523,841,1,21,2,2,1,9.0,3.2,9.0,3.2,5.8
3668,102210,20260523,841,1,19,2,2,1,5.5,2.0,5.5,2.0,3.5
3669,102211,20260614,955,6,4,1,1,2,4.5,1.9,9.0,3.8,5.2
3670,102212,20260723,1714,6,12,3,4,1,12.0,4.2,12.0,4.2,7.8
3671,102212,20260723,1714,6,14,3,4,1,13.5,4.6,13.5,4.6,8.9
3672,102212,20260723,1714,6,21,3,4,1,9.0,3.2,9.0,3.2,5.8
3673,102213,20260703,1643,2,2,2,1,1,4.0,1.6,4.0,1.6,2.4
3674,102213,20260703,1643,2,16,2,1,1,11.5,4.1,11.5,4.1,7.4
3675,102213,20260703,1643,2,19,2,1,1,5.5,2.0,5.5,2.0,3.5
3676,102214,20260722,818,1,21,1,2,1,9.0,3.2,9.0,3.2,5.8
3677,102215,20260323,1011,4,5,1,2,1,4.8,2.0,4.8,2.0,2.8
3678,102216,20260812,1013,6,6,1,1,1,5.0,2.1,5.0,2.1,2.9
3679,102217,20260615,1753,5,25,1,1,1,8.5,3.2,8.5,3.2,5.3
3680,102218,20260622,842,4,7,1,2,1,4.3,1.8,4.3,1.8,2.5
3681,102219,20260908,1721,1,8,2,2,1,8.5,3.2,8.5,3.2,5.3
3682,102220,20260623,1813,2,10,1,3,1,8.0,3.0,8.0,3.0,5.0
3683,102221,20260506,1109,2,21,2,1,1,9.0,3.2,9.0,3.2,5.8
3684,102222,20260324,1513,2,5,4,1,1,4.8,2.0,4.8,2.0,2.8
3685,102223,20260613,1111,2,18,2,1,1,5.0,1.8,5.0,1.8,3.2
3686,102224,20260908,751,1,22,2,1,1,9.5,3.6,9.5,3.6,5.9
3687,102225,20260525,1730,6,25,1,3,1,8.5,3.2,8.5,3.2,5.3
3688,102226,20260604,1801,1,3,1,2,1,3.8,1.5,3.8,1.5,2.3
3689,102226,20260604,1801,1,12,1,2,1,12.0,4.2,12.0,4.2,7.8
3690,102227,20260411,1640,1,21,3,1,1,9.0,3.2,9.0,3.2,5.8
3691,102228,20260521,1800,4,21,2,3,1,9.0,3.2,9.0,3.2,5.8
3692,102228,20260521,1800,4,20,2,3,2,6.5,2.4,13.0,4.8,8.2
3693,102229,20260614,1855,1,15,3,3,1,11.0,4.0,11.0,4.0,7.0
3694,102230,20260817,1925,4,15,2,4,2,11.0,4.0,22.0,8.0,14.0
3695,102230,20260817,1925,4,16,2,4,2,11.5,4.1,23.0,8.2,14.8
3696,102231,20260806,1129,4,14,1,4,1,13.5,4.6,13.5,4.6,8.9
3697,102232,20260721,1710,1,19,2,3,1,5.5,2.0,5.5,2.0,3.5
3698,102232,20260721,1710,1,22,2,3,1,9.5,3.6,9.5,3.6,5.9
3699,102232,20260721,1710,1,17,2,3,1,4.5,1.6,4.5,1.6,2.9
3700,102233,20260328,832,3,3,1,1,1,3.8,1.5,3.8,1.5,2.3
3701,102234,20260418,825,3,4,1,3,1,4.5,1.9,4.5,1.9,2.6
3702,102235,20260824,920,1,16,1,4,1,11.5,4.1,11.5,4.1,7.4
3703,102235,20260824,920,1,21,1,4,2,9.0,3.2,18.0,6.4,11.6
3704,102235,20260824,920,1,20,1,4,1,6.5,2.4,6.5,2.4,4.1
3705,102236,20260525,908,3,3,1,2,2,3.8,1.5,7.6,3.0,4.6
3706,102236,20260525,908,3,21,1,2,2,9.0,3.2,18.0,6.4,11.6
3707,102236,20260525,908,3,6,1,2,2,5.0,2.1,10.0,4.2,5.8
3708,102237,20260326,1706,1,10,2,3,1,8.0,3.0,8.0,3.0,5.0
3709,102238,20260703,733,3,1,2,2,1,3.5,1.4,3.5,1.4,2.1
3710,102239,20260912,1849,2,4,3,2,1,4.5,1.9,4.5,1.9,2.6
3711,102239,20260912,1849,2,23,3,2,1,9.0,3.4,9.0,3.4,5.6
3712,102239,20260912,1849,2,3,3,2,1,3.8,1.5,3.8,1.5,2.3
3713,102240,20260608,1640,3,15,2,4,1,11.0,4.0,11.0,4.0,7.0
3714,102240,20260608,1640,3,20,2,4,2,6.5,2.4,13.0,4.8,8.2
3715,102240,20260608,1640,3,10,2,4,1,8.0,3.0,8.0,3.0,5.0
3716,102241,20260318,1732,5,20,4,3,1,6.5,2.4,6.5,2.4,4.1
3717,102242,20260510,2149,1,10,3,1,1,8.0,3.0,8.0,3.0,5.0
3718,102243,20260828,917,5,21,1,1,1,9.0,3.2,9.0,3.2,5.8
3719,102243,20260828,917,5,18,1,1,1,5.0,1.8,5.0,1.8,3.2
3720,102244,20260609,1927,2,13,1,3,1,12.5,4.3,12.5,4.3,8.2
3721,102244,20260609,1927,2,9,1,3,1,9.0,3.4,9.0,3.4,5.6
3722,102245,20260624,1048,5,16,1,1,1,11.5,4.1,11.5,4.1,7.4
3723,102246,20260810,836,2,18,4,1,1,5.0,1.8,5.0,1.8,3.2
3724,102247,20260819,1004,2,2,1,2,1,4.0,1.6,4.0,1.6,2.4
3725,102247,20260819,1004,2,7,1,2,1,4.3,1.8,4.3,1.8,2.5
3726,102248,20260804,1338,3,5,2,1,1,4.8,2.0,4.8,2.0,2.8
3727,102248,20260804,1338,3,6,2,1,1,5.0,2.1,5.0,2.1,2.9
3728,102249,20260628,1056,4,10,2,2,1,8.0,3.0,8.0,3.0,5.0
3729,102250,20260411,1651,2,3,1,4,1,3.8,1.5,3.8,1.5,2.3
3730,102251,20260914,1828,2,20,1,3,1,6.5,2.4,6.5,2.4,4.1
3731,102252,20260327,958,3,3,2,1,1,3.8,1.5,3.8,1.5,2.3
3732,102253,20260808,1738,1,1,1,2,1,3.5,1.4,3.5,1.4,2.1
3733,102254,20260818,1658,5,10,1,2,1,8.0,3.0,8.0,3.0,5.0
3734,102254,20260818,1658,5,11,1,2,1,10.5,3.8,10.5,3.8,6.7
3735,102255,20260718,812,1,6,1,1,1,5.0,2.1,5.0,2.1,2.9
3736,102256,20260321,1431,2,2,1,2,1,4.0,1.6,4.0,1.6,2.4
3737,102257,20260822,1741,4,8,1,1,1,8.5,3.2,8.5,3.2,5.3
3738,102257,20260822,1741,4,17,1,1,1,4.5,1.6,4.5,1.6,2.9
3739,102258,20260717,1752,2,15,1,4,1,11.0,4.0,11.0,4.0,7.0
3740,102258,20260717,1752,2,9,1,4,1,9.0,3.4,9.0,3.4,5.6
3741,102259,20260717,1257,2,7,3,1,1,4.3,1.8,4.3,1.8,2.5
3742,102260,20260801,1136,1,2,2,3,1,4.0,1.6,4.0,1.6,2.4
3743,102261,20260515,1441,1,3,2,2,2,3.8,1.5,7.6,3.0,4.6
3744,102262,20260620,1749,1,9,1,1,2,9.0,3.4,18.0,6.8,11.2
3745,102262,20260620,1749,1,8,1,1,1,8.5,3.2,8.5,3.2,5.3
3746,102263,20260623,1113,5,24,2,2,2,8.0,3.0,16.0,6.0,10.0
3747,102264,20260521,956,5,1,1,1,1,3.5,1.4,3.5,1.4,2.1
3748,102265,20260610,1309,1,17,2,2,1,4.5,1.6,4.5,1.6,2.9
3749,102266,20260718,1420,1,1,2,2,1,3.5,1.4,3.5,1.4,2.1
3750,102266,20260718,1420,1,22,2,2,1,9.5,3.6,9.5,3.6,5.9
3751,102267,20260912,1135,4,5,2,2,1,4.8,2.0,4.8,2.0,2.8
3752,102267,20260912,1135,4,3,2,2,1,3.8,1.5,3.8,1.5,2.3
3753,102268,20260809,1346,6,8,3,2,1,8.5,3.2,8.5,3.2,5.3
3754,102268,20260809,1346,6,13,3,2,1,12.5,4.3,12.5,4.3,8.2
3755,102268,20260809,1346,6,17,3,2,1,4.5,1.6,4.5,1.6,2.9
3756,102269,20260821,1825,2,13,1,3,1,12.5,4.3,12.5,4.3,8.2
3757,102269,20260821,1825,2,22,1,3,1,9.5,3.6,9.5,3.6,5.9
3758,102270,20260721,1224,5,18,1,1,1,5.0,1.8,5.0,1.8,3.2
3759,102271,20260320,1923,6,7,1,2,1,4.3,1.8,4.3,1.8,2.5
3760,102271,20260320,1923,6,5,1,2,1,4.8,2.0,4.8,2.0,2.8
3761,102272,20260701,839,2,17,1,2,2,4.5,1.6,9.0,3.2,5.8
3762,102273,20260718,1134,1,20,1,1,2,6.5,2.4,13.0,4.8,8.2
3763,102274,20260428,1306,2,25,2,2,1,8.5,3.2,8.5,3.2,5.3
3764,102275,20260704,1835,4,10,2,4,1,8.0,3.0,8.0,3.0,5.0
3765,102275,20260704,1835,4,25,2,4,1,8.5,3.2,8.5,3.2,5.3
3766,102275,20260704,1835,4,21,2,4,1,9.0,3.2,9.0,3.2,5.8
3767,102276,20260320,1729,4,15,1,4,1,11.0,4.0,11.0,4.0,7.0
3768,102277,20260517,1808,3,22,1,1,1,9.5,3.6,9.5,3.6,5.9
3769,102277,20260517,1808,3,16,1,1,2,11.5,4.1,23.0,8.2,14.8
3770,102277,20260517,1808,3,11,1,1,1,10.5,3.8,10.5,3.8,6.7
3771,102278,20260407,850,6,19,1,3,2,5.5,2.0,11.0,4.0,7.0
3772,102279,20260810,1736,1,16,2,3,1,11.5,4.1,11.5,4.1,7.4
3773,102279,20260810,1736,1,10,2,3,1,8.0,3.0,8.0,3.0,5.0
3774,102280,20260715,1736,4,8,4,3,1,8.5,3.2,8.5,3.2,5.3
3775,102280,20260715,1736,4,11,4,3,1,10.5,3.8,10.5,3.8,6.7
3776,102281,20260816,2200,2,5,3,3,1,4.8,2.0,4.8,2.0,2.8
3777,102281,20260816,2200,2,17,3,3,1,4.5,1.6,4.5,1.6,2.9
3778,102281,20260816,2200,2,5,3,3,1,4.8,2.0,4.8,2.0,2.8
3779,102282,20260320,911,4,7,2,1,1,4.3,1.8,4.3,1.8,2.5
3780,102282,20260320,911,4,17,2,1,2,4.5,1.6,9.0,3.2,5.8
3781,102282,20260320,911,4,5,2,1,1,4.8,2.0,4.8,2.0,2.8
3782,102283,20260730,930,1,1,2,1,2,3.5,1.4,7.0,2.8,4.2
3783,102284,20260907,1231,2,2,1,3,1,4.0,1.6,4.0,1.6,2.4
3784,102284,20260907,1231,2,15,1,3,1,11.0,4.0,11.0,4.0,7.0
3785,102284,20260907,1231,2,25,1,3,1,8.5,3.2,8.5,3.2,5.3
3786,102285,20260416,1944,1,21,2,1,1,9.0,3.2,9.0,3.2,5.8
3787,102286,20260615,1907,5,10,4,1,1,8.0,3.0,8.0,3.0,5.0
3788,102287,20260502,1509,5,9,1,1,1,9.0,3.4,9.0,3.4,5.6
3789,102288,20260827,1647,6,16,4,2,1,11.5,4.1,11.5,4.1,7.4
3790,102289,20260802,1835,2,17,1,3,1,4.5,1.6,4.5,1.6,2.9
3791,102290,20260906,1701,3,10,2,1,1,8.0,3.0,8.0,3.0,5.0
3792,102290,20260906,1701,3,23,2,1,1,9.0,3.4,9.0,3.4,5.6
3793,102291,20260526,1134,6,6,1,1,2,5.0,2.1,10.0,4.2,5.8
3794,102291,20260526,1134,6,11,1,1,1,10.5,3.8,10.5,3.8,6.7
3795,102292,20260317,1727,2,14,1,4,2,13.5,4.6,27.0,9.2,17.8
3796,102293,20260317,1719,4,12,1,4,2,12.0,4.2,24.0,8.4,15.6
3797,102294,20260331,1847,6,3,2,4,1,3.8,1.5,3.8,1.5,2.3
3798,102294,20260331,1847,6,9,2,4,2,9.0,3.4,18.0,6.8,11.2
3799,102295,20260619,1832,3,8,3,4,1,8.5,3.2,8.5,3.2,5.3
3800,102296,20260425,1743,4,10,1,1,2,8.0,3.0,16.0,6.0,10.0
3801,102296,20260425,1743,4,15,1,1,1,11.0,4.0,11.0,4.0,7.0
3802,102296,20260425,1743,4,14,1,1,1,13.5,4.6,13.5,4.6,8.9
3803,102297,20260426,1705,3,16,1,1,1,11.5,4.1,11.5,4.1,7.4
3804,102297,20260426,1705,3,8,1,1,1,8.5,3.2,8.5,3.2,5.3
3805,102298,20260523,1233,5,11,1,4,1,10.5,3.8,10.5,3.8,6.7
3806,102298,20260523,1233,5,3,1,4,1,3.8,1.5,3.8,1.5,2.3
3807,102299,20260629,1742,2,19,1,3,1,5.5,2.0,5.5,2.0,3.5
3808,102299,20260629,1742,2,6,1,3,2,5.0,2.1,10.0,4.2,5.8
3809,102300,20260321,1636,5,11,1,1,1,10.5,3.8,10.5,3.8,6.7
3810,102301,20260410,1355,3,7,1,4,1,4.3,1.8,4.3,1.8,2.5
3811,102301,20260410,1355,3,12,1,4,2,12.0,4.2,24.0,8.4,15.6
3812,102301,20260410,1355,3,8,1,4,1,8.5,3.2,8.5,3.2,5.3
3813,102302,20260829,904,2,19,4,2,2,5.5,2.0,11.0,4.0,7.0
3814,102303,20260604,2002,3,15,2,1,2,11.0,4.0,22.0,8.0,14.0
3815,102303,20260604,2002,3,5,2,1,1,4.8,2.0,4.8,2.0,2.8
3816,102304,20260826,1803,4,6,3,4,1,5.0,2.1,5.0,2.1,2.9
3817,102304,20260826,1803,4,4,3,4,2,4.5,1.9,9.0,3.8,5.2
3818,102305,20260523,1134,2,3,2,1,1,3.8,1.5,3.8,1.5,2.3
3819,102306,20260606,1008,4,19,1,4,1,5.5,2.0,5.5,2.0,3.5
3820,102306,20260606,1008,4,20,1,4,1,6.5,2.4,6.5,2.4,4.1
3821,102307,20260808,1029,3,19,1,2,1,5.5,2.0,5.5,2.0,3.5
3822,102308,20260609,958,1,24,2,1,1,8.0,3.0,8.0,3.0,5.0
3823,102308,20260609,958,1,1,2,1,1,3.5,1.4,3.5,1.4,2.1
3824,102309,20260415,842,1,2,2,1,1,4.0,1.6,4.0,1.6,2.4
3825,102309,20260415,842,1,19,2,1,2,5.5,2.0,11.0,4.0,7.0
3826,102309,20260415,842,1,24,2,1,2,8.0,3.0,16.0,6.0,10.0
3827,102310,20260810,1925,3,10,1,3,1,8.0,3.0,8.0,3.0,5.0
3828,102310,20260810,1925,3,9,1,3,1,9.0,3.4,9.0,3.4,5.6
3829,102311,20260821,1027,4,20,2,2,1,6.5,2.4,6.5,2.4,4.1
3830,102312,20260421,839,3,3,1,4,1,3.8,1.5,3.8,1.5,2.3
3831,102313,20260828,1651,4,21,2,3,1,9.0,3.2,9.0,3.2,5.8
3832,102313,20260828,1651,4,4,2,3,2,4.5,1.9,9.0,3.8,5.2
3833,102313,20260828,1651,4,6,2,3,1,5.0,2.1,5.0,2.1,2.9
3834,102314,20260814,2055,3,4,2,1,1,4.5,1.9,4.5,1.9,2.6
3835,102315,20260409,1847,6,19,1,1,1,5.5,2.0,5.5,2.0,3.5
3836,102316,20260515,1858,6,15,1,4,1,11.0,4.0,11.0,4.0,7.0
3837,102316,20260515,1858,6,13,1,4,1,12.5,4.3,12.5,4.3,8.2
3838,102316,20260515,1858,6,3,1,4,1,3.8,1.5,3.8,1.5,2.3
3839,102317,20260610,1756,2,23,1,3,1,9.0,3.4,9.0,3.4,5.6
3840,102317,20260610,1756,2,15,1,3,1,11.0,4.0,11.0,4.0,7.0
3841,102318,20260416,917,5,17,1,3,1,4.5,1.6,4.5,1.6,2.9
3842,102319,20260619,1656,3,10,1,4,2,8.0,3.0,16.0,6.0,10.0
3843,102319,20260619,1656,3,14,1,4,2,13.5,4.6,27.0,9.2,17.8
3844,102320,20260725,914,2,20,1,1,2,6.5,2.4,13.0,4.8,8.2
3845,102320,20260725,914,2,2,1,1,1,4.0,1.6,4.0,1.6,2.4
3846,102321,20260713,1413,5,4,3,1,1,4.5,1.9,4.5,1.9,2.6
3847,102321,20260713,1413,5,18,3,1,1,5.0,1.8,5.0,1.8,3.2
3848,102322,20260408,2116,1,24,2,1,2,8.0,3.0,16.0,6.0,10.0
3849,102323,20260421,1927,3,10,1,1,1,8.0,3.0,8.0,3.0,5.0
3850,102324,20260409,1907,2,15,1,1,1,11.0,4.0,11.0,4.0,7.0
3851,102325,20260909,918,4,2,1,1,1,4.0,1.6,4.0,1.6,2.4
3852,102325,20260909,918,4,5,1,1,2,4.8,2.0,9.6,4.0,5.6
3853,102326,20260627,1714,1,8,3,1,1,8.5,3.2,8.5,3.2,5.3
3854,102326,20260627,1714,1,15,3,1,1,11.0,4.0,11.0,4.0,7.0
3855,102327,20260826,1846,2,7,1,1,1,4.3,1.8,4.3,1.8,2.5
3856,102328,20260316,1652,4,10,1,4,1,8.0,3.0,8.0,3.0,5.0
3857,102328,20260316,1652,4,9,1,4,1,9.0,3.4,9.0,3.4,5.6
3858,102329,20260713,2011,6,3,1,4,1,3.8,1.5,3.8,1.5,2.3
3859,102330,20260808,732,5,21,1,1,1,9.0,3.2,9.0,3.2,5.8
3860,102331,20260615,1638,1,10,1,3,2,8.0,3.0,16.0,6.0,10.0
3861,102332,20260825,1317,5,14,1,1,2,13.5,4.6,27.0,9.2,17.8
3862,102332,20260825,1317,5,25,1,1,1,8.5,3.2,8.5,3.2,5.3
3863,102333,20260913,1722,5,16,4,3,1,11.5,4.1,11.5,4.1,7.4
3864,102333,20260913,1722,5,16,4,3,1,11.5,4.1,11.5,4.1,7.4
3865,102334,20260816,1808,1,10,1,1,1,8.0,3.0,8.0,3.0,5.0
3866,102335,20260626,1742,6,2,1,4,2,4.0,1.6,8.0,3.2,4.8
3867,102336,20260315,843,2,18,2,1,2,5.0,1.8,10.0,3.6,6.4
3868,102337,20260530,2045,4,4,2,1,1,4.5,1.9,4.5,1.9,2.6
3869,102338,20260717,1224,6,20,2,1,1,6.5,2.4,6.5,2.4,4.1
3870,102338,20260717,1224,6,6,2,1,1,5.0,2.1,5.0,2.1,2.9
3871,102338,20260717,1224,6,2,2,1,1,4.0,1.6,4.0,1.6,2.4
3872,102339,20260629,1342,5,2,1,1,1,4.0,1.6,4.0,1.6,2.4
3873,102340,20260603,937,2,4,1,2,1,4.5,1.9,4.5,1.9,2.6
3874,102340,20260603,937,2,3,1,2,1,3.8,1.5,3.8,1.5,2.3
3875,102341,20260808,831,5,5,1,1,2,4.8,2.0,9.6,4.0,5.6
3876,102342,20260517,1015,1,17,2,2,1,4.5,1.6,4.5,1.6,2.9
3877,102343,20260607,1104,5,10,1,1,1,8.0,3.0,8.0,3.0,5.0
3878,102344,20260706,915,1,2,1,1,2,4.0,1.6,8.0,3.2,4.8
3879,102345,20260516,1737,5,8,2,1,1,8.5,3.2,8.5,3.2,5.3
3880,102345,20260516,1737,5,18,2,1,1,5.0,1.8,5.0,1.8,3.2
3881,102346,20260516,801,1,4,3,1,2,4.5,1.9,9.0,3.8,5.2
3882,102347,20260614,955,5,2,2,1,1,4.0,1.6,4.0,1.6,2.4
3883,102348,20260822,1511,2,14,2,2,1,13.5,4.6,13.5,4.6,8.9
3884,102348,20260822,1511,2,6,2,2,1,5.0,2.1,5.0,2.1,2.9
3885,102349,20260704,724,4,21,1,1,1,9.0,3.2,9.0,3.2,5.8
3886,102350,20260424,1846,6,11,1,1,1,10.5,3.8,10.5,3.8,6.7
3887,102351,20260510,1203,4,17,4,1,1,4.5,1.6,4.5,1.6,2.9
3888,102351,20260510,1203,4,10,4,1,1,8.0,3.0,8.0,3.0,5.0
3889,102352,20260426,1728,2,2,1,2,2,4.0,1.6,8.0,3.2,4.8
3890,102352,20260426,1728,2,10,1,2,1,8.0,3.0,8.0,3.0,5.0
3891,102353,20260907,912,4,2,2,4,1,4.0,1.6,4.0,1.6,2.4
3892,102354,20260812,1757,1,2,2,1,1,4.0,1.6,4.0,1.6,2.4
3893,102355,20260320,2044,1,7,1,1,1,4.3,1.8,4.3,1.8,2.5
3894,102355,20260320,2044,1,6,1,1,1,5.0,2.1,5.0,2.1,2.9
3895,102356,20260316,955,1,21,1,2,1,9.0,3.2,9.0,3.2,5.8
3896,102356,20260316,955,1,20,1,2,1,6.5,2.4,6.5,2.4,4.1
3897,102356,20260316,955,1,18,1,2,1,5.0,1.8,5.0,1.8,3.2
3898,102357,20260829,918,2,1,2,2,1,3.5,1.4,3.5,1.4,2.1
3899,102357,20260829,918,2,24,2,2,1,8.0,3.0,8.0,3.0,5.0
3900,102358,20260614,957,4,3,3,1,1,3.8,1.5,3.8,1.5,2.3
3901,102359,20260626,1022,1,20,3,1,1,6.5,2.4,6.5,2.4,4.1
3902,102360,20260829,1750,2,7,2,1,2,4.3,1.8,8.6,3.6,5.0
3903,102361,20260323,1511,3,20,2,4,1,6.5,2.4,6.5,2.4,4.1
3904,102362,20260329,957,2,5,1,1,1,4.8,2.0,4.8,2.0,2.8
3905,102362,20260329,957,2,18,1,1,1,5.0,1.8,5.0,1.8,3.2
3906,102363,20260616,942,4,21,2,1,1,9.0,3.2,9.0,3.2,5.8
3907,102364,20260420,1929,4,12,1,4,1,12.0,4.2,12.0,4.2,7.8
3908,102364,20260420,1929,4,10,1,4,1,8.0,3.0,8.0,3.0,5.0
3909,102364,20260420,1929,4,5,1,4,1,4.8,2.0,4.8,2.0,2.8
3910,102365,20260514,1734,2,7,1,4,1,4.3,1.8,4.3,1.8,2.5
3911,102365,20260514,1734,2,16,1,4,1,11.5,4.1,11.5,4.1,7.4
3912,102365,20260514,1734,2,2,1,4,1,4.0,1.6,4.0,1.6,2.4
3913,102366,20260815,944,3,3,1,2,2,3.8,1.5,7.6,3.0,4.6
3914,102366,20260815,944,3,4,1,2,1,4.5,1.9,4.5,1.9,2.6
3915,102366,20260815,944,3,12,1,2,1,12.0,4.2,12.0,4.2,7.8
3916,102367,20260630,957,2,19,2,1,1,5.5,2.0,5.5,2.0,3.5
3917,102367,20260630,957,2,17,2,1,1,4.5,1.6,4.5,1.6,2.9
3918,102368,20260425,1012,1,18,2,1,1,5.0,1.8,5.0,1.8,3.2
3919,102369,20260723,1512,1,2,1,4,1,4.0,1.6,4.0,1.6,2.4
3920,102369,20260723,1512,1,17,1,4,1,4.5,1.6,4.5,1.6,2.9
3921,102369,20260723,1512,1,17,1,4,1,4.5,1.6,4.5,1.6,2.9
3922,102370,20260502,854,3,3,1,1,1,3.8,1.5,3.8,1.5,2.3
3923,102370,20260502,854,3,5,1,1,1,4.8,2.0,4.8,2.0,2.8
3924,102371,20260315,920,2,19,3,1,2,5.5,2.0,11.0,4.0,7.0
3925,102372,20260701,1348,1,9,2,1,2,9.0,3.4,18.0,6.8,11.2
3926,102373,20260320,1810,6,15,2,3,1,11.0,4.0,11.0,4.0,7.0
3927,102373,20260320,1810,6,16,2,3,1,11.5,4.1,11.5,4.1,7.4
3928,102374,20260708,1915,1,16,4,4,1,11.5,4.1,11.5,4.1,7.4
3929,102374,20260708,1915,1,6,4,4,1,5.0,2.1,5.0,2.1,2.9
3930,102374,20260708,1915,1,14,4,4,1,13.5,4.6,13.5,4.6,8.9
3931,102375,20260819,1811,2,12,1,1,1,12.0,4.2,12.0,4.2,7.8
3932,102376,20260523,908,5,19,1,1,1,5.5,2.0,5.5,2.0,3.5
3933,102376,20260523,908,5,1,1,1,1,3.5,1.4,3.5,1.4,2.1
3934,102377,20260624,1835,4,5,1,1,1,4.8,2.0,4.8,2.0,2.8
3935,102377,20260624,1835,4,22,1,1,1,9.5,3.6,9.5,3.6,5.9
3936,102377,20260624,1835,4,24,1,1,1,8.0,3.0,8.0,3.0,5.0
3937,102378,20260716,907,2,3,1,4,2,3.8,1.5,7.6,3.0,4.6
3938,102378,20260716,907,2,3,1,4,1,3.8,1.5,3.8,1.5,2.3
3939,102379,20260415,756,3,18,2,1,1,5.0,1.8,5.0,1.8,3.2
3940,102379,20260415,756,3,12,2,1,1,12.0,4.2,12.0,4.2,7.8
3941,102380,20260411,1723,2,12,1,2,1,12.0,4.2,12.0,4.2,7.8
3942,102381,20260601,924,1,4,1,2,1,4.5,1.9,4.5,1.9,2.6
3943,102382,20260710,838,3,21,1,2,2,9.0,3.2,18.0,6.4,11.6
3944,102383,20260615,1751,5,13,1,1,1,12.5,4.3,12.5,4.3,8.2
3945,102383,20260615,1751,5,10,1,1,1,8.0,3.0,8.0,3.0,5.0
3946,102384,20260411,1303,2,10,2,1,1,8.0,3.0,8.0,3.0,5.0
3947,102384,20260411,1303,2,3,2,1,1,3.8,1.5,3.8,1.5,2.3
3948,102385,20260625,1017,1,5,1,2,1,4.8,2.0,4.8,2.0,2.8
3949,102385,20260625,1017,1,6,1,2,1,5.0,2.1,5.0,2.1,2.9
3950,102386,20260529,1652,4,15,1,1,1,11.0,4.0,11.0,4.0,7.0
3951,102387,20260819,1139,2,1,1,3,1,3.5,1.4,3.5,1.4,2.1
3952,102388,20260429,1938,2,19,1,2,1,5.5,2.0,5.5,2.0,3.5
3953,102388,20260429,1938,2,11,1,2,1,10.5,3.8,10.5,3.8,6.7
3954,102389,20260705,833,4,18,1,1,1,5.0,1.8,5.0,1.8,3.2
3955,102389,20260705,833,4,19,1,1,1,5.5,2.0,5.5,2.0,3.5
3956,102389,20260705,833,4,19,1,1,2,5.5,2.0,11.0,4.0,7.0
3957,102390,20260608,1713,2,14,2,3,1,13.5,4.6,13.5,4.6,8.9
3958,102390,20260608,1713,2,10,2,3,2,8.0,3.0,16.0,6.0,10.0
3959,102391,20260715,1959,4,9,2,1,1,9.0,3.4,9.0,3.4,5.6
3960,102392,20260516,1755,3,10,2,3,1,8.0,3.0,8.0,3.0,5.0
3961,102393,20260504,1012,4,4,1,1,1,4.5,1.9,4.5,1.9,2.6
3962,102393,20260504,1012,4,6,1,1,1,5.0,2.1,5.0,2.1,2.9
3963,102393,20260504,1012,4,17,1,1,1,4.5,1.6,4.5,1.6,2.9
3964,102394,20260722,747,4,13,1,1,1,12.5,4.3,12.5,4.3,8.2
3965,102394,20260722,747,4,5,1,1,2,4.8,2.0,9.6,4.0,5.6
3966,102395,20260810,1928,6,17,1,2,1,4.5,1.6,4.5,1.6,2.9
3967,102395,20260810,1928,6,25,1,2,1,8.5,3.2,8.5,3.2,5.3
3968,102396,20260709,913,1,19,2,1,1,5.5,2.0,5.5,2.0,3.5
3969,102396,20260709,913,1,5,2,1,1,4.8,2.0,4.8,2.0,2.8
3970,102397,20260715,1854,4,9,2,1,1,9.0,3.4,9.0,3.4,5.6
3971,102398,20260820,1250,1,6,1,1,2,5.0,2.1,10.0,4.2,5.8
3972,102398,20260820,1250,1,16,1,1,1,11.5,4.1,11.5,4.1,7.4
3973,102399,20260329,1759,1,12,2,2,1,12.0,4.2,12.0,4.2,7.8
3974,102399,20260329,1759,1,15,2,2,1,11.0,4.0,11.0,4.0,7.0
3975,102400,20260713,1035,1,20,1,2,1,6.5,2.4,6.5,2.4,4.1
3976,102401,20260814,1848,5,12,2,2,2,12.0,4.2,24.0,8.4,15.6
3977,102401,20260814,1848,5,25,2,2,1,8.5,3.2,8.5,3.2,5.3
3978,102401,20260814,1848,5,19,2,2,1,5.5,2.0,5.5,2.0,3.5
3979,102402,20260826,1731,3,10,4,4,1,8.0,3.0,8.0,3.0,5.0
3980,102403,20260804,1750,5,12,4,2,1,12.0,4.2,12.0,4.2,7.8
3981,102403,20260804,1750,5,10,4,2,1,8.0,3.0,8.0,3.0,5.0
3982,102404,20260617,1643,2,11,2,4,1,10.5,3.8,10.5,3.8,6.7
3983,102404,20260617,1643,2,18,2,4,1,5.0,1.8,5.0,1.8,3.2
3984,102405,20260417,1009,3,5,1,2,1,4.8,2.0,4.8,2.0,2.8
3985,102406,20260422,1453,2,23,1,4,1,9.0,3.4,9.0,3.4,5.6
3986,102407,20260421,950,5,14,1,1,1,13.5,4.6,13.5,4.6,8.9
3987,102407,20260421,950,5,1,1,1,1,3.5,1.4,3.5,1.4,2.1
3988,102407,20260421,950,5,19,1,1,1,5.5,2.0,5.5,2.0,3.5
3989,102408,20260829,856,4,21,2,2,1,9.0,3.2,9.0,3.2,5.8
3990,102408,20260829,856,4,6,2,2,1,5.0,2.1,5.0,2.1,2.9
3991,102408,20260829,856,4,20,2,2,1,6.5,2.4,6.5,2.4,4.1
3992,102409,20260828,910,2,1,2,1,1,3.5,1.4,3.5,1.4,2.1
3993,102409,20260828,910,2,21,2,1,1,9.0,3.2,9.0,3.2,5.8
3994,102410,20260708,1659,2,16,1,2,1,11.5,4.1,11.5,4.1,7.4
3995,102411,20260913,1822,5,20,1,2,1,6.5,2.4,6.5,2.4,4.1
3996,102411,20260913,1822,5,9,1,2,1,9.0,3.4,9.0,3.4,5.6
3997,102412,20260609,1120,6,6,4,1,1,5.0,2.1,5.0,2.1,2.9
3998,102412,20260609,1120,6,22,4,1,1,9.5,3.6,9.5,3.6,5.9
3999,102412,20260609,1120,6,8,4,1,1,8.5,3.2,8.5,3.2,5.3
4000,102413,20260610,1858,1,10,3,4,1,8.0,3.0,8.0,3.0,5.0
4001,102414,20260331,1810,6,2,1,4,2,4.0,1.6,8.0,3.2,4.8
4002,102414,20260331,1810,6,20,1,4,1,6.5,2.4,6.5,2.4,4.1
4003,102415,20260411,825,5,5,1,1,1,4.8,2.0,4.8,2.0,2.8
4004,102415,20260411,825,5,17,1,1,1,4.5,1.6,4.5,1.6,2.9
4005,102416,20260603,922,1,4,2,1,2,4.5,1.9,9.0,3.8,5.2
4006,102416,20260603,922,1,1,2,1,2,3.5,1.4,7.0,2.8,4.2
4007,102416,20260603,922,1,3,2,1,1,3.8,1.5,3.8,1.5,2.3
4008,102417,20260701,1518,1,4,1,2,1,4.5,1.9,4.5,1.9,2.6
4009,102417,20260701,1518,1,8,1,2,1,8.5,3.2,8.5,3.2,5.3
4010,102418,20260801,1712,6,16,2,4,1,11.5,4.1,11.5,4.1,7.4
4011,102418,20260801,1712,6,8,2,4,2,8.5,3.2,17.0,6.4,10.6
4012,102419,20260711,831,3,21,1,3,1,9.0,3.2,9.0,3.2,5.8
4013,102420,20260402,918,2,7,1,4,1,4.3,1.8,4.3,1.8,2.5
4014,102420,20260402,918,2,5,1,4,1,4.8,2.0,4.8,2.0,2.8
4015,102420,20260402,918,2,5,1,4,2,4.8,2.0,9.6,4.0,5.6
4016,102421,20260622,1104,2,17,2,1,1,4.5,1.6,4.5,1.6,2.9
4017,102421,20260622,1104,2,6,2,1,1,5.0,2.1,5.0,2.1,2.9
4018,102422,20260427,1211,2,13,1,2,1,12.5,4.3,12.5,4.3,8.2
4019,102422,20260427,1211,2,6,1,2,1,5.0,2.1,5.0,2.1,2.9
4020,102423,20260830,837,4,19,2,4,1,5.5,2.0,5.5,2.0,3.5
4021,102424,20260404,1631,4,7,1,1,1,4.3,1.8,4.3,1.8,2.5
4022,102424,20260404,1631,4,5,1,1,2,4.8,2.0,9.6,4.0,5.6
4023,102424,20260404,1631,4,8,1,1,1,8.5,3.2,8.5,3.2,5.3
4024,102425,20260323,1824,4,11,1,4,1,10.5,3.8,10.5,3.8,6.7
4025,102426,20260831,1502,5,21,4,1,1,9.0,3.2,9.0,3.2,5.8
4026,102427,20260511,835,4,4,2,4,1,4.5,1.9,4.5,1.9,2.6
4027,102427,20260511,835,4,7,2,4,1,4.3,1.8,4.3,1.8,2.5
4028,102428,20260319,1939,1,6,3,1,1,5.0,2.1,5.0,2.1,2.9
4029,102429,20260514,1832,1,11,1,3,2,10.5,3.8,21.0,7.6,13.4
4030,102429,20260514,1832,1,5,1,3,2,4.8,2.0,9.6,4.0,5.6
4031,102430,20260412,2124,6,13,3,4,1,12.5,4.3,12.5,4.3,8.2
4032,102430,20260412,2124,6,15,3,4,1,11.0,4.0,11.0,4.0,7.0
4033,102430,20260412,2124,6,5,3,4,1,4.8,2.0,4.8,2.0,2.8
4034,102431,20260417,832,5,17,1,2,1,4.5,1.6,4.5,1.6,2.9
4035,102431,20260417,832,5,21,1,2,1,9.0,3.2,9.0,3.2,5.8
4036,102432,20260501,1749,6,8,2,3,2,8.5,3.2,17.0,6.4,10.6
4037,102432,20260501,1749,6,24,2,3,1,8.0,3.0,8.0,3.0,5.0
4038,102433,20260902,938,4,4,3,1,1,4.5,1.9,4.5,1.9,2.6
4039,102433,20260902,938,4,18,3,1,1,5.0,1.8,5.0,1.8,3.2
4040,102434,20260730,905,5,20,2,4,1,6.5,2.4,6.5,2.4,4.1
4041,102434,20260730,905,5,3,2,4,1,3.8,1.5,3.8,1.5,2.3
4042,102435,20260626,1823,1,20,2,3,1,6.5,2.4,6.5,2.4,4.1
4043,102435,20260626,1823,1,5,2,3,1,4.8,2.0,4.8,2.0,2.8
4044,102435,20260626,1823,1,3,2,3,1,3.8,1.5,3.8,1.5,2.3
4045,102436,20260623,911,2,6,1,1,1,5.0,2.1,5.0,2.1,2.9
4046,102436,20260623,911,2,1,1,1,1,3.5,1.4,3.5,1.4,2.1
4047,102437,20260619,1853,4,25,1,1,1,8.5,3.2,8.5,3.2,5.3
4048,102438,20260906,858,2,4,1,1,1,4.5,1.9,4.5,1.9,2.6
4049,102438,20260906,858,2,17,1,1,1,4.5,1.6,4.5,1.6,2.9
4050,102438,20260906,858,2,20,1,1,1,6.5,2.4,6.5,2.4,4.1
4051,102439,20260401,1250,4,3,2,1,1,3.8,1.5,3.8,1.5,2.3
4052,102439,20260401,1250,4,9,2,1,1,9.0,3.4,9.0,3.4,5.6
4053,102439,20260401,1250,4,2,2,1,1,4.0,1.6,4.0,1.6,2.4
4054,102440,20260322,1913,3,10,1,3,1,8.0,3.0,8.0,3.0,5.0
4055,102441,20260709,925,1,15,1,1,1,11.0,4.0,11.0,4.0,7.0
4056,102441,20260709,925,1,3,1,1,2,3.8,1.5,7.6,3.0,4.6
4057,102442,20260520,1706,6,16,2,3,2,11.5,4.1,23.0,8.2,14.8
4058,102442,20260520,1706,6,16,2,3,2,11.5,4.1,23.0,8.2,14.8
4059,102443,20260406,1749,2,12,2,3,1,12.0,4.2,12.0,4.2,7.8
4060,102444,20260717,1013,3,14,1,1,1,13.5,4.6,13.5,4.6,8.9
4061,102445,20260803,2007,6,10,1,1,1,8.0,3.0,8.0,3.0,5.0
4062,102446,20260707,1849,2,13,2,2,2,12.5,4.3,25.0,8.6,16.4
4063,102447,20260619,1455,1,19,4,2,1,5.5,2.0,5.5,2.0,3.5
4064,102448,20260519,943,5,6,1,1,1,5.0,2.1,5.0,2.1,2.9
4065,102449,20260805,1729,1,12,1,4,1,12.0,4.2,12.0,4.2,7.8
4066,102449,20260805,1729,1,15,1,4,1,11.0,4.0,11.0,4.0,7.0
4067,102450,20260504,905,4,2,1,2,1,4.0,1.6,4.0,1.6,2.4
4068,102451,20260802,919,1,18,3,2,1,5.0,1.8,5.0,1.8,3.2
4069,102452,20260613,1855,6,13,1,3,1,12.5,4.3,12.5,4.3,8.2
4070,102453,20260731,1845,1,21,2,1,1,9.0,3.2,9.0,3.2,5.8
4071,102453,20260731,1845,1,9,2,1,1,9.0,3.4,9.0,3.4,5.6
4072,102454,20260703,1026,4,6,1,1,1,5.0,2.1,5.0,2.1,2.9
4073,102454,20260703,1026,4,8,1,1,1,8.5,3.2,8.5,3.2,5.3
4074,102454,20260703,1026,4,5,1,1,1,4.8,2.0,4.8,2.0,2.8
4075,102455,20260527,1657,3,22,1,2,1,9.5,3.6,9.5,3.6,5.9
4076,102455,20260527,1657,3,13,1,2,1,12.5,4.3,12.5,4.3,8.2
4077,102456,20260630,1909,3,5,1,3,1,4.8,2.0,4.8,2.0,2.8
4078,102457,20260509,1311,4,11,1,4,1,10.5,3.8,10.5,3.8,6.7
4079,102457,20260509,1311,4,25,1,4,2,8.5,3.2,17.0,6.4,10.6
4080,102458,20260522,1126,5,19,1,1,1,5.5,2.0,5.5,2.0,3.5
4081,102459,20260429,1718,2,10,1,3,1,8.0,3.0,8.0,3.0,5.0
4082,102460,20260725,1921,6,10,1,3,1,8.0,3.0,8.0,3.0,5.0
4083,102461,20260911,832,5,6,1,1,1,5.0,2.1,5.0,2.1,2.9
4084,102462,20260622,2112,1,8,1,1,1,8.5,3.2,8.5,3.2,5.3
4085,102463,20260717,1229,5,18,1,2,1,5.0,1.8,5.0,1.8,3.2
4086,102463,20260717,1229,5,4,1,2,1,4.5,1.9,4.5,1.9,2.6
4087,102463,20260717,1229,5,5,1,2,1,4.8,2.0,4.8,2.0,2.8
4088,102464,20260328,914,3,18,2,1,1,5.0,1.8,5.0,1.8,3.2
4089,102465,20260810,1720,5,10,1,3,1,8.0,3.0,8.0,3.0,5.0
4090,102466,20260909,1729,6,1,3,2,1,3.5,1.4,3.5,1.4,2.1
4091,102467,20260628,1018,5,17,1,1,1,4.5,1.6,4.5,1.6,2.9
4092,102468,20260409,1808,3,12,3,1,1,12.0,4.2,12.0,4.2,7.8
4093,102469,20260326,1639,4,20,1,1,1,6.5,2.4,6.5,2.4,4.1
4094,102470,20260430,1756,2,10,4,1,2,8.0,3.0,16.0,6.0,10.0
4095,102470,20260430,1756,2,17,4,1,1,4.5,1.6,4.5,1.6,2.9
4096,102471,20260717,1745,4,22,1,4,1,9.5,3.6,9.5,3.6,5.9
4097,102472,20260912,1825,6,12,2,1,1,12.0,4.2,12.0,4.2,7.8
4098,102472,20260912,1825,6,17,2,1,1,4.5,1.6,4.5,1.6,2.9
4099,102473,20260502,2124,1,23,1,1,1,9.0,3.4,9.0,3.4,5.6
4100,102474,20260819,1525,2,7,1,1,1,4.3,1.8,4.3,1.8,2.5
4101,102475,20260912,1140,3,1,1,1,2,3.5,1.4,7.0,2.8,4.2
4102,102475,20260912,1140,3,25,1,1,1,8.5,3.2,8.5,3.2,5.3
4103,102476,20260611,1353,4,3,1,2,1,3.8,1.5,3.8,1.5,2.3
4104,102477,20260320,1751,6,4,1,1,2,4.5,1.9,9.0,3.8,5.2
4105,102478,20260610,859,2,22,1,2,1,9.5,3.6,9.5,3.6,5.9
4106,102479,20260801,1833,2,16,2,4,2,11.5,4.1,23.0,8.2,14.8
4107,102480,20260321,1837,3,14,2,4,1,13.5,4.6,13.5,4.6,8.9
4108,102480,20260321,1837,3,22,2,4,1,9.5,3.6,9.5,3.6,5.9
4109,102480,20260321,1837,3,20,2,4,1,6.5,2.4,6.5,2.4,4.1
4110,102481,20260530,1752,2,22,2,1,1,9.5,3.6,9.5,3.6,5.9
4111,102482,20260727,1841,3,9,3,4,1,9.0,3.4,9.0,3.4,5.6
4112,102482,20260727,1841,3,25,3,4,2,8.5,3.2,17.0,6.4,10.6
4113,102483,20260819,2004,2,5,2,1,1,4.8,2.0,4.8,2.0,2.8
4114,102483,20260819,2004,2,22,2,1,1,9.5,3.6,9.5,3.6,5.9
4115,102484,20260321,1804,2,17,2,1,1,4.5,1.6,4.5,1.6,2.9
4116,102484,20260321,1804,2,14,2,1,2,13.5,4.6,27.0,9.2,17.8
4117,102485,20260513,1728,5,10,1,1,1,8.0,3.0,8.0,3.0,5.0
4118,102485,20260513,1728,5,8,1,1,2,8.5,3.2,17.0,6.4,10.6
4119,102486,20260808,1829,2,20,2,2,1,6.5,2.4,6.5,2.4,4.1
4120,102486,20260808,1829,2,7,2,2,1,4.3,1.8,4.3,1.8,2.5
4121,102487,20260722,2028,1,14,1,2,1,13.5,4.6,13.5,4.6,8.9
4122,102488,20260425,1808,3,12,1,1,1,12.0,4.2,12.0,4.2,7.8
4123,102488,20260425,1808,3,4,1,1,1,4.5,1.9,4.5,1.9,2.6
4124,102488,20260425,1808,3,20,1,1,1,6.5,2.4,6.5,2.4,4.1
4125,102489,20260831,1836,6,21,2,2,1,9.0,3.2,9.0,3.2,5.8
4126,102490,20260812,804,4,4,2,1,1,4.5,1.9,4.5,1.9,2.6
4127,102490,20260812,804,4,5,2,1,1,4.8,2.0,4.8,2.0,2.8
4128,102491,20260801,1026,4,20,3,1,1,6.5,2.4,6.5,2.4,4.1
4129,102492,20260525,1953,6,18,1,2,2,5.0,1.8,10.0,3.6,6.4
4130,102493,20260405,1907,3,10,2,1,1,8.0,3.0,8.0,3.0,5.0
4131,102494,20260728,1006,1,24,1,1,1,8.0,3.0,8.0,3.0,5.0
4132,102494,20260728,1006,1,19,1,1,1,5.5,2.0,5.5,2.0,3.5
4133,102494,20260728,1006,1,9,1,1,1,9.0,3.4,9.0,3.4,5.6
4134,102495,20260808,1316,5,18,1,1,1,5.0,1.8,5.0,1.8,3.2
4135,102496,20260624,948,2,3,1,1,2,3.8,1.5,7.6,3.0,4.6
4136,102496,20260624,948,2,4,1,1,1,4.5,1.9,4.5,1.9,2.6
4137,102497,20260622,1424,5,18,3,1,1,5.0,1.8,5.0,1.8,3.2
4138,102497,20260622,1424,5,7,3,1,1,4.3,1.8,4.3,1.8,2.5
4139,102497,20260622,1424,5,25,3,1,1,8.5,3.2,8.5,3.2,5.3
4140,102498,20260319,1309,6,11,1,2,1,10.5,3.8,10.5,3.8,6.7
4141,102499,20260602,1127,1,20,2,1,1,6.5,2.4,6.5,2.4,4.1
4142,102499,20260602,1127,1,23,2,1,1,9.0,3.4,9.0,3.4,5.6
4143,102499,20260602,1127,1,8,2,1,1,8.5,3.2,8.5,3.2,5.3
4144,102500,20260712,1419,3,17,1,3,1,4.5,1.6,4.5,1.6,2.9
4145,102501,20260717,827,2,15,2,1,1,11.0,4.0,11.0,4.0,7.0
4146,102502,20260403,1025,3,21,1,2,1,9.0,3.2,9.0,3.2,5.8
4147,102502,20260403,1025,3,17,1,2,2,4.5,1.6,9.0,3.2,5.8
4148,102503,20260623,1636,6,23,2,1,1,9.0,3.4,9.0,3.4,5.6
4149,102504,20260709,1224,3,19,1,2,1,5.5,2.0,5.5,2.0,3.5
4150,102505,20260403,831,2,17,1,2,1,4.5,1.6,4.5,1.6,2.9
4151,102505,20260403,831,2,4,1,2,1,4.5,1.9,4.5,1.9,2.6
4152,102506,20260405,1849,5,9,2,1,1,9.0,3.4,9.0,3.4,5.6
4153,102507,20260501,816,1,19,1,1,1,5.5,2.0,5.5,2.0,3.5
4154,102507,20260501,816,1,20,1,1,2,6.5,2.4,13.0,4.8,8.2
4155,102507,20260501,816,1,6,1,1,2,5.0,2.1,10.0,4.2,5.8
4156,102508,20260812,805,2,4,1,1,1,4.5,1.9,4.5,1.9,2.6
4157,102509,20260410,907,4,4,1,2,1,4.5,1.9,4.5,1.9,2.6
4158,102509,20260410,907,4,7,1,2,1,4.3,1.8,4.3,1.8,2.5
4159,102509,20260410,907,4,18,1,2,1,5.0,1.8,5.0,1.8,3.2
4160,102510,20260914,1038,1,19,1,1,1,5.5,2.0,5.5,2.0,3.5
4161,102511,20260320,1650,3,17,2,4,1,4.5,1.6,4.5,1.6,2.9
4162,102511,20260320,1650,3,19,2,4,1,5.5,2.0,5.5,2.0,3.5
4163,102511,20260320,1650,3,5,2,4,2,4.8,2.0,9.6,4.0,5.6
4164,102512,20260615,1005,4,1,2,3,2,3.5,1.4,7.0,2.8,4.2
4165,102512,20260615,1005,4,1,2,3,1,3.5,1.4,3.5,1.4,2.1
4166,102513,20260510,953,1,22,3,1,1,9.5,3.6,9.5,3.6,5.9
4167,102513,20260510,953,1,2,3,1,1,4.0,1.6,4.0,1.6,2.4
4168,102514,20260908,2108,2,3,2,2,1,3.8,1.5,3.8,1.5,2.3
4169,102515,20260515,936,3,22,1,2,1,9.5,3.6,9.5,3.6,5.9
4170,102515,20260515,936,3,18,1,2,1,5.0,1.8,5.0,1.8,3.2
4171,102516,20260825,1108,4,22,1,2,1,9.5,3.6,9.5,3.6,5.9
4172,102517,20260420,1015,3,6,2,3,1,5.0,2.1,5.0,2.1,2.9
4173,102517,20260420,1015,3,22,2,3,1,9.5,3.6,9.5,3.6,5.9
4174,102518,20260319,806,6,4,1,4,1,4.5,1.9,4.5,1.9,2.6
4175,102519,20260418,1007,2,5,4,2,1,4.8,2.0,4.8,2.0,2.8
4176,102520,20260819,1708,6,12,1,3,1,12.0,4.2,12.0,4.2,7.8
4177,102521,20260405,846,2,2,1,1,1,4.0,1.6,4.0,1.6,2.4
4178,102522,20260617,1843,2,12,1,3,1,12.0,4.2,12.0,4.2,7.8
4179,102522,20260617,1843,2,12,1,3,1,12.0,4.2,12.0,4.2,7.8
4180,102522,20260617,1843,2,16,1,3,1,11.5,4.1,11.5,4.1,7.4
4181,102523,20260531,1038,5,13,4,3,1,12.5,4.3,12.5,4.3,8.2
4182,102524,20260816,1003,3,3,4,3,2,3.8,1.5,7.6,3.0,4.6
4183,102524,20260816,1003,3,18,4,3,1,5.0,1.8,5.0,1.8,3.2
4184,102525,20260808,1845,6,11,2,1,1,10.5,3.8,10.5,3.8,6.7
4185,102525,20260808,1845,6,2,2,1,2,4.0,1.6,8.0,3.2,4.8
4186,102526,20260820,1833,1,15,2,1,2,11.0,4.0,22.0,8.0,14.0
4187,102527,20260904,1726,3,18,2,1,1,5.0,1.8,5.0,1.8,3.2
4188,102528,20260517,1807,5,24,2,3,1,8.0,3.0,8.0,3.0,5.0
4189,102529,20260519,805,1,19,1,1,1,5.5,2.0,5.5,2.0,3.5
4190,102529,20260519,805,1,7,1,1,1,4.3,1.8,4.3,1.8,2.5
4191,102530,20260507,825,3,19,2,1,1,5.5,2.0,5.5,2.0,3.5
4192,102530,20260507,825,3,3,2,1,1,3.8,1.5,3.8,1.5,2.3
4193,102531,20260414,1704,3,14,2,4,1,13.5,4.6,13.5,4.6,8.9
4194,102532,20260615,1931,3,12,1,1,1,12.0,4.2,12.0,4.2,7.8
4195,102533,20260621,1639,3,14,1,2,1,13.5,4.6,13.5,4.6,8.9
4196,102533,20260621,1639,3,17,1,2,1,4.5,1.6,4.5,1.6,2.9
4197,102533,20260621,1639,3,20,1,2,1,6.5,2.4,6.5,2.4,4.1
4198,102534,20260807,1627,5,3,2,1,2,3.8,1.5,7.6,3.0,4.6
4199,102535,20260802,1022,2,5,1,1,1,4.8,2.0,4.8,2.0,2.8
4200,102536,20260701,1339,5,15,1,4,1,11.0,4.0,11.0,4.0,7.0
4201,102537,20260603,1248,6,2,2,1,1,4.0,1.6,4.0,1.6,2.4
4202,102538,20260423,706,1,17,1,2,1,4.5,1.6,4.5,1.6,2.9
4203,102539,20260330,1808,3,14,2,3,1,13.5,4.6,13.5,4.6,8.9
4204,102539,20260330,1808,3,9,2,3,2,9.0,3.4,18.0,6.8,11.2
4205,102540,20260903,1728,3,10,2,4,1,8.0,3.0,8.0,3.0,5.0
4206,102541,20260822,1806,2,17,1,3,1,4.5,1.6,4.5,1.6,2.9
4207,102542,20260731,930,3,6,2,1,1,5.0,2.1,5.0,2.1,2.9
4208,102543,20260904,1927,2,10,2,2,1,8.0,3.0,8.0,3.0,5.0
4209,102544,20260315,1708,3,10,2,2,1,8.0,3.0,8.0,3.0,5.0
4210,102545,20260908,1344,3,5,2,2,2,4.8,2.0,9.6,4.0,5.6
4211,102545,20260908,1344,3,15,2,2,1,11.0,4.0,11.0,4.0,7.0
4212,102546,20260509,1859,4,16,1,1,2,11.5,4.1,23.0,8.2,14.8
4213,102547,20260822,1856,2,18,1,2,1,5.0,1.8,5.0,1.8,3.2
4214,102548,20260620,926,1,23,2,3,1,9.0,3.4,9.0,3.4,5.6
4215,102549,20260709,1726,4,13,1,4,1,12.5,4.3,12.5,4.3,8.2
4216,102549,20260709,1726,4,25,1,4,1,8.5,3.2,8.5,3.2,5.3
4217,102550,20260821,1735,4,12,1,1,1,12.0,4.2,12.0,4.2,7.8
4218,102551,20260610,1756,4,8,1,2,1,8.5,3.2,8.5,3.2,5.3
4219,102552,20260415,1927,3,16,1,2,1,11.5,4.1,11.5,4.1,7.4
4220,102552,20260415,1927,3,1,1,2,2,3.5,1.4,7.0,2.8,4.2
4221,102553,20260606,1123,6,6,1,1,1,5.0,2.1,5.0,2.1,2.9
4222,102553,20260606,1123,6,15,1,1,1,11.0,4.0,11.0,4.0,7.0
4223,102554,20260812,1045,6,10,2,1,1,8.0,3.0,8.0,3.0,5.0
4224,102555,20260705,833,4,7,2,1,2,4.3,1.8,8.6,3.6,5.0
4225,102555,20260705,833,4,3,2,1,1,3.8,1.5,3.8,1.5,2.3
4226,102555,20260705,833,4,21,2,1,1,9.0,3.2,9.0,3.2,5.8
4227,102556,20260519,2053,1,20,4,1,1,6.5,2.4,6.5,2.4,4.1
4228,102556,20260519,2053,1,19,4,1,1,5.5,2.0,5.5,2.0,3.5
4229,102556,20260519,2053,1,6,4,1,1,5.0,2.1,5.0,2.1,2.9
4230,102557,20260821,1815,2,10,1,1,1,8.0,3.0,8.0,3.0,5.0
4231,102558,20260410,917,2,10,1,1,1,8.0,3.0,8.0,3.0,5.0
4232,102558,20260410,917,2,20,1,1,1,6.5,2.4,6.5,2.4,4.1
4233,102559,20260504,1715,2,6,1,4,2,5.0,2.1,10.0,4.2,5.8
4234,102559,20260504,1715,2,7,1,4,2,4.3,1.8,8.6,3.6,5.0
4235,102559,20260504,1715,2,3,1,4,1,3.8,1.5,3.8,1.5,2.3
4236,102560,20260701,814,4,10,2,1,1,8.0,3.0,8.0,3.0,5.0
4237,102560,20260701,814,4,4,2,1,2,4.5,1.9,9.0,3.8,5.2
4238,102561,20260611,2152,4,5,1,3,1,4.8,2.0,4.8,2.0,2.8
4239,102562,20260822,1610,1,15,1,1,1,11.0,4.0,11.0,4.0,7.0
4240,102562,20260822,1610,1,4,1,1,1,4.5,1.9,4.5,1.9,2.6
4241,102562,20260822,1610,1,13,1,1,1,12.5,4.3,12.5,4.3,8.2
4242,102563,20260509,1904,4,7,1,4,1,4.3,1.8,4.3,1.8,2.5
4243,102563,20260509,1904,4,10,1,4,2,8.0,3.0,16.0,6.0,10.0
4244,102563,20260509,1904,4,7,1,4,1,4.3,1.8,4.3,1.8,2.5
4245,102564,20260901,850,4,5,1,2,1,4.8,2.0,4.8,2.0,2.8
4246,102564,20260901,850,4,18,1,2,2,5.0,1.8,10.0,3.6,6.4
4247,102565,20260910,707,4,20,4,2,1,6.5,2.4,6.5,2.4,4.1
4248,102566,20260514,1712,2,9,1,2,1,9.0,3.4,9.0,3.4,5.6
4249,102567,20260428,907,4,21,2,2,1,9.0,3.2,9.0,3.2,5.8
4250,102567,20260428,907,4,14,2,2,1,13.5,4.6,13.5,4.6,8.9
4251,102568,20260802,1117,2,14,1,1,1,13.5,4.6,13.5,4.6,8.9
4252,102568,20260802,1117,2,16,1,1,1,11.5,4.1,11.5,4.1,7.4
4253,102568,20260802,1117,2,9,1,1,2,9.0,3.4,18.0,6.8,11.2
4254,102569,20260711,1543,2,22,2,1,1,9.5,3.6,9.5,3.6,5.9
4255,102570,20260414,820,5,20,1,2,1,6.5,2.4,6.5,2.4,4.1
4256,102570,20260414,820,5,17,1,2,1,4.5,1.6,4.5,1.6,2.9
4257,102571,20260522,1212,5,8,1,1,2,8.5,3.2,17.0,6.4,10.6
4258,102572,20260720,1647,2,15,1,2,1,11.0,4.0,11.0,4.0,7.0
4259,102572,20260720,1647,2,9,1,2,1,9.0,3.4,9.0,3.4,5.6
4260,102572,20260720,1647,2,10,1,2,1,8.0,3.0,8.0,3.0,5.0
4261,102573,20260829,1705,2,16,3,3,1,11.5,4.1,11.5,4.1,7.4
4262,102574,20260729,1745,1,25,1,4,1,8.5,3.2,8.5,3.2,5.3
4263,102574,20260729,1745,1,20,1,4,1,6.5,2.4,6.5,2.4,4.1
4264,102574,20260729,1745,1,16,1,4,1,11.5,4.1,11.5,4.1,7.4
4265,102575,20260501,1353,5,1,4,1,1,3.5,1.4,3.5,1.4,2.1
4266,102576,20260704,2125,2,14,1,1,2,13.5,4.6,27.0,9.2,17.8
4267,102576,20260704,2125,2,2,1,1,1,4.0,1.6,4.0,1.6,2.4
4268,102576,20260704,2125,2,20,1,1,2,6.5,2.4,13.0,4.8,8.2
4269,102577,20260402,1825,4,15,1,1,1,11.0,4.0,11.0,4.0,7.0
4270,102577,20260402,1825,4,6,1,1,1,5.0,2.1,5.0,2.1,2.9
4271,102578,20260831,1259,5,1,1,1,1,3.5,1.4,3.5,1.4,2.1
4272,102579,20260525,937,6,4,1,1,1,4.5,1.9,4.5,1.9,2.6
4273,102579,20260525,937,6,23,1,1,1,9.0,3.4,9.0,3.4,5.6
4274,102579,20260525,937,6,19,1,1,1,5.5,2.0,5.5,2.0,3.5
4275,102580,20260624,1816,2,24,2,1,1,8.0,3.0,8.0,3.0,5.0
4276,102580,20260624,1816,2,18,2,1,1,5.0,1.8,5.0,1.8,3.2
4277,102581,20260527,1357,6,11,1,2,1,10.5,3.8,10.5,3.8,6.7
4278,102582,20260617,1124,3,21,2,1,1,9.0,3.2,9.0,3.2,5.8
4279,102582,20260617,1124,3,8,2,1,1,8.5,3.2,8.5,3.2,5.3
4280,102582,20260617,1124,3,17,2,1,1,4.5,1.6,4.5,1.6,2.9
4281,102583,20260727,1102,4,10,1,1,1,8.0,3.0,8.0,3.0,5.0
4282,102583,20260727,1102,4,21,1,1,2,9.0,3.2,18.0,6.4,11.6
4283,102584,20260427,1727,3,20,1,3,1,6.5,2.4,6.5,2.4,4.1
4284,102585,20260910,1809,5,12,1,3,2,12.0,4.2,24.0,8.4,15.6
4285,102586,20260512,1824,6,3,4,3,2,3.8,1.5,7.6,3.0,4.6
4286,102586,20260512,1824,6,3,4,3,2,3.8,1.5,7.6,3.0,4.6
4287,102587,20260722,824,3,5,4,1,1,4.8,2.0,4.8,2.0,2.8
4288,102588,20260914,1003,1,4,2,2,1,4.5,1.9,4.5,1.9,2.6
4289,102589,20260616,1833,3,9,1,4,1,9.0,3.4,9.0,3.4,5.6
4290,102589,20260616,1833,3,15,1,4,1,11.0,4.0,11.0,4.0,7.0
4291,102590,20260517,818,1,14,1,1,1,13.5,4.6,13.5,4.6,8.9
4292,102590,20260517,818,1,4,1,1,1,4.5,1.9,4.5,1.9,2.6
4293,102591,20260803,1224,2,7,1,4,1,4.3,1.8,4.3,1.8,2.5
4294,102591,20260803,1224,2,3,1,4,1,3.8,1.5,3.8,1.5,2.3
4295,102591,20260803,1224,2,17,1,4,2,4.5,1.6,9.0,3.2,5.8
4296,102592,20260329,1929,2,18,2,4,1,5.0,1.8,5.0,1.8,3.2
4297,102592,20260329,1929,2,2,2,4,1,4.0,1.6,4.0,1.6,2.4
4298,102592,20260329,1929,2,13,2,4,2,12.5,4.3,25.0,8.6,16.4
4299,102593,20260811,1820,5,6,2,2,1,5.0,2.1,5.0,2.1,2.9
4300,102594,20260604,902,3,21,1,4,1,9.0,3.2,9.0,3.2,5.8
4301,102595,20260416,1001,3,2,1,3,1,4.0,1.6,4.0,1.6,2.4
4302,102596,20260429,1914,1,4,3,3,1,4.5,1.9,4.5,1.9,2.6
4303,102596,20260429,1914,1,17,3,3,1,4.5,1.6,4.5,1.6,2.9
4304,102597,20260703,1000,2,5,1,3,1,4.8,2.0,4.8,2.0,2.8
4305,102598,20260715,1004,2,4,1,2,1,4.5,1.9,4.5,1.9,2.6
4306,102599,20260429,1825,5,19,3,1,2,5.5,2.0,11.0,4.0,7.0
4307,102600,20260908,1459,3,9,2,3,1,9.0,3.4,9.0,3.4,5.6
4308,102601,20260509,1103,1,15,1,1,1,11.0,4.0,11.0,4.0,7.0
4309,102601,20260509,1103,1,1,1,1,1,3.5,1.4,3.5,1.4,2.1
4310,102602,20260531,1708,3,19,1,2,1,5.5,2.0,5.5,2.0,3.5
4311,102602,20260531,1708,3,9,1,2,1,9.0,3.4,9.0,3.4,5.6
4312,102603,20260528,1013,2,6,1,4,1,5.0,2.1,5.0,2.1,2.9
4313,102604,20260730,1006,6,7,1,1,1,4.3,1.8,4.3,1.8,2.5
4314,102604,20260730,1006,6,2,1,1,1,4.0,1.6,4.0,1.6,2.4
4315,102604,20260730,1006,6,3,1,1,1,3.8,1.5,3.8,1.5,2.3
4316,102605,20260425,856,2,4,2,4,1,4.5,1.9,4.5,1.9,2.6
4317,102606,20260527,850,3,2,1,2,1,4.0,1.6,4.0,1.6,2.4
4318,102607,20260424,801,2,11,1,1,1,10.5,3.8,10.5,3.8,6.7
4319,102607,20260424,801,2,19,1,1,1,5.5,2.0,5.5,2.0,3.5
4320,102608,20260801,852,4,5,4,1,2,4.8,2.0,9.6,4.0,5.6
4321,102609,20260704,1418,4,2,1,1,1,4.0,1.6,4.0,1.6,2.4
4322,102609,20260704,1418,4,6,1,1,1,5.0,2.1,5.0,2.1,2.9
4323,102610,20260422,1154,5,8,2,4,2,8.5,3.2,17.0,6.4,10.6
4324,102610,20260422,1154,5,11,2,4,1,10.5,3.8,10.5,3.8,6.7
4325,102611,20260819,2141,4,8,1,4,1,8.5,3.2,8.5,3.2,5.3
4326,102611,20260819,2141,4,15,1,4,2,11.0,4.0,22.0,8.0,14.0
4327,102612,20260515,1917,1,6,2,3,1,5.0,2.1,5.0,2.1,2.9
4328,102613,20260913,959,2,24,2,1,2,8.0,3.0,16.0,6.0,10.0
4329,102613,20260913,959,2,4,2,1,1,4.5,1.9,4.5,1.9,2.6
4330,102613,20260913,959,2,4,2,1,2,4.5,1.9,9.0,3.8,5.2
4331,102614,20260826,1721,5,15,2,1,1,11.0,4.0,11.0,4.0,7.0
4332,102615,20260901,956,2,19,1,1,1,5.5,2.0,5.5,2.0,3.5
4333,102615,20260901,956,2,6,1,1,1,5.0,2.1,5.0,2.1,2.9
4334,102615,20260901,956,2,3,1,1,1,3.8,1.5,3.8,1.5,2.3
4335,102616,20260502,1724,1,18,1,2,1,5.0,1.8,5.0,1.8,3.2
4336,102616,20260502,1724,1,21,1,2,1,9.0,3.2,9.0,3.2,5.8
4337,102616,20260502,1724,1,11,1,2,1,10.5,3.8,10.5,3.8,6.7
4338,102617,20260807,1715,5,8,1,4,1,8.5,3.2,8.5,3.2,5.3
4339,102618,20260511,854,1,18,2,2,1,5.0,1.8,5.0,1.8,3.2
4340,102619,20260429,1728,1,7,1,3,1,4.3,1.8,4.3,1.8,2.5
4341,102619,20260429,1728,1,15,1,3,2,11.0,4.0,22.0,8.0,14.0
4342,102620,20260316,847,3,2,2,4,1,4.0,1.6,4.0,1.6,2.4
4343,102621,20260818,1933,6,9,1,4,1,9.0,3.4,9.0,3.4,5.6
4344,102621,20260818,1933,6,4,1,4,1,4.5,1.9,4.5,1.9,2.6
4345,102621,20260818,1933,6,2,1,4,2,4.0,1.6,8.0,3.2,4.8
4346,102622,20260828,2141,3,20,1,1,1,6.5,2.4,6.5,2.4,4.1
4347,102623,20260614,910,2,5,2,2,1,4.8,2.0,4.8,2.0,2.8
4348,102623,20260614,910,2,20,2,2,1,6.5,2.4,6.5,2.4,4.1
4349,102624,20260823,840,2,17,1,1,1,4.5,1.6,4.5,1.6,2.9
4350,102625,20260409,1626,6,1,1,2,1,3.5,1.4,3.5,1.4,2.1
4351,102625,20260409,1626,6,13,1,2,1,12.5,4.3,12.5,4.3,8.2
4352,102625,20260409,1626,6,3,1,2,1,3.8,1.5,3.8,1.5,2.3
4353,102626,20260512,1411,3,24,1,3,1,8.0,3.0,8.0,3.0,5.0
4354,102627,20260623,1922,4,12,2,3,1,12.0,4.2,12.0,4.2,7.8
4355,102628,20260703,939,3,2,2,1,1,4.0,1.6,4.0,1.6,2.4
4356,102628,20260703,939,3,21,2,1,1,9.0,3.2,9.0,3.2,5.8
4357,102629,20260531,1703,5,6,1,3,1,5.0,2.1,5.0,2.1,2.9
4358,102629,20260531,1703,5,7,1,3,1,4.3,1.8,4.3,1.8,2.5
4359,102629,20260531,1703,5,11,1,3,1,10.5,3.8,10.5,3.8,6.7
4360,102630,20260615,1827,2,25,2,1,1,8.5,3.2,8.5,3.2,5.3
4361,102631,20260813,1224,1,4,2,1,2,4.5,1.9,9.0,3.8,5.2
4362,102631,20260813,1224,1,25,2,1,1,8.5,3.2,8.5,3.2,5.3
4363,102632,20260830,1844,2,25,1,4,1,8.5,3.2,8.5,3.2,5.3
4364,102632,20260830,1844,2,10,1,4,1,8.0,3.0,8.0,3.0,5.0
4365,102633,20260321,1226,5,6,1,1,2,5.0,2.1,10.0,4.2,5.8
4366,102633,20260321,1226,5,4,1,1,2,4.5,1.9,9.0,3.8,5.2
4367,102633,20260321,1226,5,17,1,1,1,4.5,1.6,4.5,1.6,2.9
4368,102634,20260627,1835,1,9,1,2,1,9.0,3.4,9.0,3.4,5.6
4369,102635,20260515,1713,1,11,4,3,1,10.5,3.8,10.5,3.8,6.7
4370,102635,20260515,1713,1,18,4,3,1,5.0,1.8,5.0,1.8,3.2
4371,102635,20260515,1713,1,19,4,3,1,5.5,2.0,5.5,2.0,3.5
4372,102636,20260605,848,6,1,1,4,1,3.5,1.4,3.5,1.4,2.1
4373,102636,20260605,848,6,20,1,4,1,6.5,2.4,6.5,2.4,4.1
4374,102637,20260328,1149,2,24,3,1,1,8.0,3.0,8.0,3.0,5.0
4375,102638,20260703,1834,5,20,1,3,1,6.5,2.4,6.5,2.4,4.1
4376,102639,20260909,1919,1,8,1,1,1,8.5,3.2,8.5,3.2,5.3
4377,102639,20260909,1919,1,11,1,1,2,10.5,3.8,21.0,7.6,13.4
4378,102640,20260913,1812,5,13,1,3,1,12.5,4.3,12.5,4.3,8.2
4379,102641,20260822,1700,2,19,1,3,1,5.5,2.0,5.5,2.0,3.5
4380,102641,20260822,1700,2,12,1,3,1,12.0,4.2,12.0,4.2,7.8
4381,102641,20260822,1700,2,13,1,3,1,12.5,4.3,12.5,4.3,8.2
4382,102642,20260625,1839,5,24,1,1,1,8.0,3.0,8.0,3.0,5.0
4383,102643,20260324,1725,4,18,1,3,1,5.0,1.8,5.0,1.8,3.2
4384,102644,20260806,1051,3,3,2,2,2,3.8,1.5,7.6,3.0,4.6
4385,102644,20260806,1051,3,2,2,2,1,4.0,1.6,4.0,1.6,2.4
4386,102645,20260409,932,6,18,2,4,1,5.0,1.8,5.0,1.8,3.2
4387,102646,20260320,957,5,2,3,4,1,4.0,1.6,4.0,1.6,2.4
4388,102646,20260320,957,5,3,3,4,1,3.8,1.5,3.8,1.5,2.3
4389,102647,20260523,959,4,9,1,1,1,9.0,3.4,9.0,3.4,5.6
4390,102648,20260701,752,5,8,1,1,1,8.5,3.2,8.5,3.2,5.3
4391,102649,20260426,837,2,2,2,2,1,4.0,1.6,4.0,1.6,2.4
4392,102650,20260403,918,1,15,4,1,1,11.0,4.0,11.0,4.0,7.0
4393,102650,20260403,918,1,1,4,1,1,3.5,1.4,3.5,1.4,2.1
4394,102650,20260403,918,1,7,4,1,1,4.3,1.8,4.3,1.8,2.5
4395,102651,20260616,1007,6,5,2,1,1,4.8,2.0,4.8,2.0,2.8
4396,102651,20260616,1007,6,6,2,1,1,5.0,2.1,5.0,2.1,2.9
4397,102652,20260724,1832,3,10,1,1,1,8.0,3.0,8.0,3.0,5.0
4398,102653,20260316,841,6,18,1,1,1,5.0,1.8,5.0,1.8,3.2
4399,102653,20260316,841,6,21,1,1,2,9.0,3.2,18.0,6.4,11.6
4400,102654,20260426,1917,2,5,2,3,1,4.8,2.0,4.8,2.0,2.8
4401,102655,20260628,1402,2,7,2,1,1,4.3,1.8,4.3,1.8,2.5
4402,102655,20260628,1402,2,1,2,1,1,3.5,1.4,3.5,1.4,2.1
4403,102656,20260402,950,2,20,1,1,1,6.5,2.4,6.5,2.4,4.1
4404,102656,20260402,950,2,6,1,1,1,5.0,2.1,5.0,2.1,2.9
4405,102657,20260714,1528,6,20,1,1,1,6.5,2.4,6.5,2.4,4.1
4406,102658,20260605,1049,1,13,1,2,1,12.5,4.3,12.5,4.3,8.2
4407,102658,20260605,1049,1,2,1,2,1,4.0,1.6,4.0,1.6,2.4
4408,102659,20260614,1926,1,23,1,2,1,9.0,3.4,9.0,3.4,5.6
4409,102660,20260615,1239,5,1,1,4,1,3.5,1.4,3.5,1.4,2.1
4410,102660,20260615,1239,5,10,1,4,1,8.0,3.0,8.0,3.0,5.0
4411,102661,20260521,1445,5,5,2,1,1,4.8,2.0,4.8,2.0,2.8
4412,102662,20260819,1804,1,14,2,3,2,13.5,4.6,27.0,9.2,17.8
4413,102663,20260829,1306,1,11,1,2,1,10.5,3.8,10.5,3.8,6.7
4414,102664,20260318,1907,6,16,1,3,1,11.5,4.1,11.5,4.1,7.4
4415,102665,20260512,1114,2,23,1,4,2,9.0,3.4,18.0,6.8,11.2
4416,102666,20260418,2110,1,3,1,1,1,3.8,1.5,3.8,1.5,2.3
4417,102667,20260813,1617,6,18,1,1,1,5.0,1.8,5.0,1.8,3.2
4418,102668,20260602,1941,3,3,2,1,1,3.8,1.5,3.8,1.5,2.3
4419,102669,20260609,1317,5,12,2,1,1,12.0,4.2,12.0,4.2,7.8
4420,102670,20260707,1859,4,11,1,3,1,10.5,3.8,10.5,3.8,6.7
4421,102670,20260707,1859,4,19,1,3,1,5.5,2.0,5.5,2.0,3.5
4422,102670,20260707,1859,4,2,1,3,1,4.0,1.6,4.0,1.6,2.4
4423,102671,20260610,1911,4,8,1,4,1,8.5,3.2,8.5,3.2,5.3
4424,102671,20260610,1911,4,12,1,4,1,12.0,4.2,12.0,4.2,7.8
4425,102672,20260402,2002,5,5,1,1,1,4.8,2.0,4.8,2.0,2.8
4426,102672,20260402,2002,5,19,1,1,1,5.5,2.0,5.5,2.0,3.5
4427,102673,20260502,1615,1,10,1,4,1,8.0,3.0,8.0,3.0,5.0
4428,102674,20260417,909,2,19,1,2,1,5.5,2.0,5.5,2.0,3.5
4429,102674,20260417,909,2,6,1,2,1,5.0,2.1,5.0,2.1,2.9
4430,102675,20260417,934,2,3,2,2,1,3.8,1.5,3.8,1.5,2.3
4431,102676,20260913,802,6,21,1,3,1,9.0,3.2,9.0,3.2,5.8
4432,102676,20260913,802,6,11,1,3,1,10.5,3.8,10.5,3.8,6.7
4433,102676,20260913,802,6,10,1,3,1,8.0,3.0,8.0,3.0,5.0
4434,102677,20260415,1718,4,8,1,1,1,8.5,3.2,8.5,3.2,5.3
4435,102677,20260415,1718,4,20,1,1,1,6.5,2.4,6.5,2.4,4.1
4436,102678,20260519,1024,5,19,1,1,1,5.5,2.0,5.5,2.0,3.5
4437,102679,20260316,1859,6,10,2,1,1,8.0,3.0,8.0,3.0,5.0
4438,102679,20260316,1859,6,18,2,1,1,5.0,1.8,5.0,1.8,3.2
4439,102679,20260316,1859,6,13,2,1,1,12.5,4.3,12.5,4.3,8.2
4440,102680,20260409,1457,4,11,1,1,1,10.5,3.8,10.5,3.8,6.7
4441,102681,20260519,1925,6,8,3,1,1,8.5,3.2,8.5,3.2,5.3
4442,102681,20260519,1925,6,8,3,1,1,8.5,3.2,8.5,3.2,5.3
4443,102682,20260419,1650,3,8,2,1,1,8.5,3.2,8.5,3.2,5.3
4444,102682,20260419,1650,3,4,2,1,1,4.5,1.9,4.5,1.9,2.6
4445,102683,20260421,928,4,17,1,1,1,4.5,1.6,4.5,1.6,2.9
4446,102684,20260406,1343,3,4,1,1,1,4.5,1.9,4.5,1.9,2.6
4447,102685,20260418,904,2,19,2,1,1,5.5,2.0,5.5,2.0,3.5
4448,102685,20260418,904,2,5,2,1,1,4.8,2.0,4.8,2.0,2.8
4449,102685,20260418,904,2,6,2,1,1,5.0,2.1,5.0,2.1,2.9
4450,102686,20260402,1814,2,22,1,1,1,9.5,3.6,9.5,3.6,5.9
4451,102686,20260402,1814,2,13,1,1,1,12.5,4.3,12.5,4.3,8.2
4452,102686,20260402,1814,2,16,1,1,1,11.5,4.1,11.5,4.1,7.4
4453,102687,20260802,1901,4,8,1,1,1,8.5,3.2,8.5,3.2,5.3
4454,102688,20260331,1218,4,7,2,2,2,4.3,1.8,8.6,3.6,5.0
4455,102688,20260331,1218,4,16,2,2,1,11.5,4.1,11.5,4.1,7.4
4456,102689,20260717,1623,6,5,1,2,1,4.8,2.0,4.8,2.0,2.8
4457,102689,20260717,1623,6,18,1,2,1,5.0,1.8,5.0,1.8,3.2
4458,102690,20260601,2047,3,18,1,2,2,5.0,1.8,10.0,3.6,6.4
4459,102691,20260612,1638,2,22,1,3,1,9.5,3.6,9.5,3.6,5.9
4460,102692,20260725,1019,1,4,2,1,1,4.5,1.9,4.5,1.9,2.6
4461,102692,20260725,1019,1,7,2,1,1,4.3,1.8,4.3,1.8,2.5
4462,102692,20260725,1019,1,7,2,1,1,4.3,1.8,4.3,1.8,2.5
4463,102693,20260618,1109,3,20,2,1,1,6.5,2.4,6.5,2.4,4.1
4464,102693,20260618,1109,3,5,2,1,1,4.8,2.0,4.8,2.0,2.8
4465,102694,20260824,1702,1,3,2,4,1,3.8,1.5,3.8,1.5,2.3
4466,102695,20260502,901,1,4,4,1,1,4.5,1.9,4.5,1.9,2.6
4467,102696,20260316,1717,4,8,1,3,1,8.5,3.2,8.5,3.2,5.3
4468,102696,20260316,1717,4,14,1,3,1,13.5,4.6,13.5,4.6,8.9
4469,102697,20260911,1208,2,9,1,1,1,9.0,3.4,9.0,3.4,5.6
4470,102698,20260912,831,1,19,3,1,1,5.5,2.0,5.5,2.0,3.5
4471,102699,20260317,1924,5,9,2,4,1,9.0,3.4,9.0,3.4,5.6
4472,102699,20260317,1924,5,13,2,4,2,12.5,4.3,25.0,8.6,16.4
4473,102699,20260317,1924,5,1,2,4,2,3.5,1.4,7.0,2.8,4.2
4474,102700,20260614,2131,1,21,2,3,1,9.0,3.2,9.0,3.2,5.8
4475,102700,20260614,2131,1,1,2,3,1,3.5,1.4,3.5,1.4,2.1
4476,102701,20260330,1831,6,4,2,3,1,4.5,1.9,4.5,1.9,2.6
4477,102702,20260415,813,1,5,1,1,1,4.8,2.0,4.8,2.0,2.8
4478,102702,20260415,813,1,18,1,1,1,5.0,1.8,5.0,1.8,3.2
4479,102703,20260325,1709,3,13,1,2,1,12.5,4.3,12.5,4.3,8.2
4480,102703,20260325,1709,3,23,1,2,1,9.0,3.4,9.0,3.4,5.6
4481,102704,20260425,1706,3,8,2,3,1,8.5,3.2,8.5,3.2,5.3
4482,102705,20260817,1750,6,13,1,4,2,12.5,4.3,25.0,8.6,16.4
4483,102705,20260817,1750,6,16,1,4,1,11.5,4.1,11.5,4.1,7.4
4484,102706,20260525,1009,4,6,1,3,1,5.0,2.1,5.0,2.1,2.9
4485,102706,20260525,1009,4,2,1,3,1,4.0,1.6,4.0,1.6,2.4
4486,102707,20260601,1827,2,8,1,1,1,8.5,3.2,8.5,3.2,5.3
4487,102707,20260601,1827,2,18,1,1,1,5.0,1.8,5.0,1.8,3.2
4488,102707,20260601,1827,2,20,1,1,1,6.5,2.4,6.5,2.4,4.1
4489,102708,20260520,1314,2,14,1,2,1,13.5,4.6,13.5,4.6,8.9
4490,102708,20260520,1314,2,9,1,2,1,9.0,3.4,9.0,3.4,5.6
4491,102709,20260613,940,4,19,1,3,2,5.5,2.0,11.0,4.0,7.0
4492,102709,20260613,940,4,6,1,3,1,5.0,2.1,5.0,2.1,2.9
4493,102710,20260907,1915,2,7,1,4,1,4.3,1.8,4.3,1.8,2.5
4494,102710,20260907,1915,2,19,1,4,1,5.5,2.0,5.5,2.0,3.5
4495,102711,20260904,1044,1,7,1,2,1,4.3,1.8,4.3,1.8,2.5
4496,102711,20260904,1044,1,7,1,2,1,4.3,1.8,4.3,1.8,2.5
4497,102712,20260530,1240,1,15,3,1,1,11.0,4.0,11.0,4.0,7.0
4498,102713,20260413,900,3,2,1,1,1,4.0,1.6,4.0,1.6,2.4
4499,102714,20260714,846,1,19,1,1,1,5.5,2.0,5.5,2.0,3.5
4500,102715,20260903,801,3,4,2,2,1,4.5,1.9,4.5,1.9,2.6
4501,102715,20260903,801,3,8,2,2,1,8.5,3.2,8.5,3.2,5.3
4502,102715,20260903,801,3,5,2,2,1,4.8,2.0,4.8,2.0,2.8
4503,102716,20260715,840,4,10,2,1,1,8.0,3.0,8.0,3.0,5.0
4504,102717,20260908,1607,1,16,1,1,1,11.5,4.1,11.5,4.1,7.4
4505,102717,20260908,1607,1,6,1,1,1,5.0,2.1,5.0,2.1,2.9
4506,102718,20260802,1713,2,16,1,4,1,11.5,4.1,11.5,4.1,7.4
4507,102718,20260802,1713,2,15,1,4,1,11.0,4.0,11.0,4.0,7.0
4508,102719,20260503,705,6,12,2,1,1,12.0,4.2,12.0,4.2,7.8
4509,102719,20260503,705,6,10,2,1,1,8.0,3.0,8.0,3.0,5.0
4510,102719,20260503,705,6,22,2,1,1,9.5,3.6,9.5,3.6,5.9
4511,102720,20260620,1101,1,12,1,3,1,12.0,4.2,12.0,4.2,7.8
4512,102720,20260620,1101,1,15,1,3,2,11.0,4.0,22.0,8.0,14.0
4513,102721,20260428,1835,2,6,1,2,1,5.0,2.1,5.0,2.1,2.9
4514,102722,20260518,1208,5,8,1,1,1,8.5,3.2,8.5,3.2,5.3
4515,102722,20260518,1208,5,8,1,1,1,8.5,3.2,8.5,3.2,5.3
4516,102722,20260518,1208,5,5,1,1,1,4.8,2.0,4.8,2.0,2.8
4517,102723,20260812,1224,3,16,2,1,1,11.5,4.1,11.5,4.1,7.4
4518,102724,20260725,945,5,5,1,1,1,4.8,2.0,4.8,2.0,2.8
4519,102725,20260420,828,2,7,1,2,1,4.3,1.8,4.3,1.8,2.5
4520,102725,20260420,828,2,9,1,2,1,9.0,3.4,9.0,3.4,5.6
4521,102725,20260420,828,2,2,1,2,1,4.0,1.6,4.0,1.6,2.4
4522,102726,20260630,937,5,18,2,1,2,5.0,1.8,10.0,3.6,6.4
4523,102726,20260630,937,5,17,2,1,1,4.5,1.6,4.5,1.6,2.9
4524,102727,20260803,1917,3,15,1,3,1,11.0,4.0,11.0,4.0,7.0
4525,102728,20260411,1724,1,10,1,3,1,8.0,3.0,8.0,3.0,5.0
4526,102729,20260717,1350,1,18,1,2,1,5.0,1.8,5.0,1.8,3.2
4527,102729,20260717,1350,1,3,1,2,1,3.8,1.5,3.8,1.5,2.3
4528,102729,20260717,1350,1,9,1,2,1,9.0,3.4,9.0,3.4,5.6
4529,102730,20260430,959,5,13,1,1,1,12.5,4.3,12.5,4.3,8.2
4530,102731,20260325,1808,1,24,2,4,1,8.0,3.0,8.0,3.0,5.0
4531,102732,20260704,813,3,3,1,1,1,3.8,1.5,3.8,1.5,2.3
4532,102733,20260704,1814,2,24,1,3,1,8.0,3.0,8.0,3.0,5.0
4533,102734,20260626,732,4,24,2,1,1,8.0,3.0,8.0,3.0,5.0
4534,102734,20260626,732,4,11,2,1,1,10.5,3.8,10.5,3.8,6.7
4535,102735,20260623,1524,2,7,1,4,1,4.3,1.8,4.3,1.8,2.5
4536,102735,20260623,1524,2,21,1,4,1,9.0,3.2,9.0,3.2,5.8
4537,102736,20260512,1240,5,3,1,3,1,3.8,1.5,3.8,1.5,2.3
4538,102736,20260512,1240,5,11,1,3,1,10.5,3.8,10.5,3.8,6.7
4539,102737,20260814,1333,2,19,2,1,2,5.5,2.0,11.0,4.0,7.0
4540,102738,20260320,1840,5,16,1,1,1,11.5,4.1,11.5,4.1,7.4
4541,102738,20260320,1840,5,13,1,1,1,12.5,4.3,12.5,4.3,8.2
4542,102738,20260320,1840,5,12,1,1,1,12.0,4.2,12.0,4.2,7.8
4543,102739,20260815,1311,6,16,1,1,2,11.5,4.1,23.0,8.2,14.8
4544,102740,20260423,909,5,2,1,1,1,4.0,1.6,4.0,1.6,2.4
4545,102741,20260511,1444,2,6,1,4,2,5.0,2.1,10.0,4.2,5.8
4546,102742,20260415,1822,2,12,4,1,1,12.0,4.2,12.0,4.2,7.8
4547,102742,20260415,1822,2,7,4,1,1,4.3,1.8,4.3,1.8,2.5
4548,102743,20260904,1631,4,16,4,1,2,11.5,4.1,23.0,8.2,14.8
4549,102743,20260904,1631,4,12,4,1,1,12.0,4.2,12.0,4.2,7.8
4550,102744,20260315,1348,1,5,2,1,1,4.8,2.0,4.8,2.0,2.8
4551,102744,20260315,1348,1,11,2,1,1,10.5,3.8,10.5,3.8,6.7
4552,102744,20260315,1348,1,17,2,1,1,4.5,1.6,4.5,1.6,2.9
4553,102745,20260613,1652,5,13,1,1,1,12.5,4.3,12.5,4.3,8.2
4554,102746,20260722,1641,3,25,1,3,1,8.5,3.2,8.5,3.2,5.3
4555,102746,20260722,1641,3,14,1,3,1,13.5,4.6,13.5,4.6,8.9
4556,102746,20260722,1641,3,13,1,3,1,12.5,4.3,12.5,4.3,8.2
4557,102747,20260331,909,2,6,1,1,1,5.0,2.1,5.0,2.1,2.9
4558,102748,20260501,1737,2,7,1,1,1,4.3,1.8,4.3,1.8,2.5
4559,102748,20260501,1737,2,13,1,1,1,12.5,4.3,12.5,4.3,8.2
4560,102749,20260806,1834,3,9,1,1,1,9.0,3.4,9.0,3.4,5.6
4561,102749,20260806,1834,3,10,1,1,2,8.0,3.0,16.0,6.0,10.0
4562,102749,20260806,1834,3,17,1,1,1,4.5,1.6,4.5,1.6,2.9
4563,102750,20260408,1001,1,9,1,1,1,9.0,3.4,9.0,3.4,5.6
4564,102751,20260427,806,3,6,2,1,1,5.0,2.1,5.0,2.1,2.9
4565,102751,20260427,806,3,3,2,1,2,3.8,1.5,7.6,3.0,4.6
4566,102752,20260608,924,3,3,1,1,1,3.8,1.5,3.8,1.5,2.3
4567,102753,20260805,947,4,20,2,2,1,6.5,2.4,6.5,2.4,4.1
4568,102754,20260426,1152,1,4,1,1,1,4.5,1.9,4.5,1.9,2.6
4569,102755,20260404,1623,6,17,2,2,1,4.5,1.6,4.5,1.6,2.9
4570,102756,20260408,1755,6,16,1,1,2,11.5,4.1,23.0,8.2,14.8
4571,102757,20260623,1315,5,11,2,1,2,10.5,3.8,21.0,7.6,13.4
4572,102757,20260623,1315,5,16,2,1,1,11.5,4.1,11.5,4.1,7.4
4573,102758,20260326,1639,4,18,1,1,2,5.0,1.8,10.0,3.6,6.4
4574,102758,20260326,1639,4,16,1,1,1,11.5,4.1,11.5,4.1,7.4
4575,102758,20260326,1639,4,24,1,1,1,8.0,3.0,8.0,3.0,5.0
4576,102759,20260321,1344,5,6,3,4,1,5.0,2.1,5.0,2.1,2.9
4577,102760,20260604,1009,4,3,3,2,1,3.8,1.5,3.8,1.5,2.3
4578,102760,20260604,1009,4,18,3,2,2,5.0,1.8,10.0,3.6,6.4
4579,102760,20260604,1009,4,2,3,2,1,4.0,1.6,4.0,1.6,2.4
4580,102761,20260730,703,3,13,1,3,1,12.5,4.3,12.5,4.3,8.2
4581,102762,20260323,1732,1,13,1,1,1,12.5,4.3,12.5,4.3,8.2
4582,102762,20260323,1732,1,16,1,1,2,11.5,4.1,23.0,8.2,14.8
4583,102763,20260514,1701,3,11,1,4,2,10.5,3.8,21.0,7.6,13.4
4584,102763,20260514,1701,3,15,1,4,1,11.0,4.0,11.0,4.0,7.0
4585,102763,20260514,1701,3,23,1,4,1,9.0,3.4,9.0,3.4,5.6
4586,102764,20260707,1217,1,3,3,1,1,3.8,1.5,3.8,1.5,2.3
4587,102765,20260801,840,4,7,2,2,1,4.3,1.8,4.3,1.8,2.5
4588,102766,20260802,1344,2,8,3,3,1,8.5,3.2,8.5,3.2,5.3
4589,102767,20260806,1205,1,9,2,1,1,9.0,3.4,9.0,3.4,5.6
4590,102768,20260607,1705,2,19,2,1,1,5.5,2.0,5.5,2.0,3.5
4591,102768,20260607,1705,2,17,2,1,1,4.5,1.6,4.5,1.6,2.9
4592,102769,20260407,844,6,21,1,2,1,9.0,3.2,9.0,3.2,5.8
4593,102770,20260428,1649,2,8,1,4,2,8.5,3.2,17.0,6.4,10.6
4594,102770,20260428,1649,2,8,1,4,1,8.5,3.2,8.5,3.2,5.3
4595,102771,20260720,1827,2,25,4,4,1,8.5,3.2,8.5,3.2,5.3
4596,102772,20260618,822,2,5,1,1,1,4.8,2.0,4.8,2.0,2.8
4597,102772,20260618,822,2,5,1,1,2,4.8,2.0,9.6,4.0,5.6
4598,102773,20260624,1854,3,14,1,3,1,13.5,4.6,13.5,4.6,8.9
4599,102774,20260828,1743,1,11,1,4,1,10.5,3.8,10.5,3.8,6.7
4600,102774,20260828,1743,1,13,1,4,1,12.5,4.3,12.5,4.3,8.2
4601,102774,20260828,1743,1,21,1,4,1,9.0,3.2,9.0,3.2,5.8
4602,102775,20260702,721,1,7,1,2,1,4.3,1.8,4.3,1.8,2.5
4603,102776,20260902,1705,5,10,1,1,1,8.0,3.0,8.0,3.0,5.0
4604,102776,20260902,1705,5,8,1,1,1,8.5,3.2,8.5,3.2,5.3
4605,102776,20260902,1705,5,25,1,1,1,8.5,3.2,8.5,3.2,5.3
4606,102777,20260501,1125,6,1,2,1,2,3.5,1.4,7.0,2.8,4.2
4607,102778,20260901,846,5,1,2,2,1,3.5,1.4,3.5,1.4,2.1
4608,102778,20260901,846,5,18,2,2,1,5.0,1.8,5.0,1.8,3.2
4609,102779,20260903,1708,4,9,2,3,1,9.0,3.4,9.0,3.4,5.6
4610,102779,20260903,1708,4,3,2,3,2,3.8,1.5,7.6,3.0,4.6
4611,102779,20260903,1708,4,7,2,3,1,4.3,1.8,4.3,1.8,2.5
4612,102780,20260629,720,4,16,1,1,2,11.5,4.1,23.0,8.2,14.8
4613,102780,20260629,720,4,8,1,1,1,8.5,3.2,8.5,3.2,5.3
4614,102781,20260715,907,6,9,2,2,1,9.0,3.4,9.0,3.4,5.6
4615,102781,20260715,907,6,8,2,2,1,8.5,3.2,8.5,3.2,5.3
4616,102782,20260326,1145,2,16,1,3,1,11.5,4.1,11.5,4.1,7.4
4617,102783,20260323,810,1,2,1,2,1,4.0,1.6,4.0,1.6,2.4
4618,102784,20260607,934,1,15,4,1,1,11.0,4.0,11.0,4.0,7.0
4619,102784,20260607,934,1,5,4,1,1,4.8,2.0,4.8,2.0,2.8
4620,102785,20260505,2017,4,13,1,1,2,12.5,4.3,25.0,8.6,16.4
4621,102786,20260330,1050,5,3,2,2,1,3.8,1.5,3.8,1.5,2.3
4622,102787,20260711,1108,1,16,4,3,1,11.5,4.1,11.5,4.1,7.4
4623,102788,20260820,1337,5,8,1,1,1,8.5,3.2,8.5,3.2,5.3
4624,102789,20260628,1810,6,9,1,4,1,9.0,3.4,9.0,3.4,5.6
4625,102789,20260628,1810,6,14,1,4,1,13.5,4.6,13.5,4.6,8.9
4626,102789,20260628,1810,6,6,1,4,1,5.0,2.1,5.0,2.1,2.9
4627,102790,20260830,2059,6,7,3,4,2,4.3,1.8,8.6,3.6,5.0
4628,102790,20260830,2059,6,14,3,4,2,13.5,4.6,27.0,9.2,17.8
4629,102791,20260706,1235,3,11,1,1,1,10.5,3.8,10.5,3.8,6.7
4630,102791,20260706,1235,3,21,1,1,1,9.0,3.2,9.0,3.2,5.8
4631,102792,20260518,1904,5,21,1,2,1,9.0,3.2,9.0,3.2,5.8
4632,102793,20260417,1319,2,13,1,3,1,12.5,4.3,12.5,4.3,8.2
4633,102793,20260417,1319,2,8,1,3,1,8.5,3.2,8.5,3.2,5.3
4634,102794,20260502,929,1,7,1,4,1,4.3,1.8,4.3,1.8,2.5
4635,102795,20260823,1535,1,2,2,1,1,4.0,1.6,4.0,1.6,2.4
4636,102796,20260502,1713,3,1,1,1,1,3.5,1.4,3.5,1.4,2.1
4637,102796,20260502,1713,3,16,1,1,1,11.5,4.1,11.5,4.1,7.4
4638,102797,20260331,2103,1,10,1,1,1,8.0,3.0,8.0,3.0,5.0
4639,102797,20260331,2103,1,17,1,1,1,4.5,1.6,4.5,1.6,2.9
4640,102798,20260625,813,2,3,3,1,2,3.8,1.5,7.6,3.0,4.6
4641,102798,20260625,813,2,1,3,1,2,3.5,1.4,7.0,2.8,4.2
4642,102799,20260602,1804,6,15,2,3,1,11.0,4.0,11.0,4.0,7.0
4643,102799,20260602,1804,6,8,2,3,1,8.5,3.2,8.5,3.2,5.3
4644,102799,20260602,1804,6,12,2,3,2,12.0,4.2,24.0,8.4,15.6
4645,102800,20260816,928,2,1,2,1,1,3.5,1.4,3.5,1.4,2.1
4646,102801,20260820,1724,6,23,1,1,1,9.0,3.4,9.0,3.4,5.6
4647,102801,20260820,1724,6,13,1,1,1,12.5,4.3,12.5,4.3,8.2
4648,102802,20260323,1721,3,25,2,4,2,8.5,3.2,17.0,6.4,10.6
4649,102802,20260323,1721,3,13,2,4,1,12.5,4.3,12.5,4.3,8.2
4650,102803,20260511,826,3,7,3,1,1,4.3,1.8,4.3,1.8,2.5
4651,102803,20260511,826,3,17,3,1,1,4.5,1.6,4.5,1.6,2.9
4652,102804,20260814,1717,6,8,1,1,1,8.5,3.2,8.5,3.2,5.3
4653,102804,20260814,1717,6,8,1,1,1,8.5,3.2,8.5,3.2,5.3
4654,102804,20260814,1717,6,12,1,1,1,12.0,4.2,12.0,4.2,7.8
4655,102805,20260326,1028,1,2,1,1,2,4.0,1.6,8.0,3.2,4.8
4656,102806,20260725,1505,3,16,1,2,1,11.5,4.1,11.5,4.1,7.4
4657,102807,20260408,1919,1,13,2,1,1,12.5,4.3,12.5,4.3,8.2
4658,102807,20260408,1919,1,9,2,1,2,9.0,3.4,18.0,6.8,11.2
4659,102808,20260414,1341,2,1,1,4,1,3.5,1.4,3.5,1.4,2.1
4660,102809,20260814,1649,3,9,4,1,1,9.0,3.4,9.0,3.4,5.6
4661,102810,20260827,840,3,6,2,1,1,5.0,2.1,5.0,2.1,2.9
4662,102811,20260407,1046,2,9,1,1,1,9.0,3.4,9.0,3.4,5.6
4663,102812,20260810,1308,1,18,1,4,1,5.0,1.8,5.0,1.8,3.2
4664,102812,20260810,1308,1,2,1,4,1,4.0,1.6,4.0,1.6,2.4
4665,102813,20260621,1728,5,13,2,3,1,12.5,4.3,12.5,4.3,8.2
4666,102814,20260907,1811,4,9,1,2,1,9.0,3.4,9.0,3.4,5.6
4667,102814,20260907,1811,4,20,1,2,1,6.5,2.4,6.5,2.4,4.1
4668,102815,20260831,1009,1,25,1,1,1,8.5,3.2,8.5,3.2,5.3
4669,102816,20260318,1816,3,9,4,4,1,9.0,3.4,9.0,3.4,5.6
4670,102816,20260318,1816,3,23,4,4,1,9.0,3.4,9.0,3.4,5.6
4671,102817,20260713,1217,4,2,1,1,1,4.0,1.6,4.0,1.6,2.4
4672,102817,20260713,1217,4,10,1,1,1,8.0,3.0,8.0,3.0,5.0
4673,102818,20260414,2007,3,19,2,1,2,5.5,2.0,11.0,4.0,7.0
4674,102818,20260414,2007,3,9,2,1,1,9.0,3.4,9.0,3.4,5.6
4675,102819,20260728,1902,1,4,2,1,1,4.5,1.9,4.5,1.9,2.6
4676,102819,20260728,1902,1,8,2,1,2,8.5,3.2,17.0,6.4,10.6
4677,102820,20260522,1225,1,14,2,1,1,13.5,4.6,13.5,4.6,8.9
4678,102820,20260522,1225,1,25,2,1,1,8.5,3.2,8.5,3.2,5.3
4679,102821,20260419,1839,2,23,1,3,1,9.0,3.4,9.0,3.4,5.6
4680,102821,20260419,1839,2,20,1,3,1,6.5,2.4,6.5,2.4,4.1
4681,102821,20260419,1839,2,22,1,3,1,9.5,3.6,9.5,3.6,5.9
4682,102822,20260422,1037,2,8,1,2,1,8.5,3.2,8.5,3.2,5.3
4683,102823,20260522,1742,1,11,1,2,1,10.5,3.8,10.5,3.8,6.7
4684,102823,20260522,1742,1,14,1,2,1,13.5,4.6,13.5,4.6,8.9
4685,102824,20260430,1818,5,12,3,3,1,12.0,4.2,12.0,4.2,7.8
4686,102824,20260430,1818,5,21,3,3,1,9.0,3.2,9.0,3.2,5.8
4687,102825,20260625,1717,3,19,3,1,1,5.5,2.0,5.5,2.0,3.5
4688,102825,20260625,1717,3,8,3,1,1,8.5,3.2,8.5,3.2,5.3
4689,102826,20260424,819,1,18,2,1,1,5.0,1.8,5.0,1.8,3.2
4690,102826,20260424,819,1,23,2,1,1,9.0,3.4,9.0,3.4,5.6
4691,102827,20260719,1102,2,6,1,2,1,5.0,2.1,5.0,2.1,2.9
4692,102828,20260630,1658,1,9,1,3,1,9.0,3.4,9.0,3.4,5.6
4693,102828,20260630,1658,1,4,1,3,2,4.5,1.9,9.0,3.8,5.2
4694,102828,20260630,1658,1,24,1,3,1,8.0,3.0,8.0,3.0,5.0
4695,102829,20260619,1636,4,1,1,4,1,3.5,1.4,3.5,1.4,2.1
4696,102829,20260619,1636,4,11,1,4,1,10.5,3.8,10.5,3.8,6.7
4697,102830,20260621,2153,5,18,1,1,2,5.0,1.8,10.0,3.6,6.4
4698,102831,20260716,1849,3,11,4,1,1,10.5,3.8,10.5,3.8,6.7
4699,102832,20260714,1700,3,8,1,1,1,8.5,3.2,8.5,3.2,5.3
4700,102832,20260714,1700,3,20,1,1,1,6.5,2.4,6.5,2.4,4.1
4701,102833,20260422,851,1,3,1,1,1,3.8,1.5,3.8,1.5,2.3
4702,102833,20260422,851,1,6,1,1,1,5.0,2.1,5.0,2.1,2.9
4703,102834,20260524,951,3,2,2,2,1,4.0,1.6,4.0,1.6,2.4
4704,102834,20260524,951,3,5,2,2,1,4.8,2.0,4.8,2.0,2.8
4705,102834,20260524,951,3,19,2,2,1,5.5,2.0,5.5,2.0,3.5
4706,102835,20260507,1153,3,1,2,4,2,3.5,1.4,7.0,2.8,4.2
4707,102836,20260730,915,2,1,3,2,2,3.5,1.4,7.0,2.8,4.2
4708,102836,20260730,915,2,2,3,2,1,4.0,1.6,4.0,1.6,2.4
4709,102836,20260730,915,2,19,3,2,2,5.5,2.0,11.0,4.0,7.0
4710,102837,20260421,1917,5,6,2,2,1,5.0,2.1,5.0,2.1,2.9
4711,102838,20260816,1021,1,14,1,2,1,13.5,4.6,13.5,4.6,8.9
4712,102839,20260413,1819,3,10,1,4,1,8.0,3.0,8.0,3.0,5.0
4713,102840,20260508,2141,2,25,1,1,1,8.5,3.2,8.5,3.2,5.3
4714,102841,20260410,1903,5,11,2,1,1,10.5,3.8,10.5,3.8,6.7
4715,102842,20260602,800,4,2,1,4,2,4.0,1.6,8.0,3.2,4.8
4716,102843,20260622,849,4,8,1,1,1,8.5,3.2,8.5,3.2,5.3
4717,102844,20260630,804,1,7,2,1,1,4.3,1.8,4.3,1.8,2.5
4718,102845,20260509,953,4,6,1,1,2,5.0,2.1,10.0,4.2,5.8
4719,102845,20260509,953,4,19,1,1,1,5.5,2.0,5.5,2.0,3.5
4720,102846,20260606,1106,4,3,1,4,1,3.8,1.5,3.8,1.5,2.3
4721,102846,20260606,1106,4,10,1,4,1,8.0,3.0,8.0,3.0,5.0
4722,102847,20260907,921,1,18,1,2,1,5.0,1.8,5.0,1.8,3.2
4723,102848,20260413,1025,2,1,1,1,1,3.5,1.4,3.5,1.4,2.1
4724,102848,20260413,1025,2,17,1,1,1,4.5,1.6,4.5,1.6,2.9
4725,102849,20260809,957,2,21,1,2,1,9.0,3.2,9.0,3.2,5.8
4726,102850,20260706,1002,5,16,2,1,1,11.5,4.1,11.5,4.1,7.4
4727,102851,20260430,814,3,10,1,4,1,8.0,3.0,8.0,3.0,5.0
4728,102852,20260414,1657,2,20,1,2,1,6.5,2.4,6.5,2.4,4.1
4729,102853,20260828,848,4,19,1,1,1,5.5,2.0,5.5,2.0,3.5
4730,102854,20260530,1634,1,13,2,3,1,12.5,4.3,12.5,4.3,8.2
4731,102854,20260530,1634,1,11,2,3,1,10.5,3.8,10.5,3.8,6.7
4732,102854,20260530,1634,1,14,2,3,1,13.5,4.6,13.5,4.6,8.9
4733,102855,20260521,819,4,20,2,4,1,6.5,2.4,6.5,2.4,4.1
4734,102856,20260710,1648,1,11,1,3,1,10.5,3.8,10.5,3.8,6.7
4735,102856,20260710,1648,1,12,1,3,1,12.0,4.2,12.0,4.2,7.8
4736,102857,20260723,1155,2,13,2,2,1,12.5,4.3,12.5,4.3,8.2
4737,102858,20260501,1619,3,19,2,1,1,5.5,2.0,5.5,2.0,3.5
4738,102858,20260501,1619,3,4,2,1,1,4.5,1.9,4.5,1.9,2.6
4739,102859,20260605,1049,6,18,1,2,1,5.0,1.8,5.0,1.8,3.2
4740,102859,20260605,1049,6,5,1,2,1,4.8,2.0,4.8,2.0,2.8
4741,102860,20260507,1921,6,22,1,1,1,9.5,3.6,9.5,3.6,5.9
4742,102860,20260507,1921,6,14,1,1,1,13.5,4.6,13.5,4.6,8.9
4743,102860,20260507,1921,6,7,1,1,1,4.3,1.8,4.3,1.8,2.5
4744,102861,20260802,1855,2,13,1,2,1,12.5,4.3,12.5,4.3,8.2
4745,102862,20260423,911,2,22,1,1,1,9.5,3.6,9.5,3.6,5.9
4746,102863,20260321,1949,2,25,2,4,2,8.5,3.2,17.0,6.4,10.6
4747,102863,20260321,1949,2,21,2,4,1,9.0,3.2,9.0,3.2,5.8
4748,102864,20260622,1717,3,25,1,3,1,8.5,3.2,8.5,3.2,5.3
4749,102864,20260622,1717,3,15,1,3,2,11.0,4.0,22.0,8.0,14.0
4750,102865,20260913,700,6,5,1,1,1,4.8,2.0,4.8,2.0,2.8
4751,102865,20260913,700,6,7,1,1,1,4.3,1.8,4.3,1.8,2.5
4752,102866,20260425,1011,2,21,1,2,1,9.0,3.2,9.0,3.2,5.8
4753,102867,20260712,1211,4,21,1,1,1,9.0,3.2,9.0,3.2,5.8
4754,102868,20260612,950,4,11,1,2,1,10.5,3.8,10.5,3.8,6.7
4755,102869,20260508,936,4,13,2,2,1,12.5,4.3,12.5,4.3,8.2
4756,102869,20260508,936,4,3,2,2,1,3.8,1.5,3.8,1.5,2.3
4757,102870,20260501,901,2,2,1,2,1,4.0,1.6,4.0,1.6,2.4
4758,102870,20260501,901,2,5,1,2,1,4.8,2.0,4.8,2.0,2.8
4759,102871,20260701,733,3,22,1,1,1,9.5,3.6,9.5,3.6,5.9
4760,102872,20260613,1837,2,22,2,1,1,9.5,3.6,9.5,3.6,5.9
4761,102872,20260613,1837,2,6,2,1,1,5.0,2.1,5.0,2.1,2.9
4762,102873,20260525,1713,1,10,1,4,2,8.0,3.0,16.0,6.0,10.0
4763,102873,20260525,1713,1,17,1,4,1,4.5,1.6,4.5,1.6,2.9
4764,102874,20260419,1647,3,2,1,3,1,4.0,1.6,4.0,1.6,2.4
4765,102875,20260323,907,6,16,2,1,1,11.5,4.1,11.5,4.1,7.4
4766,102875,20260323,907,6,19,2,1,1,5.5,2.0,5.5,2.0,3.5
4767,102876,20260530,1041,4,12,1,1,1,12.0,4.2,12.0,4.2,7.8
4768,102877,20260405,813,1,20,2,1,1,6.5,2.4,6.5,2.4,4.1
4769,102878,20260317,1845,6,15,2,1,1,11.0,4.0,11.0,4.0,7.0
4770,102878,20260317,1845,6,10,2,1,2,8.0,3.0,16.0,6.0,10.0
4771,102878,20260317,1845,6,7,2,1,1,4.3,1.8,4.3,1.8,2.5
4772,102879,20260714,703,1,10,3,1,1,8.0,3.0,8.0,3.0,5.0
4773,102880,20260507,1637,3,11,2,1,1,10.5,3.8,10.5,3.8,6.7
4774,102881,20260909,1748,4,10,2,1,1,8.0,3.0,8.0,3.0,5.0
4775,102882,20260606,1809,6,9,2,2,1,9.0,3.4,9.0,3.4,5.6
4776,102882,20260606,1809,6,25,2,2,1,8.5,3.2,8.5,3.2,5.3
4777,102883,20260407,1812,1,8,1,1,1,8.5,3.2,8.5,3.2,5.3
4778,102884,20260817,945,3,19,4,2,1,5.5,2.0,5.5,2.0,3.5
4779,102884,20260817,945,3,19,4,2,2,5.5,2.0,11.0,4.0,7.0
4780,102885,20260718,1014,1,17,1,4,1,4.5,1.6,4.5,1.6,2.9
4781,102886,20260812,838,6,18,1,4,1,5.0,1.8,5.0,1.8,3.2
4782,102887,20260715,1706,2,8,1,3,1,8.5,3.2,8.5,3.2,5.3
4783,102888,20260805,1252,2,1,3,1,1,3.5,1.4,3.5,1.4,2.1
4784,102888,20260805,1252,2,2,3,1,1,4.0,1.6,4.0,1.6,2.4
4785,102889,20260613,920,3,23,2,1,1,9.0,3.4,9.0,3.4,5.6
4786,102890,20260523,1855,1,15,4,3,1,11.0,4.0,11.0,4.0,7.0
4787,102891,20260427,1022,3,21,1,2,2,9.0,3.2,18.0,6.4,11.6
4788,102892,20260808,1404,2,3,1,1,1,3.8,1.5,3.8,1.5,2.3
4789,102893,20260504,1430,1,3,2,3,1,3.8,1.5,3.8,1.5,2.3
4790,102894,20260507,919,3,20,1,4,1,6.5,2.4,6.5,2.4,4.1
4791,102894,20260507,919,3,9,1,4,1,9.0,3.4,9.0,3.4,5.6
4792,102895,20260415,1006,6,4,1,3,1,4.5,1.9,4.5,1.9,2.6
4793,102896,20260703,859,1,2,1,2,1,4.0,1.6,4.0,1.6,2.4
4794,102896,20260703,859,1,7,1,2,1,4.3,1.8,4.3,1.8,2.5
4795,102897,20260410,957,5,3,1,2,1,3.8,1.5,3.8,1.5,2.3
4796,102898,20260430,1654,1,13,3,3,1,12.5,4.3,12.5,4.3,8.2
4797,102898,20260430,1654,1,20,3,3,1,6.5,2.4,6.5,2.4,4.1
4798,102899,20260508,1705,2,12,1,3,1,12.0,4.2,12.0,4.2,7.8
4799,102900,20260421,1216,1,12,2,2,1,12.0,4.2,12.0,4.2,7.8
4800,102900,20260421,1216,1,5,2,2,1,4.8,2.0,4.8,2.0,2.8
4801,102900,20260421,1216,1,24,2,2,1,8.0,3.0,8.0,3.0,5.0
4802,102901,20260821,1900,6,25,1,3,1,8.5,3.2,8.5,3.2,5.3
4803,102902,20260913,1819,5,8,1,3,1,8.5,3.2,8.5,3.2,5.3
4804,102902,20260913,1819,5,1,1,3,1,3.5,1.4,3.5,1.4,2.1
4805,102902,20260913,1819,5,19,1,3,1,5.5,2.0,5.5,2.0,3.5
4806,102903,20260612,1436,1,11,2,1,2,10.5,3.8,21.0,7.6,13.4
4807,102903,20260612,1436,1,5,2,1,1,4.8,2.0,4.8,2.0,2.8
4808,102904,20260808,1710,3,23,2,1,1,9.0,3.4,9.0,3.4,5.6
4809,102905,20260914,2105,5,3,2,1,2,3.8,1.5,7.6,3.0,4.6
4810,102906,20260410,1739,1,10,2,2,1,8.0,3.0,8.0,3.0,5.0
4811,102907,20260329,936,4,21,2,3,2,9.0,3.2,18.0,6.4,11.6
4812,102907,20260329,936,4,20,2,3,1,6.5,2.4,6.5,2.4,4.1
4813,102907,20260329,936,4,18,2,3,1,5.0,1.8,5.0,1.8,3.2
4814,102908,20260511,1153,4,25,4,1,1,8.5,3.2,8.5,3.2,5.3
4815,102909,20260807,1706,4,6,1,2,1,5.0,2.1,5.0,2.1,2.9
4816,102910,20260501,949,2,2,4,1,2,4.0,1.6,8.0,3.2,4.8
4817,102911,20260703,710,2,18,1,1,1,5.0,1.8,5.0,1.8,3.2
4818,102911,20260703,710,2,3,1,1,2,3.8,1.5,7.6,3.0,4.6
4819,102911,20260703,710,2,4,1,1,1,4.5,1.9,4.5,1.9,2.6
4820,102912,20260414,1929,6,19,3,4,1,5.5,2.0,5.5,2.0,3.5
4821,102913,20260507,1648,6,9,2,2,1,9.0,3.4,9.0,3.4,5.6
4822,102913,20260507,1648,6,1,2,2,1,3.5,1.4,3.5,1.4,2.1
4823,102914,20260626,1315,6,8,2,2,1,8.5,3.2,8.5,3.2,5.3
4824,102915,20260519,832,2,6,2,3,2,5.0,2.1,10.0,4.2,5.8
4825,102915,20260519,832,2,3,2,3,1,3.8,1.5,3.8,1.5,2.3
4826,102916,20260406,1704,5,22,2,1,1,9.5,3.6,9.5,3.6,5.9
4827,102916,20260406,1704,5,17,2,1,1,4.5,1.6,4.5,1.6,2.9
4828,102916,20260406,1704,5,11,2,1,1,10.5,3.8,10.5,3.8,6.7
4829,102917,20260410,1834,1,12,1,2,1,12.0,4.2,12.0,4.2,7.8
4830,102917,20260410,1834,1,9,1,2,2,9.0,3.4,18.0,6.8,11.2
4831,102918,20260326,1257,3,6,1,2,1,5.0,2.1,5.0,2.1,2.9
4832,102919,20260828,1706,2,13,4,2,1,12.5,4.3,12.5,4.3,8.2
4833,102919,20260828,1706,2,19,4,2,1,5.5,2.0,5.5,2.0,3.5
4834,102919,20260828,1706,2,5,4,2,1,4.8,2.0,4.8,2.0,2.8
4835,102920,20260424,1154,4,1,1,2,2,3.5,1.4,7.0,2.8,4.2
4836,102921,20260831,1134,3,17,1,1,1,4.5,1.6,4.5,1.6,2.9
4837,102921,20260831,1134,3,24,1,1,1,8.0,3.0,8.0,3.0,5.0
4838,102922,20260531,728,1,7,4,2,2,4.3,1.8,8.6,3.6,5.0
4839,102923,20260414,852,3,3,4,4,2,3.8,1.5,7.6,3.0,4.6
4840,102924,20260423,1807,1,24,2,4,1,8.0,3.0,8.0,3.0,5.0
4841,102924,20260423,1807,1,18,2,4,2,5.0,1.8,10.0,3.6,6.4
4842,102924,20260423,1807,1,22,2,4,1,9.5,3.6,9.5,3.6,5.9
4843,102925,20260717,1923,2,13,1,4,1,12.5,4.3,12.5,4.3,8.2
4844,102926,20260627,1438,2,14,3,1,1,13.5,4.6,13.5,4.6,8.9
4845,102927,20260721,1848,1,11,1,2,1,10.5,3.8,10.5,3.8,6.7
4846,102928,20260426,1005,6,17,1,2,1,4.5,1.6,4.5,1.6,2.9
4847,102929,20260426,929,6,18,1,4,1,5.0,1.8,5.0,1.8,3.2
4848,102929,20260426,929,6,8,1,4,1,8.5,3.2,8.5,3.2,5.3
4849,102930,20260827,1924,2,13,2,3,1,12.5,4.3,12.5,4.3,8.2
4850,102930,20260827,1924,2,7,2,3,1,4.3,1.8,4.3,1.8,2.5
4851,102931,20260326,1326,1,2,1,2,1,4.0,1.6,4.0,1.6,2.4
4852,102932,20260504,1741,6,24,1,4,1,8.0,3.0,8.0,3.0,5.0
4853,102933,20260514,1714,5,10,2,3,1,8.0,3.0,8.0,3.0,5.0
4854,102934,20260331,931,3,20,2,4,1,6.5,2.4,6.5,2.4,4.1
4855,102935,20260817,1019,1,20,2,1,2,6.5,2.4,13.0,4.8,8.2
4856,102936,20260523,1912,1,5,1,1,1,4.8,2.0,4.8,2.0,2.8
4857,102936,20260523,1912,1,13,1,1,1,12.5,4.3,12.5,4.3,8.2
4858,102937,20260605,1633,1,13,1,2,1,12.5,4.3,12.5,4.3,8.2
4859,102937,20260605,1633,1,9,1,2,2,9.0,3.4,18.0,6.8,11.2
4860,102938,20260606,1505,6,15,2,4,1,11.0,4.0,11.0,4.0,7.0
4861,102938,20260606,1505,6,9,2,4,1,9.0,3.4,9.0,3.4,5.6
4862,102938,20260606,1505,6,7,2,4,2,4.3,1.8,8.6,3.6,5.0
4863,102939,20260514,1448,3,3,1,1,1,3.8,1.5,3.8,1.5,2.3
4864,102940,20260620,814,6,7,3,1,1,4.3,1.8,4.3,1.8,2.5
4865,102940,20260620,814,6,17,3,1,1,4.5,1.6,4.5,1.6,2.9
4866,102941,20260718,1351,6,1,3,2,1,3.5,1.4,3.5,1.4,2.1
4867,102942,20260619,1816,3,10,1,1,1,8.0,3.0,8.0,3.0,5.0
4868,102942,20260619,1816,3,2,1,1,1,4.0,1.6,4.0,1.6,2.4
4869,102943,20260703,1805,2,17,2,1,1,4.5,1.6,4.5,1.6,2.9
4870,102944,20260504,1652,4,13,1,1,2,12.5,4.3,25.0,8.6,16.4
4871,102945,20260814,1808,4,8,4,3,1,8.5,3.2,8.5,3.2,5.3
4872,102945,20260814,1808,4,18,4,3,1,5.0,1.8,5.0,1.8,3.2
4873,102946,20260629,1352,5,5,2,1,1,4.8,2.0,4.8,2.0,2.8
4874,102947,20260414,1716,2,16,1,2,1,11.5,4.1,11.5,4.1,7.4
4875,102948,20260709,1846,5,3,1,1,2,3.8,1.5,7.6,3.0,4.6
4876,102948,20260709,1846,5,2,1,1,1,4.0,1.6,4.0,1.6,2.4
4877,102949,20260427,1758,2,14,2,2,1,13.5,4.6,13.5,4.6,8.9
4878,102949,20260427,1758,2,10,2,2,1,8.0,3.0,8.0,3.0,5.0
4879,102949,20260427,1758,2,4,2,2,1,4.5,1.9,4.5,1.9,2.6
4880,102950,20260415,2054,1,3,4,2,1,3.8,1.5,3.8,1.5,2.3
4881,102951,20260520,1713,4,10,1,1,1,8.0,3.0,8.0,3.0,5.0
4882,102952,20260905,1242,2,6,2,1,1,5.0,2.1,5.0,2.1,2.9
4883,102952,20260905,1242,2,10,2,1,2,8.0,3.0,16.0,6.0,10.0
4884,102952,20260905,1242,2,4,2,1,1,4.5,1.9,4.5,1.9,2.6
4885,102953,20260826,1021,3,4,2,2,1,4.5,1.9,4.5,1.9,2.6
4886,102953,20260826,1021,3,13,2,2,1,12.5,4.3,12.5,4.3,8.2
4887,102954,20260503,923,3,4,1,1,2,4.5,1.9,9.0,3.8,5.2
4888,102954,20260503,923,3,1,1,1,1,3.5,1.4,3.5,1.4,2.1
4889,102955,20260412,839,5,2,4,1,1,4.0,1.6,4.0,1.6,2.4
4890,102955,20260412,839,5,7,4,1,1,4.3,1.8,4.3,1.8,2.5
4891,102955,20260412,839,5,1,4,1,2,3.5,1.4,7.0,2.8,4.2
4892,102956,20260415,1230,3,5,2,1,1,4.8,2.0,4.8,2.0,2.8
4893,102957,20260616,810,6,5,2,4,1,4.8,2.0,4.8,2.0,2.8
4894,102958,20260618,1113,2,7,1,1,1,4.3,1.8,4.3,1.8,2.5
4895,102959,20260425,1234,2,4,2,1,1,4.5,1.9,4.5,1.9,2.6
4896,102960,20260514,1905,1,19,3,4,1,5.5,2.0,5.5,2.0,3.5
4897,102960,20260514,1905,1,5,3,4,1,4.8,2.0,4.8,2.0,2.8
4898,102961,20260717,836,2,20,2,1,1,6.5,2.4,6.5,2.4,4.1
4899,102961,20260717,836,2,19,2,1,1,5.5,2.0,5.5,2.0,3.5
4900,102962,20260525,1849,1,13,2,4,1,12.5,4.3,12.5,4.3,8.2
4901,102963,20260403,1226,5,12,3,1,1,12.0,4.2,12.0,4.2,7.8
4902,102963,20260403,1226,5,19,3,1,2,5.5,2.0,11.0,4.0,7.0
4903,102964,20260505,2113,2,7,1,1,1,4.3,1.8,4.3,1.8,2.5
4904,102965,20260319,1711,5,22,1,1,2,9.5,3.6,19.0,7.2,11.8
4905,102966,20260430,1222,5,12,1,2,1,12.0,4.2,12.0,4.2,7.8
4906,102967,20260418,921,1,20,1,2,1,6.5,2.4,6.5,2.4,4.1
4907,102968,20260622,923,4,6,2,1,1,5.0,2.1,5.0,2.1,2.9
4908,102968,20260622,923,4,2,2,1,1,4.0,1.6,4.0,1.6,2.4
4909,102968,20260622,923,4,14,2,1,2,13.5,4.6,27.0,9.2,17.8
4910,102969,20260801,1458,2,1,1,1,1,3.5,1.4,3.5,1.4,2.1
4911,102970,20260826,821,1,21,2,2,1,9.0,3.2,9.0,3.2,5.8
4912,102970,20260826,821,1,21,2,2,1,9.0,3.2,9.0,3.2,5.8
4913,102971,20260521,907,5,20,2,2,1,6.5,2.4,6.5,2.4,4.1
4914,102972,20260809,818,2,11,1,2,1,10.5,3.8,10.5,3.8,6.7
4915,102972,20260809,818,2,25,1,2,1,8.5,3.2,8.5,3.2,5.3
4916,102973,20260411,1805,2,14,1,4,1,13.5,4.6,13.5,4.6,8.9
4917,102974,20260330,1031,6,3,1,1,1,3.8,1.5,3.8,1.5,2.3
4918,102975,20260430,909,3,4,2,1,1,4.5,1.9,4.5,1.9,2.6
4919,102976,20260326,1127,3,2,1,1,1,4.0,1.6,4.0,1.6,2.4
4920,102977,20260905,1701,1,25,4,3,1,8.5,3.2,8.5,3.2,5.3
4921,102978,20260803,1646,5,15,1,3,1,11.0,4.0,11.0,4.0,7.0
4922,102979,20260831,922,1,2,2,2,2,4.0,1.6,8.0,3.2,4.8
4923,102980,20260414,1325,4,8,2,1,1,8.5,3.2,8.5,3.2,5.3
4924,102981,20260902,1649,2,13,1,3,2,12.5,4.3,25.0,8.6,16.4
4925,102982,20260822,2132,3,8,1,1,2,8.5,3.2,17.0,6.4,10.6
4926,102982,20260822,2132,3,22,1,1,2,9.5,3.6,19.0,7.2,11.8
4927,102983,20260326,2127,6,10,3,1,1,8.0,3.0,8.0,3.0,5.0
4928,102984,20260717,1928,3,21,1,1,1,9.0,3.2,9.0,3.2,5.8
4929,102984,20260717,1928,3,7,1,1,1,4.3,1.8,4.3,1.8,2.5
4930,102985,20260625,1010,6,20,1,1,2,6.5,2.4,13.0,4.8,8.2
4931,102986,20260806,915,5,20,1,2,1,6.5,2.4,6.5,2.4,4.1
4932,102987,20260515,1741,1,17,2,3,2,4.5,1.6,9.0,3.2,5.8
4933,102988,20260329,1837,4,15,2,3,1,11.0,4.0,11.0,4.0,7.0
4934,102989,20260624,1923,1,21,1,2,1,9.0,3.2,9.0,3.2,5.8
4935,102989,20260624,1923,1,9,1,2,1,9.0,3.4,9.0,3.4,5.6
4936,102990,20260822,2033,3,18,3,1,1,5.0,1.8,5.0,1.8,3.2
4937,102990,20260822,2033,3,7,3,1,1,4.3,1.8,4.3,1.8,2.5
4938,102990,20260822,2033,3,5,3,1,1,4.8,2.0,4.8,2.0,2.8
4939,102991,20260403,1815,5,14,1,4,1,13.5,4.6,13.5,4.6,8.9
4940,102991,20260403,1815,5,15,1,4,1,11.0,4.0,11.0,4.0,7.0
4941,102992,20260802,935,3,21,2,1,1,9.0,3.2,9.0,3.2,5.8
4942,102992,20260802,935,3,7,2,1,1,4.3,1.8,4.3,1.8,2.5
4943,102992,20260802,935,3,18,2,1,1,5.0,1.8,5.0,1.8,3.2
4944,102993,20260912,716,2,13,2,1,1,12.5,4.3,12.5,4.3,8.2
4945,102994,20260322,757,6,6,2,2,1,5.0,2.1,5.0,2.1,2.9
4946,102995,20260611,1849,3,20,1,4,2,6.5,2.4,13.0,4.8,8.2
4947,102995,20260611,1849,3,14,1,4,1,13.5,4.6,13.5,4.6,8.9
4948,102995,20260611,1849,3,5,1,4,1,4.8,2.0,4.8,2.0,2.8
4949,102996,20260325,841,6,7,1,1,1,4.3,1.8,4.3,1.8,2.5
4950,102996,20260325,841,6,5,1,1,1,4.8,2.0,4.8,2.0,2.8
4951,102997,20260807,1921,6,18,1,2,1,5.0,1.8,5.0,1.8,3.2
4952,102997,20260807,1921,6,8,1,2,1,8.5,3.2,8.5,3.2,5.3
4953,102998,20260406,908,5,19,2,1,1,5.5,2.0,5.5,2.0,3.5
4954,102999,20260605,1743,5,9,2,1,1,9.0,3.4,9.0,3.4,5.6
4955,103000,20260402,1835,6,19,1,2,1,5.5,2.0,5.5,2.0,3.5
4956,103001,20260321,847,6,8,1,2,1,8.5,3.2,8.5,3.2,5.3
4957,103001,20260321,847,6,18,1,2,2,5.0,1.8,10.0,3.6,6.4
4958,103001,20260321,847,6,3,1,2,1,3.8,1.5,3.8,1.5,2.3
4959,103002,20260725,1013,2,21,2,4,2,9.0,3.2,18.0,6.4,11.6
4960,103003,20260510,958,5,7,1,1,1,4.3,1.8,4.3,1.8,2.5
4961,103004,20260617,1902,1,15,1,3,1,11.0,4.0,11.0,4.0,7.0
4962,103005,20260809,1849,2,8,1,4,1,8.5,3.2,8.5,3.2,5.3
4963,103005,20260809,1849,2,13,1,4,1,12.5,4.3,12.5,4.3,8.2
4964,103005,20260809,1849,2,16,1,4,2,11.5,4.1,23.0,8.2,14.8
4965,103006,20260505,1951,1,2,1,1,1,4.0,1.6,4.0,1.6,2.4
4966,103007,20260613,900,1,5,2,3,1,4.8,2.0,4.8,2.0,2.8
4967,103008,20260826,1059,1,14,2,1,1,13.5,4.6,13.5,4.6,8.9
4968,103009,20260718,1715,1,6,2,4,2,5.0,2.1,10.0,4.2,5.8
4969,103010,20260403,1531,4,10,1,4,1,8.0,3.0,8.0,3.0,5.0
4970,103010,20260403,1531,4,6,1,4,1,5.0,2.1,5.0,2.1,2.9
4971,103011,20260704,1618,4,7,4,2,1,4.3,1.8,4.3,1.8,2.5
4972,103011,20260704,1618,4,7,4,2,1,4.3,1.8,4.3,1.8,2.5
4973,103012,20260617,1839,6,14,2,3,1,13.5,4.6,13.5,4.6,8.9
4974,103013,20260328,946,3,1,4,1,1,3.5,1.4,3.5,1.4,2.1
4975,103013,20260328,946,3,3,4,1,1,3.8,1.5,3.8,1.5,2.3
4976,103013,20260328,946,3,22,4,1,1,9.5,3.6,9.5,3.6,5.9
4977,103014,20260802,1455,5,9,2,3,1,9.0,3.4,9.0,3.4,5.6
4978,103014,20260802,1455,5,15,2,3,2,11.0,4.0,22.0,8.0,14.0
4979,103014,20260802,1455,5,22,2,3,1,9.5,3.6,9.5,3.6,5.9
4980,103015,20260402,1324,4,23,2,4,1,9.0,3.4,9.0,3.4,5.6
4981,103016,20260902,1647,6,16,1,1,1,11.5,4.1,11.5,4.1,7.4
4982,103017,20260718,826,3,18,2,1,1,5.0,1.8,5.0,1.8,3.2
4983,103018,20260905,1632,2,15,1,1,1,11.0,4.0,11.0,4.0,7.0
4984,103018,20260905,1632,2,22,1,1,1,9.5,3.6,9.5,3.6,5.9
4985,103019,20260605,808,3,21,1,4,1,9.0,3.2,9.0,3.2,5.8
4986,103020,20260317,1826,1,1,2,3,1,3.5,1.4,3.5,1.4,2.1
4987,103021,20260814,1842,5,18,4,1,1,5.0,1.8,5.0,1.8,3.2
4988,103021,20260814,1842,5,12,4,1,1,12.0,4.2,12.0,4.2,7.8
4989,103022,20260626,840,5,21,1,1,1,9.0,3.2,9.0,3.2,5.8
4990,103023,20260628,1451,3,21,4,2,1,9.0,3.2,9.0,3.2,5.8
4991,103024,20260613,1850,6,11,4,4,1,10.5,3.8,10.5,3.8,6.7
4992,103024,20260613,1850,6,16,4,4,1,11.5,4.1,11.5,4.1,7.4
4993,103024,20260613,1850,6,22,4,4,1,9.5,3.6,9.5,3.6,5.9
4994,103025,20260911,1922,5,11,1,4,2,10.5,3.8,21.0,7.6,13.4
4995,103025,20260911,1922,5,11,1,4,2,10.5,3.8,21.0,7.6,13.4
4996,103026,20260711,1020,3,4,2,4,1,4.5,1.9,4.5,1.9,2.6
4997,103026,20260711,1020,3,4,2,4,1,4.5,1.9,4.5,1.9,2.6
4998,103026,20260711,1020,3,3,2,4,1,3.8,1.5,3.8,1.5,2.3
4999,103027,20260705,1915,2,12,1,3,2,12.0,4.2,24.0,8.4,15.6
5000,103028,20260322,946,4,20,1,1,1,6.5,2.4,6.5,2.4,4.1
5001,103028,20260322,946,4,19,1,1,1,5.5,2.0,5.5,2.0,3.5
5002,103029,20260702,1920,4,20,1,1,2,6.5,2.4,13.0,4.8,8.2
5003,103029,20260702,1920,4,12,1,1,1,12.0,4.2,12.0,4.2,7.8
5004,103029,20260702,1920,4,8,1,1,1,8.5,3.2,8.5,3.2,5.3
5005,103030,20260508,1904,1,8,2,4,1,8.5,3.2,8.5,3.2,5.3
5006,103031,20260826,1104,2,2,2,2,1,4.0,1.6,4.0,1.6,2.4
5007,103032,20260826,1037,4,20,2,4,1,6.5,2.4,6.5,2.4,4.1
5008,103032,20260826,1037,4,14,2,4,1,13.5,4.6,13.5,4.6,8.9
5009,103033,20260715,903,1,20,1,1,1,6.5,2.4,6.5,2.4,4.1
5010,103034,20260706,1720,3,16,1,1,1,11.5,4.1,11.5,4.1,7.4
5011,103035,20260814,828,2,3,2,2,1,3.8,1.5,3.8,1.5,2.3
5012,103035,20260814,828,2,10,2,2,1,8.0,3.0,8.0,3.0,5.0
5013,103036,20260602,1813,6,4,4,1,1,4.5,1.9,4.5,1.9,2.6
5014,103036,20260602,1813,6,10,4,1,1,8.0,3.0,8.0,3.0,5.0
5015,103036,20260602,1813,6,10,4,1,2,8.0,3.0,16.0,6.0,10.0
5016,103037,20260507,1717,4,22,1,1,1,9.5,3.6,9.5,3.6,5.9
5017,103038,20260502,1918,2,6,1,3,1,5.0,2.1,5.0,2.1,2.9
5018,103038,20260502,1918,2,24,1,3,1,8.0,3.0,8.0,3.0,5.0
5019,103038,20260502,1918,2,8,1,3,1,8.5,3.2,8.5,3.2,5.3
5020,103039,20260523,1104,4,13,2,1,1,12.5,4.3,12.5,4.3,8.2
5021,103040,20260724,1859,3,5,3,1,2,4.8,2.0,9.6,4.0,5.6
5022,103040,20260724,1859,3,5,3,1,1,4.8,2.0,4.8,2.0,2.8
5023,103041,20260331,1634,3,16,3,1,1,11.5,4.1,11.5,4.1,7.4
5024,103042,20260316,1022,5,7,3,2,1,4.3,1.8,4.3,1.8,2.5
5025,103042,20260316,1022,5,5,3,2,1,4.8,2.0,4.8,2.0,2.8
5026,103043,20260531,1109,2,3,1,1,1,3.8,1.5,3.8,1.5,2.3
5027,103044,20260807,1737,2,15,2,1,1,11.0,4.0,11.0,4.0,7.0
5028,103045,20260417,801,4,4,1,2,1,4.5,1.9,4.5,1.9,2.6
5029,103046,20260902,903,4,6,2,1,1,5.0,2.1,5.0,2.1,2.9
5030,103046,20260902,903,4,7,2,1,1,4.3,1.8,4.3,1.8,2.5
5031,103046,20260902,903,4,1,2,1,1,3.5,1.4,3.5,1.4,2.1
5032,103047,20260809,852,1,8,1,4,1,8.5,3.2,8.5,3.2,5.3
5033,103048,20260608,1312,2,12,1,4,1,12.0,4.2,12.0,4.2,7.8
5034,103048,20260608,1312,2,2,1,4,1,4.0,1.6,4.0,1.6,2.4
5035,103048,20260608,1312,2,14,1,4,1,13.5,4.6,13.5,4.6,8.9
5036,103049,20260515,1822,3,19,1,1,1,5.5,2.0,5.5,2.0,3.5
5037,103050,20260715,1315,2,20,3,1,1,6.5,2.4,6.5,2.4,4.1
5038,103050,20260715,1315,2,9,3,1,2,9.0,3.4,18.0,6.8,11.2
5039,103051,20260804,1801,4,16,1,4,1,11.5,4.1,11.5,4.1,7.4
5040,103052,20260504,1936,4,17,2,2,2,4.5,1.6,9.0,3.2,5.8
5041,103052,20260504,1936,4,1,2,2,1,3.5,1.4,3.5,1.4,2.1
5042,103053,20260410,1744,2,1,2,3,2,3.5,1.4,7.0,2.8,4.2
5043,103053,20260410,1744,2,16,2,3,1,11.5,4.1,11.5,4.1,7.4
5044,103054,20260903,934,3,7,2,1,1,4.3,1.8,4.3,1.8,2.5
5045,103055,20260628,1737,1,14,1,4,1,13.5,4.6,13.5,4.6,8.9
5046,103055,20260628,1737,1,11,1,4,1,10.5,3.8,10.5,3.8,6.7
5047,103056,20260816,1026,3,4,2,1,1,4.5,1.9,4.5,1.9,2.6
5048,103056,20260816,1026,3,4,2,1,1,4.5,1.9,4.5,1.9,2.6
5049,103056,20260816,1026,3,19,2,1,1,5.5,2.0,5.5,2.0,3.5
5050,103057,20260827,801,2,20,1,3,1,6.5,2.4,6.5,2.4,4.1
5051,103058,20260805,1812,5,9,1,3,1,9.0,3.4,9.0,3.4,5.6
5052,103058,20260805,1812,5,25,1,3,1,8.5,3.2,8.5,3.2,5.3
5053,103059,20260516,1224,3,19,2,1,1,5.5,2.0,5.5,2.0,3.5
5054,103059,20260516,1224,3,9,2,1,1,9.0,3.4,9.0,3.4,5.6
5055,103060,20260907,1919,6,8,1,1,1,8.5,3.2,8.5,3.2,5.3
5056,103061,20260408,919,6,24,2,1,1,8.0,3.0,8.0,3.0,5.0
5057,103062,20260325,1735,2,9,2,4,2,9.0,3.4,18.0,6.8,11.2
5058,103062,20260325,1735,2,4,2,4,2,4.5,1.9,9.0,3.8,5.2
5059,103063,20260620,1011,1,7,2,4,1,4.3,1.8,4.3,1.8,2.5
5060,103064,20260610,1840,2,16,3,1,1,11.5,4.1,11.5,4.1,7.4
5061,103065,20260524,855,3,2,2,2,1,4.0,1.6,4.0,1.6,2.4
5062,103065,20260524,855,3,5,2,2,1,4.8,2.0,4.8,2.0,2.8
5063,103066,20260513,903,3,6,2,3,1,5.0,2.1,5.0,2.1,2.9
5064,103067,20260913,1858,2,11,1,3,1,10.5,3.8,10.5,3.8,6.7
5065,103068,20260822,901,4,6,2,1,1,5.0,2.1,5.0,2.1,2.9
5066,103068,20260822,901,4,4,2,1,1,4.5,1.9,4.5,1.9,2.6
5067,103069,20260607,1630,2,9,2,1,1,9.0,3.4,9.0,3.4,5.6
5068,103070,20260813,1850,2,18,3,4,1,5.0,1.8,5.0,1.8,3.2
5069,103070,20260813,1850,2,11,3,4,1,10.5,3.8,10.5,3.8,6.7
5070,103070,20260813,1850,2,9,3,4,1,9.0,3.4,9.0,3.4,5.6
5071,103071,20260317,901,4,1,1,2,1,3.5,1.4,3.5,1.4,2.1
5072,103072,20260808,1753,3,7,1,1,2,4.3,1.8,8.6,3.6,5.0
5073,103072,20260808,1753,3,10,1,1,2,8.0,3.0,16.0,6.0,10.0
5074,103072,20260808,1753,3,25,1,1,1,8.5,3.2,8.5,3.2,5.3
5075,103073,20260424,1344,1,9,1,4,2,9.0,3.4,18.0,6.8,11.2
5076,103073,20260424,1344,1,7,1,4,1,4.3,1.8,4.3,1.8,2.5
5077,103073,20260424,1344,1,16,1,4,2,11.5,4.1,23.0,8.2,14.8
5078,103074,20260806,837,1,7,1,1,1,4.3,1.8,4.3,1.8,2.5
5079,103075,20260906,848,1,18,4,1,1,5.0,1.8,5.0,1.8,3.2
5080,103076,20260610,813,5,19,1,2,1,5.5,2.0,5.5,2.0,3.5
5081,103076,20260610,813,5,21,1,2,1,9.0,3.2,9.0,3.2,5.8
5082,103077,20260913,1857,4,13,1,4,1,12.5,4.3,12.5,4.3,8.2
5083,103077,20260913,1857,4,18,1,4,1,5.0,1.8,5.0,1.8,3.2
5084,103078,20260812,1658,1,15,3,3,1,11.0,4.0,11.0,4.0,7.0
5085,103079,20260326,1346,5,2,4,1,2,4.0,1.6,8.0,3.2,4.8
5086,103080,20260818,1721,3,8,2,2,2,8.5,3.2,17.0,6.4,10.6
5087,103080,20260818,1721,3,11,2,2,1,10.5,3.8,10.5,3.8,6.7
5088,103081,20260705,1250,6,20,3,2,1,6.5,2.4,6.5,2.4,4.1
5089,103082,20260523,1301,1,15,1,2,2,11.0,4.0,22.0,8.0,14.0
5090,103082,20260523,1301,1,24,1,2,2,8.0,3.0,16.0,6.0,10.0
5091,103083,20260528,901,5,19,2,2,2,5.5,2.0,11.0,4.0,7.0
5092,103084,20260715,855,3,18,3,2,1,5.0,1.8,5.0,1.8,3.2
5093,103085,20260531,1236,3,4,2,1,1,4.5,1.9,4.5,1.9,2.6
5094,103085,20260531,1236,3,5,2,1,1,4.8,2.0,4.8,2.0,2.8
5095,103086,20260802,1028,2,3,2,1,1,3.8,1.5,3.8,1.5,2.3
5096,103087,20260615,1715,1,12,1,2,1,12.0,4.2,12.0,4.2,7.8
5097,103088,20260406,1242,2,17,4,2,1,4.5,1.6,4.5,1.6,2.9
5098,103088,20260406,1242,2,6,4,2,1,5.0,2.1,5.0,2.1,2.9
5099,103088,20260406,1242,2,18,4,2,1,5.0,1.8,5.0,1.8,3.2
5100,103089,20260612,1910,3,8,1,1,1,8.5,3.2,8.5,3.2,5.3
5101,103090,20260820,1823,2,13,1,3,1,12.5,4.3,12.5,4.3,8.2
5102,103091,20260417,1614,2,16,2,1,2,11.5,4.1,23.0,8.2,14.8
5103,103092,20260612,1345,3,6,1,2,2,5.0,2.1,10.0,4.2,5.8
5104,103092,20260612,1345,3,7,1,2,1,4.3,1.8,4.3,1.8,2.5
5105,103093,20260831,1851,3,3,2,1,1,3.8,1.5,3.8,1.5,2.3
5106,103093,20260831,1851,3,23,2,1,1,9.0,3.4,9.0,3.4,5.6
5107,103094,20260823,851,4,18,1,4,2,5.0,1.8,10.0,3.6,6.4
5108,103095,20260701,835,2,19,1,2,1,5.5,2.0,5.5,2.0,3.5
5109,103095,20260701,835,2,20,1,2,2,6.5,2.4,13.0,4.8,8.2
5110,103096,20260409,908,2,2,1,1,1,4.0,1.6,4.0,1.6,2.4
5111,103097,20260707,952,5,2,4,1,1,4.0,1.6,4.0,1.6,2.4
5112,103098,20260801,1752,3,19,1,3,1,5.5,2.0,5.5,2.0,3.5
5113,103099,20260821,853,2,7,4,1,1,4.3,1.8,4.3,1.8,2.5
5114,103100,20260526,2037,4,22,1,2,2,9.5,3.6,19.0,7.2,11.8
5115,103100,20260526,2037,4,2,1,2,1,4.0,1.6,4.0,1.6,2.4
5116,103101,20260528,1807,6,15,2,3,1,11.0,4.0,11.0,4.0,7.0
5117,103101,20260528,1807,6,16,2,3,1,11.5,4.1,11.5,4.1,7.4
5118,103101,20260528,1807,6,6,2,3,2,5.0,2.1,10.0,4.2,5.8
5119,103102,20260616,1658,5,9,1,1,1,9.0,3.4,9.0,3.4,5.6
5120,103103,20260629,1900,2,21,1,3,1,9.0,3.2,9.0,3.2,5.8
5121,103103,20260629,1900,2,18,1,3,1,5.0,1.8,5.0,1.8,3.2
5122,103104,20260511,1314,5,4,2,1,1,4.5,1.9,4.5,1.9,2.6
5123,103105,20260704,842,1,1,1,1,2,3.5,1.4,7.0,2.8,4.2
5124,103105,20260704,842,1,1,1,1,1,3.5,1.4,3.5,1.4,2.1
5125,103106,20260909,1024,6,21,1,2,1,9.0,3.2,9.0,3.2,5.8
5126,103106,20260909,1024,6,24,1,2,1,8.0,3.0,8.0,3.0,5.0
5127,103107,20260330,1415,2,4,1,3,1,4.5,1.9,4.5,1.9,2.6
5128,103107,20260330,1415,2,21,1,3,1,9.0,3.2,9.0,3.2,5.8
5129,103108,20260912,1206,3,22,4,1,1,9.5,3.6,9.5,3.6,5.9
5130,103109,20260601,1716,3,21,2,2,1,9.0,3.2,9.0,3.2,5.8
5131,103109,20260601,1716,3,1,2,2,2,3.5,1.4,7.0,2.8,4.2
5132,103110,20260422,1650,2,14,1,1,1,13.5,4.6,13.5,4.6,8.9
5133,103111,20260821,1033,6,2,2,1,2,4.0,1.6,8.0,3.2,4.8
5134,103111,20260821,1033,6,9,2,1,2,9.0,3.4,18.0,6.8,11.2
5135,103112,20260703,1709,4,5,1,3,1,4.8,2.0,4.8,2.0,2.8
5136,103112,20260703,1709,4,15,1,3,1,11.0,4.0,11.0,4.0,7.0
5137,103112,20260703,1709,4,10,1,3,1,8.0,3.0,8.0,3.0,5.0
5138,103113,20260429,1605,1,2,1,2,1,4.0,1.6,4.0,1.6,2.4
5139,103114,20260530,927,3,4,4,2,1,4.5,1.9,4.5,1.9,2.6
5140,103114,20260530,927,3,5,4,2,1,4.8,2.0,4.8,2.0,2.8
5141,103115,20260719,947,1,1,1,1,1,3.5,1.4,3.5,1.4,2.1
5142,103115,20260719,947,1,5,1,1,1,4.8,2.0,4.8,2.0,2.8
5143,103116,20260416,1008,5,7,1,1,1,4.3,1.8,4.3,1.8,2.5
5144,103116,20260416,1008,5,19,1,1,2,5.5,2.0,11.0,4.0,7.0
5145,103117,20260725,919,1,1,3,3,1,3.5,1.4,3.5,1.4,2.1
5146,103118,20260711,1021,3,2,1,1,2,4.0,1.6,8.0,3.2,4.8
5147,103119,20260625,1906,3,15,4,1,1,11.0,4.0,11.0,4.0,7.0
5148,103119,20260625,1906,3,24,4,1,1,8.0,3.0,8.0,3.0,5.0
5149,103119,20260625,1906,3,12,4,1,1,12.0,4.2,12.0,4.2,7.8
5150,103120,20260619,1702,2,9,4,1,1,9.0,3.4,9.0,3.4,5.6
5151,103120,20260619,1702,2,11,4,1,1,10.5,3.8,10.5,3.8,6.7
5152,103121,20260512,1837,4,11,1,3,1,10.5,3.8,10.5,3.8,6.7
5153,103121,20260512,1837,4,7,1,3,1,4.3,1.8,4.3,1.8,2.5
5154,103121,20260512,1837,4,16,1,3,1,11.5,4.1,11.5,4.1,7.4
5155,103122,20260611,1724,3,14,1,4,1,13.5,4.6,13.5,4.6,8.9
5156,103123,20260529,1914,4,16,1,1,1,11.5,4.1,11.5,4.1,7.4
5157,103123,20260529,1914,4,6,1,1,1,5.0,2.1,5.0,2.1,2.9
5158,103124,20260616,802,1,17,2,4,2,4.5,1.6,9.0,3.2,5.8
5159,103125,20260429,1327,3,1,4,2,1,3.5,1.4,3.5,1.4,2.1
5160,103125,20260429,1327,3,10,4,2,1,8.0,3.0,8.0,3.0,5.0
5161,103126,20260411,1718,4,13,1,1,1,12.5,4.3,12.5,4.3,8.2
5162,103127,20260406,802,1,3,2,1,1,3.8,1.5,3.8,1.5,2.3
5163,103128,20260731,1641,6,1,2,4,1,3.5,1.4,3.5,1.4,2.1
5164,103129,20260629,941,3,19,2,1,1,5.5,2.0,5.5,2.0,3.5
5165,103130,20260522,841,1,17,1,1,1,4.5,1.6,4.5,1.6,2.9
5166,103130,20260522,841,1,4,1,1,1,4.5,1.9,4.5,1.9,2.6
5167,103130,20260522,841,1,8,1,1,1,8.5,3.2,8.5,3.2,5.3
5168,103131,20260420,803,2,5,1,3,1,4.8,2.0,4.8,2.0,2.8
5169,103132,20260320,1010,4,24,2,1,1,8.0,3.0,8.0,3.0,5.0
5170,103133,20260509,1045,1,9,2,4,1,9.0,3.4,9.0,3.4,5.6
5171,103133,20260509,1045,1,16,2,4,1,11.5,4.1,11.5,4.1,7.4
5172,103133,20260509,1045,1,21,2,4,1,9.0,3.2,9.0,3.2,5.8
5173,103134,20260819,1534,2,16,1,2,1,11.5,4.1,11.5,4.1,7.4
5174,103134,20260819,1534,2,6,1,2,1,5.0,2.1,5.0,2.1,2.9
5175,103134,20260819,1534,2,10,1,2,1,8.0,3.0,8.0,3.0,5.0
5176,103135,20260417,1646,1,10,1,4,2,8.0,3.0,16.0,6.0,10.0
5177,103136,20260619,1754,6,5,1,2,2,4.8,2.0,9.6,4.0,5.6
5178,103136,20260619,1754,6,15,1,2,1,11.0,4.0,11.0,4.0,7.0
5179,103137,20260901,1856,1,20,1,4,1,6.5,2.4,6.5,2.4,4.1
5180,103137,20260901,1856,1,4,1,4,1,4.5,1.9,4.5,1.9,2.6
5181,103137,20260901,1856,1,12,1,4,1,12.0,4.2,12.0,4.2,7.8
5182,103138,20260814,1816,2,12,1,4,1,12.0,4.2,12.0,4.2,7.8
5183,103138,20260814,1816,2,21,1,4,1,9.0,3.2,9.0,3.2,5.8
5184,103139,20260402,1915,3,8,4,2,2,8.5,3.2,17.0,6.4,10.6
5185,103140,20260912,1453,1,25,1,1,1,8.5,3.2,8.5,3.2,5.3
5186,103140,20260912,1453,1,6,1,1,1,5.0,2.1,5.0,2.1,2.9
5187,103141,20260731,1439,1,7,2,2,1,4.3,1.8,4.3,1.8,2.5
5188,103141,20260731,1439,1,7,2,2,1,4.3,1.8,4.3,1.8,2.5
5189,103142,20260901,1805,6,13,1,4,1,12.5,4.3,12.5,4.3,8.2
5190,103143,20260817,1310,1,6,2,3,1,5.0,2.1,5.0,2.1,2.9
5191,103144,20260608,1011,4,18,1,1,1,5.0,1.8,5.0,1.8,3.2
5192,103144,20260608,1011,4,24,1,1,1,8.0,3.0,8.0,3.0,5.0
5193,103145,20260411,911,2,1,1,1,2,3.5,1.4,7.0,2.8,4.2
5194,103145,20260411,911,2,1,1,1,1,3.5,1.4,3.5,1.4,2.1
5195,103146,20260404,1855,2,8,1,1,1,8.5,3.2,8.5,3.2,5.3
5196,103147,20260420,1023,2,5,3,4,2,4.8,2.0,9.6,4.0,5.6
5197,103147,20260420,1023,2,8,3,4,1,8.5,3.2,8.5,3.2,5.3
5198,103148,20260504,1920,2,5,1,1,2,4.8,2.0,9.6,4.0,5.6
5199,103148,20260504,1920,2,18,1,1,1,5.0,1.8,5.0,1.8,3.2
5200,103149,20260805,906,5,3,2,2,1,3.8,1.5,3.8,1.5,2.3
5201,103150,20260824,845,4,25,1,1,1,8.5,3.2,8.5,3.2,5.3
5202,103151,20260403,2155,1,3,1,1,1,3.8,1.5,3.8,1.5,2.3
5203,103151,20260403,2155,1,1,1,1,1,3.5,1.4,3.5,1.4,2.1
5204,103152,20260910,814,6,6,2,3,1,5.0,2.1,5.0,2.1,2.9
5205,103152,20260910,814,6,2,2,3,1,4.0,1.6,4.0,1.6,2.4
5206,103152,20260910,814,6,20,2,3,1,6.5,2.4,6.5,2.4,4.1
5207,103153,20260501,1810,6,10,1,1,1,8.0,3.0,8.0,3.0,5.0
5208,103153,20260501,1810,6,8,1,1,1,8.5,3.2,8.5,3.2,5.3
5209,103154,20260908,1019,5,5,2,1,1,4.8,2.0,4.8,2.0,2.8
5210,103155,20260317,1858,4,8,1,2,1,8.5,3.2,8.5,3.2,5.3
5211,103155,20260317,1858,4,12,1,2,1,12.0,4.2,12.0,4.2,7.8
5212,103156,20260424,2134,4,5,4,1,1,4.8,2.0,4.8,2.0,2.8
5213,103156,20260424,2134,4,17,4,1,1,4.5,1.6,4.5,1.6,2.9
5214,103156,20260424,2134,4,20,4,1,1,6.5,2.4,6.5,2.4,4.1
5215,103157,20260320,909,3,22,3,1,1,9.5,3.6,9.5,3.6,5.9
5216,103157,20260320,909,3,3,3,1,1,3.8,1.5,3.8,1.5,2.3
5217,103158,20260825,1927,1,5,1,1,1,4.8,2.0,4.8,2.0,2.8
5218,103158,20260825,1927,1,5,1,1,2,4.8,2.0,9.6,4.0,5.6
5219,103158,20260825,1927,1,19,1,1,1,5.5,2.0,5.5,2.0,3.5
5220,103159,20260905,931,2,5,1,1,1,4.8,2.0,4.8,2.0,2.8
5221,103159,20260905,931,2,7,1,1,1,4.3,1.8,4.3,1.8,2.5
5222,103160,20260511,1347,6,6,2,3,1,5.0,2.1,5.0,2.1,2.9
5223,103161,20260619,1824,2,12,1,4,1,12.0,4.2,12.0,4.2,7.8
5224,103161,20260619,1824,2,15,1,4,1,11.0,4.0,11.0,4.0,7.0
5225,103162,20260603,1906,1,8,2,1,1,8.5,3.2,8.5,3.2,5.3
5226,103163,20260521,1417,2,2,1,3,1,4.0,1.6,4.0,1.6,2.4
5227,103163,20260521,1417,2,18,1,3,1,5.0,1.8,5.0,1.8,3.2
5228,103163,20260521,1417,2,25,1,3,1,8.5,3.2,8.5,3.2,5.3
5229,103164,20260515,925,3,17,2,1,1,4.5,1.6,4.5,1.6,2.9
5230,103165,20260704,853,5,2,3,1,1,4.0,1.6,4.0,1.6,2.4
5231,103166,20260511,1805,1,3,1,2,1,3.8,1.5,3.8,1.5,2.3
5232,103167,20260419,1359,1,6,1,2,1,5.0,2.1,5.0,2.1,2.9
5233,103167,20260419,1359,1,5,1,2,1,4.8,2.0,4.8,2.0,2.8
5234,103168,20260728,1652,3,13,2,4,1,12.5,4.3,12.5,4.3,8.2
5235,103168,20260728,1652,3,16,2,4,1,11.5,4.1,11.5,4.1,7.4
5236,103168,20260728,1652,3,11,2,4,1,10.5,3.8,10.5,3.8,6.7
5237,103169,20260904,906,2,17,1,1,1,4.5,1.6,4.5,1.6,2.9
5238,103169,20260904,906,2,1,1,1,1,3.5,1.4,3.5,1.4,2.1
5239,103170,20260429,722,4,11,1,1,1,10.5,3.8,10.5,3.8,6.7
5240,103170,20260429,722,4,6,1,1,1,5.0,2.1,5.0,2.1,2.9
5241,103171,20260826,1228,3,4,4,1,1,4.5,1.9,4.5,1.9,2.6
5242,103171,20260826,1228,3,9,4,1,1,9.0,3.4,9.0,3.4,5.6
5243,103171,20260826,1228,3,2,4,1,1,4.0,1.6,4.0,1.6,2.4
5244,103172,20260809,1905,1,1,1,3,1,3.5,1.4,3.5,1.4,2.1
5245,103173,20260906,1022,4,2,1,3,1,4.0,1.6,4.0,1.6,2.4
5246,103173,20260906,1022,4,19,1,3,1,5.5,2.0,5.5,2.0,3.5
5247,103174,20260401,1020,3,4,1,1,1,4.5,1.9,4.5,1.9,2.6
5248,103174,20260401,1020,3,20,1,1,1,6.5,2.4,6.5,2.4,4.1
5249,103175,20260828,1019,1,1,1,4,1,3.5,1.4,3.5,1.4,2.1
5250,103176,20260515,1132,1,7,2,1,1,4.3,1.8,4.3,1.8,2.5
5251,103177,20260826,918,5,2,1,3,1,4.0,1.6,4.0,1.6,2.4
5252,103178,20260402,1028,2,1,1,1,1,3.5,1.4,3.5,1.4,2.1
5253,103179,20260910,905,3,16,1,2,1,11.5,4.1,11.5,4.1,7.4
5254,103179,20260910,905,3,2,1,2,2,4.0,1.6,8.0,3.2,4.8
5255,103180,20260405,952,5,3,1,2,1,3.8,1.5,3.8,1.5,2.3
5256,103180,20260405,952,5,19,1,2,1,5.5,2.0,5.5,2.0,3.5
5257,103181,20260711,1019,3,19,1,2,1,5.5,2.0,5.5,2.0,3.5
5258,103181,20260711,1019,3,3,1,2,2,3.8,1.5,7.6,3.0,4.6
5259,103182,20260611,1916,4,17,1,1,1,4.5,1.6,4.5,1.6,2.9
5260,103182,20260611,1916,4,16,1,1,1,11.5,4.1,11.5,4.1,7.4
5261,103183,20260723,2017,5,9,1,2,1,9.0,3.4,9.0,3.4,5.6
5262,103184,20260401,1305,6,4,1,4,1,4.5,1.9,4.5,1.9,2.6
5263,103184,20260401,1305,6,22,1,4,1,9.5,3.6,9.5,3.6,5.9
5264,103185,20260818,2116,4,21,1,2,1,9.0,3.2,9.0,3.2,5.8
5265,103185,20260818,2116,4,2,1,2,1,4.0,1.6,4.0,1.6,2.4
5266,103186,20260501,2031,5,18,2,1,2,5.0,1.8,10.0,3.6,6.4
5267,103187,20260513,828,1,7,1,1,2,4.3,1.8,8.6,3.6,5.0
5268,103188,20260430,1812,6,8,3,4,1,8.5,3.2,8.5,3.2,5.3
5269,103188,20260430,1812,6,15,3,4,1,11.0,4.0,11.0,4.0,7.0
5270,103189,20260529,847,2,2,2,2,1,4.0,1.6,4.0,1.6,2.4
5271,103189,20260529,847,2,20,2,2,1,6.5,2.4,6.5,2.4,4.1
5272,103189,20260529,847,2,7,2,2,1,4.3,1.8,4.3,1.8,2.5
5273,103190,20260730,1830,2,8,1,3,1,8.5,3.2,8.5,3.2,5.3
5274,103190,20260730,1830,2,4,1,3,2,4.5,1.9,9.0,3.8,5.2
5275,103191,20260523,1851,3,7,2,1,1,4.3,1.8,4.3,1.8,2.5
5276,103191,20260523,1851,3,7,2,1,1,4.3,1.8,4.3,1.8,2.5
5277,103191,20260523,1851,3,8,2,1,2,8.5,3.2,17.0,6.4,10.6
5278,103192,20260417,1213,6,24,1,2,1,8.0,3.0,8.0,3.0,5.0
5279,103193,20260420,1736,1,16,1,2,1,11.5,4.1,11.5,4.1,7.4
5280,103193,20260420,1736,1,10,1,2,1,8.0,3.0,8.0,3.0,5.0
5281,103194,20260626,1206,4,4,1,2,1,4.5,1.9,4.5,1.9,2.6
5282,103194,20260626,1206,4,20,1,2,1,6.5,2.4,6.5,2.4,4.1
5283,103194,20260626,1206,4,25,1,2,1,8.5,3.2,8.5,3.2,5.3
5284,103195,20260608,1851,1,15,1,3,1,11.0,4.0,11.0,4.0,7.0
5285,103196,20260520,752,1,13,1,2,1,12.5,4.3,12.5,4.3,8.2
5286,103197,20260711,920,6,9,4,2,1,9.0,3.4,9.0,3.4,5.6
5287,103198,20260914,1924,1,16,1,3,2,11.5,4.1,23.0,8.2,14.8
5288,103198,20260914,1924,1,4,1,3,1,4.5,1.9,4.5,1.9,2.6
5289,103198,20260914,1924,1,11,1,3,1,10.5,3.8,10.5,3.8,6.7
5290,103199,20260518,925,4,21,1,3,1,9.0,3.2,9.0,3.2,5.8
5291,103200,20260903,1757,3,12,1,3,1,12.0,4.2,12.0,4.2,7.8
5292,103201,20260410,1649,3,2,1,1,1,4.0,1.6,4.0,1.6,2.4
5293,103201,20260410,1649,3,2,1,1,2,4.0,1.6,8.0,3.2,4.8
5294,103202,20260722,1925,3,23,1,2,1,9.0,3.4,9.0,3.4,5.6
5295,103203,20260904,1253,4,1,2,2,1,3.5,1.4,3.5,1.4,2.1
5296,103204,20260430,1312,1,21,2,1,1,9.0,3.2,9.0,3.2,5.8
5297,103205,20260704,1659,3,10,3,3,1,8.0,3.0,8.0,3.0,5.0
5298,103205,20260704,1659,3,15,3,3,2,11.0,4.0,22.0,8.0,14.0
5299,103205,20260704,1659,3,9,3,3,1,9.0,3.4,9.0,3.4,5.6
5300,103206,20260630,1905,5,10,1,4,1,8.0,3.0,8.0,3.0,5.0
5301,103207,20260526,944,3,9,1,1,1,9.0,3.4,9.0,3.4,5.6
5302,103208,20260319,1131,6,22,4,1,1,9.5,3.6,9.5,3.6,5.9
5303,103208,20260319,1131,6,19,4,1,1,5.5,2.0,5.5,2.0,3.5
5304,103209,20260331,1024,2,6,2,1,1,5.0,2.1,5.0,2.1,2.9
5305,103210,20260904,1234,1,2,1,1,1,4.0,1.6,4.0,1.6,2.4
5306,103211,20260430,849,4,17,2,3,1,4.5,1.6,4.5,1.6,2.9
5307,103211,20260430,849,4,24,2,3,1,8.0,3.0,8.0,3.0,5.0
5308,103212,20260527,928,5,4,3,1,1,4.5,1.9,4.5,1.9,2.6
5309,103213,20260716,1715,2,13,4,4,2,12.5,4.3,25.0,8.6,16.4
5310,103213,20260716,1715,2,9,4,4,1,9.0,3.4,9.0,3.4,5.6
5311,103214,20260731,930,6,3,3,2,1,3.8,1.5,3.8,1.5,2.3
5312,103214,20260731,930,6,19,3,2,2,5.5,2.0,11.0,4.0,7.0
5313,103214,20260731,930,6,23,3,2,1,9.0,3.4,9.0,3.4,5.6
5314,103215,20260729,1108,2,18,2,3,1,5.0,1.8,5.0,1.8,3.2
5315,103216,20260709,1008,4,4,1,2,2,4.5,1.9,9.0,3.8,5.2
5316,103217,20260508,2035,3,4,1,1,1,4.5,1.9,4.5,1.9,2.6
5317,103218,20260530,1643,6,20,1,3,1,6.5,2.4,6.5,2.4,4.1
5318,103218,20260530,1643,6,10,1,3,1,8.0,3.0,8.0,3.0,5.0
5319,103219,20260624,911,6,25,1,3,1,8.5,3.2,8.5,3.2,5.3
5320,103219,20260624,911,6,9,1,3,1,9.0,3.4,9.0,3.4,5.6
5321,103219,20260624,911,6,3,1,3,1,3.8,1.5,3.8,1.5,2.3
5322,103220,20260320,705,4,5,1,1,1,4.8,2.0,4.8,2.0,2.8
5323,103220,20260320,705,4,3,1,1,1,3.8,1.5,3.8,1.5,2.3
5324,103220,20260320,705,4,21,1,1,1,9.0,3.2,9.0,3.2,5.8
5325,103221,20260715,927,2,6,4,2,1,5.0,2.1,5.0,2.1,2.9
5326,103221,20260715,927,2,6,4,2,1,5.0,2.1,5.0,2.1,2.9
5327,103221,20260715,927,2,7,4,2,2,4.3,1.8,8.6,3.6,5.0
5328,103222,20260719,1923,2,13,2,1,1,12.5,4.3,12.5,4.3,8.2
5329,103222,20260719,1923,2,15,2,1,1,11.0,4.0,11.0,4.0,7.0
5330,103223,20260813,1755,6,7,1,1,1,4.3,1.8,4.3,1.8,2.5
5331,103224,20260613,1920,4,16,2,4,2,11.5,4.1,23.0,8.2,14.8
5332,103225,20260607,741,4,9,2,2,1,9.0,3.4,9.0,3.4,5.6
5333,103226,20260817,2017,1,4,3,1,1,4.5,1.9,4.5,1.9,2.6
5334,103227,20260708,1528,5,19,1,3,1,5.5,2.0,5.5,2.0,3.5
5335,103227,20260708,1528,5,5,1,3,1,4.8,2.0,4.8,2.0,2.8
5336,103228,20260315,1928,1,10,2,1,2,8.0,3.0,16.0,6.0,10.0
5337,103229,20260606,1524,3,5,1,1,1,4.8,2.0,4.8,2.0,2.8
5338,103230,20260422,930,5,18,1,1,1,5.0,1.8,5.0,1.8,3.2
5339,103230,20260422,930,5,17,1,1,1,4.5,1.6,4.5,1.6,2.9
5340,103230,20260422,930,5,3,1,1,1,3.8,1.5,3.8,1.5,2.3
5341,103231,20260401,1847,4,4,2,1,1,4.5,1.9,4.5,1.9,2.6
5342,103231,20260401,1847,4,18,2,1,1,5.0,1.8,5.0,1.8,3.2
5343,103231,20260401,1847,4,24,2,1,1,8.0,3.0,8.0,3.0,5.0
5344,103232,20260904,1700,2,4,1,1,1,4.5,1.9,4.5,1.9,2.6
5345,103232,20260904,1700,2,22,1,1,1,9.5,3.6,9.5,3.6,5.9
5346,103233,20260514,806,1,5,1,2,1,4.8,2.0,4.8,2.0,2.8
5347,103233,20260514,806,1,4,1,2,1,4.5,1.9,4.5,1.9,2.6
5348,103234,20260608,1024,5,22,4,3,1,9.5,3.6,9.5,3.6,5.9
5349,103234,20260608,1024,5,7,4,3,1,4.3,1.8,4.3,1.8,2.5
5350,103234,20260608,1024,5,17,4,3,1,4.5,1.6,4.5,1.6,2.9
5351,103235,20260406,1932,5,15,1,2,1,11.0,4.0,11.0,4.0,7.0
5352,103235,20260406,1932,5,19,1,2,1,5.5,2.0,5.5,2.0,3.5
5353,103236,20260703,1011,1,3,1,1,1,3.8,1.5,3.8,1.5,2.3
5354,103237,20260626,933,5,3,1,1,1,3.8,1.5,3.8,1.5,2.3
5355,103238,20260501,1307,2,5,1,1,1,4.8,2.0,4.8,2.0,2.8
5356,103239,20260502,1340,3,19,3,1,1,5.5,2.0,5.5,2.0,3.5
5357,103239,20260502,1340,3,12,3,1,1,12.0,4.2,12.0,4.2,7.8
5358,103239,20260502,1340,3,6,3,1,2,5.0,2.1,10.0,4.2,5.8
5359,103240,20260322,1852,1,24,2,1,1,8.0,3.0,8.0,3.0,5.0
5360,103240,20260322,1852,1,13,2,1,1,12.5,4.3,12.5,4.3,8.2
5361,103240,20260322,1852,1,14,2,1,1,13.5,4.6,13.5,4.6,8.9
5362,103241,20260401,1018,1,1,2,1,1,3.5,1.4,3.5,1.4,2.1
5363,103241,20260401,1018,1,3,2,1,1,3.8,1.5,3.8,1.5,2.3
5364,103242,20260729,953,2,5,1,1,1,4.8,2.0,4.8,2.0,2.8
5365,103242,20260729,953,2,8,1,1,1,8.5,3.2,8.5,3.2,5.3
5366,103243,20260606,1045,4,3,2,2,2,3.8,1.5,7.6,3.0,4.6
5367,103243,20260606,1045,4,11,2,2,1,10.5,3.8,10.5,3.8,6.7
5368,103244,20260407,935,3,19,3,1,2,5.5,2.0,11.0,4.0,7.0
5369,103245,20260508,856,3,19,2,4,1,5.5,2.0,5.5,2.0,3.5
5370,103245,20260508,856,3,5,2,4,1,4.8,2.0,4.8,2.0,2.8
5371,103246,20260412,1244,2,21,1,4,1,9.0,3.2,9.0,3.2,5.8
5372,103246,20260412,1244,2,7,1,4,1,4.3,1.8,4.3,1.8,2.5
5373,103246,20260412,1244,2,6,1,4,1,5.0,2.1,5.0,2.1,2.9
5374,103247,20260719,816,3,7,2,1,1,4.3,1.8,4.3,1.8,2.5
5375,103248,20260703,1855,4,11,2,3,1,10.5,3.8,10.5,3.8,6.7
5376,103249,20260617,834,6,7,2,4,1,4.3,1.8,4.3,1.8,2.5
5377,103249,20260617,834,6,5,2,4,1,4.8,2.0,4.8,2.0,2.8
5378,103250,20260428,1811,5,16,3,3,1,11.5,4.1,11.5,4.1,7.4
5379,103250,20260428,1811,5,12,3,3,1,12.0,4.2,12.0,4.2,7.8
5380,103250,20260428,1811,5,8,3,3,1,8.5,3.2,8.5,3.2,5.3
5381,103251,20260706,1033,3,6,1,1,1,5.0,2.1,5.0,2.1,2.9
5382,103251,20260706,1033,3,9,1,1,2,9.0,3.4,18.0,6.8,11.2
5383,103252,20260527,1022,2,1,2,3,1,3.5,1.4,3.5,1.4,2.1
5384,103252,20260527,1022,2,18,2,3,1,5.0,1.8,5.0,1.8,3.2
5385,103252,20260527,1022,2,7,2,3,2,4.3,1.8,8.6,3.6,5.0
5386,103253,20260805,1847,6,14,4,4,1,13.5,4.6,13.5,4.6,8.9
5387,103253,20260805,1847,6,8,4,4,1,8.5,3.2,8.5,3.2,5.3
5388,103254,20260422,1747,1,19,1,1,1,5.5,2.0,5.5,2.0,3.5
5389,103254,20260422,1747,1,14,1,1,1,13.5,4.6,13.5,4.6,8.9
5390,103255,20260807,1800,1,16,1,1,1,11.5,4.1,11.5,4.1,7.4
5391,103256,20260405,1748,4,15,3,1,2,11.0,4.0,22.0,8.0,14.0
5392,103257,20260825,939,5,5,3,1,1,4.8,2.0,4.8,2.0,2.8
5393,103257,20260825,939,5,19,3,1,1,5.5,2.0,5.5,2.0,3.5
5394,103258,20260423,951,1,15,1,1,1,11.0,4.0,11.0,4.0,7.0
5395,103259,20260622,1728,2,23,1,4,1,9.0,3.4,9.0,3.4,5.6
5396,103260,20260626,1117,5,20,1,1,1,6.5,2.4,6.5,2.4,4.1
5397,103260,20260626,1117,5,13,1,1,2,12.5,4.3,25.0,8.6,16.4
5398,103260,20260626,1117,5,13,1,1,1,12.5,4.3,12.5,4.3,8.2
5399,103261,20260730,1435,2,7,4,4,1,4.3,1.8,4.3,1.8,2.5
5400,103261,20260730,1435,2,18,4,4,1,5.0,1.8,5.0,1.8,3.2
5401,103261,20260730,1435,2,16,4,4,1,11.5,4.1,11.5,4.1,7.4
5402,103262,20260320,1748,6,18,2,4,1,5.0,1.8,5.0,1.8,3.2
5403,103262,20260320,1748,6,8,2,4,1,8.5,3.2,8.5,3.2,5.3
5404,103262,20260320,1748,6,1,2,4,1,3.5,1.4,3.5,1.4,2.1
5405,103263,20260516,2144,3,17,2,1,1,4.5,1.6,4.5,1.6,2.9
5406,103264,20260819,1432,1,5,1,1,2,4.8,2.0,9.6,4.0,5.6
5407,103264,20260819,1432,1,3,1,1,1,3.8,1.5,3.8,1.5,2.3
5408,103265,20260529,1712,6,9,1,1,1,9.0,3.4,9.0,3.4,5.6
5409,103266,20260518,959,2,5,1,1,1,4.8,2.0,4.8,2.0,2.8
5410,103267,20260603,1637,3,12,1,4,2,12.0,4.2,24.0,8.4,15.6
5411,103268,20260604,1108,3,4,4,3,1,4.5,1.9,4.5,1.9,2.6
5412,103268,20260604,1108,3,8,4,3,1,8.5,3.2,8.5,3.2,5.3
5413,103268,20260604,1108,3,6,4,3,1,5.0,2.1,5.0,2.1,2.9
5414,103269,20260413,1730,6,6,1,1,1,5.0,2.1,5.0,2.1,2.9
5415,103269,20260413,1730,6,22,1,1,1,9.5,3.6,9.5,3.6,5.9
5416,103269,20260413,1730,6,18,1,1,1,5.0,1.8,5.0,1.8,3.2
5417,103270,20260702,1421,5,9,1,1,1,9.0,3.4,9.0,3.4,5.6
5418,103270,20260702,1421,5,10,1,1,1,8.0,3.0,8.0,3.0,5.0
5419,103271,20260714,1649,6,12,1,1,1,12.0,4.2,12.0,4.2,7.8
5420,103271,20260714,1649,6,21,1,1,1,9.0,3.2,9.0,3.2,5.8
5421,103272,20260416,947,2,4,1,1,1,4.5,1.9,4.5,1.9,2.6
5422,103272,20260416,947,2,7,1,1,1,4.3,1.8,4.3,1.8,2.5
5423,103273,20260804,1029,3,6,2,1,2,5.0,2.1,10.0,4.2,5.8
5424,103274,20260407,1915,1,17,1,1,2,4.5,1.6,9.0,3.2,5.8
5425,103275,20260816,1101,4,16,2,1,2,11.5,4.1,23.0,8.2,14.8
5426,103276,20260326,1100,3,18,1,1,1,5.0,1.8,5.0,1.8,3.2
5427,103277,20260425,1453,5,24,2,1,1,8.0,3.0,8.0,3.0,5.0
5428,103278,20260605,1400,5,20,3,1,1,6.5,2.4,6.5,2.4,4.1
5429,103278,20260605,1400,5,9,3,1,1,9.0,3.4,9.0,3.4,5.6
5430,103279,20260903,1509,6,9,1,1,1,9.0,3.4,9.0,3.4,5.6
5431,103280,20260726,935,6,14,1,3,1,13.5,4.6,13.5,4.6,8.9
5432,103281,20260913,822,2,21,2,1,1,9.0,3.2,9.0,3.2,5.8
5433,103282,20260504,1351,6,20,1,2,1,6.5,2.4,6.5,2.4,4.1
5434,103283,20260822,1813,6,23,1,1,1,9.0,3.4,9.0,3.4,5.6
5435,103284,20260605,1819,6,4,3,3,1,4.5,1.9,4.5,1.9,2.6
5436,103285,20260512,916,3,19,1,1,2,5.5,2.0,11.0,4.0,7.0
5437,103285,20260512,916,3,19,1,1,1,5.5,2.0,5.5,2.0,3.5
5438,103285,20260512,916,3,17,1,1,1,4.5,1.6,4.5,1.6,2.9
5439,103286,20260727,1501,3,22,2,1,1,9.5,3.6,9.5,3.6,5.9
5440,103286,20260727,1501,3,9,2,1,1,9.0,3.4,9.0,3.4,5.6
5441,103286,20260727,1501,3,16,2,1,1,11.5,4.1,11.5,4.1,7.4
5442,103287,20260913,853,4,20,3,2,1,6.5,2.4,6.5,2.4,4.1
5443,103288,20260611,1819,2,23,1,4,1,9.0,3.4,9.0,3.4,5.6
5444,103289,20260728,1137,5,3,1,1,2,3.8,1.5,7.6,3.0,4.6
5445,103289,20260728,1137,5,12,1,1,1,12.0,4.2,12.0,4.2,7.8
5446,103290,20260901,1153,3,7,2,2,1,4.3,1.8,4.3,1.8,2.5
5447,103291,20260525,952,5,20,1,2,2,6.5,2.4,13.0,4.8,8.2
5448,103291,20260525,952,5,11,1,2,1,10.5,3.8,10.5,3.8,6.7
5449,103292,20260625,1944,1,18,1,1,2,5.0,1.8,10.0,3.6,6.4
5450,103293,20260626,1656,5,12,2,1,1,12.0,4.2,12.0,4.2,7.8
5451,103294,20260814,1820,3,14,2,2,1,13.5,4.6,13.5,4.6,8.9
5452,103294,20260814,1820,3,6,2,2,1,5.0,2.1,5.0,2.1,2.9
5453,103295,20260625,1804,5,13,1,4,1,12.5,4.3,12.5,4.3,8.2
5454,103295,20260625,1804,5,11,1,4,1,10.5,3.8,10.5,3.8,6.7
5455,103296,20260804,1926,4,16,1,2,2,11.5,4.1,23.0,8.2,14.8
5456,103296,20260804,1926,4,16,1,2,1,11.5,4.1,11.5,4.1,7.4
5457,103296,20260804,1926,4,13,1,2,1,12.5,4.3,12.5,4.3,8.2
5458,103297,20260503,1831,2,11,3,1,1,10.5,3.8,10.5,3.8,6.7
5459,103297,20260503,1831,2,9,3,1,1,9.0,3.4,9.0,3.4,5.6
5460,103297,20260503,1831,2,8,3,1,1,8.5,3.2,8.5,3.2,5.3
5461,103298,20260501,1116,4,9,1,3,1,9.0,3.4,9.0,3.4,5.6
5462,103299,20260428,854,1,9,3,1,1,9.0,3.4,9.0,3.4,5.6
5463,103299,20260428,854,1,1,3,1,1,3.5,1.4,3.5,1.4,2.1
5464,103300,20260902,909,4,21,4,2,1,9.0,3.2,9.0,3.2,5.8
5465,103300,20260902,909,4,15,4,2,1,11.0,4.0,11.0,4.0,7.0
5466,103301,20260421,756,4,18,1,1,2,5.0,1.8,10.0,3.6,6.4
5467,103301,20260421,756,4,22,1,1,1,9.5,3.6,9.5,3.6,5.9
5468,103302,20260701,1825,4,16,1,3,1,11.5,4.1,11.5,4.1,7.4
5469,103303,20260712,1226,1,10,2,2,1,8.0,3.0,8.0,3.0,5.0
5470,103304,20260705,1153,1,24,4,3,1,8.0,3.0,8.0,3.0,5.0
5471,103304,20260705,1153,1,6,4,3,1,5.0,2.1,5.0,2.1,2.9
5472,103305,20260607,712,1,24,1,4,1,8.0,3.0,8.0,3.0,5.0
5473,103305,20260607,712,1,4,1,4,1,4.5,1.9,4.5,1.9,2.6
5474,103306,20260402,902,6,21,3,1,1,9.0,3.2,9.0,3.2,5.8
5475,103306,20260402,902,6,2,3,1,1,4.0,1.6,4.0,1.6,2.4
5476,103307,20260628,2054,6,14,1,2,1,13.5,4.6,13.5,4.6,8.9
5477,103308,20260426,855,5,17,1,2,1,4.5,1.6,4.5,1.6,2.9
5478,103308,20260426,855,5,25,1,2,2,8.5,3.2,17.0,6.4,10.6
5479,103308,20260426,855,5,1,1,2,1,3.5,1.4,3.5,1.4,2.1
5480,103309,20260822,1231,3,7,2,1,1,4.3,1.8,4.3,1.8,2.5
5481,103310,20260617,951,6,20,4,1,1,6.5,2.4,6.5,2.4,4.1
5482,103310,20260617,951,6,6,4,1,1,5.0,2.1,5.0,2.1,2.9
5483,103311,20260906,826,4,2,1,2,2,4.0,1.6,8.0,3.2,4.8
5484,103312,20260720,807,3,17,4,2,1,4.5,1.6,4.5,1.6,2.9
5485,103312,20260720,807,3,18,4,2,1,5.0,1.8,5.0,1.8,3.2
5486,103313,20260630,1904,1,16,2,1,1,11.5,4.1,11.5,4.1,7.4
5487,103313,20260630,1904,1,8,2,1,1,8.5,3.2,8.5,3.2,5.3
5488,103314,20260827,917,4,1,1,1,1,3.5,1.4,3.5,1.4,2.1
5489,103314,20260827,917,4,5,1,1,1,4.8,2.0,4.8,2.0,2.8
5490,103315,20260403,1809,4,17,1,1,1,4.5,1.6,4.5,1.6,2.9
5491,103315,20260403,1809,4,1,1,1,2,3.5,1.4,7.0,2.8,4.2
5492,103316,20260812,1835,2,16,2,1,1,11.5,4.1,11.5,4.1,7.4
5493,103316,20260812,1835,2,9,2,1,1,9.0,3.4,9.0,3.4,5.6
5494,103317,20260428,1709,6,21,2,3,1,9.0,3.2,9.0,3.2,5.8
5495,103317,20260428,1709,6,15,2,3,1,11.0,4.0,11.0,4.0,7.0
5496,103318,20260803,1426,3,2,1,1,1,4.0,1.6,4.0,1.6,2.4
5497,103318,20260803,1426,3,18,1,1,1,5.0,1.8,5.0,1.8,3.2
5498,103318,20260803,1426,3,1,1,1,1,3.5,1.4,3.5,1.4,2.1
5499,103319,20260322,856,4,4,1,1,1,4.5,1.9,4.5,1.9,2.6
5500,103319,20260322,856,4,9,1,1,2,9.0,3.4,18.0,6.8,11.2
5501,103320,20260804,832,1,17,4,1,1,4.5,1.6,4.5,1.6,2.9
5502,103320,20260804,832,1,2,4,1,1,4.0,1.6,4.0,1.6,2.4
5503,103321,20260823,1901,2,24,2,4,1,8.0,3.0,8.0,3.0,5.0
5504,103321,20260823,1901,2,13,2,4,1,12.5,4.3,12.5,4.3,8.2
5505,103321,20260823,1901,2,13,2,4,1,12.5,4.3,12.5,4.3,8.2
5506,103322,20260719,1802,4,20,2,3,1,6.5,2.4,6.5,2.4,4.1
5507,103323,20260613,917,2,19,2,4,1,5.5,2.0,5.5,2.0,3.5
5508,103324,20260730,1652,1,8,1,3,1,8.5,3.2,8.5,3.2,5.3
5509,103324,20260730,1652,1,19,1,3,1,5.5,2.0,5.5,2.0,3.5
5510,103324,20260730,1652,1,15,1,3,2,11.0,4.0,22.0,8.0,14.0
5511,103325,20260527,1022,5,7,1,1,1,4.3,1.8,4.3,1.8,2.5
5512,103325,20260527,1022,5,18,1,1,1,5.0,1.8,5.0,1.8,3.2
5513,103325,20260527,1022,5,9,1,1,1,9.0,3.4,9.0,3.4,5.6
5514,103326,20260327,2027,5,2,2,4,1,4.0,1.6,4.0,1.6,2.4
5515,103327,20260510,1711,1,11,1,1,2,10.5,3.8,21.0,7.6,13.4
5516,103327,20260510,1711,1,1,1,1,2,3.5,1.4,7.0,2.8,4.2
5517,103328,20260611,1813,6,8,1,1,1,8.5,3.2,8.5,3.2,5.3
5518,103328,20260611,1813,6,6,1,1,2,5.0,2.1,10.0,4.2,5.8
5519,103329,20260830,809,1,4,4,2,1,4.5,1.9,4.5,1.9,2.6
5520,103329,20260830,809,1,21,4,2,2,9.0,3.2,18.0,6.4,11.6
5521,103330,20260419,1359,3,14,2,1,1,13.5,4.6,13.5,4.6,8.9
5522,103330,20260419,1359,3,22,2,1,1,9.5,3.6,9.5,3.6,5.9
5523,103330,20260419,1359,3,13,2,1,1,12.5,4.3,12.5,4.3,8.2
5524,103331,20260724,1223,6,25,1,1,1,8.5,3.2,8.5,3.2,5.3
5525,103331,20260724,1223,6,11,1,1,1,10.5,3.8,10.5,3.8,6.7
5526,103332,20260611,1911,4,9,1,3,1,9.0,3.4,9.0,3.4,5.6
5527,103333,20260908,829,4,12,2,1,2,12.0,4.2,24.0,8.4,15.6
5528,103333,20260908,829,4,11,2,1,1,10.5,3.8,10.5,3.8,6.7
5529,103334,20260727,741,6,5,1,2,1,4.8,2.0,4.8,2.0,2.8
5530,103334,20260727,741,6,18,1,2,1,5.0,1.8,5.0,1.8,3.2
5531,103335,20260820,848,1,21,1,1,1,9.0,3.2,9.0,3.2,5.8
5532,103335,20260820,848,1,20,1,1,1,6.5,2.4,6.5,2.4,4.1
5533,103335,20260820,848,1,17,1,1,1,4.5,1.6,4.5,1.6,2.9
5534,103336,20260503,808,1,19,1,4,1,5.5,2.0,5.5,2.0,3.5
5535,103337,20260809,913,4,18,1,1,1,5.0,1.8,5.0,1.8,3.2
5536,103338,20260617,1745,4,4,1,3,1,4.5,1.9,4.5,1.9,2.6
5537,103338,20260617,1745,4,2,1,3,1,4.0,1.6,4.0,1.6,2.4
5538,103339,20260813,948,4,21,1,4,1,9.0,3.2,9.0,3.2,5.8
5539,103340,20260827,1347,1,1,1,3,1,3.5,1.4,3.5,1.4,2.1
5540,103341,20260806,1803,1,20,1,1,1,6.5,2.4,6.5,2.4,4.1
5541,103342,20260524,705,2,18,1,1,2,5.0,1.8,10.0,3.6,6.4
5542,103343,20260830,1009,2,5,1,1,1,4.8,2.0,4.8,2.0,2.8
5543,103343,20260830,1009,2,5,1,1,1,4.8,2.0,4.8,2.0,2.8
5544,103343,20260830,1009,2,3,1,1,1,3.8,1.5,3.8,1.5,2.3
5545,103344,20260717,1709,3,22,1,1,1,9.5,3.6,9.5,3.6,5.9
5546,103344,20260717,1709,3,13,1,1,1,12.5,4.3,12.5,4.3,8.2
5547,103345,20260414,1635,2,24,2,1,1,8.0,3.0,8.0,3.0,5.0
5548,103345,20260414,1635,2,1,2,1,2,3.5,1.4,7.0,2.8,4.2
5549,103346,20260726,1143,1,12,1,1,1,12.0,4.2,12.0,4.2,7.8
5550,103346,20260726,1143,1,18,1,1,1,5.0,1.8,5.0,1.8,3.2
5551,103347,20260519,1849,6,19,1,1,1,5.5,2.0,5.5,2.0,3.5
5552,103348,20260529,1000,2,21,1,4,1,9.0,3.2,9.0,3.2,5.8
5553,103349,20260818,1832,1,15,1,2,1,11.0,4.0,11.0,4.0,7.0
5554,103350,20260404,1757,6,7,1,2,1,4.3,1.8,4.3,1.8,2.5
5555,103351,20260902,1044,5,3,4,4,1,3.8,1.5,3.8,1.5,2.3
5556,103351,20260902,1044,5,3,4,4,1,3.8,1.5,3.8,1.5,2.3
5557,103352,20260626,1749,6,10,2,3,1,8.0,3.0,8.0,3.0,5.0
5558,103352,20260626,1749,6,12,2,3,1,12.0,4.2,12.0,4.2,7.8
5559,103352,20260626,1749,6,18,2,3,1,5.0,1.8,5.0,1.8,3.2
5560,103353,20260709,948,2,16,1,1,1,11.5,4.1,11.5,4.1,7.4
5561,103353,20260709,948,2,9,1,1,2,9.0,3.4,18.0,6.8,11.2
5562,103354,20260726,901,3,1,4,1,1,3.5,1.4,3.5,1.4,2.1
5563,103355,20260401,1010,2,21,1,3,2,9.0,3.2,18.0,6.4,11.6
5564,103356,20260618,1905,3,12,1,2,1,12.0,4.2,12.0,4.2,7.8
5565,103357,20260330,1212,1,6,1,4,1,5.0,2.1,5.0,2.1,2.9
5566,103357,20260330,1212,1,3,1,4,2,3.8,1.5,7.6,3.0,4.6
5567,103358,20260907,1733,4,19,1,3,2,5.5,2.0,11.0,4.0,7.0
5568,103358,20260907,1733,4,8,1,3,2,8.5,3.2,17.0,6.4,10.6
5569,103359,20260417,1758,2,13,1,2,1,12.5,4.3,12.5,4.3,8.2
5570,103359,20260417,1758,2,23,1,2,1,9.0,3.4,9.0,3.4,5.6
5571,103359,20260417,1758,2,22,1,2,1,9.5,3.6,9.5,3.6,5.9
5572,103360,20260507,1046,4,25,4,1,1,8.5,3.2,8.5,3.2,5.3
5573,103360,20260507,1046,4,10,4,1,1,8.0,3.0,8.0,3.0,5.0
5574,103361,20260617,1703,4,19,1,1,1,5.5,2.0,5.5,2.0,3.5
5575,103361,20260617,1703,4,12,1,1,1,12.0,4.2,12.0,4.2,7.8
5576,103362,20260506,1630,1,19,1,1,1,5.5,2.0,5.5,2.0,3.5
5577,103363,20260322,812,4,1,1,1,2,3.5,1.4,7.0,2.8,4.2
5578,103363,20260322,812,4,8,1,1,1,8.5,3.2,8.5,3.2,5.3
5579,103364,20260809,2118,2,25,1,1,1,8.5,3.2,8.5,3.2,5.3
5580,103364,20260809,2118,2,17,1,1,1,4.5,1.6,4.5,1.6,2.9
5581,103365,20260811,1705,5,8,1,1,1,8.5,3.2,8.5,3.2,5.3
5582,103366,20260316,1924,4,21,2,1,1,9.0,3.2,9.0,3.2,5.8
5583,103367,20260711,949,2,14,1,2,2,13.5,4.6,27.0,9.2,17.8
5584,103367,20260711,949,2,3,1,2,2,3.8,1.5,7.6,3.0,4.6
5585,103368,20260513,1015,2,8,1,1,2,8.5,3.2,17.0,6.4,10.6
5586,103368,20260513,1015,2,4,1,1,1,4.5,1.9,4.5,1.9,2.6
5587,103369,20260710,1713,1,22,2,1,1,9.5,3.6,9.5,3.6,5.9
5588,103369,20260710,1713,1,13,2,1,1,12.5,4.3,12.5,4.3,8.2
5589,103369,20260710,1713,1,15,2,1,1,11.0,4.0,11.0,4.0,7.0
5590,103370,20260812,1337,3,5,1,1,1,4.8,2.0,4.8,2.0,2.8
5591,103370,20260812,1337,3,18,1,1,1,5.0,1.8,5.0,1.8,3.2
5592,103371,20260416,1346,3,12,1,1,1,12.0,4.2,12.0,4.2,7.8
5593,103372,20260804,913,2,6,1,1,1,5.0,2.1,5.0,2.1,2.9
5594,103372,20260804,913,2,3,1,1,1,3.8,1.5,3.8,1.5,2.3
5595,103373,20260710,1902,3,3,2,3,1,3.8,1.5,3.8,1.5,2.3
5596,103373,20260710,1902,3,10,2,3,1,8.0,3.0,8.0,3.0,5.0
5597,103374,20260410,1855,6,17,1,3,1,4.5,1.6,4.5,1.6,2.9
5598,103375,20260903,834,5,17,1,2,1,4.5,1.6,4.5,1.6,2.9
5599,103375,20260903,834,5,5,1,2,1,4.8,2.0,4.8,2.0,2.8
5600,103376,20260403,1207,5,6,1,4,1,5.0,2.1,5.0,2.1,2.9
5601,103377,20260727,1333,3,13,2,1,1,12.5,4.3,12.5,4.3,8.2
5602,103377,20260727,1333,3,7,2,1,1,4.3,1.8,4.3,1.8,2.5
5603,103377,20260727,1333,3,7,2,1,1,4.3,1.8,4.3,1.8,2.5
5604,103378,20260603,829,3,11,1,1,1,10.5,3.8,10.5,3.8,6.7
5605,103379,20260320,1455,5,4,1,1,2,4.5,1.9,9.0,3.8,5.2
5606,103380,20260408,2002,6,6,2,2,1,5.0,2.1,5.0,2.1,2.9
5607,103380,20260408,2002,6,10,2,2,2,8.0,3.0,16.0,6.0,10.0
5608,103380,20260408,2002,6,16,2,2,1,11.5,4.1,11.5,4.1,7.4
5609,103381,20260628,852,6,7,2,1,1,4.3,1.8,4.3,1.8,2.5
5610,103382,20260515,1857,4,9,1,3,1,9.0,3.4,9.0,3.4,5.6
5611,103382,20260515,1857,4,2,1,3,1,4.0,1.6,4.0,1.6,2.4
5612,103383,20260506,1415,1,20,1,1,1,6.5,2.4,6.5,2.4,4.1
5613,103383,20260506,1415,1,24,1,1,2,8.0,3.0,16.0,6.0,10.0
5614,103384,20260722,1731,1,9,2,4,1,9.0,3.4,9.0,3.4,5.6
5615,103385,20260624,1005,1,7,1,1,1,4.3,1.8,4.3,1.8,2.5
5616,103385,20260624,1005,1,17,1,1,1,4.5,1.6,4.5,1.6,2.9
5617,103386,20260423,1753,4,25,2,1,1,8.5,3.2,8.5,3.2,5.3
5618,103387,20260904,1853,6,25,1,1,1,8.5,3.2,8.5,3.2,5.3
5619,103388,20260319,830,4,19,1,1,1,5.5,2.0,5.5,2.0,3.5
5620,103389,20260718,1820,4,24,4,2,1,8.0,3.0,8.0,3.0,5.0
5621,103390,20260803,2134,3,8,2,1,1,8.5,3.2,8.5,3.2,5.3
5622,103391,20260523,1819,4,14,1,3,1,13.5,4.6,13.5,4.6,8.9
5623,103392,20260411,1225,1,10,1,1,1,8.0,3.0,8.0,3.0,5.0
5624,103392,20260411,1225,1,6,1,1,1,5.0,2.1,5.0,2.1,2.9
5625,103393,20260820,1846,5,12,1,1,1,12.0,4.2,12.0,4.2,7.8
5626,103393,20260820,1846,5,10,1,1,1,8.0,3.0,8.0,3.0,5.0
5627,103393,20260820,1846,5,20,1,1,1,6.5,2.4,6.5,2.4,4.1
5628,103394,20260721,931,6,2,1,1,1,4.0,1.6,4.0,1.6,2.4
5629,103395,20260808,1745,5,13,2,3,1,12.5,4.3,12.5,4.3,8.2
5630,103396,20260515,1500,4,10,1,1,1,8.0,3.0,8.0,3.0,5.0
5631,103397,20260507,1843,5,8,2,1,1,8.5,3.2,8.5,3.2,5.3
5632,103397,20260507,1843,5,13,2,1,2,12.5,4.3,25.0,8.6,16.4
5633,103397,20260507,1843,5,12,2,1,1,12.0,4.2,12.0,4.2,7.8
5634,103398,20260609,1839,2,10,1,1,2,8.0,3.0,16.0,6.0,10.0
5635,103399,20260522,810,1,19,3,1,1,5.5,2.0,5.5,2.0,3.5
5636,103399,20260522,810,1,18,3,1,1,5.0,1.8,5.0,1.8,3.2
5637,103399,20260522,810,1,20,3,1,2,6.5,2.4,13.0,4.8,8.2
5638,103400,20260612,1027,2,1,1,1,2,3.5,1.4,7.0,2.8,4.2
5639,103401,20260903,1655,5,11,2,3,1,10.5,3.8,10.5,3.8,6.7
5640,103401,20260903,1655,5,15,2,3,2,11.0,4.0,22.0,8.0,14.0
5641,103402,20260717,1233,4,16,1,1,1,11.5,4.1,11.5,4.1,7.4
5642,103402,20260717,1233,4,16,1,1,1,11.5,4.1,11.5,4.1,7.4
5643,103403,20260417,910,1,21,1,1,1,9.0,3.2,9.0,3.2,5.8
5644,103403,20260417,910,1,4,1,1,1,4.5,1.9,4.5,1.9,2.6
5645,103404,20260725,902,4,10,2,1,1,8.0,3.0,8.0,3.0,5.0
5646,103404,20260725,902,4,17,2,1,1,4.5,1.6,4.5,1.6,2.9
5647,103404,20260725,902,4,5,2,1,1,4.8,2.0,4.8,2.0,2.8
5648,103405,20260707,1346,4,16,2,1,1,11.5,4.1,11.5,4.1,7.4
5649,103405,20260707,1346,4,8,2,1,1,8.5,3.2,8.5,3.2,5.3
5650,103406,20260618,1420,1,12,2,4,1,12.0,4.2,12.0,4.2,7.8
5651,103407,20260824,1812,3,17,1,1,1,4.5,1.6,4.5,1.6,2.9
5652,103407,20260824,1812,3,15,1,1,1,11.0,4.0,11.0,4.0,7.0
5653,103408,20260821,1710,6,18,2,3,1,5.0,1.8,5.0,1.8,3.2
5654,103408,20260821,1710,6,14,2,3,1,13.5,4.6,13.5,4.6,8.9
5655,103409,20260708,1811,2,4,1,3,1,4.5,1.9,4.5,1.9,2.6
5656,103410,20260723,1552,3,2,1,4,2,4.0,1.6,8.0,3.2,4.8
5657,103411,20260718,1752,4,8,2,4,2,8.5,3.2,17.0,6.4,10.6
5658,103412,20260415,1151,5,6,2,2,1,5.0,2.1,5.0,2.1,2.9
5659,103412,20260415,1151,5,4,2,2,1,4.5,1.9,4.5,1.9,2.6
5660,103412,20260415,1151,5,20,2,2,1,6.5,2.4,6.5,2.4,4.1
5661,103413,20260610,928,3,24,1,4,1,8.0,3.0,8.0,3.0,5.0
5662,103414,20260805,1405,6,11,1,3,1,10.5,3.8,10.5,3.8,6.7
5663,103414,20260805,1405,6,21,1,3,1,9.0,3.2,9.0,3.2,5.8
5664,103415,20260808,1847,1,18,1,1,1,5.0,1.8,5.0,1.8,3.2
5665,103416,20260507,1059,1,12,2,1,1,12.0,4.2,12.0,4.2,7.8
5666,103417,20260801,1018,4,3,1,1,1,3.8,1.5,3.8,1.5,2.3
5667,103418,20260609,1043,5,11,3,1,1,10.5,3.8,10.5,3.8,6.7
5668,103419,20260818,1409,3,23,2,2,1,9.0,3.4,9.0,3.4,5.6
5669,103420,20260611,1714,3,10,4,1,1,8.0,3.0,8.0,3.0,5.0
5670,103420,20260611,1714,3,1,4,1,1,3.5,1.4,3.5,1.4,2.1
5671,103421,20260904,838,4,7,2,1,1,4.3,1.8,4.3,1.8,2.5
5672,103421,20260904,838,4,17,2,1,2,4.5,1.6,9.0,3.2,5.8
5673,103421,20260904,838,4,19,2,1,2,5.5,2.0,11.0,4.0,7.0
5674,103422,20260815,1259,4,20,3,4,1,6.5,2.4,6.5,2.4,4.1
5675,103423,20260403,1358,5,25,2,1,2,8.5,3.2,17.0,6.4,10.6
5676,103423,20260403,1358,5,23,2,1,1,9.0,3.4,9.0,3.4,5.6
5677,103424,20260501,1704,2,13,1,2,1,12.5,4.3,12.5,4.3,8.2
5678,103424,20260501,1704,2,10,1,2,1,8.0,3.0,8.0,3.0,5.0
5679,103425,20260806,1748,2,8,1,4,1,8.5,3.2,8.5,3.2,5.3
5680,103426,20260904,724,1,14,3,1,2,13.5,4.6,27.0,9.2,17.8
5681,103426,20260904,724,1,6,3,1,1,5.0,2.1,5.0,2.1,2.9
5682,103427,20260629,1912,5,1,1,4,1,3.5,1.4,3.5,1.4,2.1
5683,103427,20260629,1912,5,5,1,4,1,4.8,2.0,4.8,2.0,2.8
5684,103428,20260419,851,3,19,2,2,1,5.5,2.0,5.5,2.0,3.5
5685,103429,20260417,1838,1,21,1,2,1,9.0,3.2,9.0,3.2,5.8
5686,103430,20260810,1117,4,19,1,1,1,5.5,2.0,5.5,2.0,3.5
5687,103430,20260810,1117,4,6,1,1,1,5.0,2.1,5.0,2.1,2.9
5688,103431,20260824,1729,2,17,2,2,1,4.5,1.6,4.5,1.6,2.9
5689,103431,20260824,1729,2,14,2,2,1,13.5,4.6,13.5,4.6,8.9
5690,103431,20260824,1729,2,16,2,2,1,11.5,4.1,11.5,4.1,7.4
5691,103432,20260818,1757,3,19,2,1,1,5.5,2.0,5.5,2.0,3.5
5692,103433,20260726,1614,5,15,1,1,1,11.0,4.0,11.0,4.0,7.0
5693,103433,20260726,1614,5,2,1,1,1,4.0,1.6,4.0,1.6,2.4
5694,103434,20260709,1042,2,20,2,1,1,6.5,2.4,6.5,2.4,4.1
5695,103435,20260621,1326,2,17,4,1,1,4.5,1.6,4.5,1.6,2.9
5696,103436,20260630,1616,2,22,1,1,1,9.5,3.6,9.5,3.6,5.9
5697,103437,20260729,1743,5,13,2,3,2,12.5,4.3,25.0,8.6,16.4
5698,103438,20260616,1547,4,6,1,2,1,5.0,2.1,5.0,2.1,2.9
5699,103439,20260315,1410,2,1,1,2,1,3.5,1.4,3.5,1.4,2.1
5700,103439,20260315,1410,2,11,1,2,1,10.5,3.8,10.5,3.8,6.7
5701,103439,20260315,1410,2,3,1,2,1,3.8,1.5,3.8,1.5,2.3
5702,103440,20260912,1036,2,20,1,3,1,6.5,2.4,6.5,2.4,4.1
5703,103440,20260912,1036,2,8,1,3,1,8.5,3.2,8.5,3.2,5.3
5704,103440,20260912,1036,2,14,1,3,2,13.5,4.6,27.0,9.2,17.8
5705,103441,20260428,1746,4,9,1,4,1,9.0,3.4,9.0,3.4,5.6
5706,103442,20260611,906,2,2,2,4,1,4.0,1.6,4.0,1.6,2.4
5707,103442,20260611,906,2,20,2,4,1,6.5,2.4,6.5,2.4,4.1
5708,103443,20260402,1308,2,2,1,1,1,4.0,1.6,4.0,1.6,2.4
5709,103444,20260530,906,4,7,2,4,1,4.3,1.8,4.3,1.8,2.5
5710,103444,20260530,906,4,2,2,4,2,4.0,1.6,8.0,3.2,4.8
5711,103445,20260515,1326,2,8,1,1,1,8.5,3.2,8.5,3.2,5.3
5712,103445,20260515,1326,2,18,1,1,1,5.0,1.8,5.0,1.8,3.2
5713,103445,20260515,1326,2,3,1,1,1,3.8,1.5,3.8,1.5,2.3
5714,103446,20260615,1825,1,13,2,3,1,12.5,4.3,12.5,4.3,8.2
5715,103446,20260615,1825,1,8,2,3,1,8.5,3.2,8.5,3.2,5.3
5716,103447,20260710,1754,1,8,4,1,1,8.5,3.2,8.5,3.2,5.3
5717,103448,20260506,1710,4,13,2,3,1,12.5,4.3,12.5,4.3,8.2
5718,103449,20260521,1224,2,18,2,3,2,5.0,1.8,10.0,3.6,6.4
5719,103450,20260719,1822,6,13,1,3,1,12.5,4.3,12.5,4.3,8.2
5720,103451,20260408,1853,3,9,4,1,1,9.0,3.4,9.0,3.4,5.6
5721,103452,20260520,1028,5,2,1,2,2,4.0,1.6,8.0,3.2,4.8
5722,103452,20260520,1028,5,19,1,2,1,5.5,2.0,5.5,2.0,3.5
5723,103453,20260705,1908,1,19,4,4,1,5.5,2.0,5.5,2.0,3.5
5724,103454,20260910,1712,1,15,2,3,1,11.0,4.0,11.0,4.0,7.0
5725,103455,20260716,1610,6,9,1,3,1,9.0,3.4,9.0,3.4,5.6
5726,103456,20260414,1908,5,14,2,1,1,13.5,4.6,13.5,4.6,8.9
5727,103457,20260622,1203,1,2,1,4,1,4.0,1.6,4.0,1.6,2.4
5728,103457,20260622,1203,1,17,1,4,1,4.5,1.6,4.5,1.6,2.9
5729,103458,20260404,936,1,19,1,1,1,5.5,2.0,5.5,2.0,3.5
5730,103459,20260402,800,1,11,2,2,1,10.5,3.8,10.5,3.8,6.7
5731,103459,20260402,800,1,1,2,2,1,3.5,1.4,3.5,1.4,2.1
5732,103460,20260529,1905,6,23,1,2,1,9.0,3.4,9.0,3.4,5.6
5733,103460,20260529,1905,6,25,1,2,1,8.5,3.2,8.5,3.2,5.3
5734,103461,20260613,1718,2,5,3,4,1,4.8,2.0,4.8,2.0,2.8
5735,103461,20260613,1718,2,12,3,4,1,12.0,4.2,12.0,4.2,7.8
5736,103462,20260501,1823,4,10,1,1,2,8.0,3.0,16.0,6.0,10.0
5737,103463,20260427,1002,4,7,2,3,2,4.3,1.8,8.6,3.6,5.0
5738,103463,20260427,1002,4,17,2,3,1,4.5,1.6,4.5,1.6,2.9
5739,103463,20260427,1002,4,18,2,3,1,5.0,1.8,5.0,1.8,3.2
5740,103464,20260609,1751,6,16,2,3,1,11.5,4.1,11.5,4.1,7.4
5741,103465,20260811,947,2,11,1,1,1,10.5,3.8,10.5,3.8,6.7
5742,103466,20260628,1929,5,9,2,4,1,9.0,3.4,9.0,3.4,5.6
5743,103466,20260628,1929,5,1,2,4,1,3.5,1.4,3.5,1.4,2.1
5744,103467,20260627,1606,2,3,4,4,1,3.8,1.5,3.8,1.5,2.3
5745,103468,20260816,1741,3,16,1,2,1,11.5,4.1,11.5,4.1,7.4
5746,103469,20260605,1000,2,5,1,2,1,4.8,2.0,4.8,2.0,2.8
5747,103469,20260605,1000,2,4,1,2,1,4.5,1.9,4.5,1.9,2.6
5748,103470,20260331,1709,4,9,3,1,2,9.0,3.4,18.0,6.8,11.2
5749,103470,20260331,1709,4,9,3,1,1,9.0,3.4,9.0,3.4,5.6
5750,103471,20260508,1012,6,2,2,2,1,4.0,1.6,4.0,1.6,2.4
5751,103472,20260724,819,1,4,2,3,1,4.5,1.9,4.5,1.9,2.6
5752,103472,20260724,819,1,3,2,3,1,3.8,1.5,3.8,1.5,2.3
5753,103473,20260721,1056,5,23,2,3,2,9.0,3.4,18.0,6.8,11.2
5754,103473,20260721,1056,5,16,2,3,1,11.5,4.1,11.5,4.1,7.4
5755,103474,20260814,858,4,14,4,1,1,13.5,4.6,13.5,4.6,8.9
5756,103475,20260409,1011,6,19,1,2,1,5.5,2.0,5.5,2.0,3.5
5757,103475,20260409,1011,6,9,1,2,1,9.0,3.4,9.0,3.4,5.6
5758,103475,20260409,1011,6,7,1,2,2,4.3,1.8,8.6,3.6,5.0
5759,103476,20260908,1748,3,7,1,1,1,4.3,1.8,4.3,1.8,2.5
5760,103477,20260425,1641,2,14,1,1,1,13.5,4.6,13.5,4.6,8.9
5761,103478,20260613,1808,3,11,2,3,1,10.5,3.8,10.5,3.8,6.7
5762,103479,20260619,1650,5,20,2,2,2,6.5,2.4,13.0,4.8,8.2
5763,103479,20260619,1650,5,20,2,2,2,6.5,2.4,13.0,4.8,8.2
5764,103480,20260408,1828,3,18,2,4,1,5.0,1.8,5.0,1.8,3.2
5765,103481,20260623,949,5,1,2,1,1,3.5,1.4,3.5,1.4,2.1
5766,103482,20260819,1718,4,4,1,1,2,4.5,1.9,9.0,3.8,5.2
5767,103483,20260906,854,2,19,1,1,1,5.5,2.0,5.5,2.0,3.5
5768,103483,20260906,854,2,20,1,1,1,6.5,2.4,6.5,2.4,4.1
5769,103483,20260906,854,2,2,1,1,2,4.0,1.6,8.0,3.2,4.8
5770,103484,20260703,928,5,18,2,1,1,5.0,1.8,5.0,1.8,3.2
5771,103484,20260703,928,5,3,2,1,1,3.8,1.5,3.8,1.5,2.3
5772,103485,20260714,907,1,6,2,1,1,5.0,2.1,5.0,2.1,2.9
5773,103486,20260712,2044,1,20,1,3,1,6.5,2.4,6.5,2.4,4.1
5774,103486,20260712,2044,1,7,1,3,1,4.3,1.8,4.3,1.8,2.5
5775,103487,20260727,1715,2,16,1,1,1,11.5,4.1,11.5,4.1,7.4
5776,103487,20260727,1715,2,10,1,1,1,8.0,3.0,8.0,3.0,5.0
5777,103488,20260808,1807,2,11,2,1,1,10.5,3.8,10.5,3.8,6.7
5778,103488,20260808,1807,2,14,2,1,2,13.5,4.6,27.0,9.2,17.8
5779,103488,20260808,1807,2,2,2,1,1,4.0,1.6,4.0,1.6,2.4
5780,103489,20260725,1007,1,23,1,1,1,9.0,3.4,9.0,3.4,5.6
5781,103489,20260725,1007,1,3,1,1,1,3.8,1.5,3.8,1.5,2.3
5782,103490,20260825,857,6,18,1,2,1,5.0,1.8,5.0,1.8,3.2
5783,103490,20260825,857,6,22,1,2,1,9.5,3.6,9.5,3.6,5.9
5784,103490,20260825,857,6,7,1,2,1,4.3,1.8,4.3,1.8,2.5
5785,103491,20260505,1217,6,24,1,3,1,8.0,3.0,8.0,3.0,5.0
5786,103491,20260505,1217,6,19,1,3,1,5.5,2.0,5.5,2.0,3.5
5787,103492,20260530,810,5,3,2,3,1,3.8,1.5,3.8,1.5,2.3
5788,103493,20260721,2018,1,3,4,1,1,3.8,1.5,3.8,1.5,2.3
5789,103493,20260721,2018,1,1,4,1,1,3.5,1.4,3.5,1.4,2.1
5790,103493,20260721,2018,1,3,4,1,1,3.8,1.5,3.8,1.5,2.3
5791,103494,20260328,1516,1,2,2,1,2,4.0,1.6,8.0,3.2,4.8
5792,103495,20260728,936,4,20,1,2,1,6.5,2.4,6.5,2.4,4.1
5793,103496,20260728,2007,2,18,2,1,1,5.0,1.8,5.0,1.8,3.2
5794,103496,20260728,2007,2,10,2,1,2,8.0,3.0,16.0,6.0,10.0
5795,103497,20260828,1858,2,11,1,3,1,10.5,3.8,10.5,3.8,6.7
5796,103497,20260828,1858,2,12,1,3,1,12.0,4.2,12.0,4.2,7.8
5797,103497,20260828,1858,2,13,1,3,1,12.5,4.3,12.5,4.3,8.2
5798,103498,20260708,1852,1,18,1,1,1,5.0,1.8,5.0,1.8,3.2
5799,103499,20260517,1245,3,6,3,1,1,5.0,2.1,5.0,2.1,2.9
5800,103499,20260517,1245,3,7,3,1,1,4.3,1.8,4.3,1.8,2.5
5801,103500,20260330,1827,3,6,2,1,2,5.0,2.1,10.0,4.2,5.8
5802,103501,20260526,1116,1,6,2,4,1,5.0,2.1,5.0,2.1,2.9
5803,103502,20260802,1929,5,6,2,4,1,5.0,2.1,5.0,2.1,2.9
5804,103503,20260530,1112,1,23,2,1,1,9.0,3.4,9.0,3.4,5.6
5805,103504,20260813,1707,4,22,1,1,1,9.5,3.6,9.5,3.6,5.9
5806,103504,20260813,1707,4,7,1,1,1,4.3,1.8,4.3,1.8,2.5
5807,103505,20260816,1716,4,14,1,4,1,13.5,4.6,13.5,4.6,8.9
5808,103505,20260816,1716,4,15,1,4,1,11.0,4.0,11.0,4.0,7.0
5809,103505,20260816,1716,4,9,1,4,2,9.0,3.4,18.0,6.8,11.2
5810,103506,20260811,831,2,2,2,3,1,4.0,1.6,4.0,1.6,2.4
5811,103507,20260902,1009,2,5,2,1,2,4.8,2.0,9.6,4.0,5.6
5812,103507,20260902,1009,2,7,2,1,1,4.3,1.8,4.3,1.8,2.5
5813,103507,20260902,1009,2,2,2,1,1,4.0,1.6,4.0,1.6,2.4
5814,103508,20260804,1016,3,20,2,1,1,6.5,2.4,6.5,2.4,4.1
5815,103508,20260804,1016,3,20,2,1,1,6.5,2.4,6.5,2.4,4.1
5816,103509,20260812,1331,4,18,2,1,1,5.0,1.8,5.0,1.8,3.2
5817,103510,20260505,1831,5,8,3,3,1,8.5,3.2,8.5,3.2,5.3
5818,103511,20260701,902,5,2,1,1,1,4.0,1.6,4.0,1.6,2.4
5819,103512,20260720,2032,1,18,1,1,2,5.0,1.8,10.0,3.6,6.4
5820,103513,20260522,1725,4,24,1,1,2,8.0,3.0,16.0,6.0,10.0
5821,103514,20260506,1155,2,6,1,1,2,5.0,2.1,10.0,4.2,5.8
5822,103514,20260506,1155,2,5,1,1,1,4.8,2.0,4.8,2.0,2.8
5823,103515,20260619,845,4,4,3,2,2,4.5,1.9,9.0,3.8,5.2
5824,103515,20260619,845,4,4,3,2,1,4.5,1.9,4.5,1.9,2.6
5825,103516,20260328,1453,2,6,1,1,1,5.0,2.1,5.0,2.1,2.9
5826,103516,20260328,1453,2,15,1,1,1,11.0,4.0,11.0,4.0,7.0
5827,103517,20260630,2036,1,7,1,1,1,4.3,1.8,4.3,1.8,2.5
5828,103518,20260619,1342,3,2,2,2,1,4.0,1.6,4.0,1.6,2.4
5829,103519,20260519,1700,3,11,1,1,1,10.5,3.8,10.5,3.8,6.7
5830,103520,20260722,1727,6,15,2,3,1,11.0,4.0,11.0,4.0,7.0
5831,103521,20260613,1322,1,9,1,1,1,9.0,3.4,9.0,3.4,5.6
5832,103522,20260502,855,3,5,2,1,1,4.8,2.0,4.8,2.0,2.8
5833,103522,20260502,855,3,4,2,1,2,4.5,1.9,9.0,3.8,5.2
5834,103522,20260502,855,3,4,2,1,1,4.5,1.9,4.5,1.9,2.6
5835,103523,20260811,805,4,6,3,2,1,5.0,2.1,5.0,2.1,2.9
5836,103523,20260811,805,4,3,3,2,1,3.8,1.5,3.8,1.5,2.3
5837,103523,20260811,805,4,20,3,2,1,6.5,2.4,6.5,2.4,4.1
5838,103524,20260911,1759,4,4,1,1,1,4.5,1.9,4.5,1.9,2.6
5839,103525,20260330,940,5,9,1,4,1,9.0,3.4,9.0,3.4,5.6
5840,103525,20260330,940,5,4,1,4,1,4.5,1.9,4.5,1.9,2.6
5841,103526,20260414,1919,1,6,2,3,1,5.0,2.1,5.0,2.1,2.9
5842,103527,20260415,1842,4,17,1,3,1,4.5,1.6,4.5,1.6,2.9
5843,103527,20260415,1842,4,2,1,3,1,4.0,1.6,4.0,1.6,2.4
5844,103528,20260330,1306,1,24,1,1,1,8.0,3.0,8.0,3.0,5.0
5845,103528,20260330,1306,1,21,1,1,2,9.0,3.2,18.0,6.4,11.6
5846,103529,20260401,928,1,24,2,2,1,8.0,3.0,8.0,3.0,5.0
5847,103530,20260731,730,2,19,1,1,1,5.5,2.0,5.5,2.0,3.5
5848,103531,20260814,821,1,17,1,1,1,4.5,1.6,4.5,1.6,2.9
5849,103531,20260814,821,1,3,1,1,1,3.8,1.5,3.8,1.5,2.3
5850,103532,20260617,1653,3,18,2,3,1,5.0,1.8,5.0,1.8,3.2
5851,103532,20260617,1653,3,5,2,3,1,4.8,2.0,4.8,2.0,2.8
5852,103533,20260315,1907,1,16,1,2,2,11.5,4.1,23.0,8.2,14.8
5853,103534,20260419,1848,2,16,1,1,1,11.5,4.1,11.5,4.1,7.4
5854,103534,20260419,1848,2,25,1,1,1,8.5,3.2,8.5,3.2,5.3
5855,103534,20260419,1848,2,1,1,1,1,3.5,1.4,3.5,1.4,2.1
5856,103535,20260904,1854,3,11,1,1,1,10.5,3.8,10.5,3.8,6.7
5857,103535,20260904,1854,3,12,1,1,1,12.0,4.2,12.0,4.2,7.8
5858,103535,20260904,1854,3,6,1,1,1,5.0,2.1,5.0,2.1,2.9
5859,103536,20260404,829,1,18,1,1,1,5.0,1.8,5.0,1.8,3.2
5860,103537,20260722,1757,6,15,2,4,1,11.0,4.0,11.0,4.0,7.0
5861,103538,20260610,835,5,1,2,1,1,3.5,1.4,3.5,1.4,2.1
5862,103538,20260610,835,5,15,2,1,1,11.0,4.0,11.0,4.0,7.0
5863,103539,20260625,1102,3,3,1,1,1,3.8,1.5,3.8,1.5,2.3
5864,103539,20260625,1102,3,13,1,1,2,12.5,4.3,25.0,8.6,16.4
5865,103539,20260625,1102,3,19,1,1,1,5.5,2.0,5.5,2.0,3.5
5866,103540,20260825,1819,6,12,1,4,1,12.0,4.2,12.0,4.2,7.8
5867,103540,20260825,1819,6,8,1,4,1,8.5,3.2,8.5,3.2,5.3
5868,103540,20260825,1819,6,17,1,4,2,4.5,1.6,9.0,3.2,5.8
5869,103541,20260511,1651,3,14,4,1,1,13.5,4.6,13.5,4.6,8.9
5870,103542,20260516,1757,3,9,1,1,1,9.0,3.4,9.0,3.4,5.6
5871,103543,20260418,854,4,3,1,2,1,3.8,1.5,3.8,1.5,2.3
5872,103544,20260726,932,4,4,1,1,1,4.5,1.9,4.5,1.9,2.6
5873,103544,20260726,932,4,4,1,1,1,4.5,1.9,4.5,1.9,2.6
5874,103544,20260726,932,4,24,1,1,1,8.0,3.0,8.0,3.0,5.0
5875,103545,20260814,910,3,5,2,1,1,4.8,2.0,4.8,2.0,2.8
5876,103545,20260814,910,3,24,2,1,1,8.0,3.0,8.0,3.0,5.0
5877,103546,20260704,1808,6,12,1,1,1,12.0,4.2,12.0,4.2,7.8
5878,103546,20260704,1808,6,11,1,1,1,10.5,3.8,10.5,3.8,6.7
5879,103546,20260704,1808,6,2,1,1,1,4.0,1.6,4.0,1.6,2.4
5880,103547,20260416,1751,3,11,1,3,1,10.5,3.8,10.5,3.8,6.7
5881,103547,20260416,1751,3,16,1,3,2,11.5,4.1,23.0,8.2,14.8
5882,103548,20260514,937,3,2,1,1,2,4.0,1.6,8.0,3.2,4.8
5883,103548,20260514,937,3,6,1,1,1,5.0,2.1,5.0,2.1,2.9
5884,103549,20260818,2123,3,20,1,1,1,6.5,2.4,6.5,2.4,4.1
5885,103550,20260316,957,3,22,2,1,1,9.5,3.6,9.5,3.6,5.9
5886,103550,20260316,957,3,3,2,1,1,3.8,1.5,3.8,1.5,2.3
5887,103551,20260703,1232,1,1,1,1,1,3.5,1.4,3.5,1.4,2.1
5888,103551,20260703,1232,1,24,1,1,1,8.0,3.0,8.0,3.0,5.0
5889,103552,20260521,1917,1,5,1,1,1,4.8,2.0,4.8,2.0,2.8
5890,103552,20260521,1917,1,9,1,1,1,9.0,3.4,9.0,3.4,5.6
5891,103553,20260903,1917,2,5,2,3,1,4.8,2.0,4.8,2.0,2.8
5892,103554,20260528,1338,1,15,1,1,2,11.0,4.0,22.0,8.0,14.0
5893,103554,20260528,1338,1,1,1,1,1,3.5,1.4,3.5,1.4,2.1
5894,103555,20260901,909,1,1,3,1,1,3.5,1.4,3.5,1.4,2.1
5895,103556,20260725,1110,6,4,1,1,1,4.5,1.9,4.5,1.9,2.6
5896,103556,20260725,1110,6,6,1,1,1,5.0,2.1,5.0,2.1,2.9
5897,103557,20260912,1721,5,14,1,1,1,13.5,4.6,13.5,4.6,8.9
5898,103557,20260912,1721,5,20,1,1,1,6.5,2.4,6.5,2.4,4.1
5899,103558,20260315,1810,6,4,2,1,1,4.5,1.9,4.5,1.9,2.6
5900,103559,20260717,1759,1,13,1,4,1,12.5,4.3,12.5,4.3,8.2
5901,103559,20260717,1759,1,8,1,4,1,8.5,3.2,8.5,3.2,5.3
5902,103560,20260412,1811,1,12,2,2,1,12.0,4.2,12.0,4.2,7.8
5903,103560,20260412,1811,1,16,2,2,1,11.5,4.1,11.5,4.1,7.4
5904,103561,20260715,1911,4,9,1,4,1,9.0,3.4,9.0,3.4,5.6
5905,103561,20260715,1911,4,10,1,4,1,8.0,3.0,8.0,3.0,5.0
5906,103562,20260816,1139,6,9,2,1,1,9.0,3.4,9.0,3.4,5.6
5907,103563,20260620,917,2,1,2,2,1,3.5,1.4,3.5,1.4,2.1
5908,103563,20260620,917,2,2,2,2,1,4.0,1.6,4.0,1.6,2.4
5909,103563,20260620,917,2,12,2,2,1,12.0,4.2,12.0,4.2,7.8
5910,103564,20260412,844,1,17,2,3,1,4.5,1.6,4.5,1.6,2.9
5911,103564,20260412,844,1,19,2,3,1,5.5,2.0,5.5,2.0,3.5
5912,103565,20260410,1708,1,13,3,2,1,12.5,4.3,12.5,4.3,8.2
5913,103565,20260410,1708,1,8,3,2,1,8.5,3.2,8.5,3.2,5.3
5914,103566,20260414,2021,2,16,4,1,1,11.5,4.1,11.5,4.1,7.4
5915,103566,20260414,2021,2,4,4,1,1,4.5,1.9,4.5,1.9,2.6
5916,103566,20260414,2021,2,16,4,1,1,11.5,4.1,11.5,4.1,7.4
5917,103567,20260708,825,4,25,1,2,1,8.5,3.2,8.5,3.2,5.3
5918,103567,20260708,825,4,20,1,2,1,6.5,2.4,6.5,2.4,4.1
5919,103568,20260529,1520,2,11,2,2,2,10.5,3.8,21.0,7.6,13.4
5920,103569,20260825,1008,6,3,1,2,1,3.8,1.5,3.8,1.5,2.3
5921,103570,20260626,2106,4,19,2,4,1,5.5,2.0,5.5,2.0,3.5
5922,103571,20260816,955,5,18,1,2,1,5.0,1.8,5.0,1.8,3.2
5923,103571,20260816,955,5,17,1,2,1,4.5,1.6,4.5,1.6,2.9
5924,103571,20260816,955,5,18,1,2,1,5.0,1.8,5.0,1.8,3.2
5925,103572,20260503,1355,2,11,2,1,1,10.5,3.8,10.5,3.8,6.7
5926,103572,20260503,1355,2,19,2,1,1,5.5,2.0,5.5,2.0,3.5
5927,103573,20260913,805,2,9,2,1,1,9.0,3.4,9.0,3.4,5.6
5928,103574,20260405,851,2,14,1,1,2,13.5,4.6,27.0,9.2,17.8
5929,103574,20260405,851,2,4,1,1,2,4.5,1.9,9.0,3.8,5.2
5930,103575,20260406,1742,1,10,1,1,1,8.0,3.0,8.0,3.0,5.0
5931,103575,20260406,1742,1,8,1,1,2,8.5,3.2,17.0,6.4,10.6
5932,103576,20260529,1814,2,1,1,1,1,3.5,1.4,3.5,1.4,2.1
5933,103576,20260529,1814,2,9,1,1,1,9.0,3.4,9.0,3.4,5.6
5934,103576,20260529,1814,2,12,1,1,1,12.0,4.2,12.0,4.2,7.8
5935,103577,20260606,1644,5,15,4,3,2,11.0,4.0,22.0,8.0,14.0
5936,103577,20260606,1644,5,16,4,3,1,11.5,4.1,11.5,4.1,7.4
5937,103577,20260606,1644,5,4,4,3,2,4.5,1.9,9.0,3.8,5.2
5938,103578,20260716,1855,1,7,1,2,1,4.3,1.8,4.3,1.8,2.5
5939,103578,20260716,1855,1,12,1,2,1,12.0,4.2,12.0,4.2,7.8
5940,103578,20260716,1855,1,1,1,2,1,3.5,1.4,3.5,1.4,2.1
5941,103579,20260619,826,6,1,1,1,1,3.5,1.4,3.5,1.4,2.1
5942,103579,20260619,826,6,17,1,1,2,4.5,1.6,9.0,3.2,5.8
5943,103579,20260619,826,6,3,1,1,2,3.8,1.5,7.6,3.0,4.6
5944,103580,20260601,1236,3,23,1,1,2,9.0,3.4,18.0,6.8,11.2
5945,103581,20260620,1357,5,8,1,1,2,8.5,3.2,17.0,6.4,10.6
5946,103581,20260620,1357,5,19,1,1,1,5.5,2.0,5.5,2.0,3.5
5947,103581,20260620,1357,5,24,1,1,1,8.0,3.0,8.0,3.0,5.0
5948,103582,20260727,1720,3,8,2,3,1,8.5,3.2,8.5,3.2,5.3
5949,103582,20260727,1720,3,8,2,3,2,8.5,3.2,17.0,6.4,10.6
5950,103583,20260609,1020,6,5,1,1,1,4.8,2.0,4.8,2.0,2.8
5951,103583,20260609,1020,6,20,1,1,1,6.5,2.4,6.5,2.4,4.1
5952,103584,20260423,1653,6,24,4,1,1,8.0,3.0,8.0,3.0,5.0
5953,103585,20260717,938,3,10,1,2,1,8.0,3.0,8.0,3.0,5.0
5954,103586,20260810,1221,1,11,1,1,1,10.5,3.8,10.5,3.8,6.7
5955,103587,20260824,1747,3,9,3,4,1,9.0,3.4,9.0,3.4,5.6
5956,103588,20260426,706,4,5,1,1,2,4.8,2.0,9.6,4.0,5.6
5957,103588,20260426,706,4,6,1,1,1,5.0,2.1,5.0,2.1,2.9
5958,103588,20260426,706,4,8,1,1,1,8.5,3.2,8.5,3.2,5.3
5959,103589,20260423,1709,1,7,1,1,1,4.3,1.8,4.3,1.8,2.5
5960,103589,20260423,1709,1,16,1,1,1,11.5,4.1,11.5,4.1,7.4
5961,103590,20260515,2014,5,9,3,1,1,9.0,3.4,9.0,3.4,5.6
5962,103590,20260515,2014,5,8,3,1,1,8.5,3.2,8.5,3.2,5.3
5963,103591,20260723,2034,3,25,4,1,1,8.5,3.2,8.5,3.2,5.3
5964,103592,20260722,1712,1,12,1,3,1,12.0,4.2,12.0,4.2,7.8
5965,103592,20260722,1712,1,7,1,3,1,4.3,1.8,4.3,1.8,2.5
5966,103593,20260523,1703,2,20,1,3,2,6.5,2.4,13.0,4.8,8.2
5967,103594,20260819,1635,6,8,3,4,1,8.5,3.2,8.5,3.2,5.3
5968,103595,20260613,1723,2,8,1,3,1,8.5,3.2,8.5,3.2,5.3
5969,103596,20260418,1839,4,12,2,3,1,12.0,4.2,12.0,4.2,7.8
5970,103597,20260711,1633,5,13,1,1,1,12.5,4.3,12.5,4.3,8.2
5971,103597,20260711,1633,5,17,1,1,1,4.5,1.6,4.5,1.6,2.9
5972,103597,20260711,1633,5,2,1,1,1,4.0,1.6,4.0,1.6,2.4
5973,103598,20260913,1350,2,2,1,2,1,4.0,1.6,4.0,1.6,2.4
5974,103598,20260913,1350,2,14,1,2,1,13.5,4.6,13.5,4.6,8.9
5975,103598,20260913,1350,2,21,1,2,1,9.0,3.2,9.0,3.2,5.8
5976,103599,20260830,1745,2,9,2,4,1,9.0,3.4,9.0,3.4,5.6
5977,103599,20260830,1745,2,11,2,4,1,10.5,3.8,10.5,3.8,6.7
5978,103600,20260811,842,4,7,2,1,2,4.3,1.8,8.6,3.6,5.0
5979,103600,20260811,842,4,21,2,1,1,9.0,3.2,9.0,3.2,5.8
5980,103601,20260912,1704,5,11,1,2,1,10.5,3.8,10.5,3.8,6.7
5981,103602,20260402,1421,6,13,1,1,1,12.5,4.3,12.5,4.3,8.2
5982,103602,20260402,1421,6,13,1,1,1,12.5,4.3,12.5,4.3,8.2
5983,103603,20260316,948,3,1,2,2,1,3.5,1.4,3.5,1.4,2.1
5984,103604,20260630,1157,3,5,1,1,1,4.8,2.0,4.8,2.0,2.8
5985,103605,20260317,721,5,1,1,4,1,3.5,1.4,3.5,1.4,2.1
5986,103606,20260825,1812,4,10,1,1,1,8.0,3.0,8.0,3.0,5.0
5987,103606,20260825,1812,4,4,1,1,1,4.5,1.9,4.5,1.9,2.6
5988,103606,20260825,1812,4,18,1,1,1,5.0,1.8,5.0,1.8,3.2
5989,103607,20260529,1335,1,2,3,1,1,4.0,1.6,4.0,1.6,2.4
5990,103608,20260530,1824,4,18,1,1,1,5.0,1.8,5.0,1.8,3.2
5991,103608,20260530,1824,4,8,1,1,1,8.5,3.2,8.5,3.2,5.3
5992,103608,20260530,1824,4,15,1,1,1,11.0,4.0,11.0,4.0,7.0
5993,103609,20260406,1849,6,13,1,2,1,12.5,4.3,12.5,4.3,8.2
5994,103609,20260406,1849,6,8,1,2,1,8.5,3.2,8.5,3.2,5.3
5995,103610,20260523,1016,3,17,2,3,1,4.5,1.6,4.5,1.6,2.9
5996,103610,20260523,1016,3,6,2,3,2,5.0,2.1,10.0,4.2,5.8
5997,103611,20260901,1231,4,18,1,1,1,5.0,1.8,5.0,1.8,3.2
5998,103611,20260901,1231,4,20,1,1,1,6.5,2.4,6.5,2.4,4.1
5999,103612,20260326,957,2,21,1,1,1,9.0,3.2,9.0,3.2,5.8
6000,103613,20260406,1750,6,16,1,1,1,11.5,4.1,11.5,4.1,7.4
6001,103614,20260722,944,4,20,1,1,1,6.5,2.4,6.5,2.4,4.1
6002,103615,20260321,937,2,21,1,1,1,9.0,3.2,9.0,3.2,5.8
6003,103615,20260321,937,2,3,1,1,1,3.8,1.5,3.8,1.5,2.3
6004,103616,20260522,1310,5,4,1,1,1,4.5,1.9,4.5,1.9,2.6
6005,103617,20260320,1037,5,2,1,1,1,4.0,1.6,4.0,1.6,2.4
6006,103618,20260616,1955,5,8,1,1,1,8.5,3.2,8.5,3.2,5.3
6007,103618,20260616,1955,5,18,1,1,1,5.0,1.8,5.0,1.8,3.2
6008,103619,20260518,1756,2,10,4,3,1,8.0,3.0,8.0,3.0,5.0
6009,103620,20260807,1151,4,20,2,1,2,6.5,2.4,13.0,4.8,8.2
6010,103621,20260329,1154,5,21,4,2,1,9.0,3.2,9.0,3.2,5.8
6011,103622,20260324,1609,2,3,2,1,1,3.8,1.5,3.8,1.5,2.3
6012,103622,20260324,1609,2,20,2,1,1,6.5,2.4,6.5,2.4,4.1
6013,103623,20260605,851,2,18,1,1,2,5.0,1.8,10.0,3.6,6.4
6014,103623,20260605,851,2,6,1,1,1,5.0,2.1,5.0,2.1,2.9
6015,103624,20260827,1814,5,14,3,1,1,13.5,4.6,13.5,4.6,8.9
6016,103624,20260827,1814,5,16,3,1,1,11.5,4.1,11.5,4.1,7.4
6017,103625,20260530,1707,4,5,1,3,1,4.8,2.0,4.8,2.0,2.8
6018,103625,20260530,1707,4,15,1,3,1,11.0,4.0,11.0,4.0,7.0
6019,103625,20260530,1707,4,24,1,3,1,8.0,3.0,8.0,3.0,5.0
6020,103626,20260521,1214,6,7,4,4,1,4.3,1.8,4.3,1.8,2.5
6021,103626,20260521,1214,6,1,4,4,1,3.5,1.4,3.5,1.4,2.1
6022,103627,20260728,1006,6,5,4,1,1,4.8,2.0,4.8,2.0,2.8
6023,103628,20260404,1257,2,11,1,2,1,10.5,3.8,10.5,3.8,6.7
6024,103628,20260404,1257,2,23,1,2,2,9.0,3.4,18.0,6.8,11.2
6025,103628,20260404,1257,2,14,1,2,1,13.5,4.6,13.5,4.6,8.9
6026,103629,20260722,917,4,2,1,1,1,4.0,1.6,4.0,1.6,2.4
6027,103629,20260722,917,4,21,1,1,1,9.0,3.2,9.0,3.2,5.8
6028,103630,20260407,709,4,4,1,1,1,4.5,1.9,4.5,1.9,2.6
6029,103631,20260701,1151,1,9,2,3,2,9.0,3.4,18.0,6.8,11.2
6030,103632,20260416,806,3,1,1,1,1,3.5,1.4,3.5,1.4,2.1
6031,103632,20260416,806,3,11,1,1,1,10.5,3.8,10.5,3.8,6.7
6032,103632,20260416,806,3,1,1,1,1,3.5,1.4,3.5,1.4,2.1
6033,103633,20260404,1548,1,3,2,2,1,3.8,1.5,3.8,1.5,2.3
6034,103634,20260517,1201,3,15,1,2,1,11.0,4.0,11.0,4.0,7.0
6035,103634,20260517,1201,3,12,1,2,1,12.0,4.2,12.0,4.2,7.8
6036,103635,20260620,1208,3,7,1,1,1,4.3,1.8,4.3,1.8,2.5
6037,103635,20260620,1208,3,5,1,1,1,4.8,2.0,4.8,2.0,2.8
6038,103636,20260404,1920,6,15,1,3,1,11.0,4.0,11.0,4.0,7.0
6039,103636,20260404,1920,6,8,1,3,1,8.5,3.2,8.5,3.2,5.3
6040,103637,20260624,1725,1,5,1,4,1,4.8,2.0,4.8,2.0,2.8
6041,103637,20260624,1725,1,17,1,4,2,4.5,1.6,9.0,3.2,5.8
6042,103638,20260507,1551,3,8,1,2,1,8.5,3.2,8.5,3.2,5.3
6043,103638,20260507,1551,3,11,1,2,1,10.5,3.8,10.5,3.8,6.7
6044,103638,20260507,1551,3,19,1,2,1,5.5,2.0,5.5,2.0,3.5
6045,103639,20260829,1542,2,12,2,4,2,12.0,4.2,24.0,8.4,15.6
6046,103640,20260821,829,6,7,1,1,1,4.3,1.8,4.3,1.8,2.5
6047,103640,20260821,829,6,4,1,1,1,4.5,1.9,4.5,1.9,2.6
6048,103641,20260316,1102,4,18,1,1,2,5.0,1.8,10.0,3.6,6.4
6049,103642,20260327,2128,2,10,4,1,1,8.0,3.0,8.0,3.0,5.0
6050,103643,20260824,1745,2,14,4,4,2,13.5,4.6,27.0,9.2,17.8
6051,103644,20260413,936,4,6,2,1,1,5.0,2.1,5.0,2.1,2.9
6052,103645,20260630,823,4,6,1,2,1,5.0,2.1,5.0,2.1,2.9
6053,103646,20260528,1152,4,11,1,1,1,10.5,3.8,10.5,3.8,6.7
6054,103646,20260528,1152,4,5,1,1,1,4.8,2.0,4.8,2.0,2.8
6055,103647,20260902,1858,5,10,1,4,1,8.0,3.0,8.0,3.0,5.0
6056,103647,20260902,1858,5,6,1,4,1,5.0,2.1,5.0,2.1,2.9
6057,103648,20260905,1244,3,5,4,3,1,4.8,2.0,4.8,2.0,2.8
6058,103649,20260722,1811,3,23,1,2,1,9.0,3.4,9.0,3.4,5.6
6059,103650,20260410,954,3,21,3,2,1,9.0,3.2,9.0,3.2,5.8
6060,103651,20260825,954,5,24,4,1,2,8.0,3.0,16.0,6.0,10.0
6061,103651,20260825,954,5,20,4,1,1,6.5,2.4,6.5,2.4,4.1
6062,103652,20260501,1648,2,2,1,2,2,4.0,1.6,8.0,3.2,4.8
6063,103652,20260501,1648,2,9,1,2,1,9.0,3.4,9.0,3.4,5.6
6064,103652,20260501,1648,2,19,1,2,1,5.5,2.0,5.5,2.0,3.5
6065,103653,20260609,1901,1,13,3,1,1,12.5,4.3,12.5,4.3,8.2
6066,103653,20260609,1901,1,3,3,1,1,3.8,1.5,3.8,1.5,2.3
6067,103654,20260523,1721,6,15,4,1,1,11.0,4.0,11.0,4.0,7.0
6068,103655,20260815,1016,1,4,2,2,1,4.5,1.9,4.5,1.9,2.6
6069,103655,20260815,1016,1,23,2,2,1,9.0,3.4,9.0,3.4,5.6
6070,103655,20260815,1016,1,20,2,2,1,6.5,2.4,6.5,2.4,4.1
6071,103656,20260901,1401,6,2,1,1,1,4.0,1.6,4.0,1.6,2.4
6072,103656,20260901,1401,6,18,1,1,1,5.0,1.8,5.0,1.8,3.2
6073,103657,20260514,1744,2,21,2,1,1,9.0,3.2,9.0,3.2,5.8
6074,103657,20260514,1744,2,13,2,1,1,12.5,4.3,12.5,4.3,8.2
6075,103658,20260404,2023,1,7,1,1,1,4.3,1.8,4.3,1.8,2.5
6076,103659,20260317,1921,2,21,1,3,1,9.0,3.2,9.0,3.2,5.8
6077,103659,20260317,1921,2,24,1,3,1,8.0,3.0,8.0,3.0,5.0
6078,103660,20260911,1919,4,6,2,1,1,5.0,2.1,5.0,2.1,2.9
6079,103660,20260911,1919,4,24,2,1,1,8.0,3.0,8.0,3.0,5.0
6080,103661,20260331,1242,5,8,1,3,1,8.5,3.2,8.5,3.2,5.3
6081,103661,20260331,1242,5,20,1,3,1,6.5,2.4,6.5,2.4,4.1
6082,103662,20260705,2043,2,2,2,1,1,4.0,1.6,4.0,1.6,2.4
6083,103663,20260726,2145,4,25,1,2,1,8.5,3.2,8.5,3.2,5.3
6084,103663,20260726,2145,4,14,1,2,1,13.5,4.6,13.5,4.6,8.9
6085,103664,20260412,1749,5,10,1,1,1,8.0,3.0,8.0,3.0,5.0
6086,103664,20260412,1749,5,14,1,1,1,13.5,4.6,13.5,4.6,8.9
6087,103664,20260412,1749,5,25,1,1,1,8.5,3.2,8.5,3.2,5.3
6088,103665,20260327,850,4,17,1,2,1,4.5,1.6,4.5,1.6,2.9
6089,103666,20260606,1331,1,4,1,1,1,4.5,1.9,4.5,1.9,2.6
6090,103666,20260606,1331,1,15,1,1,1,11.0,4.0,11.0,4.0,7.0
6091,103666,20260606,1331,1,5,1,1,1,4.8,2.0,4.8,2.0,2.8
6092,103667,20260523,1100,4,12,1,1,2,12.0,4.2,24.0,8.4,15.6
6093,103667,20260523,1100,4,6,1,1,1,5.0,2.1,5.0,2.1,2.9
6094,103668,20260809,1202,1,18,1,3,1,5.0,1.8,5.0,1.8,3.2
6095,103668,20260809,1202,1,12,1,3,2,12.0,4.2,24.0,8.4,15.6
6096,103669,20260627,837,5,18,1,1,1,5.0,1.8,5.0,1.8,3.2
6097,103669,20260627,837,5,1,1,1,1,3.5,1.4,3.5,1.4,2.1
6098,103670,20260801,725,1,7,1,1,1,4.3,1.8,4.3,1.8,2.5
6099,103670,20260801,725,1,21,1,1,1,9.0,3.2,9.0,3.2,5.8
6100,103670,20260801,725,1,6,1,1,1,5.0,2.1,5.0,2.1,2.9
6101,103671,20260721,831,2,20,2,3,2,6.5,2.4,13.0,4.8,8.2
6102,103672,20260726,1325,6,19,2,4,1,5.5,2.0,5.5,2.0,3.5
6103,103672,20260726,1325,6,20,2,4,1,6.5,2.4,6.5,2.4,4.1
6104,103672,20260726,1325,6,24,2,4,2,8.0,3.0,16.0,6.0,10.0
6105,103673,20260904,1704,6,18,1,2,1,5.0,1.8,5.0,1.8,3.2
6106,103674,20260702,827,4,18,1,2,1,5.0,1.8,5.0,1.8,3.2
6107,103674,20260702,827,4,3,1,2,1,3.8,1.5,3.8,1.5,2.3
6108,103675,20260718,706,2,2,2,3,1,4.0,1.6,4.0,1.6,2.4
6109,103676,20260412,1719,2,15,1,1,1,11.0,4.0,11.0,4.0,7.0
6110,103677,20260324,1752,4,10,1,1,2,8.0,3.0,16.0,6.0,10.0
6111,103677,20260324,1752,4,22,1,1,1,9.5,3.6,9.5,3.6,5.9
6112,103678,20260804,1641,2,15,1,1,1,11.0,4.0,11.0,4.0,7.0
6113,103678,20260804,1641,2,24,1,1,1,8.0,3.0,8.0,3.0,5.0
6114,103679,20260724,951,4,24,1,2,1,8.0,3.0,8.0,3.0,5.0
6115,103680,20260416,1922,5,9,2,1,1,9.0,3.4,9.0,3.4,5.6
6116,103681,20260819,830,5,6,3,4,1,5.0,2.1,5.0,2.1,2.9
6117,103681,20260819,830,5,2,3,4,1,4.0,1.6,4.0,1.6,2.4
6118,103681,20260819,830,5,20,3,4,1,6.5,2.4,6.5,2.4,4.1
6119,103682,20260802,939,5,10,1,1,1,8.0,3.0,8.0,3.0,5.0
6120,103683,20260911,1206,6,16,1,1,1,11.5,4.1,11.5,4.1,7.4
6121,103684,20260624,1831,2,20,2,1,2,6.5,2.4,13.0,4.8,8.2
6122,103685,20260527,2048,2,10,4,1,1,8.0,3.0,8.0,3.0,5.0
6123,103686,20260626,1716,4,12,1,3,1,12.0,4.2,12.0,4.2,7.8
6124,103686,20260626,1716,4,15,1,3,1,11.0,4.0,11.0,4.0,7.0
6125,103686,20260626,1716,4,22,1,3,1,9.5,3.6,9.5,3.6,5.9
6126,103687,20260322,958,3,17,3,2,1,4.5,1.6,4.5,1.6,2.9
6127,103687,20260322,958,3,1,3,2,1,3.5,1.4,3.5,1.4,2.1
6128,103687,20260322,958,3,24,3,2,2,8.0,3.0,16.0,6.0,10.0
6129,103688,20260903,1747,3,24,2,3,1,8.0,3.0,8.0,3.0,5.0
6130,103688,20260903,1747,3,13,2,3,1,12.5,4.3,12.5,4.3,8.2
6131,103688,20260903,1747,3,24,2,3,1,8.0,3.0,8.0,3.0,5.0
6132,103689,20260611,1353,4,2,1,1,2,4.0,1.6,8.0,3.2,4.8
6133,103689,20260611,1353,4,23,1,1,2,9.0,3.4,18.0,6.8,11.2
6134,103689,20260611,1353,4,6,1,1,1,5.0,2.1,5.0,2.1,2.9
6135,103690,20260508,1551,2,2,1,1,1,4.0,1.6,4.0,1.6,2.4
6136,103690,20260508,1551,2,14,1,1,1,13.5,4.6,13.5,4.6,8.9
6137,103690,20260508,1551,2,3,1,1,1,3.8,1.5,3.8,1.5,2.3
6138,103691,20260709,1300,3,17,2,1,1,4.5,1.6,4.5,1.6,2.9
6139,103692,20260901,921,2,17,2,1,1,4.5,1.6,4.5,1.6,2.9
6140,103693,20260705,1810,2,15,1,3,1,11.0,4.0,11.0,4.0,7.0
6141,103693,20260705,1810,2,21,1,3,1,9.0,3.2,9.0,3.2,5.8
6142,103694,20260518,1710,2,9,2,4,1,9.0,3.4,9.0,3.4,5.6
6143,103694,20260518,1710,2,10,2,4,1,8.0,3.0,8.0,3.0,5.0
6144,103695,20260730,1745,4,15,2,4,1,11.0,4.0,11.0,4.0,7.0
6145,103696,20260712,1742,6,16,1,4,1,11.5,4.1,11.5,4.1,7.4
6146,103696,20260712,1742,6,19,1,4,1,5.5,2.0,5.5,2.0,3.5
6147,103697,20260413,800,2,5,1,1,1,4.8,2.0,4.8,2.0,2.8
6148,103697,20260413,800,2,5,1,1,1,4.8,2.0,4.8,2.0,2.8
6149,103698,20260814,1733,2,11,4,3,2,10.5,3.8,21.0,7.6,13.4
6150,103698,20260814,1733,2,15,4,3,1,11.0,4.0,11.0,4.0,7.0
6151,103699,20260517,1742,1,4,4,2,1,4.5,1.9,4.5,1.9,2.6
6152,103700,20260603,1449,6,4,2,4,1,4.5,1.9,4.5,1.9,2.6
6153,103701,20260617,1737,4,8,2,3,1,8.5,3.2,8.5,3.2,5.3
6154,103702,20260721,1313,5,10,2,1,1,8.0,3.0,8.0,3.0,5.0
6155,103703,20260323,910,2,1,1,1,1,3.5,1.4,3.5,1.4,2.1
6156,103703,20260323,910,2,16,1,1,2,11.5,4.1,23.0,8.2,14.8
6157,103703,20260323,910,2,23,1,1,1,9.0,3.4,9.0,3.4,5.6
6158,103704,20260909,1737,1,14,4,1,1,13.5,4.6,13.5,4.6,8.9
6159,103704,20260909,1737,1,20,4,1,1,6.5,2.4,6.5,2.4,4.1
6160,103704,20260909,1737,1,24,4,1,1,8.0,3.0,8.0,3.0,5.0
6161,103705,20260602,840,2,7,2,2,1,4.3,1.8,4.3,1.8,2.5
6162,103705,20260602,840,2,21,2,2,1,9.0,3.2,9.0,3.2,5.8
6163,103705,20260602,840,2,2,2,2,1,4.0,1.6,4.0,1.6,2.4
6164,103706,20260817,1027,3,18,1,2,2,5.0,1.8,10.0,3.6,6.4
6165,103706,20260817,1027,3,19,1,2,1,5.5,2.0,5.5,2.0,3.5
6166,103706,20260817,1027,3,11,1,2,2,10.5,3.8,21.0,7.6,13.4
6167,103707,20260808,1817,2,13,1,4,1,12.5,4.3,12.5,4.3,8.2
6168,103708,20260605,809,1,18,2,1,1,5.0,1.8,5.0,1.8,3.2
6169,103708,20260605,809,1,19,2,1,1,5.5,2.0,5.5,2.0,3.5
6170,103709,20260801,1819,1,6,4,3,1,5.0,2.1,5.0,2.1,2.9
6171,103710,20260612,1050,2,22,2,2,1,9.5,3.6,9.5,3.6,5.9
6172,103711,20260613,1005,3,18,1,1,2,5.0,1.8,10.0,3.6,6.4
6173,103711,20260613,1005,3,7,1,1,1,4.3,1.8,4.3,1.8,2.5
6174,103712,20260424,1011,4,17,1,1,1,4.5,1.6,4.5,1.6,2.9
6175,103713,20260615,1258,4,7,1,1,1,4.3,1.8,4.3,1.8,2.5
6176,103714,20260512,1632,3,14,1,1,1,13.5,4.6,13.5,4.6,8.9
6177,103715,20260505,1725,4,8,3,3,1,8.5,3.2,8.5,3.2,5.3
6178,103716,20260630,1834,6,23,3,1,1,9.0,3.4,9.0,3.4,5.6
6179,103716,20260630,1834,6,18,3,1,1,5.0,1.8,5.0,1.8,3.2
6180,103717,20260707,732,4,19,2,2,1,5.5,2.0,5.5,2.0,3.5
6181,103717,20260707,732,4,20,2,2,1,6.5,2.4,6.5,2.4,4.1
6182,103718,20260614,1833,4,9,1,1,1,9.0,3.4,9.0,3.4,5.6
6183,103719,20260412,1854,6,24,2,3,1,8.0,3.0,8.0,3.0,5.0
6184,103720,20260905,1524,1,12,1,1,2,12.0,4.2,24.0,8.4,15.6
6185,103720,20260905,1524,1,11,1,1,1,10.5,3.8,10.5,3.8,6.7
6186,103720,20260905,1524,1,3,1,1,1,3.8,1.5,3.8,1.5,2.3
6187,103721,20260613,1323,3,2,1,1,1,4.0,1.6,4.0,1.6,2.4
6188,103722,20260509,1706,4,8,1,2,1,8.5,3.2,8.5,3.2,5.3
6189,103723,20260328,1850,4,14,2,4,1,13.5,4.6,13.5,4.6,8.9
6190,103724,20260414,1803,1,13,1,3,1,12.5,4.3,12.5,4.3,8.2
6191,103725,20260803,1044,3,21,1,2,1,9.0,3.2,9.0,3.2,5.8
6192,103725,20260803,1044,3,11,1,2,1,10.5,3.8,10.5,3.8,6.7
6193,103726,20260727,846,4,7,2,1,1,4.3,1.8,4.3,1.8,2.5
6194,103727,20260719,1652,2,11,2,4,1,10.5,3.8,10.5,3.8,6.7
6195,103727,20260719,1652,2,21,2,4,1,9.0,3.2,9.0,3.2,5.8
6196,103728,20260813,1812,2,9,2,2,1,9.0,3.4,9.0,3.4,5.6
6197,103729,20260409,1940,2,16,2,1,1,11.5,4.1,11.5,4.1,7.4
6198,103729,20260409,1940,2,1,2,1,1,3.5,1.4,3.5,1.4,2.1
6199,103730,20260409,1652,2,9,2,1,1,9.0,3.4,9.0,3.4,5.6
6200,103731,20260817,1708,2,14,2,1,1,13.5,4.6,13.5,4.6,8.9
6201,103731,20260817,1708,2,15,2,1,1,11.0,4.0,11.0,4.0,7.0
6202,103732,20260911,903,1,5,1,1,1,4.8,2.0,4.8,2.0,2.8
6203,103732,20260911,903,1,19,1,1,1,5.5,2.0,5.5,2.0,3.5
6204,103733,20260419,1022,5,20,2,1,1,6.5,2.4,6.5,2.4,4.1
6205,103733,20260419,1022,5,4,2,1,1,4.5,1.9,4.5,1.9,2.6
6206,103733,20260419,1022,5,4,2,1,1,4.5,1.9,4.5,1.9,2.6
6207,103734,20260730,1331,4,18,1,2,1,5.0,1.8,5.0,1.8,3.2
6208,103734,20260730,1331,4,6,1,2,1,5.0,2.1,5.0,2.1,2.9
6209,103735,20260803,1543,1,21,1,2,1,9.0,3.2,9.0,3.2,5.8
6210,103736,20260904,1624,4,20,4,1,1,6.5,2.4,6.5,2.4,4.1
6211,103737,20260613,1857,4,14,1,1,1,13.5,4.6,13.5,4.6,8.9
6212,103737,20260613,1857,4,15,1,1,1,11.0,4.0,11.0,4.0,7.0
6213,103737,20260613,1857,4,7,1,1,1,4.3,1.8,4.3,1.8,2.5
6214,103738,20260806,1756,4,11,1,3,1,10.5,3.8,10.5,3.8,6.7
6215,103739,20260819,1743,1,17,2,4,1,4.5,1.6,4.5,1.6,2.9
6216,103740,20260502,1639,5,8,1,1,1,8.5,3.2,8.5,3.2,5.3
6217,103741,20260513,1716,3,18,3,1,2,5.0,1.8,10.0,3.6,6.4
6218,103741,20260513,1716,3,8,3,1,1,8.5,3.2,8.5,3.2,5.3
6219,103742,20260822,1643,1,11,3,4,1,10.5,3.8,10.5,3.8,6.7
6220,103743,20260725,2007,5,24,4,1,1,8.0,3.0,8.0,3.0,5.0
6221,103744,20260415,1642,4,10,1,2,1,8.0,3.0,8.0,3.0,5.0
6222,103745,20260423,1850,4,6,1,1,1,5.0,2.1,5.0,2.1,2.9
6223,103745,20260423,1850,4,13,1,1,1,12.5,4.3,12.5,4.3,8.2
6224,103745,20260423,1850,4,12,1,1,1,12.0,4.2,12.0,4.2,7.8
6225,103746,20260622,1740,4,23,1,1,2,9.0,3.4,18.0,6.8,11.2
6226,103746,20260622,1740,4,9,1,1,2,9.0,3.4,18.0,6.8,11.2
6227,103747,20260630,1157,1,22,1,1,2,9.5,3.6,19.0,7.2,11.8
6228,103748,20260723,804,6,5,4,3,1,4.8,2.0,4.8,2.0,2.8
6229,103748,20260723,804,6,19,4,3,1,5.5,2.0,5.5,2.0,3.5
6230,103749,20260720,1832,1,17,1,1,1,4.5,1.6,4.5,1.6,2.9
6231,103749,20260720,1832,1,4,1,1,1,4.5,1.9,4.5,1.9,2.6
6232,103749,20260720,1832,1,20,1,1,2,6.5,2.4,13.0,4.8,8.2
6233,103750,20260817,819,3,3,2,1,1,3.8,1.5,3.8,1.5,2.3
6234,103750,20260817,819,3,11,2,1,1,10.5,3.8,10.5,3.8,6.7
6235,103750,20260817,819,3,20,2,1,2,6.5,2.4,13.0,4.8,8.2
6236,103751,20260629,1134,5,7,3,1,1,4.3,1.8,4.3,1.8,2.5
6237,103752,20260619,1004,4,7,1,1,2,4.3,1.8,8.6,3.6,5.0
6238,103753,20260430,1356,3,2,1,4,1,4.0,1.6,4.0,1.6,2.4
6239,103753,20260430,1356,3,24,1,4,1,8.0,3.0,8.0,3.0,5.0
6240,103754,20260625,700,1,18,1,3,1,5.0,1.8,5.0,1.8,3.2
6241,103754,20260625,700,1,15,1,3,1,11.0,4.0,11.0,4.0,7.0
6242,103754,20260625,700,1,13,1,3,1,12.5,4.3,12.5,4.3,8.2
6243,103755,20260508,1929,2,10,1,2,1,8.0,3.0,8.0,3.0,5.0
6244,103756,20260603,1917,4,16,1,3,1,11.5,4.1,11.5,4.1,7.4
6245,103757,20260525,830,4,20,1,3,1,6.5,2.4,6.5,2.4,4.1
6246,103757,20260525,830,4,10,1,3,1,8.0,3.0,8.0,3.0,5.0
6247,103757,20260525,830,4,4,1,3,1,4.5,1.9,4.5,1.9,2.6
6248,103758,20260704,906,1,19,1,4,1,5.5,2.0,5.5,2.0,3.5
6249,103758,20260704,906,1,5,1,4,1,4.8,2.0,4.8,2.0,2.8
6250,103759,20260511,1833,2,22,1,1,1,9.5,3.6,9.5,3.6,5.9
6251,103759,20260511,1833,2,11,1,1,1,10.5,3.8,10.5,3.8,6.7
6252,103760,20260317,816,6,19,1,4,1,5.5,2.0,5.5,2.0,3.5
6253,103761,20260629,938,5,1,1,3,1,3.5,1.4,3.5,1.4,2.1
6254,103761,20260629,938,5,8,1,3,1,8.5,3.2,8.5,3.2,5.3
6255,103762,20260315,830,4,3,4,1,1,3.8,1.5,3.8,1.5,2.3
6256,103762,20260315,830,4,17,4,1,1,4.5,1.6,4.5,1.6,2.9
6257,103762,20260315,830,4,7,4,1,1,4.3,1.8,4.3,1.8,2.5
6258,103763,20260512,1744,1,2,2,3,1,4.0,1.6,4.0,1.6,2.4
6259,103763,20260512,1744,1,21,2,3,2,9.0,3.2,18.0,6.4,11.6
6260,103763,20260512,1744,1,11,2,3,1,10.5,3.8,10.5,3.8,6.7
6261,103764,20260322,1043,2,21,1,1,1,9.0,3.2,9.0,3.2,5.8
6262,103764,20260322,1043,2,4,1,1,1,4.5,1.9,4.5,1.9,2.6
6263,103764,20260322,1043,2,4,1,1,1,4.5,1.9,4.5,1.9,2.6
6264,103765,20260321,1715,1,13,1,2,1,12.5,4.3,12.5,4.3,8.2
6265,103766,20260519,2159,6,22,4,1,1,9.5,3.6,9.5,3.6,5.9
6266,103766,20260519,2159,6,18,4,1,1,5.0,1.8,5.0,1.8,3.2
6267,103767,20260913,1702,2,7,2,4,1,4.3,1.8,4.3,1.8,2.5
6268,103768,20260429,1022,1,4,1,1,2,4.5,1.9,9.0,3.8,5.2
6269,103768,20260429,1022,1,3,1,1,1,3.8,1.5,3.8,1.5,2.3
6270,103769,20260324,1908,1,14,1,1,1,13.5,4.6,13.5,4.6,8.9
6271,103769,20260324,1908,1,8,1,1,1,8.5,3.2,8.5,3.2,5.3
6272,103770,20260327,843,2,3,1,1,1,3.8,1.5,3.8,1.5,2.3
6273,103770,20260327,843,2,1,1,1,1,3.5,1.4,3.5,1.4,2.1
6274,103771,20260902,1748,2,18,1,2,1,5.0,1.8,5.0,1.8,3.2
6275,103771,20260902,1748,2,2,1,2,1,4.0,1.6,4.0,1.6,2.4
6276,103772,20260807,853,5,3,1,1,1,3.8,1.5,3.8,1.5,2.3
6277,103772,20260807,853,5,7,1,1,1,4.3,1.8,4.3,1.8,2.5
6278,103773,20260805,1722,5,8,2,4,2,8.5,3.2,17.0,6.4,10.6
6279,103773,20260805,1722,5,13,2,4,2,12.5,4.3,25.0,8.6,16.4
6280,103774,20260417,800,3,21,2,2,1,9.0,3.2,9.0,3.2,5.8
6281,103775,20260705,1854,6,15,1,1,1,11.0,4.0,11.0,4.0,7.0
6282,103776,20260526,722,5,12,2,1,1,12.0,4.2,12.0,4.2,7.8
6283,103777,20260404,1351,4,4,2,1,1,4.5,1.9,4.5,1.9,2.6
6284,103778,20260801,1843,4,9,1,2,1,9.0,3.4,9.0,3.4,5.6
6285,103779,20260323,1929,2,6,2,4,1,5.0,2.1,5.0,2.1,2.9
6286,103780,20260425,835,2,1,1,1,1,3.5,1.4,3.5,1.4,2.1
6287,103781,20260626,1735,2,16,1,2,1,11.5,4.1,11.5,4.1,7.4
6288,103781,20260626,1735,2,11,1,2,1,10.5,3.8,10.5,3.8,6.7
6289,103781,20260626,1735,2,16,1,2,1,11.5,4.1,11.5,4.1,7.4
6290,103782,20260531,939,1,21,2,4,1,9.0,3.2,9.0,3.2,5.8
6291,103782,20260531,939,1,20,2,4,1,6.5,2.4,6.5,2.4,4.1
6292,103783,20260703,851,4,17,2,1,1,4.5,1.6,4.5,1.6,2.9
6293,103783,20260703,851,4,14,2,1,1,13.5,4.6,13.5,4.6,8.9
6294,103783,20260703,851,4,4,2,1,1,4.5,1.9,4.5,1.9,2.6
6295,103784,20260712,836,6,7,1,2,1,4.3,1.8,4.3,1.8,2.5
6296,103784,20260712,836,6,18,1,2,1,5.0,1.8,5.0,1.8,3.2
6297,103784,20260712,836,6,24,1,2,1,8.0,3.0,8.0,3.0,5.0
6298,103785,20260819,1850,6,7,1,4,1,4.3,1.8,4.3,1.8,2.5
6299,103786,20260401,1101,1,23,1,4,1,9.0,3.4,9.0,3.4,5.6
6300,103786,20260401,1101,1,2,1,4,1,4.0,1.6,4.0,1.6,2.4
6301,103787,20260624,1050,2,22,3,1,1,9.5,3.6,9.5,3.6,5.9
6302,103787,20260624,1050,2,18,3,1,1,5.0,1.8,5.0,1.8,3.2
6303,103788,20260620,853,5,16,1,2,1,11.5,4.1,11.5,4.1,7.4
6304,103789,20260401,1514,1,7,3,1,1,4.3,1.8,4.3,1.8,2.5
6305,103790,20260622,928,5,7,1,2,1,4.3,1.8,4.3,1.8,2.5
6306,103791,20260629,911,3,20,1,1,1,6.5,2.4,6.5,2.4,4.1
6307,103791,20260629,911,3,18,1,1,1,5.0,1.8,5.0,1.8,3.2
6308,103792,20260417,915,4,17,1,1,2,4.5,1.6,9.0,3.2,5.8
6309,103793,20260508,1225,1,16,1,1,2,11.5,4.1,23.0,8.2,14.8
6310,103793,20260508,1225,1,19,1,1,1,5.5,2.0,5.5,2.0,3.5
6311,103794,20260905,1910,5,8,2,4,1,8.5,3.2,8.5,3.2,5.3
6312,103794,20260905,1910,5,19,2,4,2,5.5,2.0,11.0,4.0,7.0
6313,103794,20260905,1910,5,15,2,4,1,11.0,4.0,11.0,4.0,7.0
6314,103795,20260713,1805,3,16,1,3,1,11.5,4.1,11.5,4.1,7.4
6315,103795,20260713,1805,3,16,1,3,1,11.5,4.1,11.5,4.1,7.4
6316,103796,20260408,726,5,8,1,3,1,8.5,3.2,8.5,3.2,5.3
6317,103797,20260404,1520,3,18,3,4,1,5.0,1.8,5.0,1.8,3.2
6318,103797,20260404,1520,3,3,3,4,1,3.8,1.5,3.8,1.5,2.3
6319,103798,20260713,1712,6,18,2,4,1,5.0,1.8,5.0,1.8,3.2
6320,103799,20260410,1837,6,22,1,1,1,9.5,3.6,9.5,3.6,5.9
6321,103799,20260410,1837,6,12,1,1,1,12.0,4.2,12.0,4.2,7.8
6322,103799,20260410,1837,6,24,1,1,1,8.0,3.0,8.0,3.0,5.0
6323,103800,20260328,1350,2,22,4,1,2,9.5,3.6,19.0,7.2,11.8
6324,103800,20260328,1350,2,19,4,1,1,5.5,2.0,5.5,2.0,3.5
6325,103801,20260904,1207,6,10,1,1,1,8.0,3.0,8.0,3.0,5.0
6326,103802,20260818,1016,3,7,3,1,2,4.3,1.8,8.6,3.6,5.0
6327,103803,20260418,815,4,6,2,3,1,5.0,2.1,5.0,2.1,2.9
6328,103804,20260521,1919,3,1,1,1,1,3.5,1.4,3.5,1.4,2.1
6329,103804,20260521,1919,3,15,1,1,1,11.0,4.0,11.0,4.0,7.0
6330,103805,20260530,1651,2,15,2,1,1,11.0,4.0,11.0,4.0,7.0
6331,103805,20260530,1651,2,12,2,1,2,12.0,4.2,24.0,8.4,15.6
6332,103805,20260530,1651,2,24,2,1,1,8.0,3.0,8.0,3.0,5.0
6333,103806,20260904,1802,3,11,2,1,2,10.5,3.8,21.0,7.6,13.4
6334,103807,20260824,841,4,6,1,1,1,5.0,2.1,5.0,2.1,2.9
6335,103807,20260824,841,4,17,1,1,1,4.5,1.6,4.5,1.6,2.9
6336,103808,20260803,1253,4,9,2,4,1,9.0,3.4,9.0,3.4,5.6
6337,103809,20260515,853,4,25,2,1,1,8.5,3.2,8.5,3.2,5.3
6338,103810,20260829,1819,2,20,1,2,1,6.5,2.4,6.5,2.4,4.1
6339,103810,20260829,1819,2,1,1,2,1,3.5,1.4,3.5,1.4,2.1
6340,103811,20260613,1259,5,7,1,3,1,4.3,1.8,4.3,1.8,2.5
6341,103811,20260613,1259,5,7,1,3,1,4.3,1.8,4.3,1.8,2.5
6342,103811,20260613,1259,5,3,1,3,1,3.8,1.5,3.8,1.5,2.3
6343,103812,20260708,919,4,2,3,2,1,4.0,1.6,4.0,1.6,2.4
6344,103813,20260619,1835,4,1,2,1,1,3.5,1.4,3.5,1.4,2.1
6345,103814,20260629,2105,6,12,1,3,1,12.0,4.2,12.0,4.2,7.8
6346,103815,20260603,1717,4,16,1,3,1,11.5,4.1,11.5,4.1,7.4
6347,103816,20260403,1252,4,6,1,1,1,5.0,2.1,5.0,2.1,2.9
6348,103816,20260403,1252,4,8,1,1,1,8.5,3.2,8.5,3.2,5.3
6349,103817,20260619,1801,2,16,2,2,1,11.5,4.1,11.5,4.1,7.4
6350,103817,20260619,1801,2,6,2,2,1,5.0,2.1,5.0,2.1,2.9
6351,103817,20260619,1801,2,15,2,2,1,11.0,4.0,11.0,4.0,7.0
6352,103818,20260508,2027,2,25,4,2,1,8.5,3.2,8.5,3.2,5.3
6353,103818,20260508,2027,2,2,4,2,1,4.0,1.6,4.0,1.6,2.4
6354,103819,20260709,2053,5,4,1,1,1,4.5,1.9,4.5,1.9,2.6
6355,103819,20260709,2053,5,19,1,1,1,5.5,2.0,5.5,2.0,3.5
6356,103820,20260608,2008,2,8,1,1,2,8.5,3.2,17.0,6.4,10.6
6357,103821,20260718,822,1,7,2,4,1,4.3,1.8,4.3,1.8,2.5
6358,103822,20260827,804,4,1,1,1,1,3.5,1.4,3.5,1.4,2.1
6359,103822,20260827,804,4,4,1,1,2,4.5,1.9,9.0,3.8,5.2
6360,103823,20260721,1022,5,18,2,1,1,5.0,1.8,5.0,1.8,3.2
6361,103824,20260717,1658,2,2,1,1,2,4.0,1.6,8.0,3.2,4.8
6362,103825,20260324,1917,2,7,1,1,2,4.3,1.8,8.6,3.6,5.0
6363,103825,20260324,1917,2,13,1,1,1,12.5,4.3,12.5,4.3,8.2
6364,103826,20260823,1657,5,17,1,1,1,4.5,1.6,4.5,1.6,2.9
6365,103827,20260608,1711,3,19,1,2,1,5.5,2.0,5.5,2.0,3.5
6366,103827,20260608,1711,3,8,1,2,1,8.5,3.2,8.5,3.2,5.3
6367,103828,20260811,1822,6,6,1,4,1,5.0,2.1,5.0,2.1,2.9
6368,103829,20260616,1828,2,9,2,4,1,9.0,3.4,9.0,3.4,5.6
6369,103829,20260616,1828,2,8,2,4,1,8.5,3.2,8.5,3.2,5.3
6370,103830,20260815,1915,3,6,2,4,1,5.0,2.1,5.0,2.1,2.9
6371,103830,20260815,1915,3,10,2,4,1,8.0,3.0,8.0,3.0,5.0
6372,103831,20260819,841,2,2,2,1,1,4.0,1.6,4.0,1.6,2.4
6373,103831,20260819,841,2,21,2,1,1,9.0,3.2,9.0,3.2,5.8
6374,103831,20260819,841,2,18,2,1,1,5.0,1.8,5.0,1.8,3.2
6375,103832,20260724,1537,4,19,2,2,1,5.5,2.0,5.5,2.0,3.5
6376,103833,20260424,1837,2,5,2,3,1,4.8,2.0,4.8,2.0,2.8
6377,103833,20260424,1837,2,4,2,3,1,4.5,1.9,4.5,1.9,2.6
6378,103834,20260610,1847,3,13,1,1,2,12.5,4.3,25.0,8.6,16.4
6379,103835,20260625,806,1,7,3,1,1,4.3,1.8,4.3,1.8,2.5
6380,103836,20260504,1256,1,20,1,1,1,6.5,2.4,6.5,2.4,4.1
6381,103837,20260725,1725,1,13,3,2,1,12.5,4.3,12.5,4.3,8.2
6382,103837,20260725,1725,1,14,3,2,1,13.5,4.6,13.5,4.6,8.9
6383,103838,20260316,1840,1,17,2,1,1,4.5,1.6,4.5,1.6,2.9
6384,103839,20260716,1843,6,11,2,1,1,10.5,3.8,10.5,3.8,6.7
6385,103839,20260716,1843,6,16,2,1,1,11.5,4.1,11.5,4.1,7.4
6386,103839,20260716,1843,6,9,2,1,1,9.0,3.4,9.0,3.4,5.6
6387,103840,20260620,1703,3,21,3,4,1,9.0,3.2,9.0,3.2,5.8
6388,103841,20260804,721,2,1,4,1,1,3.5,1.4,3.5,1.4,2.1
6389,103842,20260509,948,2,6,4,2,1,5.0,2.1,5.0,2.1,2.9
6390,103842,20260509,948,2,6,4,2,1,5.0,2.1,5.0,2.1,2.9
6391,103843,20260625,834,4,18,1,1,1,5.0,1.8,5.0,1.8,3.2
6392,103843,20260625,834,4,4,1,1,1,4.5,1.9,4.5,1.9,2.6
6393,103844,20260912,1915,4,13,1,4,1,12.5,4.3,12.5,4.3,8.2
6394,103845,20260716,808,3,17,1,1,1,4.5,1.6,4.5,1.6,2.9
6395,103846,20260731,2006,5,8,1,1,1,8.5,3.2,8.5,3.2,5.3
6396,103847,20260825,1738,6,2,1,3,1,4.0,1.6,4.0,1.6,2.4
6397,103848,20260521,1633,3,13,1,2,1,12.5,4.3,12.5,4.3,8.2
6398,103848,20260521,1633,3,1,1,2,1,3.5,1.4,3.5,1.4,2.1
6399,103848,20260521,1633,3,12,1,2,1,12.0,4.2,12.0,4.2,7.8
6400,103849,20260319,1011,6,17,2,1,2,4.5,1.6,9.0,3.2,5.8
6401,103850,20260805,1312,4,7,1,1,1,4.3,1.8,4.3,1.8,2.5
6402,103850,20260805,1312,4,8,1,1,1,8.5,3.2,8.5,3.2,5.3
6403,103850,20260805,1312,4,4,1,1,1,4.5,1.9,4.5,1.9,2.6
6404,103851,20260725,1921,2,16,1,4,1,11.5,4.1,11.5,4.1,7.4
6405,103852,20260627,1828,1,7,2,2,1,4.3,1.8,4.3,1.8,2.5
6406,103853,20260817,1853,2,18,4,3,1,5.0,1.8,5.0,1.8,3.2
6407,103853,20260817,1853,2,16,4,3,1,11.5,4.1,11.5,4.1,7.4
6408,103854,20260521,1744,2,18,1,3,1,5.0,1.8,5.0,1.8,3.2
6409,103854,20260521,1744,2,25,1,3,2,8.5,3.2,17.0,6.4,10.6
6410,103855,20260418,1835,1,8,1,1,1,8.5,3.2,8.5,3.2,5.3
6411,103855,20260418,1835,1,12,1,1,1,12.0,4.2,12.0,4.2,7.8
6412,103855,20260418,1835,1,11,1,1,1,10.5,3.8,10.5,3.8,6.7
6413,103856,20260906,1838,5,13,4,1,1,12.5,4.3,12.5,4.3,8.2
6414,103856,20260906,1838,5,11,4,1,1,10.5,3.8,10.5,3.8,6.7
6415,103857,20260428,1839,2,10,3,2,1,8.0,3.0,8.0,3.0,5.0
6416,103858,20260321,1644,3,9,1,4,1,9.0,3.4,9.0,3.4,5.6
6417,103858,20260321,1644,3,5,1,4,1,4.8,2.0,4.8,2.0,2.8
6418,103859,20260527,823,6,20,1,1,2,6.5,2.4,13.0,4.8,8.2
6419,103860,20260703,1700,6,12,1,3,1,12.0,4.2,12.0,4.2,7.8
6420,103861,20260716,830,5,20,1,4,2,6.5,2.4,13.0,4.8,8.2
6421,103862,20260517,1411,1,5,1,1,1,4.8,2.0,4.8,2.0,2.8
6422,103863,20260715,2053,1,21,2,1,1,9.0,3.2,9.0,3.2,5.8
6423,103863,20260715,2053,1,16,2,1,1,11.5,4.1,11.5,4.1,7.4
6424,103863,20260715,2053,1,5,2,1,1,4.8,2.0,4.8,2.0,2.8
6425,103864,20260426,1638,3,22,1,4,1,9.5,3.6,9.5,3.6,5.9
6426,103865,20260501,1800,5,5,1,4,1,4.8,2.0,4.8,2.0,2.8
6427,103865,20260501,1800,5,14,1,4,1,13.5,4.6,13.5,4.6,8.9
6428,103866,20260404,1010,4,10,1,1,1,8.0,3.0,8.0,3.0,5.0
6429,103866,20260404,1010,4,7,1,1,1,4.3,1.8,4.3,1.8,2.5
6430,103867,20260822,855,1,5,3,1,1,4.8,2.0,4.8,2.0,2.8
6431,103867,20260822,855,1,15,3,1,1,11.0,4.0,11.0,4.0,7.0
6432,103868,20260507,902,4,5,1,1,1,4.8,2.0,4.8,2.0,2.8
6433,103868,20260507,902,4,3,1,1,1,3.8,1.5,3.8,1.5,2.3
6434,103868,20260507,902,4,5,1,1,1,4.8,2.0,4.8,2.0,2.8
6435,103869,20260326,1912,1,14,1,3,1,13.5,4.6,13.5,4.6,8.9
6436,103870,20260826,2107,3,6,1,1,1,5.0,2.1,5.0,2.1,2.9
6437,103871,20260610,2054,3,23,1,4,1,9.0,3.4,9.0,3.4,5.6
6438,103872,20260602,1700,1,9,1,3,1,9.0,3.4,9.0,3.4,5.6
6439,103872,20260602,1700,1,14,1,3,1,13.5,4.6,13.5,4.6,8.9
6440,103873,20260718,1420,1,11,3,1,1,10.5,3.8,10.5,3.8,6.7
6441,103873,20260718,1420,1,9,3,1,1,9.0,3.4,9.0,3.4,5.6
6442,103873,20260718,1420,1,11,3,1,1,10.5,3.8,10.5,3.8,6.7
6443,103874,20260815,907,4,4,2,1,1,4.5,1.9,4.5,1.9,2.6
6444,103874,20260815,907,4,21,2,1,1,9.0,3.2,9.0,3.2,5.8
6445,103875,20260707,1020,3,4,1,2,1,4.5,1.9,4.5,1.9,2.6
6446,103876,20260912,914,1,17,3,1,1,4.5,1.6,4.5,1.6,2.9
6447,103877,20260530,1000,3,18,4,2,1,5.0,1.8,5.0,1.8,3.2
6448,103878,20260628,806,2,7,1,1,1,4.3,1.8,4.3,1.8,2.5
6449,103879,20260415,1004,3,1,2,4,1,3.5,1.4,3.5,1.4,2.1
6450,103880,20260321,1012,2,13,1,2,1,12.5,4.3,12.5,4.3,8.2
6451,103880,20260321,1012,2,5,1,2,1,4.8,2.0,4.8,2.0,2.8
6452,103881,20260320,1756,2,9,3,4,1,9.0,3.4,9.0,3.4,5.6
6453,103882,20260317,1756,5,16,2,1,1,11.5,4.1,11.5,4.1,7.4
6454,103883,20260903,1649,4,14,2,1,2,13.5,4.6,27.0,9.2,17.8
6455,103884,20260808,1753,4,3,1,2,1,3.8,1.5,3.8,1.5,2.3
6456,103885,20260628,1644,2,20,3,4,1,6.5,2.4,6.5,2.4,4.1
6457,103885,20260628,1644,2,17,3,4,1,4.5,1.6,4.5,1.6,2.9
6458,103886,20260912,1810,2,7,1,4,1,4.3,1.8,4.3,1.8,2.5
6459,103887,20260514,1712,4,8,1,4,1,8.5,3.2,8.5,3.2,5.3
6460,103887,20260514,1712,4,9,1,4,1,9.0,3.4,9.0,3.4,5.6
6461,103888,20260718,1636,6,23,1,1,1,9.0,3.4,9.0,3.4,5.6
6462,103888,20260718,1636,6,14,1,1,1,13.5,4.6,13.5,4.6,8.9
6463,103889,20260512,822,3,22,1,3,1,9.5,3.6,9.5,3.6,5.9
6464,103889,20260512,822,3,3,1,3,1,3.8,1.5,3.8,1.5,2.3
6465,103890,20260728,1653,2,24,1,2,1,8.0,3.0,8.0,3.0,5.0
6466,103890,20260728,1653,2,24,1,2,1,8.0,3.0,8.0,3.0,5.0
6467,103890,20260728,1653,2,12,1,2,1,12.0,4.2,12.0,4.2,7.8
6468,103891,20260726,908,6,21,1,1,1,9.0,3.2,9.0,3.2,5.8
6469,103892,20260829,1229,1,6,1,1,1,5.0,2.1,5.0,2.1,2.9
6470,103893,20260505,1920,3,11,2,4,1,10.5,3.8,10.5,3.8,6.7
6471,103894,20260429,824,3,4,2,2,1,4.5,1.9,4.5,1.9,2.6
6472,103895,20260730,924,4,7,1,1,1,4.3,1.8,4.3,1.8,2.5
6473,103895,20260730,924,4,2,1,1,1,4.0,1.6,4.0,1.6,2.4
6474,103895,20260730,924,4,21,1,1,1,9.0,3.2,9.0,3.2,5.8
6475,103896,20260425,840,1,11,1,1,2,10.5,3.8,21.0,7.6,13.4
6476,103897,20260618,1759,4,11,2,1,1,10.5,3.8,10.5,3.8,6.7
6477,103897,20260618,1759,4,10,2,1,1,8.0,3.0,8.0,3.0,5.0
6478,103898,20260521,932,6,5,1,2,2,4.8,2.0,9.6,4.0,5.6
6479,103899,20260505,1748,6,3,1,4,1,3.8,1.5,3.8,1.5,2.3
6480,103900,20260716,1245,1,2,1,1,1,4.0,1.6,4.0,1.6,2.4
6481,103901,20260507,1734,1,2,2,1,1,4.0,1.6,4.0,1.6,2.4
6482,103902,20260721,1555,4,2,2,1,1,4.0,1.6,4.0,1.6,2.4
6483,103902,20260721,1555,4,10,2,1,1,8.0,3.0,8.0,3.0,5.0
6484,103903,20260325,1903,3,13,2,4,2,12.5,4.3,25.0,8.6,16.4
6485,103904,20260411,1311,4,25,1,3,2,8.5,3.2,17.0,6.4,10.6
6486,103905,20260605,1630,6,13,4,4,2,12.5,4.3,25.0,8.6,16.4
6487,103906,20260422,1909,3,18,1,3,1,5.0,1.8,5.0,1.8,3.2
6488,103906,20260422,1909,3,12,1,3,1,12.0,4.2,12.0,4.2,7.8
6489,103907,20260623,1638,3,15,1,3,1,11.0,4.0,11.0,4.0,7.0
6490,103908,20260504,1635,2,16,2,1,2,11.5,4.1,23.0,8.2,14.8
6491,103908,20260504,1635,2,25,2,1,1,8.5,3.2,8.5,3.2,5.3
6492,103908,20260504,1635,2,15,2,1,1,11.0,4.0,11.0,4.0,7.0
6493,103909,20260912,1016,2,18,1,1,1,5.0,1.8,5.0,1.8,3.2
6494,103910,20260721,907,2,11,2,1,1,10.5,3.8,10.5,3.8,6.7
6495,103911,20260725,1026,1,7,2,2,1,4.3,1.8,4.3,1.8,2.5
6496,103911,20260725,1026,1,18,2,2,1,5.0,1.8,5.0,1.8,3.2
6497,103912,20260723,959,3,3,1,1,1,3.8,1.5,3.8,1.5,2.3
6498,103913,20260521,942,1,17,2,1,1,4.5,1.6,4.5,1.6,2.9
6499,103913,20260521,942,1,18,2,1,1,5.0,1.8,5.0,1.8,3.2
6500,103914,20260907,1740,1,19,1,2,2,5.5,2.0,11.0,4.0,7.0
6501,103914,20260907,1740,1,4,1,2,1,4.5,1.9,4.5,1.9,2.6
6502,103915,20260602,1846,3,13,2,4,2,12.5,4.3,25.0,8.6,16.4
6503,103915,20260602,1846,3,17,2,4,1,4.5,1.6,4.5,1.6,2.9
6504,103916,20260805,805,1,21,1,2,1,9.0,3.2,9.0,3.2,5.8
6505,103916,20260805,805,1,6,1,2,1,5.0,2.1,5.0,2.1,2.9
6506,103917,20260721,1332,5,3,1,4,1,3.8,1.5,3.8,1.5,2.3
6507,103918,20260716,1635,2,6,2,1,1,5.0,2.1,5.0,2.1,2.9
6508,103919,20260322,1655,2,18,3,4,1,5.0,1.8,5.0,1.8,3.2
6509,103920,20260717,959,3,1,2,3,1,3.5,1.4,3.5,1.4,2.1
6510,103920,20260717,959,3,2,2,3,1,4.0,1.6,4.0,1.6,2.4
6511,103920,20260717,959,3,5,2,3,2,4.8,2.0,9.6,4.0,5.6
6512,103921,20260407,1806,2,15,1,1,2,11.0,4.0,22.0,8.0,14.0
6513,103921,20260407,1806,2,4,1,1,1,4.5,1.9,4.5,1.9,2.6
6514,103922,20260329,833,1,7,1,1,2,4.3,1.8,8.6,3.6,5.0
6515,103922,20260329,833,1,7,1,1,1,4.3,1.8,4.3,1.8,2.5
6516,103923,20260404,1842,3,12,1,2,1,12.0,4.2,12.0,4.2,7.8
6517,103924,20260410,912,1,6,2,1,1,5.0,2.1,5.0,2.1,2.9
6518,103925,20260702,853,4,10,1,2,1,8.0,3.0,8.0,3.0,5.0
6519,103926,20260404,1051,4,25,2,2,1,8.5,3.2,8.5,3.2,5.3
6520,103926,20260404,1051,4,9,2,2,1,9.0,3.4,9.0,3.4,5.6
6521,103926,20260404,1051,4,23,2,2,1,9.0,3.4,9.0,3.4,5.6
6522,103927,20260829,1112,2,4,1,2,1,4.5,1.9,4.5,1.9,2.6
6523,103928,20260317,1001,6,24,1,4,1,8.0,3.0,8.0,3.0,5.0
6524,103928,20260317,1001,6,9,1,4,1,9.0,3.4,9.0,3.4,5.6
6525,103928,20260317,1001,6,17,1,4,1,4.5,1.6,4.5,1.6,2.9
6526,103929,20260415,1723,5,4,1,3,2,4.5,1.9,9.0,3.8,5.2
6527,103929,20260415,1723,5,18,1,3,1,5.0,1.8,5.0,1.8,3.2
6528,103930,20260910,904,6,21,3,1,1,9.0,3.2,9.0,3.2,5.8
6529,103930,20260910,904,6,17,3,1,1,4.5,1.6,4.5,1.6,2.9
6530,103931,20260803,803,3,18,1,1,2,5.0,1.8,10.0,3.6,6.4
6531,103932,20260727,850,4,9,1,4,1,9.0,3.4,9.0,3.4,5.6
6532,103932,20260727,850,4,2,1,4,2,4.0,1.6,8.0,3.2,4.8
6533,103933,20260605,1003,2,1,1,1,1,3.5,1.4,3.5,1.4,2.1
6534,103934,20260419,1812,1,23,1,1,1,9.0,3.4,9.0,3.4,5.6
6535,103935,20260319,1837,2,14,2,3,1,13.5,4.6,13.5,4.6,8.9
6536,103936,20260511,1846,3,10,2,2,1,8.0,3.0,8.0,3.0,5.0
6537,103937,20260726,2105,5,18,2,3,1,5.0,1.8,5.0,1.8,3.2
6538,103938,20260725,935,2,5,2,3,1,4.8,2.0,4.8,2.0,2.8
6539,103938,20260725,935,2,8,2,3,1,8.5,3.2,8.5,3.2,5.3
6540,103939,20260818,1020,4,7,1,1,1,4.3,1.8,4.3,1.8,2.5
6541,103939,20260818,1020,4,17,1,1,1,4.5,1.6,4.5,1.6,2.9
6542,103939,20260818,1020,4,18,1,1,1,5.0,1.8,5.0,1.8,3.2
6543,103940,20260429,711,2,3,1,2,1,3.8,1.5,3.8,1.5,2.3
6544,103940,20260429,711,2,7,1,2,1,4.3,1.8,4.3,1.8,2.5
6545,103941,20260506,1000,2,2,4,1,1,4.0,1.6,4.0,1.6,2.4
6546,103941,20260506,1000,2,5,4,1,1,4.8,2.0,4.8,2.0,2.8
6547,103941,20260506,1000,2,4,4,1,1,4.5,1.9,4.5,1.9,2.6
6548,103942,20260818,1756,1,12,1,1,1,12.0,4.2,12.0,4.2,7.8
6549,103943,20260525,837,5,21,3,1,1,9.0,3.2,9.0,3.2,5.8
6550,103943,20260525,837,5,21,3,1,1,9.0,3.2,9.0,3.2,5.8
6551,103943,20260525,837,5,4,3,1,1,4.5,1.9,4.5,1.9,2.6
6552,103944,20260610,843,4,19,2,1,1,5.5,2.0,5.5,2.0,3.5
6553,103944,20260610,843,4,6,2,1,1,5.0,2.1,5.0,2.1,2.9
6554,103945,20260804,1745,4,12,1,3,1,12.0,4.2,12.0,4.2,7.8
6555,103945,20260804,1745,4,19,1,3,1,5.5,2.0,5.5,2.0,3.5
6556,103946,20260820,855,1,7,2,1,2,4.3,1.8,8.6,3.6,5.0
6557,103947,20260830,1019,1,22,1,1,1,9.5,3.6,9.5,3.6,5.9
6558,103948,20260401,740,1,3,1,1,1,3.8,1.5,3.8,1.5,2.3
6559,103949,20260815,1806,6,15,1,1,1,11.0,4.0,11.0,4.0,7.0
6560,103950,20260413,1341,3,20,2,2,1,6.5,2.4,6.5,2.4,4.1
6561,103950,20260413,1341,3,5,2,2,1,4.8,2.0,4.8,2.0,2.8
6562,103951,20260410,1811,5,10,3,3,1,8.0,3.0,8.0,3.0,5.0
6563,103952,20260628,1546,2,13,2,1,1,12.5,4.3,12.5,4.3,8.2
6564,103953,20260814,1842,3,10,1,3,1,8.0,3.0,8.0,3.0,5.0
6565,103953,20260814,1842,3,10,1,3,1,8.0,3.0,8.0,3.0,5.0
6566,103954,20260807,1656,3,10,1,4,2,8.0,3.0,16.0,6.0,10.0
6567,103954,20260807,1656,3,13,1,4,2,12.5,4.3,25.0,8.6,16.4
6568,103954,20260807,1656,3,24,1,4,1,8.0,3.0,8.0,3.0,5.0
6569,103955,20260629,1829,1,14,2,3,1,13.5,4.6,13.5,4.6,8.9
6570,103955,20260629,1829,1,14,2,3,1,13.5,4.6,13.5,4.6,8.9
6571,103955,20260629,1829,1,9,2,3,1,9.0,3.4,9.0,3.4,5.6
6572,103956,20260525,1923,1,9,1,1,1,9.0,3.4,9.0,3.4,5.6
6573,103956,20260525,1923,1,18,1,1,2,5.0,1.8,10.0,3.6,6.4
6574,103957,20260703,1837,6,19,1,3,1,5.5,2.0,5.5,2.0,3.5
6575,103958,20260605,1729,1,23,1,2,2,9.0,3.4,18.0,6.8,11.2
6576,103958,20260605,1729,1,22,1,2,1,9.5,3.6,9.5,3.6,5.9
6577,103959,20260812,1644,4,10,4,4,1,8.0,3.0,8.0,3.0,5.0
6578,103960,20260507,837,5,4,1,2,1,4.5,1.9,4.5,1.9,2.6
6579,103961,20260404,1015,2,1,2,1,2,3.5,1.4,7.0,2.8,4.2
6580,103962,20260321,1656,4,2,2,3,1,4.0,1.6,4.0,1.6,2.4
6581,103962,20260321,1656,4,12,2,3,1,12.0,4.2,12.0,4.2,7.8
6582,103962,20260321,1656,4,16,2,3,1,11.5,4.1,11.5,4.1,7.4
6583,103963,20260712,1633,4,6,3,4,2,5.0,2.1,10.0,4.2,5.8
6584,103964,20260710,1302,3,11,1,3,2,10.5,3.8,21.0,7.6,13.4
6585,103965,20260402,907,1,20,1,3,1,6.5,2.4,6.5,2.4,4.1
6586,103965,20260402,907,1,5,1,3,2,4.8,2.0,9.6,4.0,5.6
6587,103966,20260509,1838,4,3,2,4,1,3.8,1.5,3.8,1.5,2.3
6588,103966,20260509,1838,4,15,2,4,1,11.0,4.0,11.0,4.0,7.0
6589,103966,20260509,1838,4,11,2,4,1,10.5,3.8,10.5,3.8,6.7
6590,103967,20260507,1835,2,8,1,4,1,8.5,3.2,8.5,3.2,5.3
6591,103968,20260614,1121,3,18,1,1,1,5.0,1.8,5.0,1.8,3.2
6592,103969,20260416,948,3,2,1,1,1,4.0,1.6,4.0,1.6,2.4
6593,103970,20260705,1820,4,2,1,4,1,4.0,1.6,4.0,1.6,2.4
6594,103971,20260721,1854,5,16,1,3,1,11.5,4.1,11.5,4.1,7.4
6595,103971,20260721,1854,5,18,1,3,1,5.0,1.8,5.0,1.8,3.2
6596,103972,20260615,1834,1,13,1,3,2,12.5,4.3,25.0,8.6,16.4
6597,103972,20260615,1834,1,13,1,3,1,12.5,4.3,12.5,4.3,8.2
6598,103972,20260615,1834,1,13,1,3,1,12.5,4.3,12.5,4.3,8.2
6599,103973,20260715,1834,4,15,1,3,1,11.0,4.0,11.0,4.0,7.0
6600,103973,20260715,1834,4,9,1,3,1,9.0,3.4,9.0,3.4,5.6
6601,103974,20260512,2056,2,8,1,3,1,8.5,3.2,8.5,3.2,5.3
6602,103974,20260512,2056,2,6,1,3,2,5.0,2.1,10.0,4.2,5.8
6603,103975,20260511,1039,3,19,2,2,2,5.5,2.0,11.0,4.0,7.0
6604,103975,20260511,1039,3,7,2,2,1,4.3,1.8,4.3,1.8,2.5
6605,103976,20260425,1059,2,6,1,2,1,5.0,2.1,5.0,2.1,2.9
6606,103976,20260425,1059,2,4,1,2,2,4.5,1.9,9.0,3.8,5.2
6607,103976,20260425,1059,2,8,1,2,2,8.5,3.2,17.0,6.4,10.6
6608,103977,20260616,1509,3,21,4,1,2,9.0,3.2,18.0,6.4,11.6
6609,103978,20260803,1046,3,11,4,1,1,10.5,3.8,10.5,3.8,6.7
6610,103978,20260803,1046,3,23,4,1,2,9.0,3.4,18.0,6.8,11.2
6611,103979,20260411,1001,2,3,2,1,2,3.8,1.5,7.6,3.0,4.6
6612,103979,20260411,1001,2,18,2,1,1,5.0,1.8,5.0,1.8,3.2
6613,103980,20260714,1823,4,10,1,1,2,8.0,3.0,16.0,6.0,10.0
6614,103980,20260714,1823,4,21,1,1,1,9.0,3.2,9.0,3.2,5.8
6615,103981,20260701,923,3,6,1,2,1,5.0,2.1,5.0,2.1,2.9
6616,103981,20260701,923,3,17,1,2,1,4.5,1.6,4.5,1.6,2.9
6617,103982,20260628,1812,1,15,1,4,1,11.0,4.0,11.0,4.0,7.0
6618,103983,20260530,809,5,5,1,4,1,4.8,2.0,4.8,2.0,2.8
6619,103984,20260829,1823,6,11,1,3,1,10.5,3.8,10.5,3.8,6.7
6620,103985,20260811,1346,5,3,2,1,1,3.8,1.5,3.8,1.5,2.3
6621,103986,20260330,1810,4,10,1,4,2,8.0,3.0,16.0,6.0,10.0
6622,103987,20260525,859,4,3,1,1,1,3.8,1.5,3.8,1.5,2.3
6623,103987,20260525,859,4,15,1,1,2,11.0,4.0,22.0,8.0,14.0
6624,103987,20260525,859,4,1,1,1,1,3.5,1.4,3.5,1.4,2.1
6625,103988,20260724,1120,1,7,2,1,1,4.3,1.8,4.3,1.8,2.5
6626,103988,20260724,1120,1,10,2,1,1,8.0,3.0,8.0,3.0,5.0
6627,103989,20260321,1642,2,15,2,1,2,11.0,4.0,22.0,8.0,14.0
6628,103990,20260712,1856,4,10,3,3,1,8.0,3.0,8.0,3.0,5.0
6629,103991,20260529,1706,3,16,1,3,1,11.5,4.1,11.5,4.1,7.4
6630,103991,20260529,1706,3,8,1,3,1,8.5,3.2,8.5,3.2,5.3
6631,103992,20260502,945,2,7,2,1,1,4.3,1.8,4.3,1.8,2.5
6632,103992,20260502,945,2,18,2,1,1,5.0,1.8,5.0,1.8,3.2
6633,103992,20260502,945,2,20,2,1,1,6.5,2.4,6.5,2.4,4.1
6634,103993,20260611,1427,3,6,1,1,1,5.0,2.1,5.0,2.1,2.9
6635,103993,20260611,1427,3,19,1,1,2,5.5,2.0,11.0,4.0,7.0
6636,103994,20260525,1642,3,6,1,1,1,5.0,2.1,5.0,2.1,2.9
6637,103995,20260806,1858,1,1,1,3,2,3.5,1.4,7.0,2.8,4.2
6638,103995,20260806,1858,1,16,1,3,1,11.5,4.1,11.5,4.1,7.4
6639,103996,20260504,1712,1,17,1,3,1,4.5,1.6,4.5,1.6,2.9
6640,103997,20260529,2146,2,3,1,1,1,3.8,1.5,3.8,1.5,2.3
6641,103997,20260529,2146,2,7,1,1,1,4.3,1.8,4.3,1.8,2.5
6642,103998,20260401,738,5,4,1,1,1,4.5,1.9,4.5,1.9,2.6
6643,103998,20260401,738,5,1,1,1,1,3.5,1.4,3.5,1.4,2.1
6644,103999,20260611,1813,4,22,2,3,1,9.5,3.6,9.5,3.6,5.9
6645,103999,20260611,1813,4,21,2,3,1,9.0,3.2,9.0,3.2,5.8
6646,104000,20260414,832,5,6,1,2,1,5.0,2.1,5.0,2.1,2.9
6647,104001,20260902,1822,3,11,1,4,1,10.5,3.8,10.5,3.8,6.7
6648,104002,20260908,1001,2,15,3,1,1,11.0,4.0,11.0,4.0,7.0
6649,104002,20260908,1001,2,5,3,1,1,4.8,2.0,4.8,2.0,2.8
6650,104003,20260703,1118,1,8,2,2,1,8.5,3.2,8.5,3.2,5.3
6651,104003,20260703,1118,1,8,2,2,1,8.5,3.2,8.5,3.2,5.3
6652,104004,20260721,918,4,7,2,1,1,4.3,1.8,4.3,1.8,2.5
6653,104005,20260728,1128,3,20,1,1,1,6.5,2.4,6.5,2.4,4.1
6654,104005,20260728,1128,3,11,1,1,1,10.5,3.8,10.5,3.8,6.7
6655,104006,20260913,1215,6,21,3,2,1,9.0,3.2,9.0,3.2,5.8
6656,104007,20260619,1019,2,21,1,1,1,9.0,3.2,9.0,3.2,5.8
6657,104007,20260619,1019,2,9,1,1,1,9.0,3.4,9.0,3.4,5.6
6658,104008,20260420,1700,1,7,1,1,1,4.3,1.8,4.3,1.8,2.5
6659,104008,20260420,1700,1,10,1,1,1,8.0,3.0,8.0,3.0,5.0
6660,104009,20260912,803,4,4,3,1,1,4.5,1.9,4.5,1.9,2.6
6661,104009,20260912,803,4,3,3,1,1,3.8,1.5,3.8,1.5,2.3
6662,104009,20260912,803,4,5,3,1,1,4.8,2.0,4.8,2.0,2.8
6663,104010,20260702,2149,5,4,2,2,1,4.5,1.9,4.5,1.9,2.6
6664,104010,20260702,2149,5,4,2,2,1,4.5,1.9,4.5,1.9,2.6
6665,104011,20260808,1927,3,1,2,1,1,3.5,1.4,3.5,1.4,2.1
6666,104011,20260808,1927,3,14,2,1,2,13.5,4.6,27.0,9.2,17.8
6667,104012,20260330,1018,1,7,2,1,1,4.3,1.8,4.3,1.8,2.5
6668,104013,20260408,1825,5,9,1,1,1,9.0,3.4,9.0,3.4,5.6
6669,104014,20260315,941,3,17,2,4,1,4.5,1.6,4.5,1.6,2.9
6670,104015,20260831,1633,4,23,1,2,2,9.0,3.4,18.0,6.8,11.2
6671,104015,20260831,1633,4,15,1,2,1,11.0,4.0,11.0,4.0,7.0
6672,104016,20260607,1044,1,16,1,3,1,11.5,4.1,11.5,4.1,7.4
6673,104016,20260607,1044,1,4,1,3,1,4.5,1.9,4.5,1.9,2.6
6674,104017,20260719,1835,1,25,2,3,1,8.5,3.2,8.5,3.2,5.3
6675,104018,20260622,1010,3,7,1,1,1,4.3,1.8,4.3,1.8,2.5
6676,104018,20260622,1010,3,2,1,1,1,4.0,1.6,4.0,1.6,2.4
6677,104019,20260810,1848,2,1,2,3,2,3.5,1.4,7.0,2.8,4.2
6678,104019,20260810,1848,2,15,2,3,2,11.0,4.0,22.0,8.0,14.0
6679,104020,20260412,1914,6,8,2,4,2,8.5,3.2,17.0,6.4,10.6
6680,104021,20260529,840,1,11,1,4,1,10.5,3.8,10.5,3.8,6.7
6681,104021,20260529,840,1,2,1,4,1,4.0,1.6,4.0,1.6,2.4
6682,104022,20260804,905,4,20,3,1,1,6.5,2.4,6.5,2.4,4.1
6683,104022,20260804,905,4,22,3,1,1,9.5,3.6,9.5,3.6,5.9
6684,104022,20260804,905,4,20,3,1,1,6.5,2.4,6.5,2.4,4.1
6685,104023,20260804,1654,5,21,1,1,1,9.0,3.2,9.0,3.2,5.8
6686,104023,20260804,1654,5,14,1,1,1,13.5,4.6,13.5,4.6,8.9
6687,104024,20260824,846,2,20,2,4,1,6.5,2.4,6.5,2.4,4.1
6688,104024,20260824,846,2,18,2,4,1,5.0,1.8,5.0,1.8,3.2
6689,104025,20260514,1652,2,24,4,4,1,8.0,3.0,8.0,3.0,5.0
6690,104025,20260514,1652,2,4,4,4,2,4.5,1.9,9.0,3.8,5.2
6691,104026,20260709,1749,2,25,2,3,1,8.5,3.2,8.5,3.2,5.3
6692,104027,20260522,1252,1,25,1,1,1,8.5,3.2,8.5,3.2,5.3
6693,104027,20260522,1252,1,25,1,1,1,8.5,3.2,8.5,3.2,5.3
6694,104028,20260315,1716,2,17,2,3,2,4.5,1.6,9.0,3.2,5.8
6695,104029,20260704,1443,4,10,1,2,1,8.0,3.0,8.0,3.0,5.0
6696,104029,20260704,1443,4,20,1,2,1,6.5,2.4,6.5,2.4,4.1
6697,104030,20260406,2110,5,25,2,2,1,8.5,3.2,8.5,3.2,5.3
6698,104030,20260406,2110,5,3,2,2,1,3.8,1.5,3.8,1.5,2.3
6699,104031,20260419,1951,3,25,2,2,1,8.5,3.2,8.5,3.2,5.3
6700,104032,20260816,1434,2,2,2,1,1,4.0,1.6,4.0,1.6,2.4
6701,104033,20260411,1022,6,19,1,1,1,5.5,2.0,5.5,2.0,3.5
6702,104033,20260411,1022,6,6,1,1,2,5.0,2.1,10.0,4.2,5.8
6703,104033,20260411,1022,6,20,1,1,2,6.5,2.4,13.0,4.8,8.2
6704,104034,20260621,1416,6,4,2,1,1,4.5,1.9,4.5,1.9,2.6
6705,104034,20260621,1416,6,14,2,1,1,13.5,4.6,13.5,4.6,8.9
6706,104035,20260615,1348,2,2,1,1,1,4.0,1.6,4.0,1.6,2.4
6707,104035,20260615,1348,2,18,1,1,1,5.0,1.8,5.0,1.8,3.2
6708,104036,20260501,2002,3,1,1,2,2,3.5,1.4,7.0,2.8,4.2
6709,104037,20260503,1640,2,11,1,4,1,10.5,3.8,10.5,3.8,6.7
6710,104038,20260624,1907,3,25,1,1,1,8.5,3.2,8.5,3.2,5.3
6711,104038,20260624,1907,3,25,1,1,1,8.5,3.2,8.5,3.2,5.3
6712,104038,20260624,1907,3,14,1,1,2,13.5,4.6,27.0,9.2,17.8
6713,104039,20260710,1721,6,7,1,1,1,4.3,1.8,4.3,1.8,2.5
6714,104039,20260710,1721,6,9,1,1,2,9.0,3.4,18.0,6.8,11.2
6715,104039,20260710,1721,6,16,1,1,2,11.5,4.1,23.0,8.2,14.8
6716,104040,20260724,1908,1,3,1,1,1,3.8,1.5,3.8,1.5,2.3
6717,104041,20260813,847,2,17,1,1,1,4.5,1.6,4.5,1.6,2.9
6718,104041,20260813,847,2,20,1,1,1,6.5,2.4,6.5,2.4,4.1
6719,104041,20260813,847,2,6,1,1,1,5.0,2.1,5.0,2.1,2.9
6720,104042,20260705,916,3,19,2,2,1,5.5,2.0,5.5,2.0,3.5
6721,104043,20260914,1156,4,10,1,1,2,8.0,3.0,16.0,6.0,10.0
6722,104043,20260914,1156,4,6,1,1,1,5.0,2.1,5.0,2.1,2.9
6723,104043,20260914,1156,4,20,1,1,1,6.5,2.4,6.5,2.4,4.1
6724,104044,20260711,1830,6,20,2,4,1,6.5,2.4,6.5,2.4,4.1
6725,104044,20260711,1830,6,15,2,4,1,11.0,4.0,11.0,4.0,7.0
6726,104045,20260612,1718,4,23,1,1,1,9.0,3.4,9.0,3.4,5.6
6727,104045,20260612,1718,4,24,1,1,1,8.0,3.0,8.0,3.0,5.0
6728,104046,20260410,1142,1,2,2,1,1,4.0,1.6,4.0,1.6,2.4
6729,104047,20260816,1634,2,14,2,4,1,13.5,4.6,13.5,4.6,8.9
6730,104047,20260816,1634,2,9,2,4,2,9.0,3.4,18.0,6.8,11.2
6731,104048,20260513,841,6,5,2,4,1,4.8,2.0,4.8,2.0,2.8
6732,104049,20260404,924,1,5,3,3,1,4.8,2.0,4.8,2.0,2.8
6733,104050,20260626,1822,2,10,2,1,1,8.0,3.0,8.0,3.0,5.0
6734,104050,20260626,1822,2,24,2,1,1,8.0,3.0,8.0,3.0,5.0
6735,104051,20260809,1320,5,9,1,1,1,9.0,3.4,9.0,3.4,5.6
6736,104052,20260415,1755,3,14,1,2,1,13.5,4.6,13.5,4.6,8.9
6737,104053,20260801,1817,3,1,1,2,1,3.5,1.4,3.5,1.4,2.1
6738,104054,20260404,1853,4,16,4,2,1,11.5,4.1,11.5,4.1,7.4
6739,104054,20260404,1853,4,9,4,2,1,9.0,3.4,9.0,3.4,5.6
6740,104055,20260828,1030,3,17,1,2,2,4.5,1.6,9.0,3.2,5.8
6741,104055,20260828,1030,3,20,1,2,1,6.5,2.4,6.5,2.4,4.1
6742,104056,20260630,831,2,3,2,1,2,3.8,1.5,7.6,3.0,4.6
6743,104056,20260630,831,2,1,2,1,1,3.5,1.4,3.5,1.4,2.1
6744,104057,20260527,1705,5,4,1,1,1,4.5,1.9,4.5,1.9,2.6
6745,104058,20260829,1640,5,14,2,4,1,13.5,4.6,13.5,4.6,8.9
6746,104059,20260428,950,2,3,1,1,1,3.8,1.5,3.8,1.5,2.3
6747,104059,20260428,950,2,7,1,1,1,4.3,1.8,4.3,1.8,2.5
6748,104059,20260428,950,2,4,1,1,1,4.5,1.9,4.5,1.9,2.6
6749,104060,20260417,1807,6,11,3,1,1,10.5,3.8,10.5,3.8,6.7
6750,104061,20260519,1405,2,7,1,2,1,4.3,1.8,4.3,1.8,2.5
6751,104061,20260519,1405,2,7,1,2,1,4.3,1.8,4.3,1.8,2.5
6752,104062,20260803,835,5,17,1,2,1,4.5,1.6,4.5,1.6,2.9
6753,104062,20260803,835,5,24,1,2,1,8.0,3.0,8.0,3.0,5.0
6754,104063,20260426,949,4,20,1,1,1,6.5,2.4,6.5,2.4,4.1
6755,104064,20260803,1119,6,15,2,2,2,11.0,4.0,22.0,8.0,14.0
6756,104064,20260803,1119,6,10,2,2,1,8.0,3.0,8.0,3.0,5.0
6757,104065,20260817,1534,2,5,1,1,1,4.8,2.0,4.8,2.0,2.8
6758,104066,20260615,1736,4,7,1,3,1,4.3,1.8,4.3,1.8,2.5
6759,104066,20260615,1736,4,20,1,3,1,6.5,2.4,6.5,2.4,4.1
6760,104067,20260424,1953,6,20,1,1,1,6.5,2.4,6.5,2.4,4.1
6761,104067,20260424,1953,6,2,1,1,1,4.0,1.6,4.0,1.6,2.4
6762,104068,20260914,1909,2,16,1,1,1,11.5,4.1,11.5,4.1,7.4
6763,104069,20260318,917,3,19,1,1,1,5.5,2.0,5.5,2.0,3.5
6764,104070,20260525,1731,5,10,1,4,2,8.0,3.0,16.0,6.0,10.0
6765,104071,20260727,1801,1,13,1,3,1,12.5,4.3,12.5,4.3,8.2
6766,104071,20260727,1801,1,18,1,3,1,5.0,1.8,5.0,1.8,3.2
6767,104072,20260913,1108,4,20,2,1,2,6.5,2.4,13.0,4.8,8.2
6768,104072,20260913,1108,4,9,2,1,1,9.0,3.4,9.0,3.4,5.6
6769,104073,20260629,922,6,20,2,2,1,6.5,2.4,6.5,2.4,4.1
6770,104074,20260806,1153,4,18,1,2,1,5.0,1.8,5.0,1.8,3.2
6771,104075,20260910,1517,5,13,1,2,1,12.5,4.3,12.5,4.3,8.2
6772,104075,20260910,1517,5,5,1,2,1,4.8,2.0,4.8,2.0,2.8
6773,104076,20260617,1027,1,18,1,1,2,5.0,1.8,10.0,3.6,6.4
6774,104076,20260617,1027,1,12,1,1,1,12.0,4.2,12.0,4.2,7.8
6775,104077,20260723,1733,6,7,1,3,1,4.3,1.8,4.3,1.8,2.5
6776,104077,20260723,1733,6,24,1,3,1,8.0,3.0,8.0,3.0,5.0
6777,104078,20260522,816,1,4,2,2,1,4.5,1.9,4.5,1.9,2.6
6778,104078,20260522,816,1,24,2,2,1,8.0,3.0,8.0,3.0,5.0
6779,104078,20260522,816,1,23,2,2,1,9.0,3.4,9.0,3.4,5.6
6780,104079,20260608,731,2,5,1,1,1,4.8,2.0,4.8,2.0,2.8
6781,104079,20260608,731,2,12,1,1,1,12.0,4.2,12.0,4.2,7.8
6782,104080,20260718,2031,2,1,2,1,1,3.5,1.4,3.5,1.4,2.1
6783,104081,20260419,1018,3,8,1,1,1,8.5,3.2,8.5,3.2,5.3
6784,104081,20260419,1018,3,17,1,1,1,4.5,1.6,4.5,1.6,2.9
6785,104081,20260419,1018,3,2,1,1,1,4.0,1.6,4.0,1.6,2.4
6786,104082,20260813,1702,3,8,1,3,2,8.5,3.2,17.0,6.4,10.6
6787,104082,20260813,1702,3,15,1,3,1,11.0,4.0,11.0,4.0,7.0
6788,104082,20260813,1702,3,16,1,3,1,11.5,4.1,11.5,4.1,7.4
6789,104083,20260716,1021,2,20,1,1,1,6.5,2.4,6.5,2.4,4.1
6790,104084,20260826,831,5,2,1,3,1,4.0,1.6,4.0,1.6,2.4
6791,104084,20260826,831,5,7,1,3,1,4.3,1.8,4.3,1.8,2.5
6792,104084,20260826,831,5,3,1,3,1,3.8,1.5,3.8,1.5,2.3
6793,104085,20260625,811,1,2,1,1,1,4.0,1.6,4.0,1.6,2.4
6794,104086,20260501,1709,6,16,1,3,1,11.5,4.1,11.5,4.1,7.4
6795,104086,20260501,1709,6,10,1,3,1,8.0,3.0,8.0,3.0,5.0
6796,104086,20260501,1709,6,9,1,3,1,9.0,3.4,9.0,3.4,5.6
6797,104087,20260811,826,5,2,2,4,1,4.0,1.6,4.0,1.6,2.4
6798,104088,20260618,1859,2,20,2,3,1,6.5,2.4,6.5,2.4,4.1
6799,104088,20260618,1859,2,17,2,3,2,4.5,1.6,9.0,3.2,5.8
6800,104089,20260801,1003,2,12,1,1,2,12.0,4.2,24.0,8.4,15.6
6801,104090,20260814,1048,4,2,2,1,1,4.0,1.6,4.0,1.6,2.4
6802,104090,20260814,1048,4,8,2,1,1,8.5,3.2,8.5,3.2,5.3
6803,104090,20260814,1048,4,23,2,1,1,9.0,3.4,9.0,3.4,5.6
6804,104091,20260327,1537,1,8,1,1,1,8.5,3.2,8.5,3.2,5.3
6805,104092,20260828,1530,2,20,1,2,2,6.5,2.4,13.0,4.8,8.2
6806,104093,20260605,1020,6,17,1,4,1,4.5,1.6,4.5,1.6,2.9
6807,104094,20260728,907,4,3,1,1,1,3.8,1.5,3.8,1.5,2.3
6808,104095,20260504,1024,5,25,4,1,1,8.5,3.2,8.5,3.2,5.3
6809,104095,20260504,1024,5,4,4,1,2,4.5,1.9,9.0,3.8,5.2
6810,104096,20260408,1831,2,14,1,4,2,13.5,4.6,27.0,9.2,17.8
6811,104097,20260402,939,2,2,1,1,1,4.0,1.6,4.0,1.6,2.4
6812,104098,20260515,1326,1,20,4,3,1,6.5,2.4,6.5,2.4,4.1
6813,104099,20260401,1714,1,8,1,3,1,8.5,3.2,8.5,3.2,5.3
6814,104099,20260401,1714,1,19,1,3,1,5.5,2.0,5.5,2.0,3.5
6815,104100,20260511,1352,1,1,1,3,1,3.5,1.4,3.5,1.4,2.1
6816,104100,20260511,1352,1,8,1,3,2,8.5,3.2,17.0,6.4,10.6
6817,104100,20260511,1352,1,4,1,3,1,4.5,1.9,4.5,1.9,2.6
6818,104101,20260625,1553,1,17,2,1,1,4.5,1.6,4.5,1.6,2.9
6819,104101,20260625,1553,1,1,2,1,1,3.5,1.4,3.5,1.4,2.1
6820,104102,20260330,919,3,19,1,1,1,5.5,2.0,5.5,2.0,3.5
6821,104102,20260330,919,3,3,1,1,2,3.8,1.5,7.6,3.0,4.6
6822,104102,20260330,919,3,4,1,1,1,4.5,1.9,4.5,1.9,2.6
6823,104103,20260514,1747,3,11,1,4,1,10.5,3.8,10.5,3.8,6.7
6824,104104,20260823,2030,3,6,2,1,1,5.0,2.1,5.0,2.1,2.9
6825,104104,20260823,2030,3,6,2,1,1,5.0,2.1,5.0,2.1,2.9
6826,104105,20260428,1737,3,13,2,3,1,12.5,4.3,12.5,4.3,8.2
6827,104105,20260428,1737,3,10,2,3,1,8.0,3.0,8.0,3.0,5.0
6828,104106,20260804,835,2,9,2,1,1,9.0,3.4,9.0,3.4,5.6
6829,104106,20260804,835,2,6,2,1,1,5.0,2.1,5.0,2.1,2.9
6830,104106,20260804,835,2,9,2,1,1,9.0,3.4,9.0,3.4,5.6
6831,104107,20260326,2110,2,15,1,2,1,11.0,4.0,11.0,4.0,7.0
6832,104107,20260326,2110,2,11,1,2,2,10.5,3.8,21.0,7.6,13.4
6833,104108,20260809,1025,5,5,3,1,1,4.8,2.0,4.8,2.0,2.8
6834,104109,20260518,1906,2,20,1,1,1,6.5,2.4,6.5,2.4,4.1
6835,104109,20260518,1906,2,9,1,1,2,9.0,3.4,18.0,6.8,11.2
6836,104109,20260518,1906,2,5,1,1,1,4.8,2.0,4.8,2.0,2.8
6837,104110,20260628,822,3,15,1,4,1,11.0,4.0,11.0,4.0,7.0
6838,104110,20260628,822,3,6,1,4,1,5.0,2.1,5.0,2.1,2.9
6839,104111,20260716,1929,2,12,2,4,1,12.0,4.2,12.0,4.2,7.8
6840,104111,20260716,1929,2,11,2,4,1,10.5,3.8,10.5,3.8,6.7
6841,104112,20260318,930,3,21,4,3,1,9.0,3.2,9.0,3.2,5.8
6842,104112,20260318,930,3,18,4,3,1,5.0,1.8,5.0,1.8,3.2
6843,104113,20260911,1738,1,17,2,3,1,4.5,1.6,4.5,1.6,2.9
6844,104113,20260911,1738,1,24,2,3,1,8.0,3.0,8.0,3.0,5.0
6845,104113,20260911,1738,1,8,2,3,1,8.5,3.2,8.5,3.2,5.3
6846,104114,20260325,901,6,3,2,2,1,3.8,1.5,3.8,1.5,2.3
6847,104115,20260804,1828,3,13,1,2,2,12.5,4.3,25.0,8.6,16.4
6848,104116,20260427,916,1,7,2,4,1,4.3,1.8,4.3,1.8,2.5
6849,104117,20260725,718,1,16,1,1,1,11.5,4.1,11.5,4.1,7.4
6850,104117,20260725,718,1,14,1,1,1,13.5,4.6,13.5,4.6,8.9
6851,104117,20260725,718,1,5,1,1,1,4.8,2.0,4.8,2.0,2.8
6852,104118,20260402,1847,4,14,4,4,1,13.5,4.6,13.5,4.6,8.9
6853,104118,20260402,1847,4,13,4,4,1,12.5,4.3,12.5,4.3,8.2
6854,104119,20260729,805,3,7,2,2,2,4.3,1.8,8.6,3.6,5.0
6855,104119,20260729,805,3,6,2,2,1,5.0,2.1,5.0,2.1,2.9
6856,104120,20260606,1719,3,12,3,1,1,12.0,4.2,12.0,4.2,7.8
6857,104120,20260606,1719,3,20,3,1,1,6.5,2.4,6.5,2.4,4.1
6858,104121,20260403,1705,5,14,2,3,1,13.5,4.6,13.5,4.6,8.9
6859,104121,20260403,1705,5,8,2,3,1,8.5,3.2,8.5,3.2,5.3
6860,104122,20260910,1633,1,22,1,3,2,9.5,3.6,19.0,7.2,11.8
6861,104123,20260815,1821,1,8,1,1,1,8.5,3.2,8.5,3.2,5.3
6862,104123,20260815,1821,1,12,1,1,2,12.0,4.2,24.0,8.4,15.6
6863,104124,20260603,1011,3,2,1,2,1,4.0,1.6,4.0,1.6,2.4
6864,104124,20260603,1011,3,2,1,2,1,4.0,1.6,4.0,1.6,2.4
6865,104125,20260731,1818,1,2,1,1,2,4.0,1.6,8.0,3.2,4.8
6866,104126,20260726,1720,4,6,1,3,1,5.0,2.1,5.0,2.1,2.9
6867,104126,20260726,1720,4,3,1,3,1,3.8,1.5,3.8,1.5,2.3
6868,104126,20260726,1720,4,1,1,3,1,3.5,1.4,3.5,1.4,2.1
6869,104127,20260602,1022,3,3,1,4,1,3.8,1.5,3.8,1.5,2.3
6870,104127,20260602,1022,3,5,1,4,1,4.8,2.0,4.8,2.0,2.8
6871,104127,20260602,1022,3,18,1,4,1,5.0,1.8,5.0,1.8,3.2
6872,104128,20260715,1139,4,7,1,3,1,4.3,1.8,4.3,1.8,2.5
6873,104129,20260629,829,6,6,2,2,1,5.0,2.1,5.0,2.1,2.9
6874,104129,20260629,829,6,9,2,2,1,9.0,3.4,9.0,3.4,5.6
6875,104129,20260629,829,6,17,2,2,1,4.5,1.6,4.5,1.6,2.9
6876,104130,20260625,1832,4,15,1,4,1,11.0,4.0,11.0,4.0,7.0
6877,104131,20260404,944,1,4,4,4,1,4.5,1.9,4.5,1.9,2.6
6878,104132,20260413,905,1,25,1,2,1,8.5,3.2,8.5,3.2,5.3
6879,104133,20260518,938,1,4,1,2,2,4.5,1.9,9.0,3.8,5.2
6880,104134,20260805,1853,5,13,1,4,2,12.5,4.3,25.0,8.6,16.4
6881,104134,20260805,1853,5,12,1,4,1,12.0,4.2,12.0,4.2,7.8
6882,104134,20260805,1853,5,8,1,4,1,8.5,3.2,8.5,3.2,5.3
6883,104135,20260908,2148,4,9,1,1,1,9.0,3.4,9.0,3.4,5.6
6884,104136,20260320,1704,5,5,2,4,1,4.8,2.0,4.8,2.0,2.8
6885,104137,20260331,1825,4,2,3,3,1,4.0,1.6,4.0,1.6,2.4
6886,104138,20260606,810,6,18,2,2,1,5.0,1.8,5.0,1.8,3.2
6887,104138,20260606,810,6,1,2,2,2,3.5,1.4,7.0,2.8,4.2
6888,104139,20260429,1333,1,16,2,1,1,11.5,4.1,11.5,4.1,7.4
6889,104140,20260619,1840,2,21,2,1,1,9.0,3.2,9.0,3.2,5.8
6890,104140,20260619,1840,2,13,2,1,1,12.5,4.3,12.5,4.3,8.2
6891,104141,20260518,900,1,6,2,3,1,5.0,2.1,5.0,2.1,2.9
6892,104142,20260702,2125,1,17,4,1,2,4.5,1.6,9.0,3.2,5.8
6893,104143,20260702,1828,2,10,4,2,1,8.0,3.0,8.0,3.0,5.0
6894,104143,20260702,1828,2,11,4,2,1,10.5,3.8,10.5,3.8,6.7
6895,104144,20260428,923,1,4,1,1,1,4.5,1.9,4.5,1.9,2.6
6896,104145,20260320,1121,5,5,1,1,1,4.8,2.0,4.8,2.0,2.8
6897,104145,20260320,1121,5,21,1,1,1,9.0,3.2,9.0,3.2,5.8
6898,104145,20260320,1121,5,21,1,1,1,9.0,3.2,9.0,3.2,5.8
6899,104146,20260318,1754,2,8,2,4,1,8.5,3.2,8.5,3.2,5.3
6900,104146,20260318,1754,2,11,2,4,1,10.5,3.8,10.5,3.8,6.7
6901,104147,20260807,2116,2,3,3,1,1,3.8,1.5,3.8,1.5,2.3
6902,104148,20260605,949,6,5,2,1,1,4.8,2.0,4.8,2.0,2.8
6903,104149,20260408,1817,6,7,2,2,2,4.3,1.8,8.6,3.6,5.0
6904,104149,20260408,1817,6,11,2,2,1,10.5,3.8,10.5,3.8,6.7
6905,104150,20260620,1207,1,10,2,1,1,8.0,3.0,8.0,3.0,5.0
6906,104150,20260620,1207,1,7,2,1,1,4.3,1.8,4.3,1.8,2.5
6907,104150,20260620,1207,1,5,2,1,1,4.8,2.0,4.8,2.0,2.8
6908,104151,20260406,1230,3,2,1,1,1,4.0,1.6,4.0,1.6,2.4
6909,104151,20260406,1230,3,2,1,1,1,4.0,1.6,4.0,1.6,2.4
6910,104152,20260324,1814,1,1,4,2,1,3.5,1.4,3.5,1.4,2.1
6911,104153,20260720,850,3,18,2,1,1,5.0,1.8,5.0,1.8,3.2
6912,104153,20260720,850,3,6,2,1,1,5.0,2.1,5.0,2.1,2.9
6913,104154,20260625,1813,4,15,1,3,1,11.0,4.0,11.0,4.0,7.0
6914,104155,20260905,1741,1,25,1,3,1,8.5,3.2,8.5,3.2,5.3
6915,104156,20260901,1433,1,2,1,1,1,4.0,1.6,4.0,1.6,2.4
6916,104156,20260901,1433,1,12,1,1,1,12.0,4.2,12.0,4.2,7.8
6917,104157,20260601,1857,1,17,2,2,2,4.5,1.6,9.0,3.2,5.8
6918,104158,20260725,1905,1,6,2,2,1,5.0,2.1,5.0,2.1,2.9
6919,104158,20260725,1905,1,13,2,2,1,12.5,4.3,12.5,4.3,8.2
6920,104159,20260615,1525,1,19,2,1,1,5.5,2.0,5.5,2.0,3.5
6921,104159,20260615,1525,1,18,2,1,1,5.0,1.8,5.0,1.8,3.2
6922,104159,20260615,1525,1,22,2,1,1,9.5,3.6,9.5,3.6,5.9
6923,104160,20260914,1237,4,7,1,3,1,4.3,1.8,4.3,1.8,2.5
6924,104161,20260428,1639,5,7,1,1,2,4.3,1.8,8.6,3.6,5.0
6925,104162,20260727,903,2,1,2,1,1,3.5,1.4,3.5,1.4,2.1
6926,104162,20260727,903,2,3,2,1,1,3.8,1.5,3.8,1.5,2.3
6927,104163,20260617,1910,3,11,1,3,2,10.5,3.8,21.0,7.6,13.4
6928,104163,20260617,1910,3,11,1,3,1,10.5,3.8,10.5,3.8,6.7
6929,104163,20260617,1910,3,8,1,3,1,8.5,3.2,8.5,3.2,5.3
6930,104164,20260609,801,3,7,1,2,1,4.3,1.8,4.3,1.8,2.5
6931,104164,20260609,801,3,3,1,2,1,3.8,1.5,3.8,1.5,2.3
6932,104165,20260901,1811,1,15,1,4,1,11.0,4.0,11.0,4.0,7.0
6933,104166,20260821,1838,3,10,2,3,1,8.0,3.0,8.0,3.0,5.0
6934,104167,20260608,941,6,17,1,2,1,4.5,1.6,4.5,1.6,2.9
6935,104168,20260721,1605,4,9,2,1,1,9.0,3.4,9.0,3.4,5.6
6936,104169,20260419,1754,4,7,1,4,1,4.3,1.8,4.3,1.8,2.5
6937,104169,20260419,1754,4,19,1,4,1,5.5,2.0,5.5,2.0,3.5
6938,104170,20260906,1907,3,24,1,3,1,8.0,3.0,8.0,3.0,5.0
6939,104171,20260517,1025,3,7,1,1,1,4.3,1.8,4.3,1.8,2.5
6940,104171,20260517,1025,3,1,1,1,1,3.5,1.4,3.5,1.4,2.1
6941,104171,20260517,1025,3,1,1,1,1,3.5,1.4,3.5,1.4,2.1
6942,104172,20260317,853,5,18,2,1,1,5.0,1.8,5.0,1.8,3.2
6943,104173,20260803,747,5,14,2,1,2,13.5,4.6,27.0,9.2,17.8
6944,104173,20260803,747,5,20,2,1,1,6.5,2.4,6.5,2.4,4.1
6945,104174,20260513,1852,2,8,1,1,1,8.5,3.2,8.5,3.2,5.3
6946,104175,20260321,1332,4,24,1,1,1,8.0,3.0,8.0,3.0,5.0
6947,104176,20260527,725,2,11,2,1,2,10.5,3.8,21.0,7.6,13.4
6948,104176,20260527,725,2,4,2,1,1,4.5,1.9,4.5,1.9,2.6
6949,104177,20260412,1636,4,5,2,3,1,4.8,2.0,4.8,2.0,2.8
6950,104178,20260623,921,1,6,1,2,1,5.0,2.1,5.0,2.1,2.9
6951,104179,20260507,2040,4,19,1,1,1,5.5,2.0,5.5,2.0,3.5
6952,104179,20260507,2040,4,22,1,1,1,9.5,3.6,9.5,3.6,5.9
6953,104180,20260510,1737,4,9,1,2,1,9.0,3.4,9.0,3.4,5.6
6954,104180,20260510,1737,4,12,1,2,1,12.0,4.2,12.0,4.2,7.8
6955,104181,20260611,1830,1,5,1,1,1,4.8,2.0,4.8,2.0,2.8
6956,104181,20260611,1830,1,16,1,1,1,11.5,4.1,11.5,4.1,7.4
6957,104182,20260528,917,2,4,1,2,1,4.5,1.9,4.5,1.9,2.6
6958,104182,20260528,917,2,25,1,2,2,8.5,3.2,17.0,6.4,10.6
6959,104183,20260912,1026,5,4,1,1,1,4.5,1.9,4.5,1.9,2.6
6960,104184,20260416,1842,5,16,1,4,1,11.5,4.1,11.5,4.1,7.4
6961,104184,20260416,1842,5,17,1,4,1,4.5,1.6,4.5,1.6,2.9
6962,104185,20260731,1817,1,6,1,2,2,5.0,2.1,10.0,4.2,5.8
6963,104185,20260731,1817,1,7,1,2,1,4.3,1.8,4.3,1.8,2.5
6964,104185,20260731,1817,1,23,1,2,1,9.0,3.4,9.0,3.4,5.6
6965,104186,20260429,716,5,24,1,1,1,8.0,3.0,8.0,3.0,5.0
6966,104187,20260618,1815,2,10,2,4,1,8.0,3.0,8.0,3.0,5.0
6967,104187,20260618,1815,2,13,2,4,1,12.5,4.3,12.5,4.3,8.2
6968,104188,20260615,1646,2,15,2,3,1,11.0,4.0,11.0,4.0,7.0
6969,104188,20260615,1646,2,12,2,3,1,12.0,4.2,12.0,4.2,7.8
6970,104189,20260421,828,3,3,1,2,1,3.8,1.5,3.8,1.5,2.3
6971,104189,20260421,828,3,4,1,2,1,4.5,1.9,4.5,1.9,2.6
6972,104190,20260702,1838,3,18,2,1,1,5.0,1.8,5.0,1.8,3.2
6973,104191,20260814,930,5,21,2,3,1,9.0,3.2,9.0,3.2,5.8
6974,104191,20260814,930,5,7,2,3,1,4.3,1.8,4.3,1.8,2.5
6975,104191,20260814,930,5,18,2,3,2,5.0,1.8,10.0,3.6,6.4
6976,104192,20260423,941,1,3,2,1,1,3.8,1.5,3.8,1.5,2.3
6977,104193,20260727,907,2,2,1,1,1,4.0,1.6,4.0,1.6,2.4
6978,104194,20260416,1713,1,22,4,4,1,9.5,3.6,9.5,3.6,5.9
6979,104194,20260416,1713,1,12,4,4,1,12.0,4.2,12.0,4.2,7.8
6980,104195,20260827,912,4,2,1,2,1,4.0,1.6,4.0,1.6,2.4
6981,104195,20260827,912,4,16,1,2,1,11.5,4.1,11.5,4.1,7.4
6982,104195,20260827,912,4,2,1,2,1,4.0,1.6,4.0,1.6,2.4
6983,104196,20260914,849,5,1,1,2,1,3.5,1.4,3.5,1.4,2.1
6984,104196,20260914,849,5,15,1,2,1,11.0,4.0,11.0,4.0,7.0
6985,104196,20260914,849,5,19,1,2,1,5.5,2.0,5.5,2.0,3.5
6986,104197,20260516,1644,2,2,1,4,1,4.0,1.6,4.0,1.6,2.4
6987,104197,20260516,1644,2,11,1,4,1,10.5,3.8,10.5,3.8,6.7
6988,104197,20260516,1644,2,10,1,4,1,8.0,3.0,8.0,3.0,5.0
6989,104198,20260612,858,4,24,1,4,1,8.0,3.0,8.0,3.0,5.0
6990,104199,20260625,1707,3,15,2,1,2,11.0,4.0,22.0,8.0,14.0
6991,104200,20260411,1645,5,2,1,1,1,4.0,1.6,4.0,1.6,2.4
6992,104201,20260621,1329,5,19,2,2,1,5.5,2.0,5.5,2.0,3.5
6993,104201,20260621,1329,5,11,2,2,1,10.5,3.8,10.5,3.8,6.7
6994,104202,20260905,949,2,20,2,3,1,6.5,2.4,6.5,2.4,4.1
6995,104203,20260420,1709,4,3,2,1,2,3.8,1.5,7.6,3.0,4.6
6996,104203,20260420,1709,4,8,2,1,1,8.5,3.2,8.5,3.2,5.3
6997,104204,20260422,903,6,22,1,4,1,9.5,3.6,9.5,3.6,5.9
6998,104205,20260412,1954,1,14,1,1,1,13.5,4.6,13.5,4.6,8.9
6999,104205,20260412,1954,1,11,1,1,1,10.5,3.8,10.5,3.8,6.7
7000,104205,20260412,1954,1,16,1,1,1,11.5,4.1,11.5,4.1,7.4
7001,104206,20260603,954,6,1,1,4,1,3.5,1.4,3.5,1.4,2.1
7002,104206,20260603,954,6,10,1,4,1,8.0,3.0,8.0,3.0,5.0
7003,104207,20260530,1746,1,23,1,1,1,9.0,3.4,9.0,3.4,5.6
7004,104208,20260522,1809,2,6,3,1,1,5.0,2.1,5.0,2.1,2.9
7005,104209,20260331,1738,4,11,3,1,1,10.5,3.8,10.5,3.8,6.7
7006,104210,20260530,719,2,3,1,1,2,3.8,1.5,7.6,3.0,4.6
7007,104210,20260530,719,2,19,1,1,1,5.5,2.0,5.5,2.0,3.5
7008,104211,20260807,959,5,18,1,1,1,5.0,1.8,5.0,1.8,3.2
7009,104212,20260719,1128,2,7,1,1,1,4.3,1.8,4.3,1.8,2.5
7010,104212,20260719,1128,2,3,1,1,2,3.8,1.5,7.6,3.0,4.6
7011,104213,20260519,908,5,10,2,1,1,8.0,3.0,8.0,3.0,5.0
7012,104214,20260707,1913,2,8,1,3,1,8.5,3.2,8.5,3.2,5.3
7013,104215,20260903,1821,1,8,1,2,1,8.5,3.2,8.5,3.2,5.3
7014,104215,20260903,1821,1,15,1,2,1,11.0,4.0,11.0,4.0,7.0
7015,104216,20260614,2043,3,8,1,1,1,8.5,3.2,8.5,3.2,5.3
7016,104217,20260702,1414,2,23,2,3,1,9.0,3.4,9.0,3.4,5.6
7017,104218,20260426,1014,4,3,1,1,1,3.8,1.5,3.8,1.5,2.3
7018,104218,20260426,1014,4,20,1,1,1,6.5,2.4,6.5,2.4,4.1
7019,104219,20260323,1038,4,4,2,2,1,4.5,1.9,4.5,1.9,2.6
7020,104219,20260323,1038,4,23,2,2,1,9.0,3.4,9.0,3.4,5.6
7021,104220,20260430,1820,3,16,1,1,1,11.5,4.1,11.5,4.1,7.4
7022,104221,20260408,2103,5,5,1,1,1,4.8,2.0,4.8,2.0,2.8
7023,104221,20260408,2103,5,10,1,1,1,8.0,3.0,8.0,3.0,5.0
7024,104221,20260408,2103,5,19,1,1,2,5.5,2.0,11.0,4.0,7.0
7025,104222,20260727,1013,2,23,1,1,2,9.0,3.4,18.0,6.8,11.2
7026,104222,20260727,1013,2,19,1,1,1,5.5,2.0,5.5,2.0,3.5
7027,104223,20260807,821,5,20,3,1,1,6.5,2.4,6.5,2.4,4.1
7028,104223,20260807,821,5,14,3,1,1,13.5,4.6,13.5,4.6,8.9
7029,104223,20260807,821,5,4,3,1,1,4.5,1.9,4.5,1.9,2.6
7030,104224,20260914,1853,3,12,2,4,1,12.0,4.2,12.0,4.2,7.8
7031,104224,20260914,1853,3,21,2,4,1,9.0,3.2,9.0,3.2,5.8
7032,104225,20260711,1638,6,3,1,3,1,3.8,1.5,3.8,1.5,2.3
7033,104226,20260502,955,6,9,1,3,1,9.0,3.4,9.0,3.4,5.6
7034,104227,20260812,2100,4,9,1,4,1,9.0,3.4,9.0,3.4,5.6
7035,104228,20260720,1637,1,23,2,1,2,9.0,3.4,18.0,6.8,11.2
7036,104229,20260601,1308,4,6,1,1,1,5.0,2.1,5.0,2.1,2.9
7037,104230,20260623,1041,5,6,1,1,1,5.0,2.1,5.0,2.1,2.9
7038,104231,20260825,1001,3,21,1,1,1,9.0,3.2,9.0,3.2,5.8
7039,104231,20260825,1001,3,21,1,1,1,9.0,3.2,9.0,3.2,5.8
7040,104231,20260825,1001,3,4,1,1,1,4.5,1.9,4.5,1.9,2.6
7041,104232,20260726,1047,5,21,2,2,2,9.0,3.2,18.0,6.4,11.6
7042,104232,20260726,1047,5,5,2,2,2,4.8,2.0,9.6,4.0,5.6
7043,104232,20260726,1047,5,20,2,2,1,6.5,2.4,6.5,2.4,4.1
7044,104233,20260325,2037,4,1,2,1,1,3.5,1.4,3.5,1.4,2.1
7045,104234,20260625,1647,1,11,3,2,1,10.5,3.8,10.5,3.8,6.7
7046,104235,20260824,805,6,3,1,2,1,3.8,1.5,3.8,1.5,2.3
7047,104235,20260824,805,6,17,1,2,1,4.5,1.6,4.5,1.6,2.9
7048,104235,20260824,805,6,1,1,2,1,3.5,1.4,3.5,1.4,2.1
7049,104236,20260728,1805,5,16,1,1,1,11.5,4.1,11.5,4.1,7.4
7050,104237,20260612,1357,2,16,1,1,1,11.5,4.1,11.5,4.1,7.4
7051,104237,20260612,1357,2,19,1,1,1,5.5,2.0,5.5,2.0,3.5
7052,104238,20260430,813,1,19,4,3,1,5.5,2.0,5.5,2.0,3.5
7053,104238,20260430,813,1,19,4,3,1,5.5,2.0,5.5,2.0,3.5
7054,104239,20260404,1721,4,11,2,2,1,10.5,3.8,10.5,3.8,6.7
7055,104240,20260419,1630,3,11,1,4,1,10.5,3.8,10.5,3.8,6.7
7056,104241,20260518,1628,4,15,2,1,1,11.0,4.0,11.0,4.0,7.0
7057,104241,20260518,1628,4,14,2,1,2,13.5,4.6,27.0,9.2,17.8
7058,104241,20260518,1628,4,7,2,1,1,4.3,1.8,4.3,1.8,2.5
7059,104242,20260806,947,2,7,1,3,1,4.3,1.8,4.3,1.8,2.5
7060,104242,20260806,947,2,6,1,3,1,5.0,2.1,5.0,2.1,2.9
7061,104243,20260531,1648,5,12,1,1,1,12.0,4.2,12.0,4.2,7.8
7062,104244,20260627,1125,2,22,1,1,1,9.5,3.6,9.5,3.6,5.9
7063,104245,20260315,855,3,5,2,1,1,4.8,2.0,4.8,2.0,2.8
7064,104246,20260827,1832,2,13,1,1,1,12.5,4.3,12.5,4.3,8.2
7065,104247,20260328,1842,3,9,2,3,1,9.0,3.4,9.0,3.4,5.6
7066,104248,20260712,906,4,6,1,1,1,5.0,2.1,5.0,2.1,2.9
7067,104248,20260712,906,4,11,1,1,1,10.5,3.8,10.5,3.8,6.7
7068,104249,20260720,901,2,5,2,1,1,4.8,2.0,4.8,2.0,2.8
7069,104250,20260430,1749,5,22,1,4,1,9.5,3.6,9.5,3.6,5.9
7070,104250,20260430,1749,5,6,1,4,1,5.0,2.1,5.0,2.1,2.9
7071,104251,20260829,1813,3,16,1,2,1,11.5,4.1,11.5,4.1,7.4
7072,104251,20260829,1813,3,11,1,2,1,10.5,3.8,10.5,3.8,6.7
7073,104252,20260530,1819,1,15,2,1,1,11.0,4.0,11.0,4.0,7.0
7074,104252,20260530,1819,1,14,2,1,1,13.5,4.6,13.5,4.6,8.9
7075,104253,20260731,1231,3,3,2,2,1,3.8,1.5,3.8,1.5,2.3
7076,104253,20260731,1231,3,23,2,2,2,9.0,3.4,18.0,6.8,11.2
7077,104254,20260906,1841,1,9,3,2,2,9.0,3.4,18.0,6.8,11.2
7078,104255,20260526,948,3,9,2,1,1,9.0,3.4,9.0,3.4,5.6
7079,104255,20260526,948,3,2,2,1,1,4.0,1.6,4.0,1.6,2.4
7080,104255,20260526,948,3,7,2,1,1,4.3,1.8,4.3,1.8,2.5
7081,104256,20260724,1016,5,3,2,1,1,3.8,1.5,3.8,1.5,2.3
7082,104256,20260724,1016,5,1,2,1,1,3.5,1.4,3.5,1.4,2.1
7083,104257,20260725,1743,6,12,1,3,2,12.0,4.2,24.0,8.4,15.6
7084,104258,20260518,1058,6,21,2,1,1,9.0,3.2,9.0,3.2,5.8
7085,104259,20260605,903,5,6,3,1,1,5.0,2.1,5.0,2.1,2.9
7086,104259,20260605,903,5,21,3,1,2,9.0,3.2,18.0,6.4,11.6
7087,104259,20260605,903,5,2,3,1,2,4.0,1.6,8.0,3.2,4.8
7088,104260,20260409,1825,1,1,1,4,1,3.5,1.4,3.5,1.4,2.1
7089,104260,20260409,1825,1,3,1,4,1,3.8,1.5,3.8,1.5,2.3
7090,104261,20260816,2119,2,14,2,1,1,13.5,4.6,13.5,4.6,8.9
7091,104261,20260816,2119,2,19,2,1,1,5.5,2.0,5.5,2.0,3.5
7092,104261,20260816,2119,2,2,2,1,1,4.0,1.6,4.0,1.6,2.4
7093,104262,20260521,954,4,2,3,1,1,4.0,1.6,4.0,1.6,2.4
7094,104263,20260630,900,3,1,2,1,1,3.5,1.4,3.5,1.4,2.1
7095,104263,20260630,900,3,11,2,1,1,10.5,3.8,10.5,3.8,6.7
7096,104264,20260610,1827,5,9,1,3,1,9.0,3.4,9.0,3.4,5.6
7097,104264,20260610,1827,5,24,1,3,1,8.0,3.0,8.0,3.0,5.0
7098,104265,20260519,1836,1,13,2,2,1,12.5,4.3,12.5,4.3,8.2
7099,104265,20260519,1836,1,21,2,2,1,9.0,3.2,9.0,3.2,5.8
7100,104266,20260731,1852,4,14,1,2,1,13.5,4.6,13.5,4.6,8.9
7101,104266,20260731,1852,4,13,1,2,1,12.5,4.3,12.5,4.3,8.2
7102,104267,20260812,1330,4,14,1,1,1,13.5,4.6,13.5,4.6,8.9
7103,104267,20260812,1330,4,18,1,1,1,5.0,1.8,5.0,1.8,3.2
7104,104268,20260613,1808,5,16,1,1,1,11.5,4.1,11.5,4.1,7.4
7105,104268,20260613,1808,5,7,1,1,1,4.3,1.8,4.3,1.8,2.5
7106,104269,20260820,1242,3,8,1,1,1,8.5,3.2,8.5,3.2,5.3
7107,104270,20260826,1736,3,15,2,4,1,11.0,4.0,11.0,4.0,7.0
7108,104271,20260606,1710,6,20,1,4,1,6.5,2.4,6.5,2.4,4.1
7109,104271,20260606,1710,6,25,1,4,1,8.5,3.2,8.5,3.2,5.3
7110,104272,20260717,1022,2,4,4,1,1,4.5,1.9,4.5,1.9,2.6
7111,104273,20260703,2021,1,5,2,1,1,4.8,2.0,4.8,2.0,2.8
7112,104274,20260526,1740,1,8,2,2,1,8.5,3.2,8.5,3.2,5.3
7113,104275,20260406,819,1,4,2,1,1,4.5,1.9,4.5,1.9,2.6
7114,104276,20260320,1649,2,19,1,3,1,5.5,2.0,5.5,2.0,3.5
7115,104277,20260324,1544,3,10,2,4,1,8.0,3.0,8.0,3.0,5.0
7116,104278,20260905,1857,5,16,2,2,2,11.5,4.1,23.0,8.2,14.8
7117,104279,20260726,1554,1,1,1,2,1,3.5,1.4,3.5,1.4,2.1
7118,104279,20260726,1554,1,22,1,2,1,9.5,3.6,9.5,3.6,5.9
7119,104280,20260822,1214,3,17,2,1,1,4.5,1.6,4.5,1.6,2.9
7120,104281,20260701,1934,1,22,1,1,1,9.5,3.6,9.5,3.6,5.9
7121,104281,20260701,1934,1,10,1,1,2,8.0,3.0,16.0,6.0,10.0
7122,104282,20260810,1025,6,22,1,1,2,9.5,3.6,19.0,7.2,11.8
7123,104282,20260810,1025,6,5,1,1,1,4.8,2.0,4.8,2.0,2.8
7124,104283,20260531,1505,4,6,1,2,1,5.0,2.1,5.0,2.1,2.9
7125,104284,20260401,1525,5,24,1,3,1,8.0,3.0,8.0,3.0,5.0
7126,104284,20260401,1525,5,13,1,3,2,12.5,4.3,25.0,8.6,16.4
7127,104285,20260626,1354,6,10,1,1,1,8.0,3.0,8.0,3.0,5.0
7128,104285,20260626,1354,6,19,1,1,2,5.5,2.0,11.0,4.0,7.0
7129,104286,20260419,935,4,2,3,2,2,4.0,1.6,8.0,3.2,4.8
7130,104287,20260626,903,5,1,3,4,1,3.5,1.4,3.5,1.4,2.1
7131,104288,20260316,1728,6,8,1,2,1,8.5,3.2,8.5,3.2,5.3
7132,104288,20260316,1728,6,3,1,2,1,3.8,1.5,3.8,1.5,2.3
7133,104289,20260510,1804,2,17,1,4,1,4.5,1.6,4.5,1.6,2.9
7134,104289,20260510,1804,2,1,1,4,1,3.5,1.4,3.5,1.4,2.1
7135,104290,20260615,1814,4,14,4,1,1,13.5,4.6,13.5,4.6,8.9
7136,104291,20260713,1757,2,15,1,1,2,11.0,4.0,22.0,8.0,14.0
7137,104291,20260713,1757,2,23,1,1,1,9.0,3.4,9.0,3.4,5.6
7138,104291,20260713,1757,2,15,1,1,2,11.0,4.0,22.0,8.0,14.0
7139,104292,20260606,832,4,19,2,1,1,5.5,2.0,5.5,2.0,3.5
7140,104292,20260606,832,4,19,2,1,1,5.5,2.0,5.5,2.0,3.5
7141,104293,20260815,2159,2,9,1,2,2,9.0,3.4,18.0,6.8,11.2
7142,104293,20260815,2159,2,7,1,2,1,4.3,1.8,4.3,1.8,2.5
7143,104294,20260820,1643,1,13,2,4,1,12.5,4.3,12.5,4.3,8.2
7144,104295,20260519,1310,6,12,1,2,1,12.0,4.2,12.0,4.2,7.8
7145,104295,20260519,1310,6,10,1,2,1,8.0,3.0,8.0,3.0,5.0
7146,104296,20260827,1000,6,19,1,1,1,5.5,2.0,5.5,2.0,3.5
7147,104297,20260907,2025,2,7,2,2,1,4.3,1.8,4.3,1.8,2.5
7148,104297,20260907,2025,2,17,2,2,1,4.5,1.6,4.5,1.6,2.9
7149,104298,20260622,1859,3,12,1,3,1,12.0,4.2,12.0,4.2,7.8
7150,104299,20260728,1420,1,6,3,2,1,5.0,2.1,5.0,2.1,2.9
7151,104300,20260530,1019,3,19,2,1,1,5.5,2.0,5.5,2.0,3.5
7152,104300,20260530,1019,3,6,2,1,2,5.0,2.1,10.0,4.2,5.8
7153,104301,20260403,1657,3,23,1,3,1,9.0,3.4,9.0,3.4,5.6
7154,104302,20260417,816,4,17,1,1,1,4.5,1.6,4.5,1.6,2.9
7155,104302,20260417,816,4,22,1,1,1,9.5,3.6,9.5,3.6,5.9
7156,104303,20260914,1906,1,9,2,3,1,9.0,3.4,9.0,3.4,5.6
7157,104303,20260914,1906,1,16,2,3,1,11.5,4.1,11.5,4.1,7.4
7158,104304,20260626,1658,4,7,2,2,1,4.3,1.8,4.3,1.8,2.5
7159,104304,20260626,1658,4,8,2,2,1,8.5,3.2,8.5,3.2,5.3
7160,104305,20260527,936,3,15,1,2,1,11.0,4.0,11.0,4.0,7.0
7161,104305,20260527,936,3,21,1,2,1,9.0,3.2,9.0,3.2,5.8
7162,104306,20260911,831,1,10,4,1,1,8.0,3.0,8.0,3.0,5.0
7163,104307,20260423,1742,2,13,2,1,1,12.5,4.3,12.5,4.3,8.2
7164,104308,20260406,822,4,17,2,2,1,4.5,1.6,4.5,1.6,2.9
7165,104309,20260504,1750,1,13,1,3,1,12.5,4.3,12.5,4.3,8.2
7166,104309,20260504,1750,1,9,1,3,1,9.0,3.4,9.0,3.4,5.6
7167,104310,20260620,1307,2,2,4,1,1,4.0,1.6,4.0,1.6,2.4
7168,104310,20260620,1307,2,21,4,1,2,9.0,3.2,18.0,6.4,11.6
7169,104311,20260721,1909,4,15,4,1,1,11.0,4.0,11.0,4.0,7.0
7170,104312,20260507,1605,2,3,1,3,1,3.8,1.5,3.8,1.5,2.3
7171,104313,20260405,1925,2,12,2,4,1,12.0,4.2,12.0,4.2,7.8
7172,104314,20260818,929,5,18,2,1,1,5.0,1.8,5.0,1.8,3.2
7173,104315,20260327,900,2,21,1,4,1,9.0,3.2,9.0,3.2,5.8
7174,104316,20260414,1802,4,24,2,4,1,8.0,3.0,8.0,3.0,5.0
7175,104317,20260410,913,5,23,2,1,1,9.0,3.4,9.0,3.4,5.6
7176,104317,20260410,913,5,6,2,1,1,5.0,2.1,5.0,2.1,2.9
7177,104317,20260410,913,5,6,2,1,1,5.0,2.1,5.0,2.1,2.9
7178,104318,20260705,816,4,9,1,3,1,9.0,3.4,9.0,3.4,5.6
7179,104319,20260315,1021,1,9,1,2,1,9.0,3.4,9.0,3.4,5.6
7180,104320,20260630,1744,4,16,2,3,1,11.5,4.1,11.5,4.1,7.4
7181,104320,20260630,1744,4,13,2,3,1,12.5,4.3,12.5,4.3,8.2
7182,104321,20260630,1737,3,3,4,3,2,3.8,1.5,7.6,3.0,4.6
7183,104321,20260630,1737,3,7,4,3,1,4.3,1.8,4.3,1.8,2.5
7184,104321,20260630,1737,3,8,4,3,1,8.5,3.2,8.5,3.2,5.3
7185,104322,20260710,1634,1,11,2,1,1,10.5,3.8,10.5,3.8,6.7
7186,104323,20260526,1843,2,7,1,1,1,4.3,1.8,4.3,1.8,2.5
7187,104324,20260630,1005,2,7,1,4,2,4.3,1.8,8.6,3.6,5.0
7188,104325,20260617,1511,2,18,2,1,1,5.0,1.8,5.0,1.8,3.2
7189,104326,20260401,754,2,7,2,4,2,4.3,1.8,8.6,3.6,5.0
7190,104326,20260401,754,2,11,2,4,1,10.5,3.8,10.5,3.8,6.7
7191,104327,20260704,900,3,20,3,1,1,6.5,2.4,6.5,2.4,4.1
7192,104327,20260704,900,3,7,3,1,1,4.3,1.8,4.3,1.8,2.5
7193,104328,20260710,1012,1,21,1,4,1,9.0,3.2,9.0,3.2,5.8
7194,104329,20260401,1310,4,16,1,1,1,11.5,4.1,11.5,4.1,7.4
7195,104329,20260401,1310,4,19,1,1,1,5.5,2.0,5.5,2.0,3.5
7196,104330,20260505,1829,1,22,2,3,1,9.5,3.6,9.5,3.6,5.9
7197,104331,20260911,1641,1,7,4,4,1,4.3,1.8,4.3,1.8,2.5
7198,104332,20260905,1616,4,6,1,2,1,5.0,2.1,5.0,2.1,2.9
7199,104332,20260905,1616,4,24,1,2,1,8.0,3.0,8.0,3.0,5.0
7200,104332,20260905,1616,4,20,1,2,1,6.5,2.4,6.5,2.4,4.1
7201,104333,20260506,935,1,17,1,1,1,4.5,1.6,4.5,1.6,2.9
7202,104333,20260506,935,1,7,1,1,1,4.3,1.8,4.3,1.8,2.5
7203,104334,20260427,1813,2,13,2,3,1,12.5,4.3,12.5,4.3,8.2
7204,104334,20260427,1813,2,12,2,3,2,12.0,4.2,24.0,8.4,15.6
7205,104334,20260427,1813,2,1,2,3,1,3.5,1.4,3.5,1.4,2.1
7206,104335,20260719,1530,6,6,2,4,1,5.0,2.1,5.0,2.1,2.9
7207,104336,20260607,2057,4,20,2,4,1,6.5,2.4,6.5,2.4,4.1
7208,104336,20260607,2057,4,5,2,4,1,4.8,2.0,4.8,2.0,2.8
7209,104337,20260418,1807,2,8,2,2,1,8.5,3.2,8.5,3.2,5.3
7210,104337,20260418,1807,2,5,2,2,1,4.8,2.0,4.8,2.0,2.8
7211,104338,20260511,1313,3,21,3,2,1,9.0,3.2,9.0,3.2,5.8
7212,104339,20260720,1915,6,11,1,1,1,10.5,3.8,10.5,3.8,6.7
7213,104340,20260822,2134,5,8,4,1,1,8.5,3.2,8.5,3.2,5.3
7214,104341,20260720,946,5,18,2,2,1,5.0,1.8,5.0,1.8,3.2
7215,104341,20260720,946,5,7,2,2,2,4.3,1.8,8.6,3.6,5.0
7216,104342,20260503,813,2,8,1,3,1,8.5,3.2,8.5,3.2,5.3
7217,104343,20260601,1239,4,14,1,1,1,13.5,4.6,13.5,4.6,8.9
7218,104343,20260601,1239,4,9,1,1,1,9.0,3.4,9.0,3.4,5.6
7219,104343,20260601,1239,4,21,1,1,2,9.0,3.2,18.0,6.4,11.6
7220,104344,20260520,1924,4,9,1,4,1,9.0,3.4,9.0,3.4,5.6
7221,104345,20260606,1926,2,20,1,4,1,6.5,2.4,6.5,2.4,4.1
7222,104345,20260606,1926,2,13,1,4,1,12.5,4.3,12.5,4.3,8.2
7223,104346,20260512,853,3,3,1,1,2,3.8,1.5,7.6,3.0,4.6
7224,104347,20260420,821,2,10,1,1,2,8.0,3.0,16.0,6.0,10.0
7225,104347,20260420,821,2,12,1,1,1,12.0,4.2,12.0,4.2,7.8
7226,104348,20260827,858,3,4,2,1,2,4.5,1.9,9.0,3.8,5.2
7227,104349,20260611,1405,4,7,1,2,1,4.3,1.8,4.3,1.8,2.5
7228,104350,20260826,1019,5,16,2,1,1,11.5,4.1,11.5,4.1,7.4
7229,104350,20260826,1019,5,4,2,1,1,4.5,1.9,4.5,1.9,2.6
7230,104350,20260826,1019,5,1,2,1,1,3.5,1.4,3.5,1.4,2.1
7231,104351,20260402,1736,6,10,2,4,1,8.0,3.0,8.0,3.0,5.0
7232,104352,20260511,1024,6,2,2,1,1,4.0,1.6,4.0,1.6,2.4
7233,104352,20260511,1024,6,5,2,1,1,4.8,2.0,4.8,2.0,2.8
7234,104353,20260501,1450,6,8,1,3,2,8.5,3.2,17.0,6.4,10.6
7235,104354,20260325,1755,2,11,1,1,1,10.5,3.8,10.5,3.8,6.7
7236,104355,20260808,903,1,4,3,1,1,4.5,1.9,4.5,1.9,2.6
7237,104356,20260511,1434,1,8,1,1,1,8.5,3.2,8.5,3.2,5.3
7238,104357,20260611,914,2,25,2,3,1,8.5,3.2,8.5,3.2,5.3
7239,104358,20260810,928,3,8,1,4,1,8.5,3.2,8.5,3.2,5.3
7240,104359,20260819,914,5,18,2,3,1,5.0,1.8,5.0,1.8,3.2
7241,104359,20260819,914,5,1,2,3,1,3.5,1.4,3.5,1.4,2.1
7242,104360,20260820,1737,5,22,2,3,1,9.5,3.6,9.5,3.6,5.9
7243,104361,20260512,1333,2,8,2,4,2,8.5,3.2,17.0,6.4,10.6
7244,104361,20260512,1333,2,6,2,4,1,5.0,2.1,5.0,2.1,2.9
7245,104361,20260512,1333,2,19,2,4,1,5.5,2.0,5.5,2.0,3.5
7246,104362,20260822,1817,1,9,1,2,1,9.0,3.4,9.0,3.4,5.6
7247,104363,20260717,1829,2,12,1,1,1,12.0,4.2,12.0,4.2,7.8
7248,104364,20260909,1758,2,4,1,3,1,4.5,1.9,4.5,1.9,2.6
7249,104364,20260909,1758,2,25,1,3,1,8.5,3.2,8.5,3.2,5.3
7250,104365,20260520,1254,5,15,1,1,1,11.0,4.0,11.0,4.0,7.0
7251,104366,20260815,1011,5,7,2,3,2,4.3,1.8,8.6,3.6,5.0
7252,104367,20260612,1008,6,1,1,2,1,3.5,1.4,3.5,1.4,2.1
7253,104368,20260614,1822,2,24,3,2,2,8.0,3.0,16.0,6.0,10.0
7254,104369,20260329,1713,1,11,2,4,2,10.5,3.8,21.0,7.6,13.4
7255,104370,20260810,1722,6,15,1,3,1,11.0,4.0,11.0,4.0,7.0
7256,104370,20260810,1722,6,8,1,3,1,8.5,3.2,8.5,3.2,5.3
7257,104371,20260327,1305,1,8,4,4,1,8.5,3.2,8.5,3.2,5.3
7258,104372,20260429,1742,2,8,2,4,1,8.5,3.2,8.5,3.2,5.3
7259,104373,20260818,1630,3,21,1,1,1,9.0,3.2,9.0,3.2,5.8
7260,104373,20260818,1630,3,19,1,1,1,5.5,2.0,5.5,2.0,3.5
7261,104373,20260818,1630,3,8,1,1,1,8.5,3.2,8.5,3.2,5.3
7262,104374,20260728,1713,4,8,1,3,1,8.5,3.2,8.5,3.2,5.3
7263,104374,20260728,1713,4,14,1,3,1,13.5,4.6,13.5,4.6,8.9
7264,104375,20260523,725,2,19,2,4,1,5.5,2.0,5.5,2.0,3.5
7265,104375,20260523,725,2,8,2,4,1,8.5,3.2,8.5,3.2,5.3
7266,104376,20260815,1812,1,20,1,1,2,6.5,2.4,13.0,4.8,8.2
7267,104376,20260815,1812,1,8,1,1,2,8.5,3.2,17.0,6.4,10.6
7268,104377,20260602,1033,2,8,1,3,1,8.5,3.2,8.5,3.2,5.3
7269,104377,20260602,1033,2,2,1,3,1,4.0,1.6,4.0,1.6,2.4
7270,104378,20260613,741,5,10,2,1,1,8.0,3.0,8.0,3.0,5.0
7271,104379,20260413,1823,4,14,1,1,1,13.5,4.6,13.5,4.6,8.9
7272,104379,20260413,1823,4,3,1,1,2,3.8,1.5,7.6,3.0,4.6
7273,104379,20260413,1823,4,14,1,1,1,13.5,4.6,13.5,4.6,8.9
7274,104380,20260630,1622,6,23,2,4,1,9.0,3.4,9.0,3.4,5.6
7275,104381,20260714,2149,3,17,1,1,1,4.5,1.6,4.5,1.6,2.9
7276,104382,20260712,1907,1,12,1,1,1,12.0,4.2,12.0,4.2,7.8
7277,104382,20260712,1907,1,24,1,1,1,8.0,3.0,8.0,3.0,5.0
7278,104383,20260520,938,2,1,3,2,1,3.5,1.4,3.5,1.4,2.1
7279,104384,20260412,1250,3,9,2,1,2,9.0,3.4,18.0,6.8,11.2
7280,104384,20260412,1250,3,22,2,1,2,9.5,3.6,19.0,7.2,11.8
7281,104385,20260731,1736,4,9,4,1,1,9.0,3.4,9.0,3.4,5.6
7282,104385,20260731,1736,4,3,4,1,1,3.8,1.5,3.8,1.5,2.3
7283,104386,20260730,1730,4,14,1,3,1,13.5,4.6,13.5,4.6,8.9
7284,104387,20260822,1712,4,9,1,2,1,9.0,3.4,9.0,3.4,5.6
7285,104388,20260722,945,6,1,3,4,1,3.5,1.4,3.5,1.4,2.1
7286,104389,20260418,921,5,19,1,3,1,5.5,2.0,5.5,2.0,3.5
7287,104390,20260812,930,1,1,1,1,1,3.5,1.4,3.5,1.4,2.1
7288,104391,20260325,944,1,15,2,1,1,11.0,4.0,11.0,4.0,7.0
7289,104391,20260325,944,1,4,2,1,1,4.5,1.9,4.5,1.9,2.6
7290,104392,20260805,1022,2,18,2,1,1,5.0,1.8,5.0,1.8,3.2
7291,104392,20260805,1022,2,5,2,1,2,4.8,2.0,9.6,4.0,5.6
7292,104393,20260330,1910,3,11,2,3,1,10.5,3.8,10.5,3.8,6.7
7293,104393,20260330,1910,3,1,2,3,1,3.5,1.4,3.5,1.4,2.1
7294,104394,20260908,1800,4,8,1,1,1,8.5,3.2,8.5,3.2,5.3
7295,104394,20260908,1800,4,3,1,1,1,3.8,1.5,3.8,1.5,2.3
7296,104394,20260908,1800,4,11,1,1,1,10.5,3.8,10.5,3.8,6.7
7297,104395,20260418,1541,3,14,1,1,1,13.5,4.6,13.5,4.6,8.9
7298,104396,20260321,903,1,1,2,2,1,3.5,1.4,3.5,1.4,2.1
7299,104396,20260321,903,1,21,2,2,1,9.0,3.2,9.0,3.2,5.8
7300,104397,20260315,1028,1,6,1,2,1,5.0,2.1,5.0,2.1,2.9
7301,104398,20260510,922,5,18,2,1,2,5.0,1.8,10.0,3.6,6.4
7302,104399,20260504,1712,3,17,2,2,1,4.5,1.6,4.5,1.6,2.9
7303,104399,20260504,1712,3,19,2,2,1,5.5,2.0,5.5,2.0,3.5
7304,104399,20260504,1712,3,16,2,2,1,11.5,4.1,11.5,4.1,7.4
7305,104400,20260605,1730,6,22,1,1,2,9.5,3.6,19.0,7.2,11.8
7306,104401,20260715,1708,5,21,2,4,1,9.0,3.2,9.0,3.2,5.8
7307,104402,20260904,1905,6,17,2,1,1,4.5,1.6,4.5,1.6,2.9
7308,104403,20260806,914,2,6,2,1,1,5.0,2.1,5.0,2.1,2.9
7309,104404,20260519,948,2,22,1,1,1,9.5,3.6,9.5,3.6,5.9
7310,104404,20260519,948,2,19,1,1,1,5.5,2.0,5.5,2.0,3.5
7311,104404,20260519,948,2,4,1,1,1,4.5,1.9,4.5,1.9,2.6
7312,104405,20260325,1029,3,3,2,1,1,3.8,1.5,3.8,1.5,2.3
7313,104406,20260815,1153,1,11,1,2,1,10.5,3.8,10.5,3.8,6.7
7314,104406,20260815,1153,1,13,1,2,2,12.5,4.3,25.0,8.6,16.4
7315,104407,20260327,1013,1,21,1,1,1,9.0,3.2,9.0,3.2,5.8
7316,104408,20260329,1415,5,10,2,2,1,8.0,3.0,8.0,3.0,5.0
7317,104409,20260417,1632,3,24,2,1,1,8.0,3.0,8.0,3.0,5.0
7318,104409,20260417,1632,3,15,2,1,1,11.0,4.0,11.0,4.0,7.0
7319,104409,20260417,1632,3,9,2,1,1,9.0,3.4,9.0,3.4,5.6
7320,104410,20260714,1700,4,9,1,1,1,9.0,3.4,9.0,3.4,5.6
7321,104410,20260714,1700,4,14,1,1,1,13.5,4.6,13.5,4.6,8.9
7322,104411,20260515,1920,4,6,2,3,1,5.0,2.1,5.0,2.1,2.9
7323,104412,20260619,926,1,11,1,1,2,10.5,3.8,21.0,7.6,13.4
7324,104413,20260629,1912,1,9,1,2,1,9.0,3.4,9.0,3.4,5.6
7325,104413,20260629,1912,1,1,1,2,1,3.5,1.4,3.5,1.4,2.1
7326,104413,20260629,1912,1,4,1,2,1,4.5,1.9,4.5,1.9,2.6
7327,104414,20260523,1803,4,11,1,3,1,10.5,3.8,10.5,3.8,6.7
7328,104414,20260523,1803,4,12,1,3,2,12.0,4.2,24.0,8.4,15.6
7329,104414,20260523,1803,4,25,1,3,1,8.5,3.2,8.5,3.2,5.3
7330,104415,20260625,1820,2,12,1,4,2,12.0,4.2,24.0,8.4,15.6
7331,104415,20260625,1820,2,11,1,4,1,10.5,3.8,10.5,3.8,6.7
7332,104416,20260515,1916,2,10,1,3,1,8.0,3.0,8.0,3.0,5.0
7333,104416,20260515,1916,2,12,1,3,2,12.0,4.2,24.0,8.4,15.6
7334,104417,20260524,1237,2,10,1,1,1,8.0,3.0,8.0,3.0,5.0
7335,104418,20260601,853,1,6,2,2,1,5.0,2.1,5.0,2.1,2.9
7336,104419,20260514,1141,5,5,2,2,1,4.8,2.0,4.8,2.0,2.8
7337,104419,20260514,1141,5,18,2,2,1,5.0,1.8,5.0,1.8,3.2
7338,104420,20260827,1925,5,10,1,4,2,8.0,3.0,16.0,6.0,10.0
7339,104420,20260827,1925,5,12,1,4,1,12.0,4.2,12.0,4.2,7.8
7340,104421,20260420,1218,4,13,1,1,1,12.5,4.3,12.5,4.3,8.2
7341,104422,20260703,1316,4,5,1,1,1,4.8,2.0,4.8,2.0,2.8
7342,104423,20260417,1821,2,12,4,1,1,12.0,4.2,12.0,4.2,7.8
7343,104424,20260830,855,5,3,2,2,2,3.8,1.5,7.6,3.0,4.6
7344,104425,20260910,1209,1,7,2,1,1,4.3,1.8,4.3,1.8,2.5
7345,104426,20260830,1216,3,5,1,3,1,4.8,2.0,4.8,2.0,2.8
7346,104427,20260504,844,2,3,2,1,1,3.8,1.5,3.8,1.5,2.3
7347,104427,20260504,844,2,11,2,1,1,10.5,3.8,10.5,3.8,6.7
7348,104427,20260504,844,2,19,2,1,1,5.5,2.0,5.5,2.0,3.5
7349,104428,20260619,1551,3,5,2,1,1,4.8,2.0,4.8,2.0,2.8
7350,104429,20260803,1311,1,22,1,1,1,9.5,3.6,9.5,3.6,5.9
7351,104430,20260912,906,4,7,1,1,1,4.3,1.8,4.3,1.8,2.5
7352,104430,20260912,906,4,22,1,1,1,9.5,3.6,9.5,3.6,5.9
7353,104431,20260427,1908,4,3,1,1,1,3.8,1.5,3.8,1.5,2.3
7354,104432,20260526,1021,2,3,2,1,1,3.8,1.5,3.8,1.5,2.3
7355,104433,20260903,1015,2,4,1,2,1,4.5,1.9,4.5,1.9,2.6
7356,104433,20260903,1015,2,11,1,2,1,10.5,3.8,10.5,3.8,6.7
7357,104433,20260903,1015,2,4,1,2,1,4.5,1.9,4.5,1.9,2.6
7358,104434,20260911,952,5,21,1,2,1,9.0,3.2,9.0,3.2,5.8
7359,104435,20260815,1850,5,18,2,2,1,5.0,1.8,5.0,1.8,3.2
7360,104436,20260509,1143,4,21,1,4,1,9.0,3.2,9.0,3.2,5.8
7361,104436,20260509,1143,4,8,1,4,2,8.5,3.2,17.0,6.4,10.6
7362,104436,20260509,1143,4,16,1,4,1,11.5,4.1,11.5,4.1,7.4
7363,104437,20260711,1746,2,4,2,4,1,4.5,1.9,4.5,1.9,2.6
7364,104438,20260607,1133,1,6,2,4,2,5.0,2.1,10.0,4.2,5.8
7365,104439,20260514,1805,2,8,2,1,1,8.5,3.2,8.5,3.2,5.3
7366,104440,20260328,1314,4,20,1,4,1,6.5,2.4,6.5,2.4,4.1
7367,104440,20260328,1314,4,16,1,4,1,11.5,4.1,11.5,4.1,7.4
7368,104441,20260415,1012,2,3,2,3,1,3.8,1.5,3.8,1.5,2.3
7369,104442,20260530,1901,6,16,1,4,1,11.5,4.1,11.5,4.1,7.4
7370,104443,20260815,1410,5,15,2,1,1,11.0,4.0,11.0,4.0,7.0
7371,104444,20260531,2043,1,15,3,2,2,11.0,4.0,22.0,8.0,14.0
7372,104444,20260531,2043,1,14,3,2,2,13.5,4.6,27.0,9.2,17.8
7373,104444,20260531,2043,1,4,3,2,2,4.5,1.9,9.0,3.8,5.2
7374,104445,20260822,1913,4,14,2,4,1,13.5,4.6,13.5,4.6,8.9
7375,104445,20260822,1913,4,1,2,4,1,3.5,1.4,3.5,1.4,2.1
7376,104446,20260615,1342,1,5,2,3,1,4.8,2.0,4.8,2.0,2.8
7377,104447,20260512,2022,5,14,1,4,1,13.5,4.6,13.5,4.6,8.9
7378,104448,20260815,1734,2,18,1,1,1,5.0,1.8,5.0,1.8,3.2
7379,104448,20260815,1734,2,17,1,1,2,4.5,1.6,9.0,3.2,5.8
7380,104449,20260820,1755,5,20,1,4,2,6.5,2.4,13.0,4.8,8.2
7381,104449,20260820,1755,5,22,1,4,1,9.5,3.6,9.5,3.6,5.9
7382,104450,20260909,1010,1,6,3,1,2,5.0,2.1,10.0,4.2,5.8
7383,104451,20260826,1749,3,13,1,2,1,12.5,4.3,12.5,4.3,8.2
7384,104452,20260620,837,5,4,1,3,1,4.5,1.9,4.5,1.9,2.6
7385,104452,20260620,837,5,3,1,3,1,3.8,1.5,3.8,1.5,2.3
7386,104453,20260408,1751,2,10,1,2,1,8.0,3.0,8.0,3.0,5.0
7387,104453,20260408,1751,2,10,1,2,1,8.0,3.0,8.0,3.0,5.0
7388,104454,20260503,1819,1,12,1,1,1,12.0,4.2,12.0,4.2,7.8
7389,104455,20260511,1654,2,24,3,1,1,8.0,3.0,8.0,3.0,5.0
7390,104456,20260630,1330,3,6,3,1,1,5.0,2.1,5.0,2.1,2.9
7391,104456,20260630,1330,3,8,3,1,1,8.5,3.2,8.5,3.2,5.3
7392,104456,20260630,1330,3,3,3,1,1,3.8,1.5,3.8,1.5,2.3
7393,104457,20260828,842,2,19,2,1,1,5.5,2.0,5.5,2.0,3.5
7394,104457,20260828,842,2,18,2,1,1,5.0,1.8,5.0,1.8,3.2
7395,104457,20260828,842,2,2,2,1,1,4.0,1.6,4.0,1.6,2.4
7396,104458,20260618,945,1,19,1,4,1,5.5,2.0,5.5,2.0,3.5
7397,104459,20260418,1751,5,12,1,2,1,12.0,4.2,12.0,4.2,7.8
7398,104459,20260418,1751,5,24,1,2,2,8.0,3.0,16.0,6.0,10.0
7399,104460,20260814,1830,1,15,1,3,1,11.0,4.0,11.0,4.0,7.0
7400,104460,20260814,1830,1,13,1,3,1,12.5,4.3,12.5,4.3,8.2
7401,104460,20260814,1830,1,15,1,3,1,11.0,4.0,11.0,4.0,7.0
7402,104461,20260711,1341,6,24,1,2,1,8.0,3.0,8.0,3.0,5.0
7403,104461,20260711,1341,6,9,1,2,2,9.0,3.4,18.0,6.8,11.2
7404,104462,20260718,748,3,4,1,1,1,4.5,1.9,4.5,1.9,2.6
7405,104463,20260507,1640,1,8,1,3,1,8.5,3.2,8.5,3.2,5.3
7406,104464,20260909,757,6,7,1,1,1,4.3,1.8,4.3,1.8,2.5
7407,104465,20260809,1824,4,8,2,2,1,8.5,3.2,8.5,3.2,5.3
7408,104465,20260809,1824,4,8,2,2,1,8.5,3.2,8.5,3.2,5.3
7409,104465,20260809,1824,4,15,2,2,1,11.0,4.0,11.0,4.0,7.0
7410,104466,20260508,1841,1,11,1,1,2,10.5,3.8,21.0,7.6,13.4
7411,104467,20260823,953,4,20,1,3,1,6.5,2.4,6.5,2.4,4.1
7412,104468,20260322,1827,2,19,1,2,1,5.5,2.0,5.5,2.0,3.5
7413,104468,20260322,1827,2,5,1,2,1,4.8,2.0,4.8,2.0,2.8
7414,104469,20260818,1936,2,20,2,1,1,6.5,2.4,6.5,2.4,4.1
7415,104470,20260911,1301,3,6,2,1,1,5.0,2.1,5.0,2.1,2.9
7416,104470,20260911,1301,3,24,2,1,1,8.0,3.0,8.0,3.0,5.0
7417,104471,20260401,908,1,3,1,1,1,3.8,1.5,3.8,1.5,2.3
7418,104471,20260401,908,1,21,1,1,1,9.0,3.2,9.0,3.2,5.8
7419,104472,20260521,1123,4,7,1,1,1,4.3,1.8,4.3,1.8,2.5
7420,104472,20260521,1123,4,13,1,1,1,12.5,4.3,12.5,4.3,8.2
7421,104473,20260625,1754,2,10,2,1,1,8.0,3.0,8.0,3.0,5.0
7422,104473,20260625,1754,2,14,2,1,1,13.5,4.6,13.5,4.6,8.9
7423,104474,20260401,1840,4,21,1,1,1,9.0,3.2,9.0,3.2,5.8
7424,104475,20260617,1915,5,4,1,2,1,4.5,1.9,4.5,1.9,2.6
7425,104475,20260617,1915,5,9,1,2,1,9.0,3.4,9.0,3.4,5.6
7426,104476,20260528,1832,1,17,1,1,1,4.5,1.6,4.5,1.6,2.9
7427,104476,20260528,1832,1,15,1,1,2,11.0,4.0,22.0,8.0,14.0
7428,104477,20260708,1644,1,20,2,4,1,6.5,2.4,6.5,2.4,4.1
7429,104478,20260626,1633,3,11,1,1,1,10.5,3.8,10.5,3.8,6.7
7430,104478,20260626,1633,3,12,1,1,1,12.0,4.2,12.0,4.2,7.8
7431,104479,20260805,917,5,19,4,1,1,5.5,2.0,5.5,2.0,3.5
7432,104480,20260507,1051,2,9,1,2,1,9.0,3.4,9.0,3.4,5.6
7433,104480,20260507,1051,2,2,1,2,1,4.0,1.6,4.0,1.6,2.4
7434,104481,20260602,2138,1,7,1,1,1,4.3,1.8,4.3,1.8,2.5
7435,104481,20260602,2138,1,25,1,1,2,8.5,3.2,17.0,6.4,10.6
7436,104482,20260627,1521,2,22,2,1,1,9.5,3.6,9.5,3.6,5.9
7437,104482,20260627,1521,2,3,2,1,2,3.8,1.5,7.6,3.0,4.6
7438,104483,20260722,958,2,6,1,3,1,5.0,2.1,5.0,2.1,2.9
7439,104483,20260722,958,2,22,1,3,1,9.5,3.6,9.5,3.6,5.9
7440,104484,20260505,931,2,17,4,2,1,4.5,1.6,4.5,1.6,2.9
7441,104484,20260505,931,2,5,4,2,1,4.8,2.0,4.8,2.0,2.8
7442,104484,20260505,931,2,4,4,2,1,4.5,1.9,4.5,1.9,2.6
7443,104485,20260904,1109,4,22,4,3,1,9.5,3.6,9.5,3.6,5.9
7444,104485,20260904,1109,4,12,4,3,1,12.0,4.2,12.0,4.2,7.8
7445,104486,20260824,835,1,24,2,4,1,8.0,3.0,8.0,3.0,5.0
7446,104487,20260505,1217,3,5,4,4,1,4.8,2.0,4.8,2.0,2.8
7447,104487,20260505,1217,3,19,4,4,2,5.5,2.0,11.0,4.0,7.0
7448,104487,20260505,1217,3,10,4,4,1,8.0,3.0,8.0,3.0,5.0
7449,104488,20260909,1924,4,18,2,3,1,5.0,1.8,5.0,1.8,3.2
7450,104488,20260909,1924,4,13,2,3,1,12.5,4.3,12.5,4.3,8.2
7451,104489,20260817,804,1,1,4,4,1,3.5,1.4,3.5,1.4,2.1
7452,104490,20260621,948,5,21,3,2,1,9.0,3.2,9.0,3.2,5.8
7453,104490,20260621,948,5,2,3,2,1,4.0,1.6,4.0,1.6,2.4
7454,104490,20260621,948,5,19,3,2,1,5.5,2.0,5.5,2.0,3.5
7455,104491,20260523,2108,3,3,2,4,2,3.8,1.5,7.6,3.0,4.6
7456,104491,20260523,2108,3,10,2,4,1,8.0,3.0,8.0,3.0,5.0
7457,104492,20260615,958,2,17,1,2,2,4.5,1.6,9.0,3.2,5.8
7458,104492,20260615,958,2,22,1,2,2,9.5,3.6,19.0,7.2,11.8
7459,104493,20260508,1850,4,17,4,2,1,4.5,1.6,4.5,1.6,2.9
7460,104493,20260508,1850,4,15,4,2,1,11.0,4.0,11.0,4.0,7.0
7461,104494,20260706,1030,5,21,1,1,1,9.0,3.2,9.0,3.2,5.8
7462,104495,20260427,1812,1,17,4,4,1,4.5,1.6,4.5,1.6,2.9
7463,104495,20260427,1812,1,7,4,4,1,4.3,1.8,4.3,1.8,2.5
7464,104495,20260427,1812,1,8,4,4,2,8.5,3.2,17.0,6.4,10.6
7465,104496,20260602,829,1,19,1,2,1,5.5,2.0,5.5,2.0,3.5
7466,104496,20260602,829,1,9,1,2,1,9.0,3.4,9.0,3.4,5.6
7467,104497,20260907,1717,3,2,1,3,2,4.0,1.6,8.0,3.2,4.8
7468,104498,20260624,937,4,8,1,3,1,8.5,3.2,8.5,3.2,5.3
7469,104499,20260602,1724,1,10,1,1,1,8.0,3.0,8.0,3.0,5.0
7470,104500,20260706,918,6,24,1,1,1,8.0,3.0,8.0,3.0,5.0
7471,104500,20260706,918,6,21,1,1,1,9.0,3.2,9.0,3.2,5.8
7472,104500,20260706,918,6,25,1,1,1,8.5,3.2,8.5,3.2,5.3
7473,104501,20260516,1020,4,4,1,1,1,4.5,1.9,4.5,1.9,2.6
7474,104502,20260820,929,2,20,1,2,2,6.5,2.4,13.0,4.8,8.2
7475,104502,20260820,929,2,14,1,2,1,13.5,4.6,13.5,4.6,8.9
7476,104503,20260620,1518,2,2,1,3,1,4.0,1.6,4.0,1.6,2.4
7477,104503,20260620,1518,2,16,1,3,1,11.5,4.1,11.5,4.1,7.4
7478,104504,20260722,1634,3,2,2,1,1,4.0,1.6,4.0,1.6,2.4
7479,104504,20260722,1634,3,3,2,1,1,3.8,1.5,3.8,1.5,2.3
7480,104504,20260722,1634,3,10,2,1,1,8.0,3.0,8.0,3.0,5.0
7481,104505,20260515,841,5,2,2,1,1,4.0,1.6,4.0,1.6,2.4
7482,104505,20260515,841,5,24,2,1,1,8.0,3.0,8.0,3.0,5.0
7483,104506,20260406,952,6,3,2,3,1,3.8,1.5,3.8,1.5,2.3
7484,104506,20260406,952,6,1,2,3,1,3.5,1.4,3.5,1.4,2.1
7485,104507,20260704,929,3,5,4,2,1,4.8,2.0,4.8,2.0,2.8
7486,104507,20260704,929,3,1,4,2,1,3.5,1.4,3.5,1.4,2.1
7487,104508,20260510,1141,1,1,2,1,1,3.5,1.4,3.5,1.4,2.1
7488,104508,20260510,1141,1,2,2,1,1,4.0,1.6,4.0,1.6,2.4
7489,104508,20260510,1141,1,1,2,1,1,3.5,1.4,3.5,1.4,2.1
7490,104509,20260628,1522,2,23,1,1,1,9.0,3.4,9.0,3.4,5.6
7491,104509,20260628,1522,2,2,1,1,1,4.0,1.6,4.0,1.6,2.4
7492,104509,20260628,1522,2,11,1,1,1,10.5,3.8,10.5,3.8,6.7
7493,104510,20260609,2014,4,4,1,1,1,4.5,1.9,4.5,1.9,2.6
7494,104510,20260609,2014,4,3,1,1,1,3.8,1.5,3.8,1.5,2.3
7495,104511,20260531,1642,6,16,1,1,1,11.5,4.1,11.5,4.1,7.4
7496,104512,20260806,1710,4,4,1,2,1,4.5,1.9,4.5,1.9,2.6
7497,104513,20260319,1309,4,10,1,1,2,8.0,3.0,16.0,6.0,10.0
7498,104514,20260620,1300,4,1,1,2,1,3.5,1.4,3.5,1.4,2.1
7499,104515,20260321,1124,6,5,1,2,1,4.8,2.0,4.8,2.0,2.8
7500,104516,20260904,1019,2,2,1,1,1,4.0,1.6,4.0,1.6,2.4
7501,104516,20260904,1019,2,5,1,1,1,4.8,2.0,4.8,2.0,2.8
7502,104517,20260318,1022,5,9,2,3,1,9.0,3.4,9.0,3.4,5.6
7503,104518,20260622,1905,4,23,1,1,1,9.0,3.4,9.0,3.4,5.6
7504,104519,20260328,1235,1,17,2,1,1,4.5,1.6,4.5,1.6,2.9
7505,104519,20260328,1235,1,12,2,1,2,12.0,4.2,24.0,8.4,15.6
7506,104520,20260703,1009,1,5,1,1,1,4.8,2.0,4.8,2.0,2.8
7507,104520,20260703,1009,1,20,1,1,1,6.5,2.4,6.5,2.4,4.1
7508,104520,20260703,1009,1,5,1,1,2,4.8,2.0,9.6,4.0,5.6
7509,104521,20260901,1637,2,14,1,1,1,13.5,4.6,13.5,4.6,8.9
7510,104522,20260412,929,4,13,1,2,1,12.5,4.3,12.5,4.3,8.2
7511,104523,20260822,826,4,17,3,1,1,4.5,1.6,4.5,1.6,2.9
7512,104524,20260422,1641,2,20,1,1,1,6.5,2.4,6.5,2.4,4.1
7513,104525,20260511,843,1,6,2,2,1,5.0,2.1,5.0,2.1,2.9
7514,104525,20260511,843,1,7,2,2,1,4.3,1.8,4.3,1.8,2.5
7515,104525,20260511,843,1,2,2,2,1,4.0,1.6,4.0,1.6,2.4
7516,104526,20260729,929,3,21,4,1,1,9.0,3.2,9.0,3.2,5.8
7517,104527,20260622,1747,2,15,2,4,1,11.0,4.0,11.0,4.0,7.0
7518,104528,20260830,1507,1,19,1,1,1,5.5,2.0,5.5,2.0,3.5
7519,104529,20260424,1805,4,17,1,3,1,4.5,1.6,4.5,1.6,2.9
7520,104530,20260628,2141,1,13,2,1,1,12.5,4.3,12.5,4.3,8.2
7521,104530,20260628,2141,1,15,2,1,1,11.0,4.0,11.0,4.0,7.0
7522,104531,20260516,1652,4,12,2,3,1,12.0,4.2,12.0,4.2,7.8
7523,104532,20260327,1708,6,3,1,1,1,3.8,1.5,3.8,1.5,2.3
7524,104532,20260327,1708,6,24,1,1,1,8.0,3.0,8.0,3.0,5.0
7525,104533,20260328,856,2,17,3,1,1,4.5,1.6,4.5,1.6,2.9
7526,104533,20260328,856,2,23,3,1,1,9.0,3.4,9.0,3.4,5.6
7527,104534,20260710,837,2,6,1,2,1,5.0,2.1,5.0,2.1,2.9
7528,104535,20260506,1853,5,12,1,4,1,12.0,4.2,12.0,4.2,7.8
7529,104535,20260506,1853,5,11,1,4,1,10.5,3.8,10.5,3.8,6.7
7530,104536,20260801,902,6,6,1,1,1,5.0,2.1,5.0,2.1,2.9
7531,104537,20260401,831,3,21,1,1,1,9.0,3.2,9.0,3.2,5.8
7532,104537,20260401,831,3,1,1,1,1,3.5,1.4,3.5,1.4,2.1
7533,104538,20260404,1056,1,12,1,2,1,12.0,4.2,12.0,4.2,7.8
7534,104539,20260813,1334,3,10,1,4,1,8.0,3.0,8.0,3.0,5.0
7535,104539,20260813,1334,3,10,1,4,1,8.0,3.0,8.0,3.0,5.0
7536,104540,20260329,1746,1,17,2,1,2,4.5,1.6,9.0,3.2,5.8
7537,104541,20260516,1841,5,1,1,4,1,3.5,1.4,3.5,1.4,2.1
7538,104541,20260516,1841,5,16,1,4,1,11.5,4.1,11.5,4.1,7.4
7539,104541,20260516,1841,5,15,1,4,1,11.0,4.0,11.0,4.0,7.0
7540,104542,20260702,919,6,24,2,3,1,8.0,3.0,8.0,3.0,5.0
7541,104542,20260702,919,6,20,2,3,1,6.5,2.4,6.5,2.4,4.1
7542,104543,20260515,756,6,12,1,2,1,12.0,4.2,12.0,4.2,7.8
7543,104544,20260726,941,1,1,3,3,1,3.5,1.4,3.5,1.4,2.1
7544,104544,20260726,941,1,20,3,3,1,6.5,2.4,6.5,2.4,4.1
7545,104545,20260320,1716,1,5,2,3,1,4.8,2.0,4.8,2.0,2.8
7546,104546,20260728,1923,6,12,3,4,1,12.0,4.2,12.0,4.2,7.8
7547,104546,20260728,1923,6,18,3,4,1,5.0,1.8,5.0,1.8,3.2
7548,104547,20260419,2116,3,4,3,1,1,4.5,1.9,4.5,1.9,2.6
7549,104547,20260419,2116,3,13,3,1,1,12.5,4.3,12.5,4.3,8.2
7550,104548,20260517,1738,2,8,2,3,1,8.5,3.2,8.5,3.2,5.3
7551,104548,20260517,1738,2,9,2,3,1,9.0,3.4,9.0,3.4,5.6
7552,104549,20260816,1102,2,21,2,2,1,9.0,3.2,9.0,3.2,5.8
7553,104550,20260717,1918,5,15,3,1,2,11.0,4.0,22.0,8.0,14.0
7554,104550,20260717,1918,5,21,3,1,1,9.0,3.2,9.0,3.2,5.8
7555,104551,20260418,935,5,1,1,1,1,3.5,1.4,3.5,1.4,2.1
7556,104552,20260316,1905,5,14,2,4,2,13.5,4.6,27.0,9.2,17.8
7557,104552,20260316,1905,5,4,2,4,2,4.5,1.9,9.0,3.8,5.2
7558,104553,20260601,1301,2,19,1,2,1,5.5,2.0,5.5,2.0,3.5
7559,104554,20260806,1758,1,14,2,3,1,13.5,4.6,13.5,4.6,8.9
7560,104554,20260806,1758,1,13,2,3,1,12.5,4.3,12.5,4.3,8.2
7561,104554,20260806,1758,1,13,2,3,1,12.5,4.3,12.5,4.3,8.2
7562,104555,20260529,1310,6,11,2,1,2,10.5,3.8,21.0,7.6,13.4
7563,104555,20260529,1310,6,19,2,1,1,5.5,2.0,5.5,2.0,3.5
7564,104555,20260529,1310,6,20,2,1,1,6.5,2.4,6.5,2.4,4.1
7565,104556,20260421,1709,2,15,1,3,2,11.0,4.0,22.0,8.0,14.0
7566,104556,20260421,1709,2,8,1,3,1,8.5,3.2,8.5,3.2,5.3
7567,104556,20260421,1709,2,9,1,3,1,9.0,3.4,9.0,3.4,5.6
7568,104557,20260511,1010,2,3,1,1,1,3.8,1.5,3.8,1.5,2.3
7569,104557,20260511,1010,2,21,1,1,1,9.0,3.2,9.0,3.2,5.8
7570,104558,20260719,1653,4,25,1,3,1,8.5,3.2,8.5,3.2,5.3
7571,104559,20260421,1224,2,7,2,1,1,4.3,1.8,4.3,1.8,2.5
7572,104560,20260318,1037,4,13,1,1,1,12.5,4.3,12.5,4.3,8.2
7573,104561,20260728,1810,5,14,2,3,1,13.5,4.6,13.5,4.6,8.9
7574,104561,20260728,1810,5,14,2,3,1,13.5,4.6,13.5,4.6,8.9
7575,104562,20260828,1857,1,14,1,3,2,13.5,4.6,27.0,9.2,17.8
7576,104563,20260728,1728,1,16,1,2,1,11.5,4.1,11.5,4.1,7.4
7577,104563,20260728,1728,1,18,1,2,2,5.0,1.8,10.0,3.6,6.4
7578,104564,20260701,2029,4,25,1,1,1,8.5,3.2,8.5,3.2,5.3
7579,104565,20260821,1827,3,7,2,2,1,4.3,1.8,4.3,1.8,2.5
7580,104565,20260821,1827,3,19,2,2,1,5.5,2.0,5.5,2.0,3.5
7581,104565,20260821,1827,3,5,2,2,1,4.8,2.0,4.8,2.0,2.8
7582,104566,20260425,1629,4,17,2,4,1,4.5,1.6,4.5,1.6,2.9
7583,104566,20260425,1629,4,21,2,4,2,9.0,3.2,18.0,6.4,11.6
7584,104566,20260425,1629,4,3,2,4,1,3.8,1.5,3.8,1.5,2.3
7585,104567,20260427,1642,2,4,1,1,1,4.5,1.9,4.5,1.9,2.6
7586,104568,20260709,1854,1,9,2,2,1,9.0,3.4,9.0,3.4,5.6
7587,104569,20260826,1017,1,4,2,1,1,4.5,1.9,4.5,1.9,2.6
7588,104570,20260409,1924,3,8,1,1,1,8.5,3.2,8.5,3.2,5.3
7589,104571,20260515,1925,4,16,1,2,1,11.5,4.1,11.5,4.1,7.4
7590,104571,20260515,1925,4,12,1,2,1,12.0,4.2,12.0,4.2,7.8
7591,104572,20260519,1514,2,2,1,4,2,4.0,1.6,8.0,3.2,4.8
7592,104573,20260827,1211,3,20,1,3,1,6.5,2.4,6.5,2.4,4.1
7593,104574,20260317,1827,6,18,1,4,1,5.0,1.8,5.0,1.8,3.2
7594,104574,20260317,1827,6,10,1,4,1,8.0,3.0,8.0,3.0,5.0
7595,104575,20260711,1126,2,23,2,1,1,9.0,3.4,9.0,3.4,5.6
7596,104576,20260519,1839,6,9,2,1,1,9.0,3.4,9.0,3.4,5.6
7597,104577,20260521,917,4,6,2,1,1,5.0,2.1,5.0,2.1,2.9
7598,104578,20260630,1736,5,12,1,1,1,12.0,4.2,12.0,4.2,7.8
7599,104578,20260630,1736,5,8,1,1,1,8.5,3.2,8.5,3.2,5.3
7600,104579,20260706,1727,2,22,1,4,1,9.5,3.6,9.5,3.6,5.9
7601,104580,20260809,1020,4,6,3,1,1,5.0,2.1,5.0,2.1,2.9
7602,104581,20260602,2048,3,8,1,1,1,8.5,3.2,8.5,3.2,5.3
7603,104581,20260602,2048,3,18,1,1,1,5.0,1.8,5.0,1.8,3.2
7604,104581,20260602,2048,3,8,1,1,2,8.5,3.2,17.0,6.4,10.6
7605,104582,20260321,1929,6,25,1,3,1,8.5,3.2,8.5,3.2,5.3
7606,104583,20260513,1642,4,14,1,1,1,13.5,4.6,13.5,4.6,8.9
7607,104584,20260706,1023,5,2,1,3,1,4.0,1.6,4.0,1.6,2.4
7608,104585,20260401,1133,4,24,1,2,2,8.0,3.0,16.0,6.0,10.0
7609,104585,20260401,1133,4,21,1,2,1,9.0,3.2,9.0,3.2,5.8
7610,104585,20260401,1133,4,8,1,2,2,8.5,3.2,17.0,6.4,10.6
7611,104586,20260906,1446,2,8,1,1,1,8.5,3.2,8.5,3.2,5.3
7612,104586,20260906,1446,2,21,1,1,1,9.0,3.2,9.0,3.2,5.8
7613,104587,20260705,927,3,2,1,1,1,4.0,1.6,4.0,1.6,2.4
7614,104587,20260705,927,3,7,1,1,1,4.3,1.8,4.3,1.8,2.5
7615,104588,20260731,822,6,20,1,3,1,6.5,2.4,6.5,2.4,4.1
7616,104588,20260731,822,6,6,1,3,1,5.0,2.1,5.0,2.1,2.9
7617,104589,20260407,1450,4,11,3,4,1,10.5,3.8,10.5,3.8,6.7
7618,104589,20260407,1450,4,3,3,4,1,3.8,1.5,3.8,1.5,2.3
7619,104590,20260509,957,1,3,1,1,1,3.8,1.5,3.8,1.5,2.3
7620,104591,20260326,1900,6,8,2,3,1,8.5,3.2,8.5,3.2,5.3
7621,104591,20260326,1900,6,11,2,3,2,10.5,3.8,21.0,7.6,13.4
7622,104591,20260326,1900,6,14,2,3,1,13.5,4.6,13.5,4.6,8.9
7623,104592,20260405,1707,2,3,2,1,1,3.8,1.5,3.8,1.5,2.3
7624,104592,20260405,1707,2,5,2,1,1,4.8,2.0,4.8,2.0,2.8
7625,104593,20260715,1851,3,17,1,2,1,4.5,1.6,4.5,1.6,2.9
7626,104594,20260812,1413,4,12,1,4,1,12.0,4.2,12.0,4.2,7.8
7627,104595,20260808,847,2,1,1,4,1,3.5,1.4,3.5,1.4,2.1
7628,104596,20260819,1649,1,2,2,2,1,4.0,1.6,4.0,1.6,2.4
7629,104597,20260317,1158,4,7,2,4,1,4.3,1.8,4.3,1.8,2.5
7630,104598,20260406,1705,6,9,2,3,1,9.0,3.4,9.0,3.4,5.6
7631,104599,20260610,838,4,20,1,2,1,6.5,2.4,6.5,2.4,4.1
7632,104599,20260610,838,4,5,1,2,1,4.8,2.0,4.8,2.0,2.8
7633,104600,20260704,1751,5,7,1,1,1,4.3,1.8,4.3,1.8,2.5
7634,104601,20260513,821,1,18,4,4,1,5.0,1.8,5.0,1.8,3.2
7635,104602,20260530,1309,3,7,1,4,2,4.3,1.8,8.6,3.6,5.0
7636,104603,20260517,903,1,17,1,1,1,4.5,1.6,4.5,1.6,2.9
7637,104603,20260517,903,1,8,1,1,1,8.5,3.2,8.5,3.2,5.3
7638,104604,20260510,2145,6,2,1,4,1,4.0,1.6,4.0,1.6,2.4
7639,104605,20260713,1826,3,16,1,1,1,11.5,4.1,11.5,4.1,7.4
7640,104606,20260812,1217,5,13,1,1,1,12.5,4.3,12.5,4.3,8.2
7641,104606,20260812,1217,5,2,1,1,1,4.0,1.6,4.0,1.6,2.4
7642,104606,20260812,1217,5,7,1,1,1,4.3,1.8,4.3,1.8,2.5
7643,104607,20260531,1657,4,10,1,3,1,8.0,3.0,8.0,3.0,5.0
7644,104608,20260328,1842,6,8,1,1,1,8.5,3.2,8.5,3.2,5.3
7645,104609,20260521,1757,5,25,3,2,2,8.5,3.2,17.0,6.4,10.6
7646,104610,20260803,1005,1,20,1,3,1,6.5,2.4,6.5,2.4,4.1
7647,104611,20260818,1904,3,7,1,4,1,4.3,1.8,4.3,1.8,2.5
7648,104612,20260706,1116,5,10,4,1,1,8.0,3.0,8.0,3.0,5.0
7649,104612,20260706,1116,5,23,4,1,1,9.0,3.4,9.0,3.4,5.6
7650,104613,20260805,1039,5,16,3,1,1,11.5,4.1,11.5,4.1,7.4
7651,104614,20260715,1059,3,4,4,3,2,4.5,1.9,9.0,3.8,5.2
7652,104614,20260715,1059,3,17,4,3,2,4.5,1.6,9.0,3.2,5.8
7653,104615,20260520,1631,2,16,1,1,1,11.5,4.1,11.5,4.1,7.4
7654,104615,20260520,1631,2,11,1,1,2,10.5,3.8,21.0,7.6,13.4
7655,104616,20260425,1809,3,15,4,2,1,11.0,4.0,11.0,4.0,7.0
7656,104617,20260524,1236,1,10,1,2,1,8.0,3.0,8.0,3.0,5.0
7657,104618,20260715,1743,4,11,1,2,1,10.5,3.8,10.5,3.8,6.7
7658,104618,20260715,1743,4,13,1,2,1,12.5,4.3,12.5,4.3,8.2
7659,104619,20260811,1825,3,14,1,2,1,13.5,4.6,13.5,4.6,8.9
7660,104619,20260811,1825,3,13,1,2,1,12.5,4.3,12.5,4.3,8.2
7661,104620,20260625,1711,5,12,4,4,1,12.0,4.2,12.0,4.2,7.8
7662,104620,20260625,1711,5,20,4,4,1,6.5,2.4,6.5,2.4,4.1
7663,104620,20260625,1711,5,14,4,4,2,13.5,4.6,27.0,9.2,17.8
7664,104621,20260814,852,4,9,1,1,1,9.0,3.4,9.0,3.4,5.6
7665,104621,20260814,852,4,19,1,1,1,5.5,2.0,5.5,2.0,3.5
7666,104621,20260814,852,4,4,1,1,1,4.5,1.9,4.5,1.9,2.6
7667,104622,20260426,1004,1,19,1,1,1,5.5,2.0,5.5,2.0,3.5
7668,104623,20260822,824,6,21,2,1,1,9.0,3.2,9.0,3.2,5.8
7669,104624,20260730,2052,6,7,2,3,1,4.3,1.8,4.3,1.8,2.5
7670,104624,20260730,2052,6,20,2,3,1,6.5,2.4,6.5,2.4,4.1
7671,104624,20260730,2052,6,2,2,3,1,4.0,1.6,4.0,1.6,2.4
7672,104625,20260419,1113,2,2,1,4,1,4.0,1.6,4.0,1.6,2.4
7673,104625,20260419,1113,2,15,1,4,2,11.0,4.0,22.0,8.0,14.0
7674,104625,20260419,1113,2,6,1,4,1,5.0,2.1,5.0,2.1,2.9
7675,104626,20260615,1200,6,17,1,1,1,4.5,1.6,4.5,1.6,2.9
7676,104627,20260513,1900,4,5,2,4,1,4.8,2.0,4.8,2.0,2.8
7677,104628,20260625,858,1,21,3,1,2,9.0,3.2,18.0,6.4,11.6
7678,104629,20260827,1711,3,22,1,3,1,9.5,3.6,9.5,3.6,5.9
7679,104629,20260827,1711,3,11,1,3,1,10.5,3.8,10.5,3.8,6.7
7680,104630,20260603,1912,1,25,4,1,1,8.5,3.2,8.5,3.2,5.3
7681,104630,20260603,1912,1,7,4,1,1,4.3,1.8,4.3,1.8,2.5
7682,104631,20260328,1638,2,13,2,4,1,12.5,4.3,12.5,4.3,8.2
7683,104632,20260523,835,2,2,1,2,1,4.0,1.6,4.0,1.6,2.4
7684,104633,20260423,1204,1,17,1,1,1,4.5,1.6,4.5,1.6,2.9
7685,104634,20260419,848,1,22,1,1,1,9.5,3.6,9.5,3.6,5.9
7686,104634,20260419,848,1,4,1,1,1,4.5,1.9,4.5,1.9,2.6
7687,104634,20260419,848,1,17,1,1,2,4.5,1.6,9.0,3.2,5.8
7688,104635,20260502,1725,2,3,2,2,1,3.8,1.5,3.8,1.5,2.3
7689,104635,20260502,1725,2,17,2,2,1,4.5,1.6,4.5,1.6,2.9
7690,104635,20260502,1725,2,9,2,2,1,9.0,3.4,9.0,3.4,5.6
7691,104636,20260316,1012,2,20,4,4,1,6.5,2.4,6.5,2.4,4.1
7692,104636,20260316,1012,2,7,4,4,1,4.3,1.8,4.3,1.8,2.5
7693,104637,20260704,1737,1,14,2,4,1,13.5,4.6,13.5,4.6,8.9
7694,104637,20260704,1737,1,2,2,4,1,4.0,1.6,4.0,1.6,2.4
7695,104638,20260823,1630,5,10,1,3,2,8.0,3.0,16.0,6.0,10.0
7696,104639,20260504,1002,4,4,1,2,1,4.5,1.9,4.5,1.9,2.6
7697,104639,20260504,1002,4,6,1,2,1,5.0,2.1,5.0,2.1,2.9
7698,104640,20260513,1252,6,6,2,2,1,5.0,2.1,5.0,2.1,2.9
7699,104641,20260829,814,5,7,1,2,1,4.3,1.8,4.3,1.8,2.5
7700,104641,20260829,814,5,3,1,2,2,3.8,1.5,7.6,3.0,4.6
7701,104642,20260513,1144,5,9,2,1,1,9.0,3.4,9.0,3.4,5.6
7702,104643,20260429,1220,1,20,1,1,1,6.5,2.4,6.5,2.4,4.1
7703,104643,20260429,1220,1,9,1,1,1,9.0,3.4,9.0,3.4,5.6
7704,104644,20260702,1628,1,1,2,1,1,3.5,1.4,3.5,1.4,2.1
7705,104644,20260702,1628,1,8,2,1,1,8.5,3.2,8.5,3.2,5.3
7706,104645,20260704,1935,4,7,2,1,1,4.3,1.8,4.3,1.8,2.5
7707,104645,20260704,1935,4,21,2,1,1,9.0,3.2,9.0,3.2,5.8
7708,104646,20260320,1837,5,10,2,2,1,8.0,3.0,8.0,3.0,5.0
7709,104647,20260625,1838,1,5,2,4,1,4.8,2.0,4.8,2.0,2.8
7710,104647,20260625,1838,1,8,2,4,1,8.5,3.2,8.5,3.2,5.3
7711,104648,20260714,1354,5,20,1,2,1,6.5,2.4,6.5,2.4,4.1
7712,104649,20260708,1354,5,4,1,3,2,4.5,1.9,9.0,3.8,5.2
7713,104649,20260708,1354,5,16,1,3,1,11.5,4.1,11.5,4.1,7.4
7714,104650,20260517,1738,2,18,3,1,1,5.0,1.8,5.0,1.8,3.2
7715,104650,20260517,1738,2,18,3,1,1,5.0,1.8,5.0,1.8,3.2
7716,104650,20260517,1738,2,9,3,1,1,9.0,3.4,9.0,3.4,5.6
7717,104651,20260704,1856,1,16,1,1,1,11.5,4.1,11.5,4.1,7.4
7718,104652,20260829,1844,1,13,2,1,1,12.5,4.3,12.5,4.3,8.2
7719,104653,20260410,1845,2,9,1,1,1,9.0,3.4,9.0,3.4,5.6
7720,104653,20260410,1845,2,23,1,1,1,9.0,3.4,9.0,3.4,5.6
7721,104653,20260410,1845,2,1,1,1,1,3.5,1.4,3.5,1.4,2.1
7722,104654,20260517,1232,1,2,1,1,1,4.0,1.6,4.0,1.6,2.4
7723,104654,20260517,1232,1,19,1,1,1,5.5,2.0,5.5,2.0,3.5
7724,104655,20260607,837,2,7,2,1,1,4.3,1.8,4.3,1.8,2.5
7725,104655,20260607,837,2,5,2,1,1,4.8,2.0,4.8,2.0,2.8
7726,104656,20260529,1122,4,15,1,1,1,11.0,4.0,11.0,4.0,7.0
7727,104657,20260421,1101,3,18,1,1,1,5.0,1.8,5.0,1.8,3.2
7728,104658,20260510,1929,2,21,1,4,1,9.0,3.2,9.0,3.2,5.8
7729,104659,20260316,1804,3,15,1,2,1,11.0,4.0,11.0,4.0,7.0
7730,104660,20260910,1322,6,6,1,3,1,5.0,2.1,5.0,2.1,2.9
7731,104660,20260910,1322,6,15,1,3,1,11.0,4.0,11.0,4.0,7.0
7732,104660,20260910,1322,6,11,1,3,2,10.5,3.8,21.0,7.6,13.4
7733,104661,20260731,851,4,10,4,2,1,8.0,3.0,8.0,3.0,5.0
7734,104661,20260731,851,4,16,4,2,2,11.5,4.1,23.0,8.2,14.8
7735,104662,20260321,1220,3,15,4,4,1,11.0,4.0,11.0,4.0,7.0
7736,104662,20260321,1220,3,20,4,4,1,6.5,2.4,6.5,2.4,4.1
7737,104663,20260326,1049,4,25,2,3,2,8.5,3.2,17.0,6.4,10.6
7738,104664,20260901,1357,3,5,1,3,1,4.8,2.0,4.8,2.0,2.8
7739,104665,20260614,1756,4,25,1,3,1,8.5,3.2,8.5,3.2,5.3
7740,104665,20260614,1756,4,14,1,3,1,13.5,4.6,13.5,4.6,8.9
7741,104666,20260405,1137,3,12,2,1,1,12.0,4.2,12.0,4.2,7.8
7742,104666,20260405,1137,3,3,2,1,1,3.8,1.5,3.8,1.5,2.3
7743,104666,20260405,1137,3,5,2,1,1,4.8,2.0,4.8,2.0,2.8
7744,104667,20260604,2031,6,2,1,2,1,4.0,1.6,4.0,1.6,2.4
7745,104667,20260604,2031,6,11,1,2,1,10.5,3.8,10.5,3.8,6.7
7746,104668,20260418,2137,5,5,2,2,1,4.8,2.0,4.8,2.0,2.8
7747,104669,20260626,1736,2,8,1,4,1,8.5,3.2,8.5,3.2,5.3
7748,104670,20260905,1909,2,24,4,4,2,8.0,3.0,16.0,6.0,10.0
7749,104671,20260531,1636,4,1,1,3,2,3.5,1.4,7.0,2.8,4.2
7750,104672,20260809,2113,2,1,2,1,1,3.5,1.4,3.5,1.4,2.1
7751,104672,20260809,2113,2,6,2,1,1,5.0,2.1,5.0,2.1,2.9
7752,104673,20260317,923,2,10,1,3,1,8.0,3.0,8.0,3.0,5.0
7753,104674,20260630,816,6,21,4,1,1,9.0,3.2,9.0,3.2,5.8
7754,104674,20260630,816,6,9,4,1,1,9.0,3.4,9.0,3.4,5.6
7755,104675,20260907,1236,1,19,3,1,1,5.5,2.0,5.5,2.0,3.5
7756,104676,20260322,1751,4,19,1,4,1,5.5,2.0,5.5,2.0,3.5
7757,104676,20260322,1751,4,21,1,4,1,9.0,3.2,9.0,3.2,5.8
7758,104677,20260824,1836,3,16,1,3,1,11.5,4.1,11.5,4.1,7.4
7759,104678,20260729,842,2,6,4,1,2,5.0,2.1,10.0,4.2,5.8
7760,104679,20260612,1041,5,21,2,1,1,9.0,3.2,9.0,3.2,5.8
7761,104679,20260612,1041,5,7,2,1,1,4.3,1.8,4.3,1.8,2.5
7762,104680,20260721,954,1,6,1,1,1,5.0,2.1,5.0,2.1,2.9
7763,104681,20260617,1349,3,15,2,1,1,11.0,4.0,11.0,4.0,7.0
7764,104681,20260617,1349,3,5,2,1,1,4.8,2.0,4.8,2.0,2.8
7765,104682,20260512,929,2,2,1,4,1,4.0,1.6,4.0,1.6,2.4
7766,104683,20260722,842,2,15,1,2,1,11.0,4.0,11.0,4.0,7.0
7767,104684,20260822,1952,3,18,1,1,2,5.0,1.8,10.0,3.6,6.4
7768,104684,20260822,1952,3,7,1,1,2,4.3,1.8,8.6,3.6,5.0
7769,104685,20260625,1847,4,24,2,3,1,8.0,3.0,8.0,3.0,5.0
7770,104686,20260802,1731,2,20,4,2,1,6.5,2.4,6.5,2.4,4.1
7771,104687,20260606,924,6,3,2,2,1,3.8,1.5,3.8,1.5,2.3
7772,104688,20260706,1044,4,8,2,1,1,8.5,3.2,8.5,3.2,5.3
7773,104688,20260706,1044,4,14,2,1,1,13.5,4.6,13.5,4.6,8.9
7774,104688,20260706,1044,4,5,2,1,1,4.8,2.0,4.8,2.0,2.8
7775,104689,20260329,1732,4,22,2,1,1,9.5,3.6,9.5,3.6,5.9
7776,104689,20260329,1732,4,16,2,1,1,11.5,4.1,11.5,4.1,7.4
7777,104689,20260329,1732,4,2,2,1,1,4.0,1.6,4.0,1.6,2.4
7778,104690,20260327,2038,3,22,1,1,1,9.5,3.6,9.5,3.6,5.9
7779,104691,20260409,1724,4,11,4,3,1,10.5,3.8,10.5,3.8,6.7
7780,104691,20260409,1724,4,4,4,3,1,4.5,1.9,4.5,1.9,2.6
7781,104691,20260409,1724,4,25,4,3,1,8.5,3.2,8.5,3.2,5.3
7782,104692,20260624,1951,1,15,1,1,2,11.0,4.0,22.0,8.0,14.0
7783,104692,20260624,1951,1,6,1,1,1,5.0,2.1,5.0,2.1,2.9
7784,104693,20260621,1802,1,20,1,4,1,6.5,2.4,6.5,2.4,4.1
7785,104694,20260426,1754,1,2,1,4,2,4.0,1.6,8.0,3.2,4.8
7786,104695,20260902,1553,2,22,1,1,1,9.5,3.6,9.5,3.6,5.9
7787,104696,20260612,820,5,7,3,1,1,4.3,1.8,4.3,1.8,2.5
7788,104697,20260705,1528,1,10,2,2,1,8.0,3.0,8.0,3.0,5.0
7789,104698,20260518,923,4,4,1,3,1,4.5,1.9,4.5,1.9,2.6
7790,104699,20260628,1626,2,14,1,1,1,13.5,4.6,13.5,4.6,8.9
7791,104699,20260628,1626,2,14,1,1,1,13.5,4.6,13.5,4.6,8.9
7792,104700,20260814,1834,5,23,4,2,1,9.0,3.4,9.0,3.4,5.6
7793,104701,20260902,1803,6,6,1,3,1,5.0,2.1,5.0,2.1,2.9
7794,104702,20260403,1103,5,17,1,3,1,4.5,1.6,4.5,1.6,2.9
7795,104703,20260503,1206,3,5,1,1,1,4.8,2.0,4.8,2.0,2.8
7796,104703,20260503,1206,3,7,1,1,1,4.3,1.8,4.3,1.8,2.5
7797,104704,20260825,1022,5,20,2,1,1,6.5,2.4,6.5,2.4,4.1
7798,104705,20260510,1710,6,21,4,3,1,9.0,3.2,9.0,3.2,5.8
7799,104706,20260523,1921,2,4,2,1,1,4.5,1.9,4.5,1.9,2.6
7800,104706,20260523,1921,2,16,2,1,2,11.5,4.1,23.0,8.2,14.8
7801,104706,20260523,1921,2,14,2,1,1,13.5,4.6,13.5,4.6,8.9
7802,104707,20260521,1904,3,12,1,4,1,12.0,4.2,12.0,4.2,7.8
7803,104708,20260502,1225,1,4,2,4,1,4.5,1.9,4.5,1.9,2.6
7804,104708,20260502,1225,1,11,2,4,2,10.5,3.8,21.0,7.6,13.4
7805,104709,20260523,1710,3,13,3,4,1,12.5,4.3,12.5,4.3,8.2
7806,104710,20260720,1757,1,21,4,2,1,9.0,3.2,9.0,3.2,5.8
7807,104711,20260913,1759,1,15,1,1,1,11.0,4.0,11.0,4.0,7.0
7808,104712,20260811,1841,3,16,1,4,1,11.5,4.1,11.5,4.1,7.4
7809,104712,20260811,1841,3,24,1,4,1,8.0,3.0,8.0,3.0,5.0
7810,104713,20260704,1239,2,1,3,1,1,3.5,1.4,3.5,1.4,2.1
7811,104714,20260419,1003,1,15,1,1,1,11.0,4.0,11.0,4.0,7.0
7812,104714,20260419,1003,1,17,1,1,1,4.5,1.6,4.5,1.6,2.9
7813,104715,20260619,1314,3,17,1,2,1,4.5,1.6,4.5,1.6,2.9
7814,104716,20260904,1849,2,13,2,3,1,12.5,4.3,12.5,4.3,8.2
7815,104716,20260904,1849,2,1,2,3,1,3.5,1.4,3.5,1.4,2.1
7816,104717,20260503,1710,1,13,1,4,1,12.5,4.3,12.5,4.3,8.2
7817,104718,20260521,1433,3,15,1,2,1,11.0,4.0,11.0,4.0,7.0
7818,104718,20260521,1433,3,20,1,2,1,6.5,2.4,6.5,2.4,4.1
7819,104719,20260526,1035,1,23,1,2,2,9.0,3.4,18.0,6.8,11.2
7820,104720,20260813,749,5,11,1,1,1,10.5,3.8,10.5,3.8,6.7
7821,104720,20260813,749,5,12,1,1,1,12.0,4.2,12.0,4.2,7.8
7822,104720,20260813,749,5,8,1,1,1,8.5,3.2,8.5,3.2,5.3
7823,104721,20260801,1334,1,21,3,1,1,9.0,3.2,9.0,3.2,5.8
7824,104722,20260614,1306,3,10,1,1,1,8.0,3.0,8.0,3.0,5.0
7825,104722,20260614,1306,3,25,1,1,1,8.5,3.2,8.5,3.2,5.3
7826,104723,20260829,1718,3,1,2,3,1,3.5,1.4,3.5,1.4,2.1
7827,104723,20260829,1718,3,15,2,3,1,11.0,4.0,11.0,4.0,7.0
7828,104723,20260829,1718,3,14,2,3,1,13.5,4.6,13.5,4.6,8.9
7829,104724,20260505,1206,4,20,1,1,1,6.5,2.4,6.5,2.4,4.1
7830,104725,20260614,800,4,19,1,2,1,5.5,2.0,5.5,2.0,3.5
7831,104726,20260512,1719,1,4,2,4,1,4.5,1.9,4.5,1.9,2.6
7832,104727,20260621,957,3,13,3,1,1,12.5,4.3,12.5,4.3,8.2
7833,104727,20260621,957,3,6,3,1,1,5.0,2.1,5.0,2.1,2.9
7834,104728,20260531,1540,1,4,4,2,1,4.5,1.9,4.5,1.9,2.6
7835,104728,20260531,1540,1,15,4,2,1,11.0,4.0,11.0,4.0,7.0
7836,104729,20260502,1015,1,8,1,1,1,8.5,3.2,8.5,3.2,5.3
7837,104730,20260327,903,1,16,3,1,1,11.5,4.1,11.5,4.1,7.4
7838,104731,20260618,935,4,4,1,2,1,4.5,1.9,4.5,1.9,2.6
7839,104732,20260812,1659,3,11,1,3,1,10.5,3.8,10.5,3.8,6.7
7840,104732,20260812,1659,3,18,1,3,1,5.0,1.8,5.0,1.8,3.2
7841,104732,20260812,1659,3,13,1,3,1,12.5,4.3,12.5,4.3,8.2
7842,104733,20260729,942,3,3,4,3,1,3.8,1.5,3.8,1.5,2.3
7843,104733,20260729,942,3,24,4,3,1,8.0,3.0,8.0,3.0,5.0
7844,104734,20260326,1703,5,24,1,4,1,8.0,3.0,8.0,3.0,5.0
7845,104734,20260326,1703,5,1,1,4,1,3.5,1.4,3.5,1.4,2.1
7846,104735,20260805,1633,6,14,2,1,1,13.5,4.6,13.5,4.6,8.9
7847,104735,20260805,1633,6,5,2,1,1,4.8,2.0,4.8,2.0,2.8
7848,104736,20260527,1828,1,16,2,3,1,11.5,4.1,11.5,4.1,7.4
7849,104737,20260418,1155,5,9,1,2,1,9.0,3.4,9.0,3.4,5.6
7850,104737,20260418,1155,5,1,1,2,1,3.5,1.4,3.5,1.4,2.1
7851,104737,20260418,1155,5,2,1,2,1,4.0,1.6,4.0,1.6,2.4
7852,104738,20260818,807,6,24,1,1,1,8.0,3.0,8.0,3.0,5.0
7853,104739,20260630,1011,1,11,1,2,1,10.5,3.8,10.5,3.8,6.7
7854,104740,20260507,847,2,19,2,1,1,5.5,2.0,5.5,2.0,3.5
7855,104741,20260411,1841,2,17,1,1,1,4.5,1.6,4.5,1.6,2.9
7856,104741,20260411,1841,2,24,1,1,2,8.0,3.0,16.0,6.0,10.0
7857,104742,20260515,838,5,5,1,2,1,4.8,2.0,4.8,2.0,2.8
7858,104742,20260515,838,5,3,1,2,1,3.8,1.5,3.8,1.5,2.3
7859,104743,20260506,1546,2,18,1,3,1,5.0,1.8,5.0,1.8,3.2
7860,104743,20260506,1546,2,16,1,3,1,11.5,4.1,11.5,4.1,7.4
7861,104744,20260713,1048,1,18,1,2,1,5.0,1.8,5.0,1.8,3.2
7862,104744,20260713,1048,1,2,1,2,1,4.0,1.6,4.0,1.6,2.4
7863,104744,20260713,1048,1,16,1,2,2,11.5,4.1,23.0,8.2,14.8
7864,104745,20260803,2149,3,19,2,1,1,5.5,2.0,5.5,2.0,3.5
7865,104746,20260813,1926,4,9,1,1,1,9.0,3.4,9.0,3.4,5.6
7866,104746,20260813,1926,4,12,1,1,1,12.0,4.2,12.0,4.2,7.8
7867,104746,20260813,1926,4,11,1,1,1,10.5,3.8,10.5,3.8,6.7
7868,104747,20260814,1710,3,25,1,3,1,8.5,3.2,8.5,3.2,5.3
7869,104748,20260731,1645,3,19,2,3,2,5.5,2.0,11.0,4.0,7.0
7870,104748,20260731,1645,3,13,2,3,2,12.5,4.3,25.0,8.6,16.4
7871,104749,20260703,942,3,1,4,1,1,3.5,1.4,3.5,1.4,2.1
7872,104750,20260425,1353,2,11,2,1,1,10.5,3.8,10.5,3.8,6.7
7873,104751,20260422,1206,5,5,3,1,1,4.8,2.0,4.8,2.0,2.8
7874,104752,20260630,808,4,5,3,1,1,4.8,2.0,4.8,2.0,2.8
7875,104753,20260729,1214,6,25,1,1,1,8.5,3.2,8.5,3.2,5.3
7876,104753,20260729,1214,6,21,1,1,2,9.0,3.2,18.0,6.4,11.6
7877,104753,20260729,1214,6,4,1,1,1,4.5,1.9,4.5,1.9,2.6
7878,104754,20260405,1913,2,9,1,4,1,9.0,3.4,9.0,3.4,5.6
7879,104755,20260329,1910,4,8,2,4,1,8.5,3.2,8.5,3.2,5.3
7880,104756,20260817,1817,5,17,4,1,1,4.5,1.6,4.5,1.6,2.9
7881,104757,20260325,1201,2,4,2,2,1,4.5,1.9,4.5,1.9,2.6
7882,104758,20260816,1353,2,14,1,1,1,13.5,4.6,13.5,4.6,8.9
7883,104759,20260501,1042,5,9,1,3,1,9.0,3.4,9.0,3.4,5.6
7884,104760,20260803,1732,3,19,3,1,1,5.5,2.0,5.5,2.0,3.5
7885,104760,20260803,1732,3,11,3,1,2,10.5,3.8,21.0,7.6,13.4
7886,104761,20260514,1734,5,5,2,1,1,4.8,2.0,4.8,2.0,2.8
7887,104761,20260514,1734,5,11,2,1,1,10.5,3.8,10.5,3.8,6.7
7888,104761,20260514,1734,5,17,2,1,1,4.5,1.6,4.5,1.6,2.9
7889,104762,20260727,1651,4,8,3,3,1,8.5,3.2,8.5,3.2,5.3
7890,104762,20260727,1651,4,21,3,3,1,9.0,3.2,9.0,3.2,5.8
7891,104763,20260424,910,5,23,2,3,1,9.0,3.4,9.0,3.4,5.6
7892,104763,20260424,910,5,1,2,3,1,3.5,1.4,3.5,1.4,2.1
7893,104764,20260802,902,6,18,2,2,1,5.0,1.8,5.0,1.8,3.2
7894,104765,20260723,2019,6,19,1,2,1,5.5,2.0,5.5,2.0,3.5
7895,104766,20260321,1016,5,6,2,4,1,5.0,2.1,5.0,2.1,2.9
7896,104767,20260601,1908,6,21,2,1,1,9.0,3.2,9.0,3.2,5.8
7897,104767,20260601,1908,6,16,2,1,1,11.5,4.1,11.5,4.1,7.4
7898,104767,20260601,1908,6,12,2,1,1,12.0,4.2,12.0,4.2,7.8
7899,104768,20260810,1649,5,20,1,1,1,6.5,2.4,6.5,2.4,4.1
7900,104769,20260830,1819,2,14,2,1,1,13.5,4.6,13.5,4.6,8.9
7901,104769,20260830,1819,2,14,2,1,1,13.5,4.6,13.5,4.6,8.9
7902,104770,20260709,1321,1,3,4,3,2,3.8,1.5,7.6,3.0,4.6
7903,104770,20260709,1321,1,4,4,3,1,4.5,1.9,4.5,1.9,2.6
7904,104770,20260709,1321,1,2,4,3,1,4.0,1.6,4.0,1.6,2.4
7905,104771,20260610,1639,6,7,1,3,2,4.3,1.8,8.6,3.6,5.0
7906,104771,20260610,1639,6,12,1,3,1,12.0,4.2,12.0,4.2,7.8
7907,104772,20260508,823,3,1,2,1,1,3.5,1.4,3.5,1.4,2.1
7908,104772,20260508,823,3,14,2,1,1,13.5,4.6,13.5,4.6,8.9
7909,104773,20260521,1029,3,5,1,1,1,4.8,2.0,4.8,2.0,2.8
7910,104773,20260521,1029,3,3,1,1,1,3.8,1.5,3.8,1.5,2.3
7911,104774,20260421,1742,1,18,1,1,1,5.0,1.8,5.0,1.8,3.2
7912,104775,20260627,1131,6,5,2,1,1,4.8,2.0,4.8,2.0,2.8
7913,104775,20260627,1131,6,4,2,1,1,4.5,1.9,4.5,1.9,2.6
7914,104776,20260323,1744,4,23,1,3,1,9.0,3.4,9.0,3.4,5.6
7915,104777,20260516,1857,2,14,2,3,1,13.5,4.6,13.5,4.6,8.9
7916,104778,20260404,825,2,4,1,3,1,4.5,1.9,4.5,1.9,2.6
7917,104779,20260416,914,5,6,1,3,1,5.0,2.1,5.0,2.1,2.9
7918,104779,20260416,914,5,19,1,3,1,5.5,2.0,5.5,2.0,3.5
7919,104779,20260416,914,5,13,1,3,1,12.5,4.3,12.5,4.3,8.2
7920,104780,20260507,809,5,20,2,3,1,6.5,2.4,6.5,2.4,4.1
7921,104781,20260324,1734,1,5,1,1,1,4.8,2.0,4.8,2.0,2.8
7922,104781,20260324,1734,1,11,1,1,1,10.5,3.8,10.5,3.8,6.7
7923,104782,20260724,1254,3,19,2,1,1,5.5,2.0,5.5,2.0,3.5
7924,104782,20260724,1254,3,7,2,1,2,4.3,1.8,8.6,3.6,5.0
7925,104783,20260501,1156,2,1,1,1,1,3.5,1.4,3.5,1.4,2.1
7926,104784,20260526,752,5,1,1,1,1,3.5,1.4,3.5,1.4,2.1
7927,104784,20260526,752,5,17,1,1,1,4.5,1.6,4.5,1.6,2.9
7928,104785,20260625,1630,5,13,1,2,1,12.5,4.3,12.5,4.3,8.2
7929,104785,20260625,1630,5,4,1,2,1,4.5,1.9,4.5,1.9,2.6
7930,104785,20260625,1630,5,9,1,2,1,9.0,3.4,9.0,3.4,5.6
7931,104786,20260820,1323,3,8,2,1,1,8.5,3.2,8.5,3.2,5.3
7932,104786,20260820,1323,3,2,2,1,1,4.0,1.6,4.0,1.6,2.4
7933,104787,20260819,1824,1,8,3,1,1,8.5,3.2,8.5,3.2,5.3
7934,104787,20260819,1824,1,12,3,1,1,12.0,4.2,12.0,4.2,7.8
7935,104787,20260819,1824,1,23,3,1,1,9.0,3.4,9.0,3.4,5.6
7936,104788,20260605,801,1,9,1,1,1,9.0,3.4,9.0,3.4,5.6
7937,104788,20260605,801,1,2,1,1,1,4.0,1.6,4.0,1.6,2.4
7938,104789,20260726,1309,1,3,3,1,1,3.8,1.5,3.8,1.5,2.3
7939,104790,20260316,1442,3,9,2,1,1,9.0,3.4,9.0,3.4,5.6
7940,104791,20260529,1359,6,15,3,3,1,11.0,4.0,11.0,4.0,7.0
7941,104792,20260629,1444,5,20,2,2,1,6.5,2.4,6.5,2.4,4.1
7942,104792,20260629,1444,5,8,2,2,2,8.5,3.2,17.0,6.4,10.6
7943,104792,20260629,1444,5,11,2,2,1,10.5,3.8,10.5,3.8,6.7
7944,104793,20260404,1014,1,2,1,3,2,4.0,1.6,8.0,3.2,4.8
7945,104794,20260602,834,1,5,1,1,1,4.8,2.0,4.8,2.0,2.8
7946,104795,20260325,821,5,23,1,1,1,9.0,3.4,9.0,3.4,5.6
7947,104795,20260325,821,5,20,1,1,1,6.5,2.4,6.5,2.4,4.1
7948,104795,20260325,821,5,19,1,1,1,5.5,2.0,5.5,2.0,3.5
7949,104796,20260320,1710,5,11,3,1,1,10.5,3.8,10.5,3.8,6.7
7950,104797,20260725,1746,6,8,4,4,1,8.5,3.2,8.5,3.2,5.3
7951,104797,20260725,1746,6,11,4,4,1,10.5,3.8,10.5,3.8,6.7
7952,104798,20260826,1632,1,21,1,1,1,9.0,3.2,9.0,3.2,5.8
7953,104799,20260822,1027,3,1,2,3,1,3.5,1.4,3.5,1.4,2.1
7954,104799,20260822,1027,3,19,2,3,1,5.5,2.0,5.5,2.0,3.5
7955,104799,20260822,1027,3,6,2,3,1,5.0,2.1,5.0,2.1,2.9
7956,104800,20260726,1159,6,6,1,1,1,5.0,2.1,5.0,2.1,2.9
7957,104801,20260626,810,5,11,1,4,2,10.5,3.8,21.0,7.6,13.4
7958,104801,20260626,810,5,23,1,4,2,9.0,3.4,18.0,6.8,11.2
7959,104802,20260423,1636,3,15,2,4,1,11.0,4.0,11.0,4.0,7.0
7960,104802,20260423,1636,3,8,2,4,1,8.5,3.2,8.5,3.2,5.3
7961,104803,20260813,1341,5,8,2,4,1,8.5,3.2,8.5,3.2,5.3
7962,104804,20260609,1933,1,7,1,2,1,4.3,1.8,4.3,1.8,2.5
7963,104804,20260609,1933,1,13,1,2,2,12.5,4.3,25.0,8.6,16.4
7964,104804,20260609,1933,1,23,1,2,1,9.0,3.4,9.0,3.4,5.6
7965,104805,20260804,816,1,2,1,1,1,4.0,1.6,4.0,1.6,2.4
7966,104806,20260525,1520,3,21,1,1,1,9.0,3.2,9.0,3.2,5.8
7967,104806,20260525,1520,3,2,1,1,1,4.0,1.6,4.0,1.6,2.4
7968,104807,20260828,1520,6,10,1,1,1,8.0,3.0,8.0,3.0,5.0
7969,104808,20260529,1750,2,8,2,2,1,8.5,3.2,8.5,3.2,5.3
7970,104808,20260529,1750,2,19,2,2,1,5.5,2.0,5.5,2.0,3.5
7971,104808,20260529,1750,2,13,2,2,1,12.5,4.3,12.5,4.3,8.2
7972,104809,20260508,823,5,9,1,1,1,9.0,3.4,9.0,3.4,5.6
7973,104809,20260508,823,5,2,1,1,1,4.0,1.6,4.0,1.6,2.4
7974,104810,20260526,819,5,4,1,4,1,4.5,1.9,4.5,1.9,2.6
7975,104810,20260526,819,5,2,1,4,1,4.0,1.6,4.0,1.6,2.4
7976,104811,20260326,2054,4,13,4,4,2,12.5,4.3,25.0,8.6,16.4
7977,104812,20260910,1038,4,19,2,1,1,5.5,2.0,5.5,2.0,3.5
7978,104813,20260502,1337,2,14,1,1,1,13.5,4.6,13.5,4.6,8.9
7979,104814,20260419,706,4,4,4,1,2,4.5,1.9,9.0,3.8,5.2
7980,104814,20260419,706,4,1,4,1,1,3.5,1.4,3.5,1.4,2.1
7981,104815,20260527,1709,1,20,2,3,1,6.5,2.4,6.5,2.4,4.1
7982,104816,20260820,1648,4,22,4,3,1,9.5,3.6,9.5,3.6,5.9
7983,104816,20260820,1648,4,18,4,3,1,5.0,1.8,5.0,1.8,3.2
7984,104817,20260512,1755,2,23,1,3,2,9.0,3.4,18.0,6.8,11.2
7985,104818,20260419,1006,4,10,1,3,1,8.0,3.0,8.0,3.0,5.0
7986,104818,20260419,1006,4,4,1,3,2,4.5,1.9,9.0,3.8,5.2
7987,104818,20260419,1006,4,18,1,3,1,5.0,1.8,5.0,1.8,3.2
7988,104819,20260512,1850,1,1,2,4,1,3.5,1.4,3.5,1.4,2.1
7989,104820,20260701,904,4,18,1,2,1,5.0,1.8,5.0,1.8,3.2
7990,104820,20260701,904,4,9,1,2,1,9.0,3.4,9.0,3.4,5.6
7991,104821,20260815,755,3,18,3,1,2,5.0,1.8,10.0,3.6,6.4
7992,104822,20260707,1829,2,16,1,1,2,11.5,4.1,23.0,8.2,14.8
7993,104823,20260318,1923,5,5,1,2,1,4.8,2.0,4.8,2.0,2.8
7994,104824,20260510,823,1,25,1,2,1,8.5,3.2,8.5,3.2,5.3
7995,104825,20260904,1351,1,20,2,2,1,6.5,2.4,6.5,2.4,4.1
7996,104825,20260904,1351,1,13,2,2,2,12.5,4.3,25.0,8.6,16.4
7997,104825,20260904,1351,1,6,2,2,1,5.0,2.1,5.0,2.1,2.9
7998,104826,20260717,1706,5,12,2,1,2,12.0,4.2,24.0,8.4,15.6
7999,104826,20260717,1706,5,12,2,1,1,12.0,4.2,12.0,4.2,7.8
8000,104827,20260521,2100,3,15,4,2,2,11.0,4.0,22.0,8.0,14.0
8001,104827,20260521,2100,3,22,4,2,1,9.5,3.6,9.5,3.6,5.9
8002,104827,20260521,2100,3,9,4,2,1,9.0,3.4,9.0,3.4,5.6
8003,104828,20260728,1910,4,13,1,3,1,12.5,4.3,12.5,4.3,8.2
8004,104829,20260514,845,1,21,2,2,1,9.0,3.2,9.0,3.2,5.8
8005,104830,20260818,1848,4,9,2,3,1,9.0,3.4,9.0,3.4,5.6
8006,104831,20260728,1654,5,16,2,1,1,11.5,4.1,11.5,4.1,7.4
8007,104832,20260711,2132,1,2,1,2,1,4.0,1.6,4.0,1.6,2.4
8008,104833,20260626,1826,2,9,2,2,1,9.0,3.4,9.0,3.4,5.6
8009,104833,20260626,1826,2,14,2,2,1,13.5,4.6,13.5,4.6,8.9
8010,104833,20260626,1826,2,15,2,2,1,11.0,4.0,11.0,4.0,7.0
8011,104834,20260423,1113,1,6,1,2,1,5.0,2.1,5.0,2.1,2.9
8012,104834,20260423,1113,1,20,1,2,1,6.5,2.4,6.5,2.4,4.1
8013,104834,20260423,1113,1,14,1,2,1,13.5,4.6,13.5,4.6,8.9
8014,104835,20260423,1635,6,4,2,1,2,4.5,1.9,9.0,3.8,5.2
8015,104836,20260808,1615,3,15,1,1,1,11.0,4.0,11.0,4.0,7.0
8016,104836,20260808,1615,3,19,1,1,1,5.5,2.0,5.5,2.0,3.5
8017,104837,20260728,1238,1,15,1,1,1,11.0,4.0,11.0,4.0,7.0
8018,104838,20260412,830,1,17,1,2,1,4.5,1.6,4.5,1.6,2.9
8019,104839,20260321,846,6,9,3,4,1,9.0,3.4,9.0,3.4,5.6
8020,104840,20260518,1750,2,8,1,3,1,8.5,3.2,8.5,3.2,5.3
8021,104841,20260807,908,6,23,2,2,1,9.0,3.4,9.0,3.4,5.6
8022,104841,20260807,908,6,2,2,2,1,4.0,1.6,4.0,1.6,2.4
8023,104842,20260509,838,5,7,1,1,1,4.3,1.8,4.3,1.8,2.5
8024,104842,20260509,838,5,17,1,1,1,4.5,1.6,4.5,1.6,2.9
8025,104843,20260424,913,1,20,4,2,1,6.5,2.4,6.5,2.4,4.1
8026,104844,20260517,1554,5,1,1,2,1,3.5,1.4,3.5,1.4,2.1
8027,104845,20260911,1835,1,12,4,4,1,12.0,4.2,12.0,4.2,7.8
8028,104845,20260911,1835,1,12,4,4,1,12.0,4.2,12.0,4.2,7.8
8029,104846,20260406,855,1,6,2,4,1,5.0,2.1,5.0,2.1,2.9
8030,104847,20260608,1527,3,14,2,2,1,13.5,4.6,13.5,4.6,8.9
8031,104847,20260608,1527,3,16,2,2,1,11.5,4.1,11.5,4.1,7.4
8032,104847,20260608,1527,3,22,2,2,1,9.5,3.6,9.5,3.6,5.9
8033,104848,20260716,1634,6,22,1,3,1,9.5,3.6,9.5,3.6,5.9
8034,104848,20260716,1634,6,22,1,3,1,9.5,3.6,9.5,3.6,5.9
8035,104849,20260811,916,6,5,1,1,2,4.8,2.0,9.6,4.0,5.6
8036,104850,20260723,1217,1,9,1,2,1,9.0,3.4,9.0,3.4,5.6
8037,104851,20260510,1001,5,1,1,2,2,3.5,1.4,7.0,2.8,4.2
8038,104852,20260508,1659,1,1,2,3,1,3.5,1.4,3.5,1.4,2.1
8039,104852,20260508,1659,1,13,2,3,1,12.5,4.3,12.5,4.3,8.2
8040,104853,20260315,1240,6,7,2,1,1,4.3,1.8,4.3,1.8,2.5
8041,104854,20260629,951,5,19,2,1,1,5.5,2.0,5.5,2.0,3.5
8042,104854,20260629,951,5,9,2,1,1,9.0,3.4,9.0,3.4,5.6
8043,104855,20260410,1824,2,2,1,3,2,4.0,1.6,8.0,3.2,4.8
8044,104856,20260828,1638,5,8,2,1,1,8.5,3.2,8.5,3.2,5.3
8045,104857,20260913,824,5,18,1,1,1,5.0,1.8,5.0,1.8,3.2
8046,104857,20260913,824,5,7,1,1,1,4.3,1.8,4.3,1.8,2.5
8047,104858,20260913,1704,2,6,1,4,1,5.0,2.1,5.0,2.1,2.9
8048,104858,20260913,1704,2,23,1,4,1,9.0,3.4,9.0,3.4,5.6
8049,104859,20260727,841,3,19,1,4,1,5.5,2.0,5.5,2.0,3.5
8050,104860,20260521,831,1,2,2,2,1,4.0,1.6,4.0,1.6,2.4
8051,104861,20260726,1126,5,3,1,1,2,3.8,1.5,7.6,3.0,4.6
8052,104862,20260814,1004,2,24,2,2,1,8.0,3.0,8.0,3.0,5.0
8053,104863,20260729,847,3,17,1,3,1,4.5,1.6,4.5,1.6,2.9
8054,104864,20260522,827,2,16,1,1,1,11.5,4.1,11.5,4.1,7.4
8055,104865,20260413,1819,6,23,2,2,1,9.0,3.4,9.0,3.4,5.6
8056,104865,20260413,1819,6,8,2,2,1,8.5,3.2,8.5,3.2,5.3
8057,104866,20260516,1643,4,10,1,1,1,8.0,3.0,8.0,3.0,5.0
8058,104867,20260425,2009,1,21,1,1,2,9.0,3.2,18.0,6.4,11.6
8059,104867,20260425,2009,1,1,1,1,1,3.5,1.4,3.5,1.4,2.1
8060,104867,20260425,2009,1,9,1,1,1,9.0,3.4,9.0,3.4,5.6
8061,104868,20260621,1112,3,14,1,1,1,13.5,4.6,13.5,4.6,8.9
8062,104868,20260621,1112,3,7,1,1,1,4.3,1.8,4.3,1.8,2.5
8063,104869,20260316,831,4,4,1,1,1,4.5,1.9,4.5,1.9,2.6
8064,104869,20260316,831,4,17,1,1,1,4.5,1.6,4.5,1.6,2.9
8065,104870,20260514,1627,2,8,1,1,2,8.5,3.2,17.0,6.4,10.6
8066,104870,20260514,1627,2,14,1,1,1,13.5,4.6,13.5,4.6,8.9
8067,104871,20260603,828,5,18,3,3,1,5.0,1.8,5.0,1.8,3.2
8068,104872,20260405,1227,2,2,1,1,1,4.0,1.6,4.0,1.6,2.4
8069,104873,20260409,1118,5,25,1,1,2,8.5,3.2,17.0,6.4,10.6
8070,104874,20260422,718,2,11,2,1,1,10.5,3.8,10.5,3.8,6.7
8071,104875,20260407,1242,6,17,1,1,1,4.5,1.6,4.5,1.6,2.9
8072,104875,20260407,1242,6,23,1,1,1,9.0,3.4,9.0,3.4,5.6
8073,104875,20260407,1242,6,10,1,1,1,8.0,3.0,8.0,3.0,5.0
8074,104876,20260421,1858,4,13,1,1,1,12.5,4.3,12.5,4.3,8.2
8075,104877,20260617,1237,2,25,1,2,1,8.5,3.2,8.5,3.2,5.3
8076,104877,20260617,1237,2,4,1,2,2,4.5,1.9,9.0,3.8,5.2
8077,104878,20260401,1602,4,3,1,2,1,3.8,1.5,3.8,1.5,2.3
8078,104879,20260823,1833,5,12,2,1,2,12.0,4.2,24.0,8.4,15.6
8079,104879,20260823,1833,5,21,2,1,1,9.0,3.2,9.0,3.2,5.8
8080,104880,20260520,1909,6,10,2,3,1,8.0,3.0,8.0,3.0,5.0
8081,104881,20260323,1753,4,15,2,2,2,11.0,4.0,22.0,8.0,14.0
8082,104881,20260323,1753,4,12,2,2,1,12.0,4.2,12.0,4.2,7.8
8083,104882,20260516,1238,1,7,1,2,1,4.3,1.8,4.3,1.8,2.5
8084,104882,20260516,1238,1,22,1,2,1,9.5,3.6,9.5,3.6,5.9
8085,104882,20260516,1238,1,4,1,2,1,4.5,1.9,4.5,1.9,2.6
8086,104883,20260823,932,5,5,2,1,1,4.8,2.0,4.8,2.0,2.8
8087,104884,20260508,2052,4,11,1,3,1,10.5,3.8,10.5,3.8,6.7
8088,104885,20260618,848,4,3,2,1,1,3.8,1.5,3.8,1.5,2.3
8089,104885,20260618,848,4,6,2,1,1,5.0,2.1,5.0,2.1,2.9
8090,104886,20260410,921,5,2,2,1,1,4.0,1.6,4.0,1.6,2.4
8091,104887,20260423,755,5,19,3,3,1,5.5,2.0,5.5,2.0,3.5
8092,104888,20260817,1231,2,7,2,1,2,4.3,1.8,8.6,3.6,5.0
8093,104889,20260807,1733,5,3,1,2,1,3.8,1.5,3.8,1.5,2.3
8094,104889,20260807,1733,5,13,1,2,2,12.5,4.3,25.0,8.6,16.4
8095,104889,20260807,1733,5,25,1,2,1,8.5,3.2,8.5,3.2,5.3
8096,104890,20260620,1406,6,14,1,1,1,13.5,4.6,13.5,4.6,8.9
8097,104890,20260620,1406,6,9,1,1,1,9.0,3.4,9.0,3.4,5.6
8098,104891,20260321,812,2,2,1,1,1,4.0,1.6,4.0,1.6,2.4
8099,104892,20260425,1916,2,9,1,1,1,9.0,3.4,9.0,3.4,5.6
8100,104892,20260425,1916,2,11,1,1,1,10.5,3.8,10.5,3.8,6.7
8101,104892,20260425,1916,2,12,1,1,2,12.0,4.2,24.0,8.4,15.6
8102,104893,20260620,2137,5,7,1,1,1,4.3,1.8,4.3,1.8,2.5
8103,104894,20260831,948,1,11,1,1,1,10.5,3.8,10.5,3.8,6.7
8104,104895,20260724,2153,5,15,2,1,2,11.0,4.0,22.0,8.0,14.0
8105,104895,20260724,2153,5,7,2,1,1,4.3,1.8,4.3,1.8,2.5
8106,104896,20260805,1729,4,11,1,4,1,10.5,3.8,10.5,3.8,6.7
8107,104897,20260424,1252,3,16,2,1,1,11.5,4.1,11.5,4.1,7.4
8108,104898,20260812,1219,6,7,1,3,1,4.3,1.8,4.3,1.8,2.5
8109,104899,20260731,1833,1,11,1,4,1,10.5,3.8,10.5,3.8,6.7
8110,104900,20260608,745,3,2,1,2,1,4.0,1.6,4.0,1.6,2.4
8111,104900,20260608,745,3,18,1,2,2,5.0,1.8,10.0,3.6,6.4
8112,104900,20260608,745,3,18,1,2,2,5.0,1.8,10.0,3.6,6.4
8113,104901,20260711,958,1,3,1,1,1,3.8,1.5,3.8,1.5,2.3
8114,104901,20260711,958,1,17,1,1,1,4.5,1.6,4.5,1.6,2.9
8115,104901,20260711,958,1,5,1,1,2,4.8,2.0,9.6,4.0,5.6
8116,104902,20260625,1133,4,4,1,1,1,4.5,1.9,4.5,1.9,2.6
8117,104903,20260526,846,1,5,2,2,1,4.8,2.0,4.8,2.0,2.8
8118,104904,20260803,859,4,2,2,1,1,4.0,1.6,4.0,1.6,2.4
8119,104904,20260803,859,4,6,2,1,1,5.0,2.1,5.0,2.1,2.9
8120,104904,20260803,859,4,7,2,1,1,4.3,1.8,4.3,1.8,2.5
8121,104905,20260415,1847,5,15,1,1,2,11.0,4.0,22.0,8.0,14.0
8122,104906,20260410,1910,5,16,1,3,2,11.5,4.1,23.0,8.2,14.8
8123,104907,20260808,1915,3,12,1,1,2,12.0,4.2,24.0,8.4,15.6
8124,104908,20260912,741,1,12,1,1,1,12.0,4.2,12.0,4.2,7.8
8125,104908,20260912,741,1,11,1,1,1,10.5,3.8,10.5,3.8,6.7
8126,104909,20260825,1622,5,13,1,1,1,12.5,4.3,12.5,4.3,8.2
8127,104910,20260411,920,4,5,4,2,1,4.8,2.0,4.8,2.0,2.8
8128,104911,20260822,1848,1,2,2,3,1,4.0,1.6,4.0,1.6,2.4
8129,104912,20260328,1644,3,22,1,1,1,9.5,3.6,9.5,3.6,5.9
8130,104913,20260317,926,1,17,1,2,1,4.5,1.6,4.5,1.6,2.9
8131,104913,20260317,926,1,19,1,2,1,5.5,2.0,5.5,2.0,3.5
8132,104914,20260705,837,3,18,1,1,1,5.0,1.8,5.0,1.8,3.2
8133,104915,20260906,1212,2,2,1,1,1,4.0,1.6,4.0,1.6,2.4
8134,104915,20260906,1212,2,17,1,1,1,4.5,1.6,4.5,1.6,2.9
8135,104915,20260906,1212,2,7,1,1,1,4.3,1.8,4.3,1.8,2.5
8136,104916,20260831,1723,4,15,1,1,2,11.0,4.0,22.0,8.0,14.0
8137,104917,20260729,2030,1,18,2,2,1,5.0,1.8,5.0,1.8,3.2
8138,104918,20260612,1127,2,24,1,1,1,8.0,3.0,8.0,3.0,5.0
8139,104918,20260612,1127,2,4,1,1,1,4.5,1.9,4.5,1.9,2.6
8140,104918,20260612,1127,2,17,1,1,1,4.5,1.6,4.5,1.6,2.9
8141,104919,20260518,2038,1,5,1,1,1,4.8,2.0,4.8,2.0,2.8
8142,104920,20260705,1333,5,23,1,1,1,9.0,3.4,9.0,3.4,5.6
8143,104921,20260509,1638,2,13,1,3,1,12.5,4.3,12.5,4.3,8.2
8144,104922,20260905,839,4,1,1,1,2,3.5,1.4,7.0,2.8,4.2
8145,104923,20260429,1637,3,12,1,4,1,12.0,4.2,12.0,4.2,7.8
8146,104923,20260429,1637,3,3,1,4,1,3.8,1.5,3.8,1.5,2.3
8147,104924,20260328,752,2,11,2,1,1,10.5,3.8,10.5,3.8,6.7
8148,104925,20260402,1316,1,4,2,1,1,4.5,1.9,4.5,1.9,2.6
8149,104926,20260723,932,4,18,1,1,1,5.0,1.8,5.0,1.8,3.2
8150,104926,20260723,932,4,7,1,1,1,4.3,1.8,4.3,1.8,2.5
8151,104927,20260419,1708,4,12,1,1,1,12.0,4.2,12.0,4.2,7.8
8152,104927,20260419,1708,4,25,1,1,1,8.5,3.2,8.5,3.2,5.3
8153,104928,20260729,848,5,4,1,3,1,4.5,1.9,4.5,1.9,2.6
8154,104929,20260430,1214,6,12,1,2,1,12.0,4.2,12.0,4.2,7.8
8155,104930,20260710,828,1,17,2,3,2,4.5,1.6,9.0,3.2,5.8
8156,104931,20260825,1735,3,20,2,4,1,6.5,2.4,6.5,2.4,4.1
8157,104931,20260825,1735,3,6,2,4,1,5.0,2.1,5.0,2.1,2.9
8158,104932,20260811,1026,5,2,2,1,1,4.0,1.6,4.0,1.6,2.4
8159,104932,20260811,1026,5,13,2,1,1,12.5,4.3,12.5,4.3,8.2
8160,104933,20260515,1731,4,12,4,1,1,12.0,4.2,12.0,4.2,7.8
8161,104934,20260426,1831,3,18,4,3,1,5.0,1.8,5.0,1.8,3.2
8162,104935,20260827,1104,5,16,2,1,1,11.5,4.1,11.5,4.1,7.4
8163,104935,20260827,1104,5,21,2,1,1,9.0,3.2,9.0,3.2,5.8
8164,104936,20260813,1140,2,14,1,1,1,13.5,4.6,13.5,4.6,8.9
8165,104937,20260722,1149,3,11,1,4,1,10.5,3.8,10.5,3.8,6.7
8166,104938,20260418,814,2,6,4,1,1,5.0,2.1,5.0,2.1,2.9
8167,104938,20260418,814,2,4,4,1,2,4.5,1.9,9.0,3.8,5.2
8168,104939,20260614,1736,1,8,1,1,1,8.5,3.2,8.5,3.2,5.3
8169,104940,20260329,1812,4,13,2,2,1,12.5,4.3,12.5,4.3,8.2
8170,104940,20260329,1812,4,18,2,2,1,5.0,1.8,5.0,1.8,3.2
8171,104941,20260626,824,2,7,4,1,2,4.3,1.8,8.6,3.6,5.0
8172,104942,20260902,1001,2,2,1,4,1,4.0,1.6,4.0,1.6,2.4
8173,104943,20260424,920,5,8,2,1,2,8.5,3.2,17.0,6.4,10.6
8174,104944,20260407,1814,5,25,1,1,1,8.5,3.2,8.5,3.2,5.3
8175,104944,20260407,1814,5,2,1,1,2,4.0,1.6,8.0,3.2,4.8
8176,104944,20260407,1814,5,13,1,1,1,12.5,4.3,12.5,4.3,8.2
8177,104945,20260424,1047,3,23,2,1,1,9.0,3.4,9.0,3.4,5.6
8178,104945,20260424,1047,3,2,2,1,1,4.0,1.6,4.0,1.6,2.4
8179,104945,20260424,1047,3,12,2,1,2,12.0,4.2,24.0,8.4,15.6
8180,104946,20260430,1132,2,16,1,1,1,11.5,4.1,11.5,4.1,7.4
8181,104946,20260430,1132,2,18,1,1,1,5.0,1.8,5.0,1.8,3.2
8182,104947,20260803,848,1,4,1,3,1,4.5,1.9,4.5,1.9,2.6
8183,104947,20260803,848,1,20,1,3,1,6.5,2.4,6.5,2.4,4.1
8184,104947,20260803,848,1,6,1,3,2,5.0,2.1,10.0,4.2,5.8
8185,104948,20260617,1456,4,4,4,1,1,4.5,1.9,4.5,1.9,2.6
8186,104949,20260529,1838,4,16,1,1,1,11.5,4.1,11.5,4.1,7.4
8187,104949,20260529,1838,4,12,1,1,1,12.0,4.2,12.0,4.2,7.8
8188,104950,20260728,1200,3,2,1,1,2,4.0,1.6,8.0,3.2,4.8
8189,104951,20260601,1146,4,17,1,1,1,4.5,1.6,4.5,1.6,2.9
8190,104951,20260601,1146,4,19,1,1,1,5.5,2.0,5.5,2.0,3.5
8191,104952,20260718,1753,3,7,1,4,1,4.3,1.8,4.3,1.8,2.5
8192,104953,20260813,1013,5,5,2,1,2,4.8,2.0,9.6,4.0,5.6
8193,104954,20260408,1857,6,10,1,4,1,8.0,3.0,8.0,3.0,5.0
8194,104955,20260418,1729,1,14,1,3,1,13.5,4.6,13.5,4.6,8.9
8195,104956,20260825,1219,1,5,2,1,1,4.8,2.0,4.8,2.0,2.8
8196,104957,20260622,1141,1,4,2,1,1,4.5,1.9,4.5,1.9,2.6
8197,104957,20260622,1141,1,25,2,1,1,8.5,3.2,8.5,3.2,5.3
8198,104957,20260622,1141,1,5,2,1,1,4.8,2.0,4.8,2.0,2.8
8199,104958,20260628,1849,3,12,1,3,1,12.0,4.2,12.0,4.2,7.8
8200,104958,20260628,1849,3,20,1,3,1,6.5,2.4,6.5,2.4,4.1
8201,104959,20260514,1237,2,9,1,4,2,9.0,3.4,18.0,6.8,11.2
8202,104960,20260418,725,2,16,2,2,1,11.5,4.1,11.5,4.1,7.4
8203,104961,20260510,1544,1,23,2,1,1,9.0,3.4,9.0,3.4,5.6
8204,104961,20260510,1544,1,18,2,1,1,5.0,1.8,5.0,1.8,3.2
8205,104962,20260621,1314,2,1,3,3,1,3.5,1.4,3.5,1.4,2.1
8206,104962,20260621,1314,2,5,3,3,2,4.8,2.0,9.6,4.0,5.6
8207,104963,20260605,847,4,2,2,1,1,4.0,1.6,4.0,1.6,2.4
8208,104963,20260605,847,4,24,2,1,1,8.0,3.0,8.0,3.0,5.0
8209,104964,20260706,1158,4,12,2,2,1,12.0,4.2,12.0,4.2,7.8
8210,104964,20260706,1158,4,18,2,2,1,5.0,1.8,5.0,1.8,3.2
8211,104965,20260809,816,1,3,1,3,1,3.8,1.5,3.8,1.5,2.3
8212,104966,20260621,1016,6,10,2,1,2,8.0,3.0,16.0,6.0,10.0
8213,104967,20260622,1325,4,12,2,1,1,12.0,4.2,12.0,4.2,7.8
8214,104968,20260514,1349,3,17,1,2,1,4.5,1.6,4.5,1.6,2.9
8215,104968,20260514,1349,3,6,1,2,1,5.0,2.1,5.0,2.1,2.9
8216,104969,20260712,1738,3,22,1,1,1,9.5,3.6,9.5,3.6,5.9
8217,104970,20260607,938,1,23,3,1,1,9.0,3.4,9.0,3.4,5.6
8218,104971,20260621,1801,4,11,1,3,1,10.5,3.8,10.5,3.8,6.7
8219,104971,20260621,1801,4,15,1,3,1,11.0,4.0,11.0,4.0,7.0
8220,104971,20260621,1801,4,23,1,3,1,9.0,3.4,9.0,3.4,5.6
8221,104972,20260621,933,6,4,2,1,1,4.5,1.9,4.5,1.9,2.6
8222,104972,20260621,933,6,23,2,1,1,9.0,3.4,9.0,3.4,5.6
8223,104973,20260413,1044,1,11,1,3,1,10.5,3.8,10.5,3.8,6.7
8224,104974,20260316,846,6,4,1,1,1,4.5,1.9,4.5,1.9,2.6
8225,104975,20260809,1926,3,15,1,2,1,11.0,4.0,11.0,4.0,7.0
8226,104976,20260606,913,6,19,1,2,1,5.5,2.0,5.5,2.0,3.5
8227,104977,20260326,1700,3,9,1,3,1,9.0,3.4,9.0,3.4,5.6
8228,104977,20260326,1700,3,10,1,3,1,8.0,3.0,8.0,3.0,5.0
8229,104978,20260607,1229,6,19,1,2,2,5.5,2.0,11.0,4.0,7.0
8230,104979,20260416,709,4,25,1,2,1,8.5,3.2,8.5,3.2,5.3
8231,104980,20260812,1841,3,14,1,3,1,13.5,4.6,13.5,4.6,8.9
8232,104980,20260812,1841,3,13,1,3,1,12.5,4.3,12.5,4.3,8.2
8233,104981,20260826,900,5,24,1,2,1,8.0,3.0,8.0,3.0,5.0
8234,104982,20260828,1759,6,10,1,4,1,8.0,3.0,8.0,3.0,5.0
8235,104983,20260410,1515,5,15,1,1,1,11.0,4.0,11.0,4.0,7.0
8236,104983,20260410,1515,5,7,1,1,1,4.3,1.8,4.3,1.8,2.5
8237,104984,20260425,1649,6,1,4,3,1,3.5,1.4,3.5,1.4,2.1
8238,104985,20260322,819,3,6,1,1,1,5.0,2.1,5.0,2.1,2.9
8239,104986,20260522,823,2,23,1,1,2,9.0,3.4,18.0,6.8,11.2
8240,104986,20260522,823,2,1,1,1,1,3.5,1.4,3.5,1.4,2.1
8241,104987,20260519,1215,4,22,4,3,1,9.5,3.6,9.5,3.6,5.9
8242,104988,20260606,1706,2,12,3,1,1,12.0,4.2,12.0,4.2,7.8
8243,104988,20260606,1706,2,20,3,1,1,6.5,2.4,6.5,2.4,4.1
8244,104989,20260714,713,5,11,2,4,2,10.5,3.8,21.0,7.6,13.4
8245,104989,20260714,713,5,20,2,4,1,6.5,2.4,6.5,2.4,4.1
8246,104989,20260714,713,5,23,2,4,2,9.0,3.4,18.0,6.8,11.2
8247,104990,20260513,835,4,18,1,4,1,5.0,1.8,5.0,1.8,3.2
8248,104991,20260523,922,1,10,1,3,1,8.0,3.0,8.0,3.0,5.0
8249,104992,20260410,752,1,9,1,4,1,9.0,3.4,9.0,3.4,5.6
8250,104993,20260518,1809,6,12,1,1,1,12.0,4.2,12.0,4.2,7.8
8251,104994,20260517,1927,4,8,2,1,1,8.5,3.2,8.5,3.2,5.3
8252,104994,20260517,1927,4,14,2,1,2,13.5,4.6,27.0,9.2,17.8
8253,104994,20260517,1927,4,21,2,1,1,9.0,3.2,9.0,3.2,5.8
8254,104995,20260529,804,1,18,2,2,1,5.0,1.8,5.0,1.8,3.2
8255,104995,20260529,804,1,7,2,2,1,4.3,1.8,4.3,1.8,2.5
8256,104995,20260529,804,1,18,2,2,2,5.0,1.8,10.0,3.6,6.4
8257,104996,20260801,1747,5,23,1,3,1,9.0,3.4,9.0,3.4,5.6
8258,104997,20260329,847,3,21,2,3,1,9.0,3.2,9.0,3.2,5.8
8259,104997,20260329,847,3,7,2,3,1,4.3,1.8,4.3,1.8,2.5
8260,104997,20260329,847,3,20,2,3,2,6.5,2.4,13.0,4.8,8.2
8261,104998,20260606,857,2,3,2,2,1,3.8,1.5,3.8,1.5,2.3
8262,104999,20260610,1812,3,15,1,1,1,11.0,4.0,11.0,4.0,7.0
8263,105000,20260619,1024,4,4,2,1,1,4.5,1.9,4.5,1.9,2.6
8264,105001,20260801,1428,6,5,1,1,1,4.8,2.0,4.8,2.0,2.8
8265,105001,20260801,1428,6,22,1,1,1,9.5,3.6,9.5,3.6,5.9
8266,105002,20260801,1640,1,14,2,1,1,13.5,4.6,13.5,4.6,8.9
8267,105002,20260801,1640,1,11,2,1,1,10.5,3.8,10.5,3.8,6.7
8268,105003,20260407,1101,1,13,1,4,1,12.5,4.3,12.5,4.3,8.2
8269,105004,20260527,1721,4,15,3,1,1,11.0,4.0,11.0,4.0,7.0
8270,105004,20260527,1721,4,2,3,1,1,4.0,1.6,4.0,1.6,2.4
8271,105005,20260429,743,2,20,1,1,2,6.5,2.4,13.0,4.8,8.2
8272,105006,20260320,1819,2,12,1,3,2,12.0,4.2,24.0,8.4,15.6
8273,105006,20260320,1819,2,12,1,3,1,12.0,4.2,12.0,4.2,7.8
8274,105007,20260615,1828,5,15,1,3,1,11.0,4.0,11.0,4.0,7.0
8275,105007,20260615,1828,5,16,1,3,1,11.5,4.1,11.5,4.1,7.4
8276,105007,20260615,1828,5,10,1,3,1,8.0,3.0,8.0,3.0,5.0
8277,105008,20260820,1929,3,20,3,2,1,6.5,2.4,6.5,2.4,4.1
8278,105009,20260619,1829,1,18,3,3,1,5.0,1.8,5.0,1.8,3.2
8279,105009,20260619,1829,1,10,3,3,1,8.0,3.0,8.0,3.0,5.0
8280,105009,20260619,1829,1,18,3,3,1,5.0,1.8,5.0,1.8,3.2
8281,105010,20260419,2154,4,20,1,3,1,6.5,2.4,6.5,2.4,4.1
8282,105011,20260913,1111,6,21,1,4,1,9.0,3.2,9.0,3.2,5.8
8283,105011,20260913,1111,6,20,1,4,2,6.5,2.4,13.0,4.8,8.2
8284,105011,20260913,1111,6,8,1,4,1,8.5,3.2,8.5,3.2,5.3
8285,105012,20260420,1727,5,21,2,1,2,9.0,3.2,18.0,6.4,11.6
8286,105012,20260420,1727,5,12,2,1,1,12.0,4.2,12.0,4.2,7.8
8287,105013,20260730,1647,5,16,1,1,2,11.5,4.1,23.0,8.2,14.8
8288,105014,20260331,913,6,1,2,1,1,3.5,1.4,3.5,1.4,2.1
8289,105014,20260331,913,6,23,2,1,1,9.0,3.4,9.0,3.4,5.6
8290,105015,20260822,1353,2,19,1,1,1,5.5,2.0,5.5,2.0,3.5
8291,105015,20260822,1353,2,19,1,1,1,5.5,2.0,5.5,2.0,3.5
8292,105015,20260822,1353,2,6,1,1,1,5.0,2.1,5.0,2.1,2.9
8293,105016,20260323,1905,3,14,1,3,1,13.5,4.6,13.5,4.6,8.9
8294,105016,20260323,1905,3,20,1,3,1,6.5,2.4,6.5,2.4,4.1
8295,105016,20260323,1905,3,1,1,3,1,3.5,1.4,3.5,1.4,2.1
8296,105017,20260318,1708,5,10,1,3,2,8.0,3.0,16.0,6.0,10.0
8297,105017,20260318,1708,5,16,1,3,1,11.5,4.1,11.5,4.1,7.4
8298,105017,20260318,1708,5,20,1,3,1,6.5,2.4,6.5,2.4,4.1
8299,105018,20260701,1737,1,20,1,3,1,6.5,2.4,6.5,2.4,4.1
8300,105019,20260623,838,4,7,1,1,1,4.3,1.8,4.3,1.8,2.5
8301,105020,20260720,1703,2,20,4,3,1,6.5,2.4,6.5,2.4,4.1
8302,105020,20260720,1703,2,12,4,3,1,12.0,4.2,12.0,4.2,7.8
8303,105021,20260331,1024,4,2,1,2,1,4.0,1.6,4.0,1.6,2.4
8304,105022,20260703,1316,1,22,2,4,1,9.5,3.6,9.5,3.6,5.9
8305,105023,20260614,828,2,20,1,1,1,6.5,2.4,6.5,2.4,4.1
8306,105024,20260726,842,2,3,1,1,1,3.8,1.5,3.8,1.5,2.3
8307,105024,20260726,842,2,8,1,1,1,8.5,3.2,8.5,3.2,5.3
8308,105024,20260726,842,2,18,1,1,1,5.0,1.8,5.0,1.8,3.2
8309,105025,20260628,2111,4,6,1,3,1,5.0,2.1,5.0,2.1,2.9
8310,105026,20260615,1230,2,18,2,2,1,5.0,1.8,5.0,1.8,3.2
8311,105026,20260615,1230,2,6,2,2,1,5.0,2.1,5.0,2.1,2.9
8312,105026,20260615,1230,2,24,2,2,1,8.0,3.0,8.0,3.0,5.0
8313,105027,20260623,1033,6,7,3,1,1,4.3,1.8,4.3,1.8,2.5
8314,105027,20260623,1033,6,2,3,1,1,4.0,1.6,4.0,1.6,2.4
8315,105027,20260623,1033,6,8,3,1,1,8.5,3.2,8.5,3.2,5.3
8316,105028,20260328,1730,3,8,1,3,1,8.5,3.2,8.5,3.2,5.3
8317,105028,20260328,1730,3,19,1,3,1,5.5,2.0,5.5,2.0,3.5
8318,105029,20260624,916,4,2,1,1,1,4.0,1.6,4.0,1.6,2.4
8319,105029,20260624,916,4,2,1,1,1,4.0,1.6,4.0,1.6,2.4
8320,105029,20260624,916,4,4,1,1,1,4.5,1.9,4.5,1.9,2.6
8321,105030,20260316,1707,6,24,2,2,1,8.0,3.0,8.0,3.0,5.0
8322,105031,20260609,1708,2,15,2,3,1,11.0,4.0,11.0,4.0,7.0
8323,105032,20260518,1705,5,16,3,1,1,11.5,4.1,11.5,4.1,7.4
8324,105033,20260318,1633,1,12,2,4,1,12.0,4.2,12.0,4.2,7.8
8325,105033,20260318,1633,1,8,2,4,1,8.5,3.2,8.5,3.2,5.3
8326,105034,20260619,1053,3,19,1,2,1,5.5,2.0,5.5,2.0,3.5
8327,105035,20260828,901,4,8,1,1,2,8.5,3.2,17.0,6.4,10.6
8328,105036,20260420,937,6,18,1,1,1,5.0,1.8,5.0,1.8,3.2
8329,105037,20260619,1922,6,16,1,4,1,11.5,4.1,11.5,4.1,7.4
8330,105037,20260619,1922,6,1,1,4,1,3.5,1.4,3.5,1.4,2.1
8331,105038,20260813,2103,2,14,2,1,2,13.5,4.6,27.0,9.2,17.8
8332,105038,20260813,2103,2,7,2,1,1,4.3,1.8,4.3,1.8,2.5
8333,105038,20260813,2103,2,1,2,1,1,3.5,1.4,3.5,1.4,2.1
8334,105039,20260611,819,2,3,1,1,2,3.8,1.5,7.6,3.0,4.6
8335,105040,20260524,915,4,3,1,1,1,3.8,1.5,3.8,1.5,2.3
8336,105041,20260713,950,2,5,3,1,1,4.8,2.0,4.8,2.0,2.8
8337,105042,20260323,1519,1,2,1,1,1,4.0,1.6,4.0,1.6,2.4
8338,105042,20260323,1519,1,14,1,1,1,13.5,4.6,13.5,4.6,8.9
8339,105042,20260323,1519,1,1,1,1,1,3.5,1.4,3.5,1.4,2.1
8340,105043,20260611,855,3,3,1,1,1,3.8,1.5,3.8,1.5,2.3
8341,105044,20260612,1418,2,8,1,2,1,8.5,3.2,8.5,3.2,5.3
8342,105044,20260612,1418,2,5,1,2,1,4.8,2.0,4.8,2.0,2.8
8343,105045,20260602,1751,4,11,4,4,1,10.5,3.8,10.5,3.8,6.7
8344,105046,20260506,2021,1,2,2,2,1,4.0,1.6,4.0,1.6,2.4
8345,105047,20260614,1241,4,1,1,1,1,3.5,1.4,3.5,1.4,2.1
8346,105047,20260614,1241,4,2,1,1,1,4.0,1.6,4.0,1.6,2.4
8347,105048,20260829,1755,4,9,4,1,2,9.0,3.4,18.0,6.8,11.2
8348,105048,20260829,1755,4,14,4,1,1,13.5,4.6,13.5,4.6,8.9
8349,105048,20260829,1755,4,12,4,1,1,12.0,4.2,12.0,4.2,7.8
8350,105049,20260524,1701,1,14,2,2,1,13.5,4.6,13.5,4.6,8.9
8351,105049,20260524,1701,1,2,2,2,2,4.0,1.6,8.0,3.2,4.8
8352,105050,20260731,1311,5,18,1,1,1,5.0,1.8,5.0,1.8,3.2
8353,105051,20260814,1836,3,20,1,3,1,6.5,2.4,6.5,2.4,4.1
8354,105051,20260814,1836,3,8,1,3,1,8.5,3.2,8.5,3.2,5.3
8355,105052,20260331,1715,2,10,1,1,1,8.0,3.0,8.0,3.0,5.0
8356,105052,20260331,1715,2,14,1,1,1,13.5,4.6,13.5,4.6,8.9
8357,105052,20260331,1715,2,25,1,1,1,8.5,3.2,8.5,3.2,5.3
8358,105053,20260716,1404,4,1,1,1,1,3.5,1.4,3.5,1.4,2.1
8359,105053,20260716,1404,4,6,1,1,1,5.0,2.1,5.0,2.1,2.9
8360,105054,20260629,1728,2,14,1,3,1,13.5,4.6,13.5,4.6,8.9
8361,105055,20260428,1321,2,22,2,2,2,9.5,3.6,19.0,7.2,11.8
8362,105055,20260428,1321,2,19,2,2,1,5.5,2.0,5.5,2.0,3.5
8363,105056,20260819,1740,3,18,3,4,1,5.0,1.8,5.0,1.8,3.2
8364,105057,20260411,1750,2,15,2,3,1,11.0,4.0,11.0,4.0,7.0
8365,105057,20260411,1750,2,19,2,3,1,5.5,2.0,5.5,2.0,3.5
8366,105058,20260411,1044,2,25,1,2,2,8.5,3.2,17.0,6.4,10.6
8367,105058,20260411,1044,2,17,1,2,1,4.5,1.6,4.5,1.6,2.9
8368,105059,20260606,1533,4,7,3,4,1,4.3,1.8,4.3,1.8,2.5
8369,105059,20260606,1533,4,10,3,4,1,8.0,3.0,8.0,3.0,5.0
8370,105060,20260718,1501,1,4,1,1,1,4.5,1.9,4.5,1.9,2.6
8371,105060,20260718,1501,1,3,1,1,1,3.8,1.5,3.8,1.5,2.3
8372,105060,20260718,1501,1,16,1,1,1,11.5,4.1,11.5,4.1,7.4
8373,105061,20260620,945,4,21,1,1,1,9.0,3.2,9.0,3.2,5.8
8374,105062,20260410,1638,3,17,4,3,1,4.5,1.6,4.5,1.6,2.9
8375,105063,20260722,1630,3,12,2,1,1,12.0,4.2,12.0,4.2,7.8
8376,105064,20260322,1055,5,3,1,2,1,3.8,1.5,3.8,1.5,2.3
8377,105064,20260322,1055,5,18,1,2,1,5.0,1.8,5.0,1.8,3.2
8378,105065,20260511,1635,2,25,1,1,1,8.5,3.2,8.5,3.2,5.3
8379,105066,20260412,2100,2,24,2,1,1,8.0,3.0,8.0,3.0,5.0
8380,105066,20260412,2100,2,20,2,1,1,6.5,2.4,6.5,2.4,4.1
8381,105067,20260814,1231,5,9,2,1,1,9.0,3.4,9.0,3.4,5.6
8382,105068,20260910,912,4,19,1,3,1,5.5,2.0,5.5,2.0,3.5
8383,105068,20260910,912,4,20,1,3,1,6.5,2.4,6.5,2.4,4.1
8384,105069,20260810,1843,2,2,4,4,1,4.0,1.6,4.0,1.6,2.4
8385,105070,20260326,832,5,7,2,1,2,4.3,1.8,8.6,3.6,5.0
8386,105070,20260326,832,5,21,2,1,2,9.0,3.2,18.0,6.4,11.6
8387,105070,20260326,832,5,1,2,1,1,3.5,1.4,3.5,1.4,2.1
8388,105071,20260906,1654,3,16,2,3,1,11.5,4.1,11.5,4.1,7.4
8389,105072,20260822,1730,6,10,2,1,1,8.0,3.0,8.0,3.0,5.0
8390,105072,20260822,1730,6,21,2,1,1,9.0,3.2,9.0,3.2,5.8
8391,105073,20260831,1807,1,8,1,3,1,8.5,3.2,8.5,3.2,5.3
8392,105073,20260831,1807,1,25,1,3,1,8.5,3.2,8.5,3.2,5.3
8393,105074,20260318,1053,5,24,3,2,1,8.0,3.0,8.0,3.0,5.0
8394,105074,20260318,1053,5,1,3,2,1,3.5,1.4,3.5,1.4,2.1
8395,105075,20260405,1138,1,15,3,3,2,11.0,4.0,22.0,8.0,14.0
8396,105075,20260405,1138,1,17,3,3,1,4.5,1.6,4.5,1.6,2.9
8397,105075,20260405,1138,1,21,3,3,1,9.0,3.2,9.0,3.2,5.8
8398,105076,20260316,1006,3,7,2,3,1,4.3,1.8,4.3,1.8,2.5
8399,105077,20260410,849,1,24,1,3,1,8.0,3.0,8.0,3.0,5.0
8400,105078,20260906,735,2,7,2,1,2,4.3,1.8,8.6,3.6,5.0
8401,105078,20260906,735,2,17,2,1,1,4.5,1.6,4.5,1.6,2.9
8402,105079,20260601,1647,2,1,1,3,1,3.5,1.4,3.5,1.4,2.1
8403,105079,20260601,1647,2,25,1,3,1,8.5,3.2,8.5,3.2,5.3
8404,105080,20260731,1847,2,25,1,1,1,8.5,3.2,8.5,3.2,5.3
8405,105081,20260706,1558,3,2,2,2,1,4.0,1.6,4.0,1.6,2.4
8406,105082,20260710,1702,4,14,1,4,1,13.5,4.6,13.5,4.6,8.9
8407,105082,20260710,1702,4,12,1,4,1,12.0,4.2,12.0,4.2,7.8
8408,105083,20260725,837,5,6,1,2,1,5.0,2.1,5.0,2.1,2.9
8409,105084,20260822,1226,4,12,1,1,1,12.0,4.2,12.0,4.2,7.8
8410,105085,20260502,1630,3,5,1,2,1,4.8,2.0,4.8,2.0,2.8
8411,105085,20260502,1630,3,9,1,2,1,9.0,3.4,9.0,3.4,5.6
8412,105085,20260502,1630,3,25,1,2,1,8.5,3.2,8.5,3.2,5.3
8413,105086,20260720,1648,4,11,2,4,2,10.5,3.8,21.0,7.6,13.4
8414,105086,20260720,1648,4,13,2,4,2,12.5,4.3,25.0,8.6,16.4
8415,105087,20260324,1856,4,6,1,1,1,5.0,2.1,5.0,2.1,2.9
8416,105088,20260325,1919,4,19,2,1,1,5.5,2.0,5.5,2.0,3.5
8417,105088,20260325,1919,4,17,2,1,1,4.5,1.6,4.5,1.6,2.9
8418,105088,20260325,1919,4,17,2,1,1,4.5,1.6,4.5,1.6,2.9
8419,105089,20260829,1823,5,19,2,2,1,5.5,2.0,5.5,2.0,3.5
8420,105089,20260829,1823,5,23,2,2,1,9.0,3.4,9.0,3.4,5.6
8421,105090,20260829,1530,2,21,1,2,1,9.0,3.2,9.0,3.2,5.8
8422,105090,20260829,1530,2,21,1,2,2,9.0,3.2,18.0,6.4,11.6
8423,105091,20260424,1748,5,5,1,2,1,4.8,2.0,4.8,2.0,2.8
8424,105092,20260529,1355,1,19,2,2,1,5.5,2.0,5.5,2.0,3.5
8425,105093,20260718,1816,4,15,1,1,1,11.0,4.0,11.0,4.0,7.0
8426,105093,20260718,1816,4,19,1,1,1,5.5,2.0,5.5,2.0,3.5
8427,105093,20260718,1816,4,24,1,1,1,8.0,3.0,8.0,3.0,5.0
8428,105094,20260524,1005,2,20,1,1,1,6.5,2.4,6.5,2.4,4.1
8429,105095,20260514,1914,4,25,1,1,1,8.5,3.2,8.5,3.2,5.3
8430,105096,20260519,1740,4,15,1,1,1,11.0,4.0,11.0,4.0,7.0
8431,105096,20260519,1740,4,19,1,1,1,5.5,2.0,5.5,2.0,3.5
8432,105097,20260831,1223,5,23,1,2,1,9.0,3.4,9.0,3.4,5.6
8433,105098,20260716,1041,2,22,2,1,1,9.5,3.6,9.5,3.6,5.9
8434,105099,20260626,1018,6,25,2,1,1,8.5,3.2,8.5,3.2,5.3
8435,105100,20260907,1144,3,24,3,1,1,8.0,3.0,8.0,3.0,5.0
8436,105101,20260509,1809,3,12,2,1,1,12.0,4.2,12.0,4.2,7.8
8437,105102,20260801,2151,3,16,1,2,1,11.5,4.1,11.5,4.1,7.4
8438,105102,20260801,2151,3,10,1,2,1,8.0,3.0,8.0,3.0,5.0
8439,105102,20260801,2151,3,19,1,2,1,5.5,2.0,5.5,2.0,3.5
8440,105103,20260723,916,3,8,2,1,1,8.5,3.2,8.5,3.2,5.3
8441,105104,20260813,904,2,3,1,2,1,3.8,1.5,3.8,1.5,2.3
8442,105104,20260813,904,2,4,1,2,1,4.5,1.9,4.5,1.9,2.6
8443,105104,20260813,904,2,8,1,2,1,8.5,3.2,8.5,3.2,5.3
8444,105105,20260427,854,1,1,1,1,1,3.5,1.4,3.5,1.4,2.1
8445,105106,20260710,1321,5,6,2,1,1,5.0,2.1,5.0,2.1,2.9
8446,105107,20260624,845,6,1,1,1,1,3.5,1.4,3.5,1.4,2.1
8447,105108,20260419,1753,4,19,1,1,1,5.5,2.0,5.5,2.0,3.5
8448,105108,20260419,1753,4,25,1,1,1,8.5,3.2,8.5,3.2,5.3
8449,105109,20260515,2132,5,18,1,4,1,5.0,1.8,5.0,1.8,3.2
8450,105109,20260515,2132,5,3,1,4,1,3.8,1.5,3.8,1.5,2.3
8451,105110,20260615,2116,1,16,1,1,1,11.5,4.1,11.5,4.1,7.4
8452,105110,20260615,2116,1,15,1,1,1,11.0,4.0,11.0,4.0,7.0
8453,105110,20260615,2116,1,16,1,1,1,11.5,4.1,11.5,4.1,7.4
8454,105111,20260519,757,1,3,1,3,2,3.8,1.5,7.6,3.0,4.6
8455,105111,20260519,757,1,23,1,3,2,9.0,3.4,18.0,6.8,11.2
8456,105111,20260519,757,1,4,1,3,1,4.5,1.9,4.5,1.9,2.6
8457,105112,20260421,1717,3,6,2,1,1,5.0,2.1,5.0,2.1,2.9
8458,105113,20260829,1811,4,18,1,3,1,5.0,1.8,5.0,1.8,3.2
8459,105114,20260526,1704,6,9,1,2,1,9.0,3.4,9.0,3.4,5.6
8460,105115,20260401,1008,1,21,4,1,1,9.0,3.2,9.0,3.2,5.8
8461,105115,20260401,1008,1,4,4,1,1,4.5,1.9,4.5,1.9,2.6
8462,105116,20260429,857,5,1,1,3,1,3.5,1.4,3.5,1.4,2.1
8463,105116,20260429,857,5,4,1,3,1,4.5,1.9,4.5,1.9,2.6
8464,105116,20260429,857,5,1,1,3,1,3.5,1.4,3.5,1.4,2.1
8465,105117,20260328,1857,2,24,2,1,2,8.0,3.0,16.0,6.0,10.0
8466,105117,20260328,1857,2,14,2,1,1,13.5,4.6,13.5,4.6,8.9
8467,105118,20260728,1106,2,10,1,2,1,8.0,3.0,8.0,3.0,5.0
8468,105119,20260408,812,2,7,1,2,2,4.3,1.8,8.6,3.6,5.0
8469,105120,20260716,1129,2,10,3,4,1,8.0,3.0,8.0,3.0,5.0
8470,105120,20260716,1129,2,8,3,4,1,8.5,3.2,8.5,3.2,5.3
8471,105120,20260716,1129,2,1,3,4,1,3.5,1.4,3.5,1.4,2.1
8472,105121,20260706,1844,1,19,1,1,1,5.5,2.0,5.5,2.0,3.5
8473,105122,20260514,1012,3,20,1,1,2,6.5,2.4,13.0,4.8,8.2
8474,105122,20260514,1012,3,6,1,1,1,5.0,2.1,5.0,2.1,2.9
8475,105123,20260708,1750,1,16,2,3,2,11.5,4.1,23.0,8.2,14.8
8476,105123,20260708,1750,1,4,2,3,1,4.5,1.9,4.5,1.9,2.6
8477,105123,20260708,1750,1,13,2,3,1,12.5,4.3,12.5,4.3,8.2
8478,105124,20260513,1524,5,19,1,1,1,5.5,2.0,5.5,2.0,3.5
8479,105124,20260513,1524,5,22,1,1,2,9.5,3.6,19.0,7.2,11.8
8480,105124,20260513,1524,5,11,1,1,1,10.5,3.8,10.5,3.8,6.7
8481,105125,20260515,1318,1,4,1,4,2,4.5,1.9,9.0,3.8,5.2
8482,105125,20260515,1318,1,12,1,4,1,12.0,4.2,12.0,4.2,7.8
8483,105126,20260618,1434,2,5,2,1,1,4.8,2.0,4.8,2.0,2.8
8484,105127,20260910,1839,1,12,1,4,1,12.0,4.2,12.0,4.2,7.8
8485,105128,20260711,1001,3,17,2,1,1,4.5,1.6,4.5,1.6,2.9
8486,105129,20260607,1844,2,12,2,3,1,12.0,4.2,12.0,4.2,7.8
8487,105130,20260402,823,4,2,2,4,1,4.0,1.6,4.0,1.6,2.4
8488,105131,20260902,1601,5,12,1,1,1,12.0,4.2,12.0,4.2,7.8
8489,105131,20260902,1601,5,7,1,1,1,4.3,1.8,4.3,1.8,2.5
8490,105132,20260804,1918,1,15,1,4,1,11.0,4.0,11.0,4.0,7.0
8491,105133,20260810,1815,3,15,1,3,1,11.0,4.0,11.0,4.0,7.0
8492,105134,20260710,1037,2,5,2,2,1,4.8,2.0,4.8,2.0,2.8
8493,105134,20260710,1037,2,15,2,2,2,11.0,4.0,22.0,8.0,14.0
8494,105134,20260710,1037,2,22,2,2,1,9.5,3.6,9.5,3.6,5.9
8495,105135,20260525,1003,1,1,1,1,1,3.5,1.4,3.5,1.4,2.1
8496,105135,20260525,1003,1,1,1,1,1,3.5,1.4,3.5,1.4,2.1
8497,105136,20260619,1653,3,16,3,3,1,11.5,4.1,11.5,4.1,7.4
8498,105136,20260619,1653,3,9,3,3,2,9.0,3.4,18.0,6.8,11.2
8499,105136,20260619,1653,3,11,3,3,1,10.5,3.8,10.5,3.8,6.7
8500,105137,20260419,1003,1,18,1,1,1,5.0,1.8,5.0,1.8,3.2
8501,105137,20260419,1003,1,21,1,1,1,9.0,3.2,9.0,3.2,5.8
8502,105137,20260419,1003,1,20,1,1,2,6.5,2.4,13.0,4.8,8.2
8503,105138,20260812,1604,6,6,1,1,1,5.0,2.1,5.0,2.1,2.9
8504,105139,20260407,1145,2,3,1,2,1,3.8,1.5,3.8,1.5,2.3
8505,105140,20260514,901,4,5,2,1,1,4.8,2.0,4.8,2.0,2.8
8506,105140,20260514,901,4,20,2,1,1,6.5,2.4,6.5,2.4,4.1
8507,105141,20260606,940,5,5,1,4,1,4.8,2.0,4.8,2.0,2.8
8508,105142,20260806,2003,4,20,2,1,1,6.5,2.4,6.5,2.4,4.1
8509,105142,20260806,2003,4,1,2,1,1,3.5,1.4,3.5,1.4,2.1
8510,105143,20260701,1750,2,15,1,4,1,11.0,4.0,11.0,4.0,7.0
8511,105144,20260617,747,2,3,2,1,1,3.8,1.5,3.8,1.5,2.3
8512,105145,20260323,1853,5,12,1,2,1,12.0,4.2,12.0,4.2,7.8
8513,105145,20260323,1853,5,7,1,2,1,4.3,1.8,4.3,1.8,2.5
8514,105145,20260323,1853,5,11,1,2,2,10.5,3.8,21.0,7.6,13.4
8515,105146,20260812,1940,3,21,2,4,1,9.0,3.2,9.0,3.2,5.8
8516,105146,20260812,1940,3,16,2,4,1,11.5,4.1,11.5,4.1,7.4
8517,105146,20260812,1940,3,11,2,4,1,10.5,3.8,10.5,3.8,6.7
8518,105147,20260506,1630,3,16,2,4,1,11.5,4.1,11.5,4.1,7.4
8519,105147,20260506,1630,3,22,2,4,2,9.5,3.6,19.0,7.2,11.8
8520,105148,20260513,1919,6,2,1,1,1,4.0,1.6,4.0,1.6,2.4
8521,105148,20260513,1919,6,12,1,1,1,12.0,4.2,12.0,4.2,7.8
8522,105149,20260710,1004,1,20,2,1,1,6.5,2.4,6.5,2.4,4.1
8523,105150,20260725,1356,4,22,2,1,1,9.5,3.6,9.5,3.6,5.9
8524,105150,20260725,1356,4,4,2,1,1,4.5,1.9,4.5,1.9,2.6
8525,105151,20260622,1923,5,24,2,2,1,8.0,3.0,8.0,3.0,5.0
8526,105152,20260821,1908,4,23,1,1,1,9.0,3.4,9.0,3.4,5.6
8527,105153,20260908,1412,5,4,2,2,1,4.5,1.9,4.5,1.9,2.6
8528,105154,20260415,948,5,17,1,2,1,4.5,1.6,4.5,1.6,2.9
8529,105154,20260415,948,5,22,1,2,1,9.5,3.6,9.5,3.6,5.9
8530,105155,20260423,1821,1,8,3,1,1,8.5,3.2,8.5,3.2,5.3
8531,105155,20260423,1821,1,22,3,1,2,9.5,3.6,19.0,7.2,11.8
8532,105156,20260817,812,3,6,1,2,2,5.0,2.1,10.0,4.2,5.8
8533,105156,20260817,812,3,6,1,2,1,5.0,2.1,5.0,2.1,2.9
8534,105157,20260527,1251,4,19,2,2,1,5.5,2.0,5.5,2.0,3.5
8535,105158,20260825,1742,2,11,1,1,2,10.5,3.8,21.0,7.6,13.4
8536,105159,20260420,947,6,20,1,2,1,6.5,2.4,6.5,2.4,4.1
8537,105160,20260420,1418,4,9,1,1,2,9.0,3.4,18.0,6.8,11.2
8538,105161,20260721,1633,4,14,1,4,2,13.5,4.6,27.0,9.2,17.8
8539,105162,20260802,725,4,25,2,1,1,8.5,3.2,8.5,3.2,5.3
8540,105162,20260802,725,4,7,2,1,1,4.3,1.8,4.3,1.8,2.5
8541,105163,20260625,1101,5,25,3,1,2,8.5,3.2,17.0,6.4,10.6
8542,105163,20260625,1101,5,19,3,1,1,5.5,2.0,5.5,2.0,3.5
8543,105164,20260321,1013,2,19,1,1,1,5.5,2.0,5.5,2.0,3.5
8544,105164,20260321,1013,2,4,1,1,1,4.5,1.9,4.5,1.9,2.6
8545,105164,20260321,1013,2,6,1,1,1,5.0,2.1,5.0,2.1,2.9
8546,105165,20260617,1752,4,23,1,4,1,9.0,3.4,9.0,3.4,5.6
8547,105165,20260617,1752,4,14,1,4,1,13.5,4.6,13.5,4.6,8.9
8548,105166,20260904,1139,2,14,2,1,1,13.5,4.6,13.5,4.6,8.9
8549,105166,20260904,1139,2,12,2,1,1,12.0,4.2,12.0,4.2,7.8
8550,105167,20260327,2122,5,3,1,1,2,3.8,1.5,7.6,3.0,4.6
8551,105167,20260327,2122,5,6,1,1,1,5.0,2.1,5.0,2.1,2.9
8552,105168,20260712,908,6,2,2,1,1,4.0,1.6,4.0,1.6,2.4
8553,105169,20260607,1258,2,21,3,2,1,9.0,3.2,9.0,3.2,5.8
8554,105169,20260607,1258,2,6,3,2,1,5.0,2.1,5.0,2.1,2.9
8555,105170,20260422,1258,1,17,2,1,2,4.5,1.6,9.0,3.2,5.8
8556,105170,20260422,1258,1,9,2,1,1,9.0,3.4,9.0,3.4,5.6
8557,105171,20260815,1717,2,23,3,2,1,9.0,3.4,9.0,3.4,5.6
8558,105172,20260514,810,1,5,1,1,2,4.8,2.0,9.6,4.0,5.6
8559,105173,20260315,1958,2,6,2,1,2,5.0,2.1,10.0,4.2,5.8
8560,105174,20260417,1804,6,2,2,4,2,4.0,1.6,8.0,3.2,4.8
8561,105175,20260505,1831,2,6,1,2,2,5.0,2.1,10.0,4.2,5.8
8562,105175,20260505,1831,2,13,1,2,1,12.5,4.3,12.5,4.3,8.2
8563,105176,20260615,1716,2,10,1,3,1,8.0,3.0,8.0,3.0,5.0
8564,105177,20260520,1555,3,6,1,1,1,5.0,2.1,5.0,2.1,2.9
8565,105177,20260520,1555,3,21,1,1,1,9.0,3.2,9.0,3.2,5.8
8566,105178,20260404,712,2,1,1,4,1,3.5,1.4,3.5,1.4,2.1
8567,105179,20260808,1010,1,7,1,1,1,4.3,1.8,4.3,1.8,2.5
8568,105180,20260319,917,6,2,3,2,1,4.0,1.6,4.0,1.6,2.4
8569,105181,20260413,1838,1,12,1,2,1,12.0,4.2,12.0,4.2,7.8
8570,105182,20260913,917,2,7,1,1,2,4.3,1.8,8.6,3.6,5.0
8571,105182,20260913,917,2,3,1,1,1,3.8,1.5,3.8,1.5,2.3
8572,105183,20260616,1700,2,6,1,3,1,5.0,2.1,5.0,2.1,2.9
8573,105183,20260616,1700,2,15,1,3,1,11.0,4.0,11.0,4.0,7.0
8574,105184,20260322,1807,2,7,1,2,1,4.3,1.8,4.3,1.8,2.5
8575,105185,20260816,1834,4,22,1,4,1,9.5,3.6,9.5,3.6,5.9
8576,105186,20260405,1022,2,7,4,1,1,4.3,1.8,4.3,1.8,2.5
8577,105186,20260405,1022,2,5,4,1,1,4.8,2.0,4.8,2.0,2.8
8578,105187,20260526,1027,1,17,2,1,1,4.5,1.6,4.5,1.6,2.9
8579,105188,20260912,2200,3,13,1,2,1,12.5,4.3,12.5,4.3,8.2
8580,105189,20260722,918,5,3,1,3,1,3.8,1.5,3.8,1.5,2.3
8581,105189,20260722,918,5,2,1,3,1,4.0,1.6,4.0,1.6,2.4
8582,105190,20260602,1236,2,6,3,1,1,5.0,2.1,5.0,2.1,2.9
8583,105191,20260803,910,4,1,2,1,1,3.5,1.4,3.5,1.4,2.1
8584,105191,20260803,910,4,18,2,1,1,5.0,1.8,5.0,1.8,3.2
8585,105191,20260803,910,4,19,2,1,1,5.5,2.0,5.5,2.0,3.5
8586,105192,20260826,1237,5,1,4,1,1,3.5,1.4,3.5,1.4,2.1
8587,105192,20260826,1237,5,16,4,1,1,11.5,4.1,11.5,4.1,7.4
8588,105193,20260509,1020,3,1,1,1,1,3.5,1.4,3.5,1.4,2.1
8589,105194,20260723,1328,4,19,1,1,1,5.5,2.0,5.5,2.0,3.5
8590,105194,20260723,1328,4,8,1,1,1,8.5,3.2,8.5,3.2,5.3
8591,105194,20260723,1328,4,2,1,1,1,4.0,1.6,4.0,1.6,2.4
8592,105195,20260509,1709,6,12,2,1,1,12.0,4.2,12.0,4.2,7.8
8593,105195,20260509,1709,6,24,2,1,1,8.0,3.0,8.0,3.0,5.0
8594,105195,20260509,1709,6,7,2,1,1,4.3,1.8,4.3,1.8,2.5
8595,105196,20260911,1313,2,10,1,4,1,8.0,3.0,8.0,3.0,5.0
8596,105197,20260705,1637,2,20,1,2,1,6.5,2.4,6.5,2.4,4.1
8597,105197,20260705,1637,2,15,1,2,1,11.0,4.0,11.0,4.0,7.0
8598,105198,20260512,1232,1,18,2,3,1,5.0,1.8,5.0,1.8,3.2
8599,105199,20260402,1755,5,22,2,1,2,9.5,3.6,19.0,7.2,11.8
8600,105199,20260402,1755,5,3,2,1,2,3.8,1.5,7.6,3.0,4.6
8601,105200,20260710,2145,2,1,1,2,1,3.5,1.4,3.5,1.4,2.1
8602,105200,20260710,2145,2,23,1,2,2,9.0,3.4,18.0,6.8,11.2
8603,105201,20260628,1905,1,8,1,4,1,8.5,3.2,8.5,3.2,5.3
8604,105201,20260628,1905,1,12,1,4,1,12.0,4.2,12.0,4.2,7.8
8605,105202,20260812,1635,2,2,2,2,1,4.0,1.6,4.0,1.6,2.4
8606,105202,20260812,1635,2,9,2,2,2,9.0,3.4,18.0,6.8,11.2
8607,105203,20260815,1828,2,10,1,4,1,8.0,3.0,8.0,3.0,5.0
8608,105204,20260823,951,1,21,1,1,1,9.0,3.2,9.0,3.2,5.8
8609,105204,20260823,951,1,20,1,1,1,6.5,2.4,6.5,2.4,4.1
8610,105205,20260810,1706,2,20,2,2,1,6.5,2.4,6.5,2.4,4.1
8611,105206,20260608,1831,4,14,1,1,2,13.5,4.6,27.0,9.2,17.8
8612,105207,20260723,1703,1,8,1,2,1,8.5,3.2,8.5,3.2,5.3
8613,105207,20260723,1703,1,25,1,2,1,8.5,3.2,8.5,3.2,5.3
8614,105208,20260515,1506,5,17,2,3,2,4.5,1.6,9.0,3.2,5.8
8615,105209,20260805,1733,2,6,1,3,2,5.0,2.1,10.0,4.2,5.8
8616,105210,20260630,1648,3,12,1,1,1,12.0,4.2,12.0,4.2,7.8
8617,105210,20260630,1648,3,8,1,1,1,8.5,3.2,8.5,3.2,5.3
8618,105210,20260630,1648,3,9,1,1,1,9.0,3.4,9.0,3.4,5.6
8619,105211,20260407,1927,3,14,3,2,1,13.5,4.6,13.5,4.6,8.9
8620,105211,20260407,1927,3,13,3,2,1,12.5,4.3,12.5,4.3,8.2
8621,105212,20260614,1903,2,10,1,3,1,8.0,3.0,8.0,3.0,5.0
8622,105212,20260614,1903,2,12,1,3,2,12.0,4.2,24.0,8.4,15.6
8623,105213,20260409,1348,6,1,4,3,1,3.5,1.4,3.5,1.4,2.1
8624,105213,20260409,1348,6,6,4,3,1,5.0,2.1,5.0,2.1,2.9
8625,105213,20260409,1348,6,5,4,3,1,4.8,2.0,4.8,2.0,2.8
8626,105214,20260810,1909,2,19,2,3,1,5.5,2.0,5.5,2.0,3.5
8627,105214,20260810,1909,2,20,2,3,1,6.5,2.4,6.5,2.4,4.1
8628,105215,20260726,1322,3,20,1,1,1,6.5,2.4,6.5,2.4,4.1
8629,105216,20260522,922,5,2,1,3,1,4.0,1.6,4.0,1.6,2.4
8630,105216,20260522,922,5,3,1,3,2,3.8,1.5,7.6,3.0,4.6
8631,105216,20260522,922,5,1,1,3,1,3.5,1.4,3.5,1.4,2.1
8632,105217,20260712,1712,5,14,3,2,1,13.5,4.6,13.5,4.6,8.9
8633,105217,20260712,1712,5,12,3,2,1,12.0,4.2,12.0,4.2,7.8
8634,105218,20260804,1107,1,24,4,3,1,8.0,3.0,8.0,3.0,5.0
8635,105219,20260821,1702,1,9,2,1,1,9.0,3.4,9.0,3.4,5.6
8636,105219,20260821,1702,1,3,2,1,1,3.8,1.5,3.8,1.5,2.3
8637,105220,20260607,1811,4,15,2,2,1,11.0,4.0,11.0,4.0,7.0
8638,105221,20260621,821,1,2,3,2,1,4.0,1.6,4.0,1.6,2.4
8639,105222,20260618,1145,4,7,1,1,1,4.3,1.8,4.3,1.8,2.5
8640,105223,20260801,1744,4,1,2,3,1,3.5,1.4,3.5,1.4,2.1
8641,105223,20260801,1744,4,16,2,3,1,11.5,4.1,11.5,4.1,7.4
8642,105223,20260801,1744,4,25,2,3,1,8.5,3.2,8.5,3.2,5.3
8643,105224,20260901,1633,2,23,1,3,1,9.0,3.4,9.0,3.4,5.6
8644,105224,20260901,1633,2,6,1,3,2,5.0,2.1,10.0,4.2,5.8
8645,105225,20260811,1738,1,20,2,1,1,6.5,2.4,6.5,2.4,4.1
8646,105226,20260901,1910,4,25,2,3,1,8.5,3.2,8.5,3.2,5.3
8647,105226,20260901,1910,4,11,2,3,1,10.5,3.8,10.5,3.8,6.7
8648,105227,20260705,2142,1,4,1,4,1,4.5,1.9,4.5,1.9,2.6
8649,105227,20260705,2142,1,2,1,4,1,4.0,1.6,4.0,1.6,2.4
8650,105227,20260705,2142,1,2,1,4,1,4.0,1.6,4.0,1.6,2.4
8651,105228,20260320,955,2,1,1,1,1,3.5,1.4,3.5,1.4,2.1
8652,105228,20260320,955,2,21,1,1,1,9.0,3.2,9.0,3.2,5.8
8653,105229,20260905,1300,3,15,1,4,2,11.0,4.0,22.0,8.0,14.0
8654,105230,20260510,1749,3,3,1,4,1,3.8,1.5,3.8,1.5,2.3
8655,105230,20260510,1749,3,23,1,4,1,9.0,3.4,9.0,3.4,5.6
8656,105231,20260801,1354,2,9,1,1,1,9.0,3.4,9.0,3.4,5.6
8657,105231,20260801,1354,2,9,1,1,1,9.0,3.4,9.0,3.4,5.6
8658,105232,20260526,951,2,19,1,1,1,5.5,2.0,5.5,2.0,3.5
8659,105233,20260319,1930,2,11,2,4,1,10.5,3.8,10.5,3.8,6.7
8660,105233,20260319,1930,2,14,2,4,1,13.5,4.6,13.5,4.6,8.9
8661,105234,20260817,1736,4,11,1,2,1,10.5,3.8,10.5,3.8,6.7
8662,105234,20260817,1736,4,15,1,2,1,11.0,4.0,11.0,4.0,7.0
8663,105235,20260828,1003,4,20,1,3,2,6.5,2.4,13.0,4.8,8.2
8664,105236,20260612,2100,2,13,2,2,2,12.5,4.3,25.0,8.6,16.4
8665,105236,20260612,2100,2,2,2,2,1,4.0,1.6,4.0,1.6,2.4
8666,105237,20260318,708,4,5,1,1,1,4.8,2.0,4.8,2.0,2.8
8667,105237,20260318,708,4,7,1,1,1,4.3,1.8,4.3,1.8,2.5
8668,105238,20260403,931,2,3,2,1,1,3.8,1.5,3.8,1.5,2.3
8669,105239,20260315,1919,4,3,2,4,1,3.8,1.5,3.8,1.5,2.3
8670,105239,20260315,1919,4,21,2,4,1,9.0,3.2,9.0,3.2,5.8
8671,105240,20260530,1655,2,15,2,1,1,11.0,4.0,11.0,4.0,7.0
8672,105240,20260530,1655,2,22,2,1,1,9.5,3.6,9.5,3.6,5.9
8673,105241,20260509,821,4,18,2,2,1,5.0,1.8,5.0,1.8,3.2
8674,105242,20260627,1446,4,11,2,1,2,10.5,3.8,21.0,7.6,13.4
8675,105243,20260913,1924,6,12,1,1,1,12.0,4.2,12.0,4.2,7.8
8676,105244,20260408,1701,4,15,1,2,1,11.0,4.0,11.0,4.0,7.0
8677,105244,20260408,1701,4,11,1,2,1,10.5,3.8,10.5,3.8,6.7
8678,105245,20260425,952,2,2,1,2,1,4.0,1.6,4.0,1.6,2.4
8679,105245,20260425,952,2,3,1,2,1,3.8,1.5,3.8,1.5,2.3
8680,105246,20260321,848,3,2,1,2,1,4.0,1.6,4.0,1.6,2.4
8681,105246,20260321,848,3,10,1,2,1,8.0,3.0,8.0,3.0,5.0
8682,105247,20260502,1852,4,16,3,4,2,11.5,4.1,23.0,8.2,14.8
8683,105248,20260612,839,1,25,4,1,1,8.5,3.2,8.5,3.2,5.3
8684,105248,20260612,839,1,7,4,1,2,4.3,1.8,8.6,3.6,5.0
8685,105248,20260612,839,1,4,4,1,2,4.5,1.9,9.0,3.8,5.2
8686,105249,20260516,2125,2,21,1,4,1,9.0,3.2,9.0,3.2,5.8
8687,105250,20260413,904,5,10,1,1,1,8.0,3.0,8.0,3.0,5.0
8688,105250,20260413,904,5,23,1,1,1,9.0,3.4,9.0,3.4,5.6
8689,105250,20260413,904,5,1,1,1,2,3.5,1.4,7.0,2.8,4.2
8690,105251,20260405,844,2,25,1,2,1,8.5,3.2,8.5,3.2,5.3
8691,105251,20260405,844,2,1,1,2,2,3.5,1.4,7.0,2.8,4.2
8692,105251,20260405,844,2,23,1,2,1,9.0,3.4,9.0,3.4,5.6
8693,105252,20260730,952,6,21,1,4,2,9.0,3.2,18.0,6.4,11.6
8694,105252,20260730,952,6,7,1,4,1,4.3,1.8,4.3,1.8,2.5
8695,105253,20260326,1245,6,21,3,1,1,9.0,3.2,9.0,3.2,5.8
8696,105254,20260724,1210,3,15,1,1,1,11.0,4.0,11.0,4.0,7.0
8697,105255,20260504,1648,1,22,2,4,1,9.5,3.6,9.5,3.6,5.9
8698,105255,20260504,1648,1,10,2,4,2,8.0,3.0,16.0,6.0,10.0
8699,105256,20260609,1749,1,20,1,3,1,6.5,2.4,6.5,2.4,4.1
8700,105256,20260609,1749,1,11,1,3,1,10.5,3.8,10.5,3.8,6.7
8701,105257,20260809,1053,2,20,4,2,2,6.5,2.4,13.0,4.8,8.2
8702,105258,20260329,1029,2,2,2,1,1,4.0,1.6,4.0,1.6,2.4
8703,105258,20260329,1029,2,21,2,1,1,9.0,3.2,9.0,3.2,5.8
8704,105259,20260910,1855,5,14,2,4,1,13.5,4.6,13.5,4.6,8.9
8705,105259,20260910,1855,5,16,2,4,2,11.5,4.1,23.0,8.2,14.8
8706,105260,20260512,1800,6,2,2,2,2,4.0,1.6,8.0,3.2,4.8
8707,105261,20260517,2157,1,17,2,3,1,4.5,1.6,4.5,1.6,2.9
8708,105262,20260607,807,3,7,1,1,1,4.3,1.8,4.3,1.8,2.5
8709,105263,20260730,1637,3,10,2,4,1,8.0,3.0,8.0,3.0,5.0
8710,105264,20260329,1021,1,4,1,4,1,4.5,1.9,4.5,1.9,2.6
8711,105265,20260415,1757,2,14,2,3,2,13.5,4.6,27.0,9.2,17.8
8712,105266,20260321,1716,6,14,1,3,1,13.5,4.6,13.5,4.6,8.9
8713,105267,20260530,1332,2,9,1,1,1,9.0,3.4,9.0,3.4,5.6
8714,105267,20260530,1332,2,17,1,1,2,4.5,1.6,9.0,3.2,5.8
8715,105267,20260530,1332,2,14,1,1,1,13.5,4.6,13.5,4.6,8.9
8716,105268,20260417,1315,1,25,1,1,1,8.5,3.2,8.5,3.2,5.3
8717,105268,20260417,1315,1,23,1,1,1,9.0,3.4,9.0,3.4,5.6
8718,105269,20260418,931,3,18,1,1,1,5.0,1.8,5.0,1.8,3.2
8719,105270,20260807,1722,1,11,4,2,1,10.5,3.8,10.5,3.8,6.7
8720,105270,20260807,1722,1,12,4,2,2,12.0,4.2,24.0,8.4,15.6
8721,105271,20260805,1223,3,3,3,1,1,3.8,1.5,3.8,1.5,2.3
8722,105271,20260805,1223,3,7,3,1,1,4.3,1.8,4.3,1.8,2.5
8723,105272,20260718,818,3,3,1,1,1,3.8,1.5,3.8,1.5,2.3
8724,105273,20260726,1910,3,18,1,4,1,5.0,1.8,5.0,1.8,3.2
8725,105273,20260726,1910,3,15,1,4,2,11.0,4.0,22.0,8.0,14.0
8726,105274,20260514,713,6,13,1,2,2,12.5,4.3,25.0,8.6,16.4
8727,105274,20260514,713,6,16,1,2,1,11.5,4.1,11.5,4.1,7.4
8728,105275,20260629,807,1,21,1,1,1,9.0,3.2,9.0,3.2,5.8
8729,105276,20260317,1440,2,1,1,1,1,3.5,1.4,3.5,1.4,2.1
8730,105276,20260317,1440,2,7,1,1,1,4.3,1.8,4.3,1.8,2.5
8731,105277,20260712,805,4,7,1,1,2,4.3,1.8,8.6,3.6,5.0
8732,105278,20260514,1750,2,8,2,4,1,8.5,3.2,8.5,3.2,5.3
8733,105278,20260514,1750,2,9,2,4,1,9.0,3.4,9.0,3.4,5.6
8734,105279,20260409,1327,6,5,1,1,1,4.8,2.0,4.8,2.0,2.8
8735,105280,20260808,1801,4,17,4,3,1,4.5,1.6,4.5,1.6,2.9
8736,105281,20260506,1322,6,5,2,1,1,4.8,2.0,4.8,2.0,2.8
8737,105281,20260506,1322,6,22,2,1,2,9.5,3.6,19.0,7.2,11.8
8738,105282,20260429,1746,3,4,1,4,1,4.5,1.9,4.5,1.9,2.6
8739,105282,20260429,1746,3,17,1,4,1,4.5,1.6,4.5,1.6,2.9
8740,105282,20260429,1746,3,17,1,4,1,4.5,1.6,4.5,1.6,2.9
8741,105283,20260729,805,4,19,1,1,1,5.5,2.0,5.5,2.0,3.5
8742,105283,20260729,805,4,18,1,1,2,5.0,1.8,10.0,3.6,6.4
8743,105284,20260618,1742,3,8,1,3,1,8.5,3.2,8.5,3.2,5.3
8744,105284,20260618,1742,3,3,1,3,2,3.8,1.5,7.6,3.0,4.6
8745,105284,20260618,1742,3,13,1,3,1,12.5,4.3,12.5,4.3,8.2
8746,105285,20260326,1852,5,25,1,2,1,8.5,3.2,8.5,3.2,5.3
8747,105286,20260502,1653,4,13,1,3,2,12.5,4.3,25.0,8.6,16.4
8748,105286,20260502,1653,4,16,1,3,1,11.5,4.1,11.5,4.1,7.4
8749,105287,20260429,905,2,14,1,1,1,13.5,4.6,13.5,4.6,8.9
8750,105287,20260429,905,2,17,1,1,1,4.5,1.6,4.5,1.6,2.9
8751,105288,20260319,1137,4,13,1,1,1,12.5,4.3,12.5,4.3,8.2
8752,105288,20260319,1137,4,22,1,1,2,9.5,3.6,19.0,7.2,11.8
8753,105288,20260319,1137,4,12,1,1,1,12.0,4.2,12.0,4.2,7.8
8754,105289,20260912,913,2,8,1,1,1,8.5,3.2,8.5,3.2,5.3
8755,105290,20260326,1529,5,3,3,1,1,3.8,1.5,3.8,1.5,2.3
8756,105291,20260419,902,2,4,1,1,1,4.5,1.9,4.5,1.9,2.6
8757,105292,20260409,1236,5,11,4,2,2,10.5,3.8,21.0,7.6,13.4
8758,105293,20260411,1701,5,22,3,1,1,9.5,3.6,9.5,3.6,5.9
8759,105294,20260612,1016,3,18,3,2,1,5.0,1.8,5.0,1.8,3.2
8760,105294,20260612,1016,3,6,3,2,1,5.0,2.1,5.0,2.1,2.9
8761,105295,20260731,1911,4,13,2,1,1,12.5,4.3,12.5,4.3,8.2
8762,105295,20260731,1911,4,16,2,1,1,11.5,4.1,11.5,4.1,7.4
8763,105296,20260819,1429,4,18,2,1,1,5.0,1.8,5.0,1.8,3.2
8764,105297,20260315,728,1,13,2,4,2,12.5,4.3,25.0,8.6,16.4
8765,105298,20260425,1353,1,15,1,3,2,11.0,4.0,22.0,8.0,14.0
8766,105298,20260425,1353,1,15,1,3,1,11.0,4.0,11.0,4.0,7.0
8767,105299,20260717,1321,5,21,2,2,2,9.0,3.2,18.0,6.4,11.6
8768,105299,20260717,1321,5,6,2,2,1,5.0,2.1,5.0,2.1,2.9
8769,105300,20260520,1636,5,20,1,3,1,6.5,2.4,6.5,2.4,4.1
8770,105301,20260603,1835,4,10,2,3,2,8.0,3.0,16.0,6.0,10.0
8771,105301,20260603,1835,4,23,2,3,2,9.0,3.4,18.0,6.8,11.2
8772,105302,20260724,923,4,19,2,1,1,5.5,2.0,5.5,2.0,3.5
8773,105302,20260724,923,4,2,2,1,1,4.0,1.6,4.0,1.6,2.4
8774,105302,20260724,923,4,7,2,1,2,4.3,1.8,8.6,3.6,5.0
8775,105303,20260417,1249,2,21,1,1,1,9.0,3.2,9.0,3.2,5.8
8776,105304,20260703,840,6,2,1,1,1,4.0,1.6,4.0,1.6,2.4
8777,105305,20260509,1918,1,10,1,2,1,8.0,3.0,8.0,3.0,5.0
8778,105306,20260627,2145,5,2,2,1,1,4.0,1.6,4.0,1.6,2.4
8779,105307,20260706,2111,1,3,1,2,1,3.8,1.5,3.8,1.5,2.3
8780,105308,20260709,1951,2,13,1,1,1,12.5,4.3,12.5,4.3,8.2
8781,105309,20260517,1719,1,15,1,4,1,11.0,4.0,11.0,4.0,7.0
8782,105309,20260517,1719,1,24,1,4,1,8.0,3.0,8.0,3.0,5.0
8783,105309,20260517,1719,1,5,1,4,1,4.8,2.0,4.8,2.0,2.8
8784,105310,20260720,1755,4,11,1,2,1,10.5,3.8,10.5,3.8,6.7
8785,105310,20260720,1755,4,1,1,2,2,3.5,1.4,7.0,2.8,4.2
8786,105311,20260806,2155,2,7,1,1,1,4.3,1.8,4.3,1.8,2.5
8787,105312,20260428,914,2,19,2,2,1,5.5,2.0,5.5,2.0,3.5
8788,105312,20260428,914,2,25,2,2,1,8.5,3.2,8.5,3.2,5.3
8789,105313,20260329,1928,1,12,2,2,1,12.0,4.2,12.0,4.2,7.8
8790,105313,20260329,1928,1,22,2,2,2,9.5,3.6,19.0,7.2,11.8
8791,105313,20260329,1928,1,23,2,2,1,9.0,3.4,9.0,3.4,5.6
8792,105314,20260527,1731,3,13,4,4,1,12.5,4.3,12.5,4.3,8.2
8793,105315,20260619,1633,2,22,2,1,1,9.5,3.6,9.5,3.6,5.9
8794,105316,20260527,1900,1,21,4,3,1,9.0,3.2,9.0,3.2,5.8
8795,105316,20260527,1900,1,12,4,3,1,12.0,4.2,12.0,4.2,7.8
8796,105317,20260831,1759,3,23,2,4,1,9.0,3.4,9.0,3.4,5.6
8797,105317,20260831,1759,3,6,2,4,1,5.0,2.1,5.0,2.1,2.9
8798,105318,20260620,1121,5,13,4,3,1,12.5,4.3,12.5,4.3,8.2
8799,105318,20260620,1121,5,2,4,3,1,4.0,1.6,4.0,1.6,2.4
8800,105319,20260723,1836,5,20,1,3,1,6.5,2.4,6.5,2.4,4.1
8801,105319,20260723,1836,5,2,1,3,1,4.0,1.6,4.0,1.6,2.4
8802,105320,20260912,1812,2,5,1,2,1,4.8,2.0,4.8,2.0,2.8
8803,105320,20260912,1812,2,10,1,2,1,8.0,3.0,8.0,3.0,5.0
8804,105320,20260912,1812,2,15,1,2,1,11.0,4.0,11.0,4.0,7.0
8805,105321,20260404,1828,1,13,1,2,1,12.5,4.3,12.5,4.3,8.2
8806,105322,20260821,1132,2,5,1,1,1,4.8,2.0,4.8,2.0,2.8
8807,105323,20260704,2047,6,7,1,1,1,4.3,1.8,4.3,1.8,2.5
8808,105323,20260704,2047,6,22,1,1,2,9.5,3.6,19.0,7.2,11.8
8809,105323,20260704,2047,6,5,1,1,1,4.8,2.0,4.8,2.0,2.8
8810,105324,20260826,842,2,23,1,2,1,9.0,3.4,9.0,3.4,5.6
8811,105325,20260425,2016,1,25,2,2,2,8.5,3.2,17.0,6.4,10.6
8812,105326,20260510,1019,3,17,4,1,1,4.5,1.6,4.5,1.6,2.9
8813,105327,20260828,1714,1,10,1,1,1,8.0,3.0,8.0,3.0,5.0
8814,105328,20260426,1702,3,10,2,1,1,8.0,3.0,8.0,3.0,5.0
8815,105328,20260426,1702,3,25,2,1,1,8.5,3.2,8.5,3.2,5.3
8816,105329,20260803,842,5,6,2,2,1,5.0,2.1,5.0,2.1,2.9
8817,105330,20260813,947,5,6,4,2,1,5.0,2.1,5.0,2.1,2.9
8818,105330,20260813,947,5,21,4,2,1,9.0,3.2,9.0,3.2,5.8
8819,105330,20260813,947,5,24,4,2,2,8.0,3.0,16.0,6.0,10.0
8820,105331,20260625,910,5,19,2,2,1,5.5,2.0,5.5,2.0,3.5
8821,105331,20260625,910,5,7,2,2,1,4.3,1.8,4.3,1.8,2.5
8822,105331,20260625,910,5,18,2,2,1,5.0,1.8,5.0,1.8,3.2
8823,105332,20260421,1806,5,8,1,1,1,8.5,3.2,8.5,3.2,5.3
8824,105332,20260421,1806,5,13,1,1,1,12.5,4.3,12.5,4.3,8.2
8825,105332,20260421,1806,5,14,1,1,1,13.5,4.6,13.5,4.6,8.9
8826,105333,20260710,1300,5,21,4,2,1,9.0,3.2,9.0,3.2,5.8
8827,105334,20260803,1306,2,11,4,1,1,10.5,3.8,10.5,3.8,6.7
8828,105335,20260318,1826,3,10,2,1,1,8.0,3.0,8.0,3.0,5.0
8829,105335,20260318,1826,3,24,2,1,1,8.0,3.0,8.0,3.0,5.0
8830,105335,20260318,1826,3,14,2,1,1,13.5,4.6,13.5,4.6,8.9
8831,105336,20260807,1925,1,6,2,3,1,5.0,2.1,5.0,2.1,2.9
8832,105337,20260729,907,3,23,2,1,1,9.0,3.4,9.0,3.4,5.6
8833,105337,20260729,907,3,4,2,1,1,4.5,1.9,4.5,1.9,2.6
8834,105338,20260522,848,6,5,2,1,1,4.8,2.0,4.8,2.0,2.8
8835,105339,20260517,1458,1,4,1,1,2,4.5,1.9,9.0,3.8,5.2
8836,105340,20260809,1841,4,15,4,4,1,11.0,4.0,11.0,4.0,7.0
8837,105340,20260809,1841,4,4,4,4,1,4.5,1.9,4.5,1.9,2.6
8838,105341,20260504,915,4,20,2,3,1,6.5,2.4,6.5,2.4,4.1
8839,105341,20260504,915,4,18,2,3,1,5.0,1.8,5.0,1.8,3.2
8840,105342,20260812,1133,5,17,2,3,1,4.5,1.6,4.5,1.6,2.9
8841,105342,20260812,1133,5,10,2,3,2,8.0,3.0,16.0,6.0,10.0
8842,105342,20260812,1133,5,22,2,3,2,9.5,3.6,19.0,7.2,11.8
8843,105343,20260502,1350,1,7,2,1,1,4.3,1.8,4.3,1.8,2.5
8844,105344,20260829,1844,1,13,2,2,1,12.5,4.3,12.5,4.3,8.2
8845,105344,20260829,1844,1,11,2,2,1,10.5,3.8,10.5,3.8,6.7
8846,105345,20260711,849,6,4,2,2,1,4.5,1.9,4.5,1.9,2.6
8847,105345,20260711,849,6,9,2,2,1,9.0,3.4,9.0,3.4,5.6
8848,105346,20260822,1807,1,20,4,4,1,6.5,2.4,6.5,2.4,4.1
8849,105346,20260822,1807,1,16,4,4,1,11.5,4.1,11.5,4.1,7.4
8850,105347,20260807,1932,2,24,2,2,1,8.0,3.0,8.0,3.0,5.0
8851,105348,20260411,1739,3,24,2,1,1,8.0,3.0,8.0,3.0,5.0
8852,105348,20260411,1739,3,10,2,1,1,8.0,3.0,8.0,3.0,5.0
8853,105349,20260728,905,1,4,1,1,1,4.5,1.9,4.5,1.9,2.6
8854,105350,20260618,2147,2,19,2,1,1,5.5,2.0,5.5,2.0,3.5
8855,105350,20260618,2147,2,21,2,1,1,9.0,3.2,9.0,3.2,5.8
8856,105350,20260618,2147,2,20,2,1,2,6.5,2.4,13.0,4.8,8.2
8857,105351,20260318,1707,3,12,1,3,1,12.0,4.2,12.0,4.2,7.8
8858,105351,20260318,1707,3,13,1,3,1,12.5,4.3,12.5,4.3,8.2
8859,105352,20260410,1024,5,12,1,3,1,12.0,4.2,12.0,4.2,7.8
8860,105352,20260410,1024,5,7,1,3,1,4.3,1.8,4.3,1.8,2.5
8861,105353,20260809,1651,3,13,1,3,1,12.5,4.3,12.5,4.3,8.2
8862,105353,20260809,1651,3,11,1,3,1,10.5,3.8,10.5,3.8,6.7
8863,105354,20260508,1212,4,20,3,4,1,6.5,2.4,6.5,2.4,4.1
8864,105354,20260508,1212,4,7,3,4,1,4.3,1.8,4.3,1.8,2.5
8865,105355,20260505,1234,5,14,1,1,1,13.5,4.6,13.5,4.6,8.9
8866,105356,20260506,945,3,5,1,3,1,4.8,2.0,4.8,2.0,2.8
8867,105357,20260824,1653,6,13,4,3,1,12.5,4.3,12.5,4.3,8.2
8868,105357,20260824,1653,6,14,4,3,1,13.5,4.6,13.5,4.6,8.9
8869,105358,20260708,1810,4,3,1,3,1,3.8,1.5,3.8,1.5,2.3
8870,105358,20260708,1810,4,19,1,3,1,5.5,2.0,5.5,2.0,3.5
8871,105358,20260708,1810,4,16,1,3,1,11.5,4.1,11.5,4.1,7.4
8872,105359,20260819,933,6,1,1,1,1,3.5,1.4,3.5,1.4,2.1
8873,105360,20260613,1850,1,3,2,2,1,3.8,1.5,3.8,1.5,2.3
8874,105360,20260613,1850,1,18,2,2,1,5.0,1.8,5.0,1.8,3.2
8875,105361,20260716,1903,2,5,2,1,2,4.8,2.0,9.6,4.0,5.6
8876,105361,20260716,1903,2,16,2,1,1,11.5,4.1,11.5,4.1,7.4
8877,105361,20260716,1903,2,15,2,1,1,11.0,4.0,11.0,4.0,7.0
8878,105362,20260613,1005,1,18,2,1,1,5.0,1.8,5.0,1.8,3.2
8879,105363,20260415,1917,2,7,1,4,1,4.3,1.8,4.3,1.8,2.5
8880,105364,20260818,1823,2,11,1,4,2,10.5,3.8,21.0,7.6,13.4
8881,105365,20260703,903,1,21,2,2,1,9.0,3.2,9.0,3.2,5.8
8882,105365,20260703,903,1,3,2,2,1,3.8,1.5,3.8,1.5,2.3
8883,105365,20260703,903,1,7,2,2,1,4.3,1.8,4.3,1.8,2.5
8884,105366,20260619,832,6,13,1,3,2,12.5,4.3,25.0,8.6,16.4
8885,105367,20260501,1704,5,17,2,1,1,4.5,1.6,4.5,1.6,2.9
8886,105367,20260501,1704,5,9,2,1,2,9.0,3.4,18.0,6.8,11.2
8887,105367,20260501,1704,5,5,2,1,1,4.8,2.0,4.8,2.0,2.8
8888,105368,20260618,1922,1,13,3,4,1,12.5,4.3,12.5,4.3,8.2
8889,105369,20260809,1442,5,15,1,4,1,11.0,4.0,11.0,4.0,7.0
8890,105370,20260530,1636,3,9,1,3,1,9.0,3.4,9.0,3.4,5.6
8891,105370,20260530,1636,3,3,1,3,1,3.8,1.5,3.8,1.5,2.3
8892,105371,20260518,1143,5,18,2,2,1,5.0,1.8,5.0,1.8,3.2
8893,105372,20260325,1523,1,16,1,3,1,11.5,4.1,11.5,4.1,7.4
8894,105372,20260325,1523,1,4,1,3,1,4.5,1.9,4.5,1.9,2.6
8895,105373,20260523,1731,1,3,1,3,1,3.8,1.5,3.8,1.5,2.3
8896,105374,20260523,1902,5,12,1,3,1,12.0,4.2,12.0,4.2,7.8
8897,105375,20260419,1833,2,9,1,3,1,9.0,3.4,9.0,3.4,5.6
8898,105375,20260419,1833,2,23,1,3,1,9.0,3.4,9.0,3.4,5.6
8899,105376,20260627,1856,4,15,1,3,1,11.0,4.0,11.0,4.0,7.0
8900,105377,20260627,1357,5,8,1,1,1,8.5,3.2,8.5,3.2,5.3
8901,105378,20260625,1751,6,22,1,3,2,9.5,3.6,19.0,7.2,11.8
8902,105378,20260625,1751,6,24,1,3,1,8.0,3.0,8.0,3.0,5.0
8903,105379,20260910,915,4,19,1,1,2,5.5,2.0,11.0,4.0,7.0
8904,105379,20260910,915,4,2,1,1,1,4.0,1.6,4.0,1.6,2.4
8905,105379,20260910,915,4,17,1,1,1,4.5,1.6,4.5,1.6,2.9
8906,105380,20260509,1613,4,24,1,3,1,8.0,3.0,8.0,3.0,5.0
8907,105380,20260509,1613,4,25,1,3,1,8.5,3.2,8.5,3.2,5.3
8908,105381,20260429,1836,1,21,2,1,1,9.0,3.2,9.0,3.2,5.8
8909,105382,20260718,1904,4,19,2,1,1,5.5,2.0,5.5,2.0,3.5
8910,105382,20260718,1904,4,8,2,1,1,8.5,3.2,8.5,3.2,5.3
8911,105383,20260326,1735,4,11,2,3,2,10.5,3.8,21.0,7.6,13.4
8912,105384,20260910,1659,2,22,1,2,1,9.5,3.6,9.5,3.6,5.9
8913,105385,20260502,1549,2,19,1,2,1,5.5,2.0,5.5,2.0,3.5
8914,105385,20260502,1549,2,2,1,2,1,4.0,1.6,4.0,1.6,2.4
8915,105386,20260805,826,6,2,1,3,1,4.0,1.6,4.0,1.6,2.4
8916,105386,20260805,826,6,6,1,3,2,5.0,2.1,10.0,4.2,5.8
8917,105387,20260602,1118,6,11,2,1,1,10.5,3.8,10.5,3.8,6.7
8918,105388,20260529,845,1,1,2,2,1,3.5,1.4,3.5,1.4,2.1
8919,105389,20260524,2115,3,20,2,2,1,6.5,2.4,6.5,2.4,4.1
8920,105390,20260415,908,1,14,2,1,1,13.5,4.6,13.5,4.6,8.9
8921,105390,20260415,908,1,4,2,1,1,4.5,1.9,4.5,1.9,2.6
8922,105391,20260827,1210,1,19,1,1,1,5.5,2.0,5.5,2.0,3.5
8923,105391,20260827,1210,1,15,1,1,1,11.0,4.0,11.0,4.0,7.0
8924,105392,20260812,1326,3,3,1,2,1,3.8,1.5,3.8,1.5,2.3
8925,105392,20260812,1326,3,25,1,2,1,8.5,3.2,8.5,3.2,5.3
8926,105393,20260904,839,1,21,2,2,1,9.0,3.2,9.0,3.2,5.8
8927,105394,20260604,1623,4,21,1,1,1,9.0,3.2,9.0,3.2,5.8
8928,105394,20260604,1623,4,19,1,1,1,5.5,2.0,5.5,2.0,3.5
8929,105394,20260604,1623,4,24,1,1,1,8.0,3.0,8.0,3.0,5.0
8930,105395,20260713,1358,4,17,1,1,2,4.5,1.6,9.0,3.2,5.8
8931,105395,20260713,1358,4,17,1,1,1,4.5,1.6,4.5,1.6,2.9
8932,105395,20260713,1358,4,10,1,1,2,8.0,3.0,16.0,6.0,10.0
8933,105396,20260811,1737,3,10,1,1,1,8.0,3.0,8.0,3.0,5.0
8934,105396,20260811,1737,3,23,1,1,1,9.0,3.4,9.0,3.4,5.6
8935,105396,20260811,1737,3,10,1,1,1,8.0,3.0,8.0,3.0,5.0
8936,105397,20260725,1201,1,5,1,1,1,4.8,2.0,4.8,2.0,2.8
8937,105398,20260531,1631,4,20,2,1,1,6.5,2.4,6.5,2.4,4.1
8938,105399,20260630,832,5,8,1,1,1,8.5,3.2,8.5,3.2,5.3
8939,105400,20260803,1312,1,25,1,2,1,8.5,3.2,8.5,3.2,5.3
8940,105401,20260411,1519,3,3,1,1,1,3.8,1.5,3.8,1.5,2.3
8941,105401,20260411,1519,3,22,1,1,1,9.5,3.6,9.5,3.6,5.9
8942,105402,20260503,1247,2,15,2,1,2,11.0,4.0,22.0,8.0,14.0
8943,105402,20260503,1247,2,1,2,1,2,3.5,1.4,7.0,2.8,4.2
8944,105402,20260503,1247,2,8,2,1,1,8.5,3.2,8.5,3.2,5.3
8945,105403,20260830,1650,3,4,3,4,1,4.5,1.9,4.5,1.9,2.6
8946,105403,20260830,1650,3,2,3,4,1,4.0,1.6,4.0,1.6,2.4
8947,105404,20260614,1326,1,6,2,4,1,5.0,2.1,5.0,2.1,2.9
8948,105404,20260614,1326,1,14,2,4,1,13.5,4.6,13.5,4.6,8.9
8949,105405,20260411,1122,2,14,1,1,1,13.5,4.6,13.5,4.6,8.9
8950,105405,20260411,1122,2,6,1,1,1,5.0,2.1,5.0,2.1,2.9
8951,105406,20260523,1127,6,13,2,4,1,12.5,4.3,12.5,4.3,8.2
8952,105406,20260523,1127,6,17,2,4,2,4.5,1.6,9.0,3.2,5.8
8953,105407,20260409,1804,1,15,2,3,1,11.0,4.0,11.0,4.0,7.0
8954,105407,20260409,1804,1,10,2,3,1,8.0,3.0,8.0,3.0,5.0
8955,105408,20260320,942,1,8,3,3,1,8.5,3.2,8.5,3.2,5.3
8956,105408,20260320,942,1,21,3,3,1,9.0,3.2,9.0,3.2,5.8
8957,105409,20260315,1758,3,12,2,4,1,12.0,4.2,12.0,4.2,7.8
8958,105409,20260315,1758,3,13,2,4,1,12.5,4.3,12.5,4.3,8.2
8959,105410,20260823,1922,1,13,1,3,1,12.5,4.3,12.5,4.3,8.2
8960,105411,20260810,843,5,18,1,1,1,5.0,1.8,5.0,1.8,3.2
8961,105412,20260610,1009,5,4,2,2,1,4.5,1.9,4.5,1.9,2.6
8962,105412,20260610,1009,5,10,2,2,1,8.0,3.0,8.0,3.0,5.0
8963,105413,20260505,812,1,7,1,2,1,4.3,1.8,4.3,1.8,2.5
8964,105414,20260831,2123,5,13,1,1,1,12.5,4.3,12.5,4.3,8.2
8965,105415,20260514,812,1,19,2,1,1,5.5,2.0,5.5,2.0,3.5
8966,105416,20260828,1007,5,3,3,1,1,3.8,1.5,3.8,1.5,2.3
8967,105417,20260830,1502,3,6,2,2,1,5.0,2.1,5.0,2.1,2.9
8968,105418,20260724,1706,2,23,4,1,1,9.0,3.4,9.0,3.4,5.6
8969,105419,20260627,1654,3,8,2,1,1,8.5,3.2,8.5,3.2,5.3
8970,105419,20260627,1654,3,18,2,1,1,5.0,1.8,5.0,1.8,3.2
8971,105420,20260704,844,1,20,1,4,1,6.5,2.4,6.5,2.4,4.1
8972,105421,20260509,1344,3,2,1,2,1,4.0,1.6,4.0,1.6,2.4
8973,105421,20260509,1344,3,23,1,2,2,9.0,3.4,18.0,6.8,11.2
8974,105421,20260509,1344,3,5,1,2,1,4.8,2.0,4.8,2.0,2.8
8975,105422,20260805,1011,1,7,1,2,1,4.3,1.8,4.3,1.8,2.5
8976,105422,20260805,1011,1,6,1,2,1,5.0,2.1,5.0,2.1,2.9
8977,105422,20260805,1011,1,17,1,2,1,4.5,1.6,4.5,1.6,2.9
8978,105423,20260905,1744,1,10,1,4,1,8.0,3.0,8.0,3.0,5.0
8979,105423,20260905,1744,1,9,1,4,1,9.0,3.4,9.0,3.4,5.6
8980,105424,20260703,954,2,19,2,2,1,5.5,2.0,5.5,2.0,3.5
8981,105425,20260519,1626,1,7,1,1,1,4.3,1.8,4.3,1.8,2.5
8982,105425,20260519,1626,1,15,1,1,1,11.0,4.0,11.0,4.0,7.0
8983,105426,20260517,1012,2,12,4,1,1,12.0,4.2,12.0,4.2,7.8
8984,105426,20260517,1012,2,1,4,1,1,3.5,1.4,3.5,1.4,2.1
8985,105426,20260517,1012,2,1,4,1,2,3.5,1.4,7.0,2.8,4.2
8986,105427,20260607,924,2,9,1,4,2,9.0,3.4,18.0,6.8,11.2
8987,105427,20260607,924,2,3,1,4,1,3.8,1.5,3.8,1.5,2.3
8988,105427,20260607,924,2,17,1,4,2,4.5,1.6,9.0,3.2,5.8
8989,105428,20260515,1712,4,22,1,1,1,9.5,3.6,9.5,3.6,5.9
8990,105428,20260515,1712,4,3,1,1,1,3.8,1.5,3.8,1.5,2.3
8991,105428,20260515,1712,4,19,1,1,1,5.5,2.0,5.5,2.0,3.5
8992,105429,20260325,1613,1,20,3,1,1,6.5,2.4,6.5,2.4,4.1
8993,105429,20260325,1613,1,16,3,1,1,11.5,4.1,11.5,4.1,7.4
8994,105429,20260325,1613,1,5,3,1,1,4.8,2.0,4.8,2.0,2.8
8995,105430,20260429,1024,1,6,1,2,1,5.0,2.1,5.0,2.1,2.9
8996,105431,20260511,1408,2,24,1,2,1,8.0,3.0,8.0,3.0,5.0
8997,105432,20260912,1757,2,5,2,1,1,4.8,2.0,4.8,2.0,2.8
8998,105433,20260628,1812,2,15,3,3,1,11.0,4.0,11.0,4.0,7.0
8999,105434,20260428,1023,6,2,2,1,1,4.0,1.6,4.0,1.6,2.4
9000,105434,20260428,1023,6,3,2,1,1,3.8,1.5,3.8,1.5,2.3
9001,105435,20260815,1230,3,17,4,1,2,4.5,1.6,9.0,3.2,5.8
9002,105436,20260718,1700,2,12,1,1,1,12.0,4.2,12.0,4.2,7.8
9003,105436,20260718,1700,2,10,1,1,1,8.0,3.0,8.0,3.0,5.0
9004,105436,20260718,1700,2,25,1,1,2,8.5,3.2,17.0,6.4,10.6
9005,105437,20260726,1037,2,10,3,1,1,8.0,3.0,8.0,3.0,5.0
9006,105438,20260727,926,1,17,1,3,1,4.5,1.6,4.5,1.6,2.9
9007,105439,20260508,1857,2,2,2,4,1,4.0,1.6,4.0,1.6,2.4
9008,105440,20260516,1834,5,12,1,3,1,12.0,4.2,12.0,4.2,7.8
9009,105440,20260516,1834,5,12,1,3,1,12.0,4.2,12.0,4.2,7.8
9010,105441,20260810,1149,4,24,3,2,1,8.0,3.0,8.0,3.0,5.0
9011,105442,20260726,1838,5,13,1,1,1,12.5,4.3,12.5,4.3,8.2
9012,105442,20260726,1838,5,12,1,1,1,12.0,4.2,12.0,4.2,7.8
9013,105442,20260726,1838,5,5,1,1,1,4.8,2.0,4.8,2.0,2.8
9014,105443,20260827,2037,5,18,1,4,1,5.0,1.8,5.0,1.8,3.2
9015,105443,20260827,2037,5,14,1,4,1,13.5,4.6,13.5,4.6,8.9
9016,105443,20260827,2037,5,21,1,4,1,9.0,3.2,9.0,3.2,5.8
9017,105444,20260603,1640,1,6,2,1,2,5.0,2.1,10.0,4.2,5.8
9018,105444,20260603,1640,1,11,2,1,2,10.5,3.8,21.0,7.6,13.4
9019,105445,20260814,1851,1,5,2,1,1,4.8,2.0,4.8,2.0,2.8
9020,105445,20260814,1851,1,8,2,1,1,8.5,3.2,8.5,3.2,5.3
9021,105445,20260814,1851,1,15,2,1,1,11.0,4.0,11.0,4.0,7.0
9022,105446,20260911,816,2,1,1,4,2,3.5,1.4,7.0,2.8,4.2
9023,105446,20260911,816,2,1,1,4,1,3.5,1.4,3.5,1.4,2.1
9024,105446,20260911,816,2,1,1,4,1,3.5,1.4,3.5,1.4,2.1
9025,105447,20260714,931,4,21,1,1,1,9.0,3.2,9.0,3.2,5.8
9026,105448,20260822,1358,2,10,1,1,2,8.0,3.0,16.0,6.0,10.0
9027,105449,20260521,951,3,2,2,4,1,4.0,1.6,4.0,1.6,2.4
9028,105449,20260521,951,3,21,2,4,1,9.0,3.2,9.0,3.2,5.8
9029,105450,20260702,935,3,17,3,1,1,4.5,1.6,4.5,1.6,2.9
9030,105451,20260625,1702,2,16,1,1,1,11.5,4.1,11.5,4.1,7.4
9031,105451,20260625,1702,2,16,1,1,1,11.5,4.1,11.5,4.1,7.4
9032,105451,20260625,1702,2,11,1,1,1,10.5,3.8,10.5,3.8,6.7
9033,105452,20260708,1700,3,6,2,3,1,5.0,2.1,5.0,2.1,2.9
9034,105453,20260823,930,2,5,1,1,1,4.8,2.0,4.8,2.0,2.8
9035,105454,20260818,2011,1,10,1,2,1,8.0,3.0,8.0,3.0,5.0
9036,105455,20260612,2135,6,20,1,1,1,6.5,2.4,6.5,2.4,4.1
9037,105456,20260813,1911,6,21,1,1,1,9.0,3.2,9.0,3.2,5.8
9038,105456,20260813,1911,6,14,1,1,1,13.5,4.6,13.5,4.6,8.9
9039,105457,20260411,944,2,18,1,4,1,5.0,1.8,5.0,1.8,3.2
9040,105457,20260411,944,2,16,1,4,1,11.5,4.1,11.5,4.1,7.4
9041,105457,20260411,944,2,24,1,4,1,8.0,3.0,8.0,3.0,5.0
9042,105458,20260729,1726,2,13,1,3,1,12.5,4.3,12.5,4.3,8.2
9043,105458,20260729,1726,2,15,1,3,1,11.0,4.0,11.0,4.0,7.0
9044,105459,20260613,1836,2,9,2,3,1,9.0,3.4,9.0,3.4,5.6
9045,105460,20260612,946,4,1,1,1,1,3.5,1.4,3.5,1.4,2.1
9046,105460,20260612,946,4,20,1,1,2,6.5,2.4,13.0,4.8,8.2
9047,105460,20260612,946,4,6,1,1,1,5.0,2.1,5.0,2.1,2.9
9048,105461,20260524,956,5,18,1,2,1,5.0,1.8,5.0,1.8,3.2
9049,105461,20260524,956,5,7,1,2,1,4.3,1.8,4.3,1.8,2.5
9050,105461,20260524,956,5,17,1,2,1,4.5,1.6,4.5,1.6,2.9
9051,105462,20260418,1127,1,10,2,2,1,8.0,3.0,8.0,3.0,5.0
9052,105462,20260418,1127,1,6,2,2,1,5.0,2.1,5.0,2.1,2.9
9053,105462,20260418,1127,1,7,2,2,1,4.3,1.8,4.3,1.8,2.5
9054,105463,20260514,902,1,4,2,2,2,4.5,1.9,9.0,3.8,5.2
9055,105463,20260514,902,1,13,2,2,1,12.5,4.3,12.5,4.3,8.2
9056,105464,20260723,1350,1,7,1,1,1,4.3,1.8,4.3,1.8,2.5
9057,105464,20260723,1350,1,8,1,1,2,8.5,3.2,17.0,6.4,10.6
9058,105465,20260630,1631,6,22,2,1,1,9.5,3.6,9.5,3.6,5.9
9059,105466,20260909,1706,5,9,3,1,1,9.0,3.4,9.0,3.4,5.6
9060,105467,20260505,1846,5,10,1,1,1,8.0,3.0,8.0,3.0,5.0
9061,105467,20260505,1846,5,9,1,1,2,9.0,3.4,18.0,6.8,11.2
9062,105468,20260510,1132,4,3,1,2,1,3.8,1.5,3.8,1.5,2.3
9063,105468,20260510,1132,4,25,1,2,1,8.5,3.2,8.5,3.2,5.3
9064,105468,20260510,1132,4,22,1,2,1,9.5,3.6,9.5,3.6,5.9
9065,105469,20260625,2122,2,15,1,4,1,11.0,4.0,11.0,4.0,7.0
9066,105470,20260621,734,2,25,3,1,2,8.5,3.2,17.0,6.4,10.6
9067,105470,20260621,734,2,8,3,1,1,8.5,3.2,8.5,3.2,5.3
9068,105471,20260911,951,6,1,3,3,1,3.5,1.4,3.5,1.4,2.1
9069,105472,20260719,1459,1,16,4,1,1,11.5,4.1,11.5,4.1,7.4
9070,105472,20260719,1459,1,20,4,1,2,6.5,2.4,13.0,4.8,8.2
9071,105473,20260604,1653,4,15,1,1,1,11.0,4.0,11.0,4.0,7.0
9072,105474,20260325,1856,6,10,2,1,1,8.0,3.0,8.0,3.0,5.0
9073,105475,20260627,1327,1,20,1,1,1,6.5,2.4,6.5,2.4,4.1
9074,105476,20260604,1725,4,12,2,4,1,12.0,4.2,12.0,4.2,7.8
9075,105476,20260604,1725,4,22,2,4,1,9.5,3.6,9.5,3.6,5.9
9076,105477,20260725,947,4,4,1,4,1,4.5,1.9,4.5,1.9,2.6
9077,105478,20260317,1637,4,12,1,1,1,12.0,4.2,12.0,4.2,7.8
9078,105479,20260409,1632,1,1,2,2,1,3.5,1.4,3.5,1.4,2.1
9079,105479,20260409,1632,1,14,2,2,1,13.5,4.6,13.5,4.6,8.9
9080,105480,20260606,1836,6,5,2,1,1,4.8,2.0,4.8,2.0,2.8
9081,105481,20260809,1858,3,10,1,1,1,8.0,3.0,8.0,3.0,5.0
9082,105482,20260813,2159,6,14,1,1,1,13.5,4.6,13.5,4.6,8.9
9083,105483,20260526,1908,6,10,1,2,1,8.0,3.0,8.0,3.0,5.0
9084,105483,20260526,1908,6,16,1,2,2,11.5,4.1,23.0,8.2,14.8
9085,105484,20260331,1759,1,8,3,3,1,8.5,3.2,8.5,3.2,5.3
9086,105485,20260502,1632,2,9,1,1,2,9.0,3.4,18.0,6.8,11.2
9087,105485,20260502,1632,2,4,1,1,1,4.5,1.9,4.5,1.9,2.6
9088,105485,20260502,1632,2,9,1,1,1,9.0,3.4,9.0,3.4,5.6
9089,105486,20260615,1024,6,1,1,2,1,3.5,1.4,3.5,1.4,2.1
9090,105486,20260615,1024,6,5,1,2,1,4.8,2.0,4.8,2.0,2.8
9091,105487,20260712,1652,1,9,1,1,1,9.0,3.4,9.0,3.4,5.6
9092,105487,20260712,1652,1,8,1,1,1,8.5,3.2,8.5,3.2,5.3
9093,105487,20260712,1652,1,12,1,1,1,12.0,4.2,12.0,4.2,7.8
9094,105488,20260802,1715,2,19,2,1,1,5.5,2.0,5.5,2.0,3.5
9095,105489,20260730,1648,2,13,1,1,2,12.5,4.3,25.0,8.6,16.4
9096,105490,20260323,804,4,17,3,1,1,4.5,1.6,4.5,1.6,2.9
9097,105491,20260507,1127,3,13,1,1,1,12.5,4.3,12.5,4.3,8.2
9098,105492,20260324,2119,2,4,1,1,1,4.5,1.9,4.5,1.9,2.6
9099,105492,20260324,2119,2,22,1,1,1,9.5,3.6,9.5,3.6,5.9
9100,105493,20260414,900,2,7,1,2,1,4.3,1.8,4.3,1.8,2.5
9101,105493,20260414,900,2,15,1,2,1,11.0,4.0,11.0,4.0,7.0
9102,105493,20260414,900,2,15,1,2,1,11.0,4.0,11.0,4.0,7.0
9103,105494,20260606,1723,1,13,1,4,2,12.5,4.3,25.0,8.6,16.4
9104,105495,20260521,1921,1,12,3,4,1,12.0,4.2,12.0,4.2,7.8
9105,105495,20260521,1921,1,14,3,4,2,13.5,4.6,27.0,9.2,17.8
9106,105496,20260801,1556,1,13,1,3,1,12.5,4.3,12.5,4.3,8.2
9107,105497,20260607,830,4,8,2,1,1,8.5,3.2,8.5,3.2,5.3
9108,105497,20260607,830,4,20,2,1,1,6.5,2.4,6.5,2.4,4.1
9109,105497,20260607,830,4,7,2,1,1,4.3,1.8,4.3,1.8,2.5
9110,105498,20260328,930,5,4,1,2,1,4.5,1.9,4.5,1.9,2.6
9111,105499,20260410,1807,1,12,1,2,2,12.0,4.2,24.0,8.4,15.6
9112,105500,20260620,1852,6,11,1,1,1,10.5,3.8,10.5,3.8,6.7
9113,105500,20260620,1852,6,13,1,1,1,12.5,4.3,12.5,4.3,8.2
9114,105501,20260728,2145,2,6,2,1,1,5.0,2.1,5.0,2.1,2.9
9115,105501,20260728,2145,2,2,2,1,1,4.0,1.6,4.0,1.6,2.4
9116,105502,20260416,1731,4,8,4,4,1,8.5,3.2,8.5,3.2,5.3
9117,105502,20260416,1731,4,6,4,4,2,5.0,2.1,10.0,4.2,5.8
9118,105503,20260508,1014,6,21,1,1,1,9.0,3.2,9.0,3.2,5.8
9119,105503,20260508,1014,6,6,1,1,1,5.0,2.1,5.0,2.1,2.9
9120,105504,20260814,933,2,21,2,1,1,9.0,3.2,9.0,3.2,5.8
9121,105505,20260825,1111,1,12,1,3,1,12.0,4.2,12.0,4.2,7.8
9122,105506,20260912,917,6,2,1,4,2,4.0,1.6,8.0,3.2,4.8
9123,105507,20260704,1857,3,2,4,1,1,4.0,1.6,4.0,1.6,2.4
9124,105507,20260704,1857,3,23,4,1,1,9.0,3.4,9.0,3.4,5.6
9125,105508,20260407,1402,3,14,3,3,1,13.5,4.6,13.5,4.6,8.9
9126,105509,20260720,927,6,3,1,1,1,3.8,1.5,3.8,1.5,2.3
9127,105510,20260815,1642,2,7,2,2,1,4.3,1.8,4.3,1.8,2.5
9128,105511,20260426,1158,1,18,2,3,1,5.0,1.8,5.0,1.8,3.2
9129,105512,20260422,1735,2,23,1,3,2,9.0,3.4,18.0,6.8,11.2
9130,105513,20260806,1748,1,8,3,1,1,8.5,3.2,8.5,3.2,5.3
9131,105514,20260406,1748,3,25,1,4,1,8.5,3.2,8.5,3.2,5.3
9132,105515,20260413,1000,2,3,1,2,1,3.8,1.5,3.8,1.5,2.3
9133,105515,20260413,1000,2,19,1,2,1,5.5,2.0,5.5,2.0,3.5
9134,105516,20260514,744,6,10,3,3,1,8.0,3.0,8.0,3.0,5.0
9135,105517,20260726,1908,6,3,3,1,2,3.8,1.5,7.6,3.0,4.6
9136,105518,20260509,1853,3,9,1,4,1,9.0,3.4,9.0,3.4,5.6
9137,105518,20260509,1853,3,24,1,4,1,8.0,3.0,8.0,3.0,5.0
9138,105519,20260629,1006,1,16,1,1,1,11.5,4.1,11.5,4.1,7.4
9139,105520,20260707,1856,1,23,1,1,1,9.0,3.4,9.0,3.4,5.6
9140,105520,20260707,1856,1,15,1,1,1,11.0,4.0,11.0,4.0,7.0
9141,105520,20260707,1856,1,22,1,1,1,9.5,3.6,9.5,3.6,5.9
9142,105521,20260519,902,3,4,4,1,1,4.5,1.9,4.5,1.9,2.6
9143,105522,20260411,923,4,1,2,1,1,3.5,1.4,3.5,1.4,2.1
9144,105522,20260411,923,4,7,2,1,1,4.3,1.8,4.3,1.8,2.5
9145,105523,20260807,1712,5,20,1,3,1,6.5,2.4,6.5,2.4,4.1
9146,105523,20260807,1712,5,17,1,3,1,4.5,1.6,4.5,1.6,2.9
9147,105523,20260807,1712,5,10,1,3,1,8.0,3.0,8.0,3.0,5.0
9148,105524,20260612,840,3,5,2,1,1,4.8,2.0,4.8,2.0,2.8
9149,105524,20260612,840,3,25,2,1,1,8.5,3.2,8.5,3.2,5.3
9150,105525,20260717,1726,4,10,2,2,1,8.0,3.0,8.0,3.0,5.0
9151,105526,20260413,1710,4,2,1,1,1,4.0,1.6,4.0,1.6,2.4
9152,105526,20260413,1710,4,13,1,1,1,12.5,4.3,12.5,4.3,8.2
9153,105527,20260602,1053,2,11,1,4,1,10.5,3.8,10.5,3.8,6.7
9154,105528,20260807,1019,2,6,1,1,1,5.0,2.1,5.0,2.1,2.9
9155,105528,20260807,1019,2,20,1,1,1,6.5,2.4,6.5,2.4,4.1
9156,105528,20260807,1019,2,23,1,1,1,9.0,3.4,9.0,3.4,5.6
9157,105529,20260721,815,3,3,1,4,1,3.8,1.5,3.8,1.5,2.3
9158,105530,20260601,2137,1,8,1,1,1,8.5,3.2,8.5,3.2,5.3
9159,105530,20260601,2137,1,9,1,1,1,9.0,3.4,9.0,3.4,5.6
9160,105530,20260601,2137,1,20,1,1,2,6.5,2.4,13.0,4.8,8.2
9161,105531,20260904,859,4,1,1,1,1,3.5,1.4,3.5,1.4,2.1
9162,105531,20260904,859,4,20,1,1,2,6.5,2.4,13.0,4.8,8.2
9163,105532,20260405,917,1,18,2,1,1,5.0,1.8,5.0,1.8,3.2
9164,105533,20260327,1034,5,21,3,1,1,9.0,3.2,9.0,3.2,5.8
9165,105534,20260412,748,2,17,2,3,1,4.5,1.6,4.5,1.6,2.9
9166,105535,20260615,837,6,2,2,1,2,4.0,1.6,8.0,3.2,4.8
9167,105536,20260707,1742,2,17,1,1,1,4.5,1.6,4.5,1.6,2.9
9168,105537,20260423,813,6,21,2,1,2,9.0,3.2,18.0,6.4,11.6
9169,105538,20260611,1843,3,20,1,4,1,6.5,2.4,6.5,2.4,4.1
9170,105539,20260316,1825,4,10,2,2,1,8.0,3.0,8.0,3.0,5.0
9171,105540,20260722,1922,5,11,1,2,1,10.5,3.8,10.5,3.8,6.7
9172,105540,20260722,1922,5,14,1,2,1,13.5,4.6,13.5,4.6,8.9
9173,105540,20260722,1922,5,9,1,2,1,9.0,3.4,9.0,3.4,5.6
9174,105541,20260904,1117,1,14,3,2,1,13.5,4.6,13.5,4.6,8.9
9175,105542,20260828,1905,4,14,4,1,1,13.5,4.6,13.5,4.6,8.9
9176,105543,20260513,1846,3,10,4,4,1,8.0,3.0,8.0,3.0,5.0
9177,105543,20260513,1846,3,10,4,4,1,8.0,3.0,8.0,3.0,5.0
9178,105544,20260509,1818,3,10,2,3,2,8.0,3.0,16.0,6.0,10.0
9179,105544,20260509,1818,3,19,2,3,1,5.5,2.0,5.5,2.0,3.5
9180,105544,20260509,1818,3,13,2,3,1,12.5,4.3,12.5,4.3,8.2
9181,105545,20260804,1649,1,8,4,4,1,8.5,3.2,8.5,3.2,5.3
9182,105546,20260607,1657,5,10,1,3,1,8.0,3.0,8.0,3.0,5.0
9183,105546,20260607,1657,5,12,1,3,1,12.0,4.2,12.0,4.2,7.8
9184,105546,20260607,1657,5,1,1,3,1,3.5,1.4,3.5,1.4,2.1
9185,105547,20260415,1503,2,12,1,1,1,12.0,4.2,12.0,4.2,7.8
9186,105548,20260606,1702,4,13,3,3,1,12.5,4.3,12.5,4.3,8.2
9187,105548,20260606,1702,4,13,3,3,1,12.5,4.3,12.5,4.3,8.2
9188,105548,20260606,1702,4,6,3,3,2,5.0,2.1,10.0,4.2,5.8
9189,105549,20260721,1019,1,8,1,2,1,8.5,3.2,8.5,3.2,5.3
9190,105550,20260315,732,2,18,1,1,1,5.0,1.8,5.0,1.8,3.2
9191,105550,20260315,732,2,5,1,1,1,4.8,2.0,4.8,2.0,2.8
9192,105551,20260320,1212,2,20,1,1,1,6.5,2.4,6.5,2.4,4.1
9193,105551,20260320,1212,2,10,1,1,1,8.0,3.0,8.0,3.0,5.0
9194,105552,20260406,2157,2,6,1,3,1,5.0,2.1,5.0,2.1,2.9
9195,105552,20260406,2157,2,2,1,3,1,4.0,1.6,4.0,1.6,2.4
9196,105553,20260406,1654,3,19,1,2,1,5.5,2.0,5.5,2.0,3.5
9197,105553,20260406,1654,3,15,1,2,2,11.0,4.0,22.0,8.0,14.0
9198,105554,20260405,1805,5,15,2,1,1,11.0,4.0,11.0,4.0,7.0
9199,105555,20260609,921,4,18,1,1,1,5.0,1.8,5.0,1.8,3.2
9200,105555,20260609,921,4,20,1,1,2,6.5,2.4,13.0,4.8,8.2
9201,105556,20260705,1153,4,16,1,2,2,11.5,4.1,23.0,8.2,14.8
9202,105557,20260323,1716,6,7,1,1,2,4.3,1.8,8.6,3.6,5.0
9203,105558,20260822,1643,3,15,1,1,2,11.0,4.0,22.0,8.0,14.0
9204,105558,20260822,1643,3,2,1,1,1,4.0,1.6,4.0,1.6,2.4
9205,105559,20260827,1015,1,3,1,1,1,3.8,1.5,3.8,1.5,2.3
9206,105559,20260827,1015,1,24,1,1,1,8.0,3.0,8.0,3.0,5.0
9207,105560,20260814,1828,6,24,1,3,1,8.0,3.0,8.0,3.0,5.0
9208,105560,20260814,1828,6,23,1,3,1,9.0,3.4,9.0,3.4,5.6
9209,105561,20260511,2043,2,5,2,1,1,4.8,2.0,4.8,2.0,2.8
9210,105562,20260522,818,4,6,1,1,2,5.0,2.1,10.0,4.2,5.8
9211,105562,20260522,818,4,21,1,1,1,9.0,3.2,9.0,3.2,5.8
9212,105562,20260522,818,4,5,1,1,1,4.8,2.0,4.8,2.0,2.8
9213,105563,20260707,1849,1,9,2,3,1,9.0,3.4,9.0,3.4,5.6
9214,105564,20260729,831,2,2,1,1,1,4.0,1.6,4.0,1.6,2.4
9215,105565,20260404,934,1,5,3,4,1,4.8,2.0,4.8,2.0,2.8
9216,105565,20260404,934,1,1,3,4,1,3.5,1.4,3.5,1.4,2.1
9217,105566,20260608,1800,1,2,2,3,2,4.0,1.6,8.0,3.2,4.8
9218,105566,20260608,1800,1,19,2,3,1,5.5,2.0,5.5,2.0,3.5
9219,105567,20260629,1027,1,3,1,1,1,3.8,1.5,3.8,1.5,2.3
9220,105567,20260629,1027,1,14,1,1,1,13.5,4.6,13.5,4.6,8.9
9221,105568,20260408,1701,3,25,1,2,1,8.5,3.2,8.5,3.2,5.3
9222,105568,20260408,1701,3,14,1,2,1,13.5,4.6,13.5,4.6,8.9
9223,105569,20260820,853,3,2,2,1,1,4.0,1.6,4.0,1.6,2.4
9224,105570,20260815,1627,4,16,2,1,1,11.5,4.1,11.5,4.1,7.4
9225,105571,20260603,1636,2,10,1,1,1,8.0,3.0,8.0,3.0,5.0
9226,105571,20260603,1636,2,22,1,1,1,9.5,3.6,9.5,3.6,5.9
9227,105572,20260713,2119,4,6,1,1,1,5.0,2.1,5.0,2.1,2.9
9228,105573,20260430,1031,1,11,2,1,2,10.5,3.8,21.0,7.6,13.4
9229,105573,20260430,1031,1,5,2,1,1,4.8,2.0,4.8,2.0,2.8
9230,105573,20260430,1031,1,3,2,1,1,3.8,1.5,3.8,1.5,2.3
9231,105574,20260316,1800,1,10,2,1,1,8.0,3.0,8.0,3.0,5.0
9232,105574,20260316,1800,1,14,2,1,1,13.5,4.6,13.5,4.6,8.9
9233,105575,20260603,937,5,9,1,2,1,9.0,3.4,9.0,3.4,5.6
9234,105575,20260603,937,5,4,1,2,1,4.5,1.9,4.5,1.9,2.6
9235,105575,20260603,937,5,6,1,2,1,5.0,2.1,5.0,2.1,2.9
9236,105576,20260626,1828,3,11,1,2,2,10.5,3.8,21.0,7.6,13.4
9237,105577,20260824,850,4,19,2,1,1,5.5,2.0,5.5,2.0,3.5
9238,105578,20260408,1103,6,5,2,3,1,4.8,2.0,4.8,2.0,2.8
9239,105579,20260822,1623,1,6,2,3,1,5.0,2.1,5.0,2.1,2.9
9240,105580,20260704,1759,5,15,1,3,1,11.0,4.0,11.0,4.0,7.0
9241,105581,20260321,2140,5,3,2,2,1,3.8,1.5,3.8,1.5,2.3
9242,105581,20260321,2140,5,12,2,2,1,12.0,4.2,12.0,4.2,7.8
9243,105582,20260401,1738,3,5,2,1,1,4.8,2.0,4.8,2.0,2.8
9244,105582,20260401,1738,3,13,2,1,2,12.5,4.3,25.0,8.6,16.4
9245,105583,20260727,1233,5,3,2,3,2,3.8,1.5,7.6,3.0,4.6
9246,105583,20260727,1233,5,5,2,3,1,4.8,2.0,4.8,2.0,2.8
9247,105584,20260827,1340,5,17,1,2,1,4.5,1.6,4.5,1.6,2.9
9248,105585,20260511,1700,4,19,1,1,2,5.5,2.0,11.0,4.0,7.0
9249,105585,20260511,1700,4,5,1,1,1,4.8,2.0,4.8,2.0,2.8
9250,105586,20260730,1210,4,23,2,1,2,9.0,3.4,18.0,6.8,11.2
9251,105587,20260716,1718,4,12,1,1,1,12.0,4.2,12.0,4.2,7.8
9252,105587,20260716,1718,4,15,1,1,2,11.0,4.0,22.0,8.0,14.0
9253,105588,20260420,1937,4,21,1,2,1,9.0,3.2,9.0,3.2,5.8
9254,105589,20260713,738,4,11,1,1,1,10.5,3.8,10.5,3.8,6.7
9255,105590,20260423,1853,4,13,1,3,2,12.5,4.3,25.0,8.6,16.4
9256,105590,20260423,1853,4,10,1,3,1,8.0,3.0,8.0,3.0,5.0
9257,105591,20260418,1132,4,1,1,4,1,3.5,1.4,3.5,1.4,2.1
9258,105592,20260411,1637,2,8,3,2,1,8.5,3.2,8.5,3.2,5.3
9259,105592,20260411,1637,2,8,3,2,1,8.5,3.2,8.5,3.2,5.3
9260,105593,20260830,900,2,1,2,1,1,3.5,1.4,3.5,1.4,2.1
9261,105594,20260817,1020,1,5,1,1,1,4.8,2.0,4.8,2.0,2.8
9262,105594,20260817,1020,1,19,1,1,2,5.5,2.0,11.0,4.0,7.0
9263,105595,20260908,2024,1,12,1,2,1,12.0,4.2,12.0,4.2,7.8
9264,105595,20260908,2024,1,4,1,2,1,4.5,1.9,4.5,1.9,2.6
9265,105596,20260913,1607,5,15,1,1,1,11.0,4.0,11.0,4.0,7.0
9266,105597,20260712,936,1,1,1,1,2,3.5,1.4,7.0,2.8,4.2
9267,105598,20260504,821,6,21,4,1,1,9.0,3.2,9.0,3.2,5.8
9268,105598,20260504,821,6,2,4,1,1,4.0,1.6,4.0,1.6,2.4
9269,105599,20260329,932,1,21,1,1,1,9.0,3.2,9.0,3.2,5.8
9270,105599,20260329,932,1,5,1,1,2,4.8,2.0,9.6,4.0,5.6
9271,105600,20260804,1632,1,20,1,3,1,6.5,2.4,6.5,2.4,4.1
9272,105601,20260906,1830,6,10,1,3,1,8.0,3.0,8.0,3.0,5.0
9273,105602,20260411,2106,4,16,1,3,1,11.5,4.1,11.5,4.1,7.4
9274,105602,20260411,2106,4,18,1,3,1,5.0,1.8,5.0,1.8,3.2
9275,105603,20260905,1812,6,12,3,4,1,12.0,4.2,12.0,4.2,7.8
9276,105604,20260404,919,5,14,1,4,1,13.5,4.6,13.5,4.6,8.9
9277,105605,20260831,1518,4,14,2,2,1,13.5,4.6,13.5,4.6,8.9
9278,105605,20260831,1518,4,18,2,2,1,5.0,1.8,5.0,1.8,3.2
9279,105606,20260428,1828,6,9,1,3,1,9.0,3.4,9.0,3.4,5.6
9280,105606,20260428,1828,6,14,1,3,1,13.5,4.6,13.5,4.6,8.9
9281,105607,20260422,828,6,3,1,4,2,3.8,1.5,7.6,3.0,4.6
9282,105608,20260323,921,5,9,1,1,2,9.0,3.4,18.0,6.8,11.2
9283,105608,20260323,921,5,19,1,1,1,5.5,2.0,5.5,2.0,3.5
9284,105609,20260621,938,4,22,1,3,1,9.5,3.6,9.5,3.6,5.9
9285,105610,20260502,1742,2,7,2,3,1,4.3,1.8,4.3,1.8,2.5
9286,105611,20260914,1250,5,11,1,1,1,10.5,3.8,10.5,3.8,6.7
9287,105612,20260603,1352,5,24,1,1,1,8.0,3.0,8.0,3.0,5.0
9288,105612,20260603,1352,5,24,1,1,1,8.0,3.0,8.0,3.0,5.0
9289,105613,20260625,905,4,18,2,1,1,5.0,1.8,5.0,1.8,3.2
9290,105613,20260625,905,4,1,2,1,1,3.5,1.4,3.5,1.4,2.1
9291,105613,20260625,905,4,5,2,1,1,4.8,2.0,4.8,2.0,2.8
9292,105614,20260830,919,1,25,4,3,1,8.5,3.2,8.5,3.2,5.3
9293,105615,20260408,1028,1,2,1,1,1,4.0,1.6,4.0,1.6,2.4
9294,105615,20260408,1028,1,17,1,1,1,4.5,1.6,4.5,1.6,2.9
9295,105616,20260727,1727,4,13,2,3,1,12.5,4.3,12.5,4.3,8.2
9296,105617,20260526,956,3,22,3,1,1,9.5,3.6,9.5,3.6,5.9
9297,105618,20260610,1230,1,17,1,1,1,4.5,1.6,4.5,1.6,2.9
9298,105619,20260521,932,4,6,2,1,1,5.0,2.1,5.0,2.1,2.9
9299,105619,20260521,932,4,17,2,1,1,4.5,1.6,4.5,1.6,2.9
9300,105620,20260603,1637,6,4,1,2,2,4.5,1.9,9.0,3.8,5.2
9301,105620,20260603,1637,6,18,1,2,1,5.0,1.8,5.0,1.8,3.2
9302,105621,20260911,936,1,19,4,1,1,5.5,2.0,5.5,2.0,3.5
9303,105622,20260316,1854,3,8,1,3,1,8.5,3.2,8.5,3.2,5.3
9304,105622,20260316,1854,3,10,1,3,1,8.0,3.0,8.0,3.0,5.0
9305,105623,20260430,1228,1,3,2,1,1,3.8,1.5,3.8,1.5,2.3
9306,105624,20260604,1852,1,3,3,1,2,3.8,1.5,7.6,3.0,4.6
9307,105624,20260604,1852,1,22,3,1,1,9.5,3.6,9.5,3.6,5.9
9308,105625,20260711,1311,2,24,1,1,1,8.0,3.0,8.0,3.0,5.0
9309,105626,20260814,1840,4,18,1,1,1,5.0,1.8,5.0,1.8,3.2
9310,105626,20260814,1840,4,18,1,1,1,5.0,1.8,5.0,1.8,3.2
9311,105627,20260707,1102,3,21,4,3,1,9.0,3.2,9.0,3.2,5.8
9312,105628,20260821,1508,3,16,1,4,1,11.5,4.1,11.5,4.1,7.4
9313,105629,20260323,1258,6,9,2,1,1,9.0,3.4,9.0,3.4,5.6
9314,105630,20260626,1842,2,13,2,2,1,12.5,4.3,12.5,4.3,8.2
9315,105631,20260816,1824,2,21,1,2,1,9.0,3.2,9.0,3.2,5.8
9316,105632,20260829,1732,4,4,3,1,1,4.5,1.9,4.5,1.9,2.6
9317,105633,20260429,908,2,8,2,1,1,8.5,3.2,8.5,3.2,5.3
9318,105633,20260429,908,2,1,2,1,1,3.5,1.4,3.5,1.4,2.1
9319,105634,20260909,802,5,19,3,2,1,5.5,2.0,5.5,2.0,3.5
9320,105634,20260909,802,5,2,3,2,1,4.0,1.6,4.0,1.6,2.4
9321,105634,20260909,802,5,3,3,2,1,3.8,1.5,3.8,1.5,2.3
9322,105635,20260426,851,6,7,1,1,1,4.3,1.8,4.3,1.8,2.5
9323,105635,20260426,851,6,3,1,1,1,3.8,1.5,3.8,1.5,2.3
9324,105635,20260426,851,6,6,1,1,1,5.0,2.1,5.0,2.1,2.9
9325,105636,20260522,1350,4,4,1,2,2,4.5,1.9,9.0,3.8,5.2
9326,105637,20260630,1349,5,25,2,2,1,8.5,3.2,8.5,3.2,5.3
9327,105637,20260630,1349,5,3,2,2,2,3.8,1.5,7.6,3.0,4.6
9328,105638,20260326,1158,2,24,1,1,1,8.0,3.0,8.0,3.0,5.0
9329,105639,20260612,957,5,4,3,1,1,4.5,1.9,4.5,1.9,2.6
9330,105639,20260612,957,5,14,3,1,1,13.5,4.6,13.5,4.6,8.9
9331,105640,20260608,1851,4,10,1,4,1,8.0,3.0,8.0,3.0,5.0
9332,105640,20260608,1851,4,2,1,4,2,4.0,1.6,8.0,3.2,4.8
9333,105641,20260801,1832,5,21,1,4,1,9.0,3.2,9.0,3.2,5.8
9334,105642,20260412,1012,5,7,1,2,1,4.3,1.8,4.3,1.8,2.5
9335,105643,20260424,958,4,19,1,1,1,5.5,2.0,5.5,2.0,3.5
9336,105643,20260424,958,4,18,1,1,2,5.0,1.8,10.0,3.6,6.4
9337,105643,20260424,958,4,5,1,1,1,4.8,2.0,4.8,2.0,2.8
9338,105644,20260912,1700,5,14,2,4,1,13.5,4.6,13.5,4.6,8.9
9339,105644,20260912,1700,5,23,2,4,1,9.0,3.4,9.0,3.4,5.6
9340,105645,20260615,1010,6,1,1,3,1,3.5,1.4,3.5,1.4,2.1
9341,105646,20260410,1853,2,19,1,4,1,5.5,2.0,5.5,2.0,3.5
9342,105646,20260410,1853,2,15,1,4,1,11.0,4.0,11.0,4.0,7.0
9343,105647,20260407,1837,4,9,4,3,1,9.0,3.4,9.0,3.4,5.6
9344,105647,20260407,1837,4,5,4,3,1,4.8,2.0,4.8,2.0,2.8
9345,105647,20260407,1837,4,25,4,3,1,8.5,3.2,8.5,3.2,5.3
9346,105648,20260615,1859,5,13,1,1,1,12.5,4.3,12.5,4.3,8.2
9347,105649,20260912,907,4,3,4,1,1,3.8,1.5,3.8,1.5,2.3
9348,105650,20260722,1703,1,14,2,1,1,13.5,4.6,13.5,4.6,8.9
9349,105650,20260722,1703,1,18,2,1,1,5.0,1.8,5.0,1.8,3.2
9350,105651,20260320,1827,1,8,2,2,1,8.5,3.2,8.5,3.2,5.3
9351,105652,20260518,823,5,17,1,1,1,4.5,1.6,4.5,1.6,2.9
9352,105652,20260518,823,5,9,1,1,2,9.0,3.4,18.0,6.8,11.2
9353,105653,20260611,815,4,2,1,1,1,4.0,1.6,4.0,1.6,2.4
9354,105654,20260403,1720,6,6,3,3,1,5.0,2.1,5.0,2.1,2.9
9355,105655,20260707,920,5,3,2,3,2,3.8,1.5,7.6,3.0,4.6
9356,105655,20260707,920,5,18,2,3,1,5.0,1.8,5.0,1.8,3.2
9357,105656,20260327,1753,5,10,2,1,1,8.0,3.0,8.0,3.0,5.0
9358,105656,20260327,1753,5,12,2,1,1,12.0,4.2,12.0,4.2,7.8
9359,105656,20260327,1753,5,11,2,1,1,10.5,3.8,10.5,3.8,6.7
9360,105657,20260818,908,2,3,1,1,1,3.8,1.5,3.8,1.5,2.3
9361,105658,20260905,1055,2,1,1,1,1,3.5,1.4,3.5,1.4,2.1
9362,105658,20260905,1055,2,8,1,1,1,8.5,3.2,8.5,3.2,5.3
9363,105659,20260519,1251,6,5,1,1,1,4.8,2.0,4.8,2.0,2.8
9364,105659,20260519,1251,6,19,1,1,1,5.5,2.0,5.5,2.0,3.5
9365,105659,20260519,1251,6,12,1,1,1,12.0,4.2,12.0,4.2,7.8
9366,105660,20260404,1636,2,3,2,2,1,3.8,1.5,3.8,1.5,2.3
9367,105660,20260404,1636,2,6,2,2,1,5.0,2.1,5.0,2.1,2.9
9368,105661,20260713,1813,2,12,2,3,1,12.0,4.2,12.0,4.2,7.8
9369,105661,20260713,1813,2,25,2,3,1,8.5,3.2,8.5,3.2,5.3
9370,105662,20260722,1854,3,24,2,4,1,8.0,3.0,8.0,3.0,5.0
9371,105662,20260722,1854,3,20,2,4,1,6.5,2.4,6.5,2.4,4.1
9372,105663,20260906,826,4,11,2,1,2,10.5,3.8,21.0,7.6,13.4
9373,105663,20260906,826,4,18,2,1,1,5.0,1.8,5.0,1.8,3.2
9374,105663,20260906,826,4,9,2,1,1,9.0,3.4,9.0,3.4,5.6
9375,105664,20260507,852,4,19,4,1,1,5.5,2.0,5.5,2.0,3.5
9376,105664,20260507,852,4,19,4,1,2,5.5,2.0,11.0,4.0,7.0
9377,105665,20260428,903,6,20,1,1,2,6.5,2.4,13.0,4.8,8.2
9378,105665,20260428,903,6,2,1,1,1,4.0,1.6,4.0,1.6,2.4
9379,105665,20260428,903,6,5,1,1,2,4.8,2.0,9.6,4.0,5.6
9380,105666,20260524,1627,6,13,1,1,1,12.5,4.3,12.5,4.3,8.2
9381,105667,20260715,838,1,6,1,1,1,5.0,2.1,5.0,2.1,2.9
9382,105668,20260728,857,2,4,1,1,1,4.5,1.9,4.5,1.9,2.6
9383,105669,20260419,1745,2,19,3,2,1,5.5,2.0,5.5,2.0,3.5
9384,105669,20260419,1745,2,9,3,2,2,9.0,3.4,18.0,6.8,11.2
9385,105670,20260706,1835,4,7,2,3,1,4.3,1.8,4.3,1.8,2.5
9386,105671,20260328,1748,3,3,4,2,1,3.8,1.5,3.8,1.5,2.3
9387,105672,20260826,1730,5,13,1,3,1,12.5,4.3,12.5,4.3,8.2
9388,105672,20260826,1730,5,15,1,3,1,11.0,4.0,11.0,4.0,7.0
9389,105673,20260630,803,4,3,1,1,1,3.8,1.5,3.8,1.5,2.3
9390,105674,20260616,1015,2,9,1,1,1,9.0,3.4,9.0,3.4,5.6
9391,105674,20260616,1015,2,10,1,1,1,8.0,3.0,8.0,3.0,5.0
9392,105675,20260719,1715,6,14,1,4,1,13.5,4.6,13.5,4.6,8.9
9393,105676,20260705,1909,1,11,2,4,1,10.5,3.8,10.5,3.8,6.7
9394,105677,20260815,1215,2,5,1,1,1,4.8,2.0,4.8,2.0,2.8
9395,105678,20260511,937,1,2,3,1,1,4.0,1.6,4.0,1.6,2.4
9396,105679,20260610,1626,5,7,4,3,2,4.3,1.8,8.6,3.6,5.0
9397,105680,20260816,1413,4,5,1,1,1,4.8,2.0,4.8,2.0,2.8
9398,105681,20260704,1910,1,10,2,1,1,8.0,3.0,8.0,3.0,5.0
9399,105681,20260704,1910,1,17,2,1,1,4.5,1.6,4.5,1.6,2.9
9400,105681,20260704,1910,1,4,2,1,1,4.5,1.9,4.5,1.9,2.6
9401,105682,20260815,1754,1,8,1,4,1,8.5,3.2,8.5,3.2,5.3
9402,105682,20260815,1754,1,3,1,4,1,3.8,1.5,3.8,1.5,2.3
9403,105683,20260318,1725,5,20,1,2,2,6.5,2.4,13.0,4.8,8.2
9404,105683,20260318,1725,5,6,1,2,1,5.0,2.1,5.0,2.1,2.9
9405,105684,20260619,1033,1,2,2,1,1,4.0,1.6,4.0,1.6,2.4
9406,105684,20260619,1033,1,3,2,1,1,3.8,1.5,3.8,1.5,2.3
9407,105684,20260619,1033,1,23,2,1,1,9.0,3.4,9.0,3.4,5.6
9408,105685,20260417,1852,4,23,1,2,1,9.0,3.4,9.0,3.4,5.6
9409,105686,20260806,1821,1,16,2,4,1,11.5,4.1,11.5,4.1,7.4
9410,105686,20260806,1821,1,1,2,4,2,3.5,1.4,7.0,2.8,4.2
9411,105686,20260806,1821,1,22,2,4,1,9.5,3.6,9.5,3.6,5.9
9412,105687,20260414,1657,3,10,1,1,1,8.0,3.0,8.0,3.0,5.0
9413,105687,20260414,1657,3,3,1,1,2,3.8,1.5,7.6,3.0,4.6
9414,105687,20260414,1657,3,11,1,1,1,10.5,3.8,10.5,3.8,6.7
9415,105688,20260902,1125,6,18,1,2,1,5.0,1.8,5.0,1.8,3.2
9416,105688,20260902,1125,6,21,1,2,1,9.0,3.2,9.0,3.2,5.8
9417,105689,20260803,1909,1,14,2,3,2,13.5,4.6,27.0,9.2,17.8
9418,105690,20260824,1819,5,12,1,4,1,12.0,4.2,12.0,4.2,7.8
9419,105690,20260824,1819,5,7,1,4,1,4.3,1.8,4.3,1.8,2.5
9420,105691,20260810,1709,4,3,1,1,2,3.8,1.5,7.6,3.0,4.6
9421,105692,20260711,1114,2,5,2,1,1,4.8,2.0,4.8,2.0,2.8
9422,105693,20260624,1008,1,20,2,1,1,6.5,2.4,6.5,2.4,4.1
9423,105693,20260624,1008,1,18,2,1,2,5.0,1.8,10.0,3.6,6.4
9424,105693,20260624,1008,1,21,2,1,1,9.0,3.2,9.0,3.2,5.8
9425,105694,20260910,1747,4,13,2,4,1,12.5,4.3,12.5,4.3,8.2
9426,105694,20260910,1747,4,8,2,4,1,8.5,3.2,8.5,3.2,5.3
9427,105694,20260910,1747,4,9,2,4,1,9.0,3.4,9.0,3.4,5.6
9428,105695,20260822,1012,1,5,3,1,1,4.8,2.0,4.8,2.0,2.8
9429,105696,20260525,1124,2,3,1,2,1,3.8,1.5,3.8,1.5,2.3
9430,105696,20260525,1124,2,20,1,2,2,6.5,2.4,13.0,4.8,8.2
9431,105697,20260505,1301,4,21,2,2,1,9.0,3.2,9.0,3.2,5.8
9432,105698,20260317,1737,3,25,1,1,1,8.5,3.2,8.5,3.2,5.3
9433,105698,20260317,1737,3,4,1,1,1,4.5,1.9,4.5,1.9,2.6
9434,105699,20260319,1050,5,16,2,1,1,11.5,4.1,11.5,4.1,7.4
9435,105700,20260517,1740,5,11,2,3,2,10.5,3.8,21.0,7.6,13.4
9436,105701,20260515,1008,2,21,1,2,1,9.0,3.2,9.0,3.2,5.8
9437,105702,20260812,1930,4,18,1,1,1,5.0,1.8,5.0,1.8,3.2
9438,105703,20260621,1824,6,11,2,1,1,10.5,3.8,10.5,3.8,6.7
9439,105704,20260625,945,5,18,2,2,1,5.0,1.8,5.0,1.8,3.2
9440,105705,20260429,1413,2,20,1,2,1,6.5,2.4,6.5,2.4,4.1
9441,105706,20260913,1119,3,16,1,1,1,11.5,4.1,11.5,4.1,7.4
9442,105706,20260913,1119,3,7,1,1,1,4.3,1.8,4.3,1.8,2.5
9443,105707,20260817,952,5,7,1,3,1,4.3,1.8,4.3,1.8,2.5
9444,105708,20260901,1326,6,25,1,4,1,8.5,3.2,8.5,3.2,5.3
9445,105709,20260706,1923,1,6,4,1,1,5.0,2.1,5.0,2.1,2.9
9446,105709,20260706,1923,1,14,4,1,1,13.5,4.6,13.5,4.6,8.9
9447,105710,20260710,1336,3,4,1,1,1,4.5,1.9,4.5,1.9,2.6
9448,105710,20260710,1336,3,1,1,1,1,3.5,1.4,3.5,1.4,2.1
9449,105711,20260520,2051,4,4,4,2,1,4.5,1.9,4.5,1.9,2.6
9450,105712,20260421,1847,2,21,1,3,1,9.0,3.2,9.0,3.2,5.8
9451,105712,20260421,1847,2,11,1,3,1,10.5,3.8,10.5,3.8,6.7
9452,105713,20260909,1849,4,25,3,1,1,8.5,3.2,8.5,3.2,5.3
9453,105713,20260909,1849,4,19,3,1,1,5.5,2.0,5.5,2.0,3.5
9454,105714,20260509,1721,1,9,4,1,2,9.0,3.4,18.0,6.8,11.2
9455,105715,20260419,1417,4,23,2,1,1,9.0,3.4,9.0,3.4,5.6
9456,105715,20260419,1417,4,1,2,1,1,3.5,1.4,3.5,1.4,2.1
9457,105716,20260513,837,1,9,2,2,1,9.0,3.4,9.0,3.4,5.6
9458,105717,20260718,937,6,7,1,1,1,4.3,1.8,4.3,1.8,2.5
9459,105718,20260403,702,6,2,2,1,1,4.0,1.6,4.0,1.6,2.4
9460,105718,20260403,702,6,5,2,1,1,4.8,2.0,4.8,2.0,2.8
9461,105718,20260403,702,6,2,2,1,2,4.0,1.6,8.0,3.2,4.8
9462,105719,20260403,1846,3,20,3,3,2,6.5,2.4,13.0,4.8,8.2
9463,105720,20260325,1649,1,14,1,1,1,13.5,4.6,13.5,4.6,8.9
9464,105720,20260325,1649,1,15,1,1,2,11.0,4.0,22.0,8.0,14.0
9465,105720,20260325,1649,1,8,1,1,1,8.5,3.2,8.5,3.2,5.3
9466,105721,20260712,1713,6,10,1,1,1,8.0,3.0,8.0,3.0,5.0
9467,105722,20260405,1921,4,8,1,3,1,8.5,3.2,8.5,3.2,5.3
9468,105723,20260823,1852,2,8,1,3,1,8.5,3.2,8.5,3.2,5.3
9469,105723,20260823,1852,2,11,1,3,1,10.5,3.8,10.5,3.8,6.7
9470,105724,20260904,1236,3,24,1,1,1,8.0,3.0,8.0,3.0,5.0
9471,105724,20260904,1236,3,21,1,1,1,9.0,3.2,9.0,3.2,5.8
9472,105725,20260805,1644,6,5,2,4,1,4.8,2.0,4.8,2.0,2.8
9473,105725,20260805,1644,6,25,2,4,1,8.5,3.2,8.5,3.2,5.3
9474,105725,20260805,1644,6,5,2,4,1,4.8,2.0,4.8,2.0,2.8
9475,105726,20260906,1723,6,20,2,1,1,6.5,2.4,6.5,2.4,4.1
9476,105727,20260901,920,4,2,3,2,1,4.0,1.6,4.0,1.6,2.4
9477,105727,20260901,920,4,4,3,2,1,4.5,1.9,4.5,1.9,2.6
9478,105728,20260414,1709,4,12,1,1,1,12.0,4.2,12.0,4.2,7.8
9479,105728,20260414,1709,4,6,1,1,1,5.0,2.1,5.0,2.1,2.9
9480,105728,20260414,1709,4,12,1,1,2,12.0,4.2,24.0,8.4,15.6
9481,105729,20260907,1808,5,3,2,1,1,3.8,1.5,3.8,1.5,2.3
9482,105730,20260411,1010,5,8,4,2,1,8.5,3.2,8.5,3.2,5.3
9483,105730,20260411,1010,5,10,4,2,1,8.0,3.0,8.0,3.0,5.0
9484,105731,20260415,1438,3,5,2,2,1,4.8,2.0,4.8,2.0,2.8
9485,105731,20260415,1438,3,11,2,2,2,10.5,3.8,21.0,7.6,13.4
9486,105732,20260505,1751,4,22,1,1,1,9.5,3.6,9.5,3.6,5.9
9487,105733,20260908,1817,4,10,1,2,1,8.0,3.0,8.0,3.0,5.0
9488,105734,20260525,1827,2,16,4,3,1,11.5,4.1,11.5,4.1,7.4
9489,105734,20260525,1827,2,11,4,3,1,10.5,3.8,10.5,3.8,6.7
9490,105735,20260326,2114,3,6,2,1,1,5.0,2.1,5.0,2.1,2.9
9491,105735,20260326,2114,3,10,2,1,1,8.0,3.0,8.0,3.0,5.0
9492,105735,20260326,2114,3,15,2,1,1,11.0,4.0,11.0,4.0,7.0
9493,105736,20260527,1739,1,13,2,4,1,12.5,4.3,12.5,4.3,8.2
9494,105736,20260527,1739,1,5,2,4,1,4.8,2.0,4.8,2.0,2.8
9495,105736,20260527,1739,1,23,2,4,1,9.0,3.4,9.0,3.4,5.6
9496,105737,20260817,1750,2,12,3,3,1,12.0,4.2,12.0,4.2,7.8
9497,105738,20260328,1217,4,5,4,1,1,4.8,2.0,4.8,2.0,2.8
9498,105738,20260328,1217,4,9,4,1,1,9.0,3.4,9.0,3.4,5.6
9499,105739,20260908,1021,2,17,1,2,1,4.5,1.6,4.5,1.6,2.9
9500,105740,20260411,1656,3,5,1,1,1,4.8,2.0,4.8,2.0,2.8
9501,105741,20260911,900,2,22,2,1,1,9.5,3.6,9.5,3.6,5.9
9502,105742,20260531,902,2,17,2,2,1,4.5,1.6,4.5,1.6,2.9
9503,105742,20260531,902,2,7,2,2,1,4.3,1.8,4.3,1.8,2.5
9504,105743,20260620,1813,2,11,2,3,1,10.5,3.8,10.5,3.8,6.7
9505,105744,20260626,1951,1,18,1,1,1,5.0,1.8,5.0,1.8,3.2
9506,105744,20260626,1951,1,24,1,1,1,8.0,3.0,8.0,3.0,5.0
9507,105745,20260604,1749,1,9,4,4,1,9.0,3.4,9.0,3.4,5.6
9508,105745,20260604,1749,1,4,4,4,1,4.5,1.9,4.5,1.9,2.6
9509,105745,20260604,1749,1,20,4,4,1,6.5,2.4,6.5,2.4,4.1
9510,105746,20260401,1731,2,12,3,4,1,12.0,4.2,12.0,4.2,7.8
9511,105747,20260815,1933,3,19,1,4,1,5.5,2.0,5.5,2.0,3.5
9512,105748,20260711,1821,2,11,3,4,1,10.5,3.8,10.5,3.8,6.7
9513,105749,20260617,1058,2,9,2,1,1,9.0,3.4,9.0,3.4,5.6
9514,105749,20260617,1058,2,1,2,1,1,3.5,1.4,3.5,1.4,2.1
9515,105750,20260910,1126,5,20,1,1,1,6.5,2.4,6.5,2.4,4.1
9516,105751,20260721,1948,3,6,2,1,1,5.0,2.1,5.0,2.1,2.9
9517,105751,20260721,1948,3,6,2,1,1,5.0,2.1,5.0,2.1,2.9
9518,105752,20260611,1240,2,16,2,1,1,11.5,4.1,11.5,4.1,7.4
9519,105753,20260323,808,2,2,1,1,2,4.0,1.6,8.0,3.2,4.8
9520,105754,20260524,1759,2,14,2,4,1,13.5,4.6,13.5,4.6,8.9
9521,105755,20260315,1804,3,3,4,3,1,3.8,1.5,3.8,1.5,2.3
9522,105756,20260819,1844,1,17,4,4,1,4.5,1.6,4.5,1.6,2.9
9523,105756,20260819,1844,1,11,4,4,1,10.5,3.8,10.5,3.8,6.7
9524,105756,20260819,1844,1,10,4,4,1,8.0,3.0,8.0,3.0,5.0
9525,105757,20260319,1752,2,13,1,1,1,12.5,4.3,12.5,4.3,8.2
9526,105757,20260319,1752,2,13,1,1,1,12.5,4.3,12.5,4.3,8.2
9527,105758,20260603,952,1,24,1,1,1,8.0,3.0,8.0,3.0,5.0
9528,105759,20260604,1008,2,4,2,3,1,4.5,1.9,4.5,1.9,2.6
9529,105760,20260627,1755,2,24,1,1,1,8.0,3.0,8.0,3.0,5.0
9530,105760,20260627,1755,2,7,1,1,1,4.3,1.8,4.3,1.8,2.5
9531,105761,20260612,929,5,23,3,2,1,9.0,3.4,9.0,3.4,5.6
9532,105762,20260812,1808,2,18,2,2,1,5.0,1.8,5.0,1.8,3.2
9533,105762,20260812,1808,2,12,2,2,2,12.0,4.2,24.0,8.4,15.6
9534,105763,20260426,1740,5,9,2,3,2,9.0,3.4,18.0,6.8,11.2
9535,105763,20260426,1740,5,15,2,3,1,11.0,4.0,11.0,4.0,7.0
9536,105764,20260727,1318,4,10,1,2,2,8.0,3.0,16.0,6.0,10.0
9537,105764,20260727,1318,4,20,1,2,1,6.5,2.4,6.5,2.4,4.1
9538,105765,20260712,1811,5,16,2,1,2,11.5,4.1,23.0,8.2,14.8
9539,105765,20260712,1811,5,13,2,1,1,12.5,4.3,12.5,4.3,8.2
9540,105766,20260518,1911,1,4,1,1,1,4.5,1.9,4.5,1.9,2.6
9541,105767,20260517,838,4,4,1,4,1,4.5,1.9,4.5,1.9,2.6
9542,105768,20260512,2157,2,1,2,1,2,3.5,1.4,7.0,2.8,4.2
9543,105769,20260328,816,2,5,1,3,1,4.8,2.0,4.8,2.0,2.8
9544,105769,20260328,816,2,24,1,3,1,8.0,3.0,8.0,3.0,5.0
9545,105769,20260328,816,2,8,1,3,1,8.5,3.2,8.5,3.2,5.3
9546,105770,20260520,1701,1,17,1,3,1,4.5,1.6,4.5,1.6,2.9
9547,105770,20260520,1701,1,17,1,3,1,4.5,1.6,4.5,1.6,2.9
9548,105770,20260520,1701,1,5,1,3,1,4.8,2.0,4.8,2.0,2.8
9549,105771,20260728,1025,4,17,2,1,2,4.5,1.6,9.0,3.2,5.8
9550,105771,20260728,1025,4,6,2,1,1,5.0,2.1,5.0,2.1,2.9
9551,105771,20260728,1025,4,4,2,1,1,4.5,1.9,4.5,1.9,2.6
9552,105772,20260510,1932,3,22,1,1,1,9.5,3.6,9.5,3.6,5.9
9553,105772,20260510,1932,3,4,1,1,2,4.5,1.9,9.0,3.8,5.2
9554,105772,20260510,1932,3,22,1,1,1,9.5,3.6,9.5,3.6,5.9
9555,105773,20260621,949,6,4,1,1,1,4.5,1.9,4.5,1.9,2.6
9556,105774,20260524,923,1,14,1,4,1,13.5,4.6,13.5,4.6,8.9
9557,105775,20260914,1333,2,1,1,1,2,3.5,1.4,7.0,2.8,4.2
9558,105776,20260904,1204,6,8,2,1,1,8.5,3.2,8.5,3.2,5.3
9559,105776,20260904,1204,6,5,2,1,1,4.8,2.0,4.8,2.0,2.8
9560,105777,20260723,1854,1,1,1,1,1,3.5,1.4,3.5,1.4,2.1
9561,105777,20260723,1854,1,5,1,1,1,4.8,2.0,4.8,2.0,2.8
9562,105777,20260723,1854,1,15,1,1,1,11.0,4.0,11.0,4.0,7.0
9563,105778,20260708,1455,4,17,2,2,1,4.5,1.6,4.5,1.6,2.9
9564,105778,20260708,1455,4,14,2,2,1,13.5,4.6,13.5,4.6,8.9
9565,105779,20260803,1141,6,6,1,1,1,5.0,2.1,5.0,2.1,2.9
9566,105780,20260407,1926,3,11,1,1,1,10.5,3.8,10.5,3.8,6.7
9567,105781,20260428,1242,4,3,2,2,2,3.8,1.5,7.6,3.0,4.6
9568,105782,20260319,1708,3,9,4,1,2,9.0,3.4,18.0,6.8,11.2
9569,105782,20260319,1708,3,16,4,1,1,11.5,4.1,11.5,4.1,7.4
9570,105783,20260720,1204,5,20,1,1,2,6.5,2.4,13.0,4.8,8.2
9571,105784,20260402,943,5,17,1,4,2,4.5,1.6,9.0,3.2,5.8
9572,105785,20260426,1239,3,15,2,3,1,11.0,4.0,11.0,4.0,7.0
9573,105785,20260426,1239,3,13,2,3,1,12.5,4.3,12.5,4.3,8.2
9574,105786,20260428,1805,2,13,1,4,1,12.5,4.3,12.5,4.3,8.2
9575,105787,20260619,1825,4,21,4,3,1,9.0,3.2,9.0,3.2,5.8
9576,105787,20260619,1825,4,8,4,3,1,8.5,3.2,8.5,3.2,5.3
9577,105788,20260701,1925,2,11,1,4,1,10.5,3.8,10.5,3.8,6.7
9578,105789,20260807,814,5,17,2,1,2,4.5,1.6,9.0,3.2,5.8
9579,105789,20260807,814,5,5,2,1,1,4.8,2.0,4.8,2.0,2.8
9580,105790,20260817,1722,6,6,1,1,1,5.0,2.1,5.0,2.1,2.9
9581,105791,20260902,2033,6,24,1,2,1,8.0,3.0,8.0,3.0,5.0
9582,105792,20260822,1558,4,6,4,1,1,5.0,2.1,5.0,2.1,2.9
9583,105793,20260829,1937,5,9,1,1,1,9.0,3.4,9.0,3.4,5.6
9584,105793,20260829,1937,5,20,1,1,1,6.5,2.4,6.5,2.4,4.1
9585,105794,20260911,857,1,17,1,1,1,4.5,1.6,4.5,1.6,2.9
9586,105794,20260911,857,1,20,1,1,1,6.5,2.4,6.5,2.4,4.1
9587,105795,20260604,1840,4,15,1,1,1,11.0,4.0,11.0,4.0,7.0
9588,105795,20260604,1840,4,15,1,1,1,11.0,4.0,11.0,4.0,7.0
9589,105796,20260711,1807,5,8,2,1,1,8.5,3.2,8.5,3.2,5.3
9590,105796,20260711,1807,5,11,2,1,1,10.5,3.8,10.5,3.8,6.7
9591,105797,20260503,1140,3,2,2,1,1,4.0,1.6,4.0,1.6,2.4
9592,105797,20260503,1140,3,3,2,1,2,3.8,1.5,7.6,3.0,4.6
9593,105798,20260331,1245,1,9,2,2,1,9.0,3.4,9.0,3.4,5.6
9594,105798,20260331,1245,1,4,2,2,1,4.5,1.9,4.5,1.9,2.6
9595,105798,20260331,1245,1,24,2,2,1,8.0,3.0,8.0,3.0,5.0
9596,105799,20260701,1227,3,4,1,4,1,4.5,1.9,4.5,1.9,2.6
9597,105800,20260801,1000,3,2,2,1,1,4.0,1.6,4.0,1.6,2.4
9598,105800,20260801,1000,3,1,2,1,1,3.5,1.4,3.5,1.4,2.1
9599,105801,20260710,1450,5,15,2,1,1,11.0,4.0,11.0,4.0,7.0
9600,105801,20260710,1450,5,14,2,1,2,13.5,4.6,27.0,9.2,17.8
9601,105801,20260710,1450,5,3,2,1,1,3.8,1.5,3.8,1.5,2.3
9602,105802,20260909,1814,4,12,1,2,1,12.0,4.2,12.0,4.2,7.8
9603,105802,20260909,1814,4,8,1,2,1,8.5,3.2,8.5,3.2,5.3
9604,105803,20260907,1011,1,20,2,1,1,6.5,2.4,6.5,2.4,4.1
9605,105803,20260907,1011,1,4,2,1,1,4.5,1.9,4.5,1.9,2.6
9606,105803,20260907,1011,1,8,2,1,2,8.5,3.2,17.0,6.4,10.6
9607,105804,20260329,1330,6,23,2,1,1,9.0,3.4,9.0,3.4,5.6
9608,105804,20260329,1330,6,3,2,1,1,3.8,1.5,3.8,1.5,2.3
9609,105805,20260509,1322,4,6,1,2,2,5.0,2.1,10.0,4.2,5.8
9610,105805,20260509,1322,4,1,1,2,2,3.5,1.4,7.0,2.8,4.2
9611,105806,20260531,1812,3,23,2,3,1,9.0,3.4,9.0,3.4,5.6
9612,105807,20260830,1821,4,17,2,3,1,4.5,1.6,4.5,1.6,2.9
9613,105807,20260830,1821,4,15,2,3,1,11.0,4.0,11.0,4.0,7.0
9614,105807,20260830,1821,4,1,2,3,1,3.5,1.4,3.5,1.4,2.1
9615,105808,20260411,1816,5,9,1,4,1,9.0,3.4,9.0,3.4,5.6
9616,105809,20260818,1733,2,3,1,2,1,3.8,1.5,3.8,1.5,2.3
9617,105809,20260818,1733,2,15,1,2,1,11.0,4.0,11.0,4.0,7.0
9618,105810,20260612,836,5,11,1,3,1,10.5,3.8,10.5,3.8,6.7
9619,105810,20260612,836,5,6,1,3,1,5.0,2.1,5.0,2.1,2.9
9620,105810,20260612,836,5,13,1,3,1,12.5,4.3,12.5,4.3,8.2
9621,105811,20260413,1750,6,10,3,3,1,8.0,3.0,8.0,3.0,5.0
9622,105811,20260413,1750,6,5,3,3,1,4.8,2.0,4.8,2.0,2.8
9623,105812,20260425,847,3,10,2,1,1,8.0,3.0,8.0,3.0,5.0
9624,105812,20260425,847,3,10,2,1,1,8.0,3.0,8.0,3.0,5.0
9625,105813,20260405,801,1,4,1,1,1,4.5,1.9,4.5,1.9,2.6
9626,105813,20260405,801,1,4,1,1,1,4.5,1.9,4.5,1.9,2.6
9627,105814,20260319,2012,3,11,1,1,2,10.5,3.8,21.0,7.6,13.4
9628,105814,20260319,2012,3,4,1,1,1,4.5,1.9,4.5,1.9,2.6
9629,105814,20260319,2012,3,11,1,1,2,10.5,3.8,21.0,7.6,13.4
9630,105815,20260725,1657,1,8,1,2,1,8.5,3.2,8.5,3.2,5.3
9631,105815,20260725,1657,1,9,1,2,2,9.0,3.4,18.0,6.8,11.2
9632,105816,20260403,1757,2,5,3,1,1,4.8,2.0,4.8,2.0,2.8
9633,105816,20260403,1757,2,15,3,1,2,11.0,4.0,22.0,8.0,14.0
9634,105816,20260403,1757,2,24,3,1,1,8.0,3.0,8.0,3.0,5.0
9635,105817,20260726,1501,2,1,2,1,1,3.5,1.4,3.5,1.4,2.1
9636,105817,20260726,1501,2,9,2,1,1,9.0,3.4,9.0,3.4,5.6
9637,105818,20260630,1909,2,14,1,2,1,13.5,4.6,13.5,4.6,8.9
9638,105818,20260630,1909,2,9,1,2,1,9.0,3.4,9.0,3.4,5.6
9639,105818,20260630,1909,2,14,1,2,2,13.5,4.6,27.0,9.2,17.8
9640,105819,20260327,1522,5,3,1,4,1,3.8,1.5,3.8,1.5,2.3
9641,105819,20260327,1522,5,14,1,4,1,13.5,4.6,13.5,4.6,8.9
9642,105820,20260913,1752,2,12,1,4,1,12.0,4.2,12.0,4.2,7.8
9643,105821,20260725,955,4,14,1,4,2,13.5,4.6,27.0,9.2,17.8
9644,105821,20260725,955,4,22,1,4,1,9.5,3.6,9.5,3.6,5.9
9645,105822,20260405,1636,5,12,1,2,1,12.0,4.2,12.0,4.2,7.8
9646,105823,20260601,1706,5,16,1,4,1,11.5,4.1,11.5,4.1,7.4
9647,105824,20260704,1146,3,3,1,2,1,3.8,1.5,3.8,1.5,2.3
9648,105825,20260530,1854,1,3,1,1,1,3.8,1.5,3.8,1.5,2.3
9649,105825,20260530,1854,1,13,1,1,1,12.5,4.3,12.5,4.3,8.2
9650,105826,20260713,1635,3,18,1,2,1,5.0,1.8,5.0,1.8,3.2
9651,105827,20260613,1722,2,10,2,1,1,8.0,3.0,8.0,3.0,5.0
9652,105828,20260423,1208,1,19,1,3,1,5.5,2.0,5.5,2.0,3.5
9653,105829,20260428,1937,1,3,2,1,1,3.8,1.5,3.8,1.5,2.3
9654,105830,20260716,1635,4,15,1,3,1,11.0,4.0,11.0,4.0,7.0
9655,105831,20260715,1732,2,15,2,2,1,11.0,4.0,11.0,4.0,7.0
9656,105831,20260715,1732,2,15,2,2,1,11.0,4.0,11.0,4.0,7.0
9657,105832,20260514,918,1,21,2,2,1,9.0,3.2,9.0,3.2,5.8
9658,105832,20260514,918,1,6,2,2,1,5.0,2.1,5.0,2.1,2.9
9659,105832,20260514,918,1,17,2,2,1,4.5,1.6,4.5,1.6,2.9
9660,105833,20260805,1440,1,3,2,3,1,3.8,1.5,3.8,1.5,2.3
9661,105834,20260430,1447,1,20,1,2,1,6.5,2.4,6.5,2.4,4.1
9662,105834,20260430,1447,1,21,1,2,1,9.0,3.2,9.0,3.2,5.8
9663,105834,20260430,1447,1,14,1,2,1,13.5,4.6,13.5,4.6,8.9
9664,105835,20260909,943,2,5,1,1,1,4.8,2.0,4.8,2.0,2.8
9665,105835,20260909,943,2,6,1,1,1,5.0,2.1,5.0,2.1,2.9
9666,105836,20260425,1639,3,23,4,3,1,9.0,3.4,9.0,3.4,5.6
9667,105837,20260720,948,4,19,1,2,1,5.5,2.0,5.5,2.0,3.5
9668,105838,20260518,1252,2,5,1,3,1,4.8,2.0,4.8,2.0,2.8
9669,105839,20260415,1638,6,2,2,3,1,4.0,1.6,4.0,1.6,2.4
9670,105840,20260602,2124,4,20,1,4,1,6.5,2.4,6.5,2.4,4.1
9671,105840,20260602,2124,4,3,1,4,1,3.8,1.5,3.8,1.5,2.3
9672,105840,20260602,2124,4,6,1,4,1,5.0,2.1,5.0,2.1,2.9
9673,105841,20260329,2009,3,20,1,1,2,6.5,2.4,13.0,4.8,8.2
9674,105841,20260329,2009,3,7,1,1,1,4.3,1.8,4.3,1.8,2.5
9675,105842,20260710,1915,6,17,2,1,1,4.5,1.6,4.5,1.6,2.9
9676,105843,20260512,1725,4,15,2,3,1,11.0,4.0,11.0,4.0,7.0
9677,105844,20260421,1325,4,20,1,1,1,6.5,2.4,6.5,2.4,4.1
9678,105844,20260421,1325,4,12,1,1,1,12.0,4.2,12.0,4.2,7.8
9679,105845,20260612,1027,1,10,4,1,2,8.0,3.0,16.0,6.0,10.0
9680,105846,20260731,1149,1,12,3,1,1,12.0,4.2,12.0,4.2,7.8
9681,105846,20260731,1149,1,18,3,1,1,5.0,1.8,5.0,1.8,3.2
9682,105847,20260412,956,2,2,1,1,1,4.0,1.6,4.0,1.6,2.4
9683,105848,20260402,1042,4,7,2,1,1,4.3,1.8,4.3,1.8,2.5
9684,105849,20260420,1146,3,20,1,1,1,6.5,2.4,6.5,2.4,4.1
9685,105849,20260420,1146,3,19,1,1,1,5.5,2.0,5.5,2.0,3.5
9686,105850,20260715,1703,2,13,2,4,1,12.5,4.3,12.5,4.3,8.2
9687,105850,20260715,1703,2,16,2,4,1,11.5,4.1,11.5,4.1,7.4
9688,105851,20260911,1345,3,21,1,1,1,9.0,3.2,9.0,3.2,5.8
9689,105852,20260704,1630,5,6,1,4,1,5.0,2.1,5.0,2.1,2.9
9690,105853,20260908,1419,4,17,2,2,1,4.5,1.6,4.5,1.6,2.9
9691,105854,20260721,1321,1,4,1,1,2,4.5,1.9,9.0,3.8,5.2
9692,105855,20260805,706,3,2,1,2,1,4.0,1.6,4.0,1.6,2.4
9693,105856,20260909,847,5,3,4,1,1,3.8,1.5,3.8,1.5,2.3
9694,105856,20260909,847,5,19,4,1,1,5.5,2.0,5.5,2.0,3.5
9695,105856,20260909,847,5,8,4,1,1,8.5,3.2,8.5,3.2,5.3
9696,105857,20260814,955,3,2,1,4,1,4.0,1.6,4.0,1.6,2.4
9697,105857,20260814,955,3,1,1,4,1,3.5,1.4,3.5,1.4,2.1
9698,105857,20260814,955,3,5,1,4,1,4.8,2.0,4.8,2.0,2.8
9699,105858,20260825,1245,6,15,2,1,1,11.0,4.0,11.0,4.0,7.0
9700,105858,20260825,1245,6,16,2,1,2,11.5,4.1,23.0,8.2,14.8
9701,105859,20260826,1837,5,4,1,2,1,4.5,1.9,4.5,1.9,2.6
9702,105859,20260826,1837,5,9,1,2,1,9.0,3.4,9.0,3.4,5.6
9703,105859,20260826,1837,5,14,1,2,1,13.5,4.6,13.5,4.6,8.9
9704,105860,20260504,857,3,16,1,2,1,11.5,4.1,11.5,4.1,7.4
9705,105860,20260504,857,3,21,1,2,1,9.0,3.2,9.0,3.2,5.8
9706,105861,20260710,1905,1,9,2,2,2,9.0,3.4,18.0,6.8,11.2
9707,105862,20260626,1127,5,12,1,1,1,12.0,4.2,12.0,4.2,7.8
9708,105863,20260716,1806,2,19,1,2,1,5.5,2.0,5.5,2.0,3.5
9709,105863,20260716,1806,2,24,1,2,1,8.0,3.0,8.0,3.0,5.0
9710,105864,20260617,1913,2,9,1,1,1,9.0,3.4,9.0,3.4,5.6
9711,105864,20260617,1913,2,17,1,1,1,4.5,1.6,4.5,1.6,2.9
9712,105864,20260617,1913,2,11,1,1,1,10.5,3.8,10.5,3.8,6.7
9713,105865,20260423,1304,5,21,2,2,1,9.0,3.2,9.0,3.2,5.8
9714,105865,20260423,1304,5,13,2,2,1,12.5,4.3,12.5,4.3,8.2
9715,105866,20260323,1222,2,9,4,1,2,9.0,3.4,18.0,6.8,11.2
9716,105867,20260824,1845,1,3,1,1,1,3.8,1.5,3.8,1.5,2.3
9717,105868,20260326,804,4,6,1,2,1,5.0,2.1,5.0,2.1,2.9
9718,105869,20260718,1652,2,9,1,2,1,9.0,3.4,9.0,3.4,5.6
9719,105869,20260718,1652,2,16,1,2,2,11.5,4.1,23.0,8.2,14.8
9720,105869,20260718,1652,2,16,1,2,1,11.5,4.1,11.5,4.1,7.4
9721,105870,20260630,1811,4,22,2,1,1,9.5,3.6,9.5,3.6,5.9
9722,105871,20260905,1908,2,1,2,4,1,3.5,1.4,3.5,1.4,2.1
9723,105872,20260325,1721,2,12,2,2,1,12.0,4.2,12.0,4.2,7.8
9724,105872,20260325,1721,2,16,2,2,1,11.5,4.1,11.5,4.1,7.4
9725,105873,20260522,1700,2,16,1,3,2,11.5,4.1,23.0,8.2,14.8
9726,105873,20260522,1700,2,25,1,3,2,8.5,3.2,17.0,6.4,10.6
9727,105874,20260807,1759,4,3,4,1,1,3.8,1.5,3.8,1.5,2.3
9728,105875,20260810,919,1,4,1,1,2,4.5,1.9,9.0,3.8,5.2
9729,105875,20260810,919,1,18,1,1,1,5.0,1.8,5.0,1.8,3.2
9730,105876,20260710,1413,5,7,2,2,1,4.3,1.8,4.3,1.8,2.5
9731,105876,20260710,1413,5,24,2,2,1,8.0,3.0,8.0,3.0,5.0
9732,105876,20260710,1413,5,1,2,2,1,3.5,1.4,3.5,1.4,2.1
9733,105877,20260910,1117,2,11,1,2,2,10.5,3.8,21.0,7.6,13.4
9734,105877,20260910,1117,2,6,1,2,2,5.0,2.1,10.0,4.2,5.8
9735,105878,20260413,1643,2,13,4,1,2,12.5,4.3,25.0,8.6,16.4
9736,105878,20260413,1643,2,6,4,1,1,5.0,2.1,5.0,2.1,2.9
9737,105879,20260716,1000,3,18,3,1,2,5.0,1.8,10.0,3.6,6.4
9738,105880,20260829,1236,2,7,1,3,1,4.3,1.8,4.3,1.8,2.5
9739,105881,20260326,815,3,21,2,1,1,9.0,3.2,9.0,3.2,5.8
9740,105882,20260907,1316,6,15,1,1,1,11.0,4.0,11.0,4.0,7.0
9741,105882,20260907,1316,6,17,1,1,1,4.5,1.6,4.5,1.6,2.9
9742,105882,20260907,1316,6,10,1,1,1,8.0,3.0,8.0,3.0,5.0
9743,105883,20260327,1727,2,16,3,1,1,11.5,4.1,11.5,4.1,7.4
9744,105883,20260327,1727,2,15,3,1,1,11.0,4.0,11.0,4.0,7.0
9745,105884,20260705,1701,2,20,1,1,1,6.5,2.4,6.5,2.4,4.1
9746,105885,20260701,1611,4,1,1,1,1,3.5,1.4,3.5,1.4,2.1
9747,105885,20260701,1611,4,10,1,1,1,8.0,3.0,8.0,3.0,5.0
9748,105886,20260519,813,1,1,1,2,1,3.5,1.4,3.5,1.4,2.1
9749,105886,20260519,813,1,2,1,2,1,4.0,1.6,4.0,1.6,2.4
9750,105887,20260423,1524,3,1,1,4,1,3.5,1.4,3.5,1.4,2.1
9751,105888,20260718,1707,3,10,2,4,1,8.0,3.0,8.0,3.0,5.0
9752,105889,20260626,2112,1,10,3,2,1,8.0,3.0,8.0,3.0,5.0
9753,105890,20260530,1842,4,9,4,2,1,9.0,3.4,9.0,3.4,5.6
9754,105891,20260515,1017,1,20,2,1,1,6.5,2.4,6.5,2.4,4.1
9755,105892,20260324,1651,2,12,2,4,1,12.0,4.2,12.0,4.2,7.8
9756,105892,20260324,1651,2,17,2,4,1,4.5,1.6,4.5,1.6,2.9
9757,105893,20260502,1229,3,20,2,2,1,6.5,2.4,6.5,2.4,4.1
9758,105894,20260901,1924,1,7,4,2,1,4.3,1.8,4.3,1.8,2.5
9759,105895,20260420,916,2,5,1,1,2,4.8,2.0,9.6,4.0,5.6
9760,105895,20260420,916,2,5,1,1,1,4.8,2.0,4.8,2.0,2.8
9761,105895,20260420,916,2,4,1,1,1,4.5,1.9,4.5,1.9,2.6
9762,105896,20260704,1918,5,16,1,3,1,11.5,4.1,11.5,4.1,7.4
9763,105897,20260418,1642,6,15,3,1,1,11.0,4.0,11.0,4.0,7.0
9764,105898,20260824,1658,2,23,1,1,1,9.0,3.4,9.0,3.4,5.6
9765,105899,20260501,1745,3,20,1,2,1,6.5,2.4,6.5,2.4,4.1
9766,105900,20260319,2149,6,21,1,2,1,9.0,3.2,9.0,3.2,5.8
9767,105900,20260319,2149,6,7,1,2,1,4.3,1.8,4.3,1.8,2.5
9768,105900,20260319,2149,6,23,1,2,2,9.0,3.4,18.0,6.8,11.2
9769,105901,20260612,913,6,7,1,1,1,4.3,1.8,4.3,1.8,2.5
9770,105901,20260612,913,6,20,1,1,2,6.5,2.4,13.0,4.8,8.2
9771,105902,20260507,1737,5,1,1,3,1,3.5,1.4,3.5,1.4,2.1
9772,105902,20260507,1737,5,11,1,3,2,10.5,3.8,21.0,7.6,13.4
9773,105903,20260904,731,3,15,1,2,1,11.0,4.0,11.0,4.0,7.0
9774,105903,20260904,731,3,19,1,2,1,5.5,2.0,5.5,2.0,3.5
9775,105904,20260520,858,1,5,1,2,2,4.8,2.0,9.6,4.0,5.6
9776,105905,20260829,903,4,17,1,1,1,4.5,1.6,4.5,1.6,2.9
9777,105906,20260425,1714,6,24,1,3,2,8.0,3.0,16.0,6.0,10.0
9778,105907,20260530,919,5,4,1,1,1,4.5,1.9,4.5,1.9,2.6
9779,105907,20260530,919,5,6,1,1,1,5.0,2.1,5.0,2.1,2.9
9780,105908,20260621,1614,1,10,2,1,1,8.0,3.0,8.0,3.0,5.0
9781,105908,20260621,1614,1,2,2,1,1,4.0,1.6,4.0,1.6,2.4
9782,105909,20260630,841,1,11,3,1,1,10.5,3.8,10.5,3.8,6.7
9783,105909,20260630,841,1,7,3,1,2,4.3,1.8,8.6,3.6,5.0
9784,105910,20260320,1549,2,11,1,1,2,10.5,3.8,21.0,7.6,13.4
9785,105910,20260320,1549,2,9,1,1,1,9.0,3.4,9.0,3.4,5.6
9786,105910,20260320,1549,2,22,1,1,1,9.5,3.6,9.5,3.6,5.9
9787,105911,20260514,2051,2,8,1,1,1,8.5,3.2,8.5,3.2,5.3
9788,105912,20260327,1016,2,4,4,2,1,4.5,1.9,4.5,1.9,2.6
9789,105913,20260724,1824,4,11,1,3,1,10.5,3.8,10.5,3.8,6.7
9790,105914,20260520,1516,1,11,2,1,1,10.5,3.8,10.5,3.8,6.7
9791,105914,20260520,1516,1,9,2,1,2,9.0,3.4,18.0,6.8,11.2
9792,105915,20260815,1344,1,16,2,4,1,11.5,4.1,11.5,4.1,7.4
9793,105915,20260815,1344,1,7,2,4,1,4.3,1.8,4.3,1.8,2.5
9794,105916,20260630,1752,2,4,2,1,2,4.5,1.9,9.0,3.8,5.2
9795,105917,20260320,1827,2,16,2,4,1,11.5,4.1,11.5,4.1,7.4
9796,105918,20260611,1651,3,7,1,1,1,4.3,1.8,4.3,1.8,2.5
9797,105918,20260611,1651,3,16,1,1,1,11.5,4.1,11.5,4.1,7.4
9798,105918,20260611,1651,3,3,1,1,1,3.8,1.5,3.8,1.5,2.3
9799,105919,20260410,910,6,18,1,1,1,5.0,1.8,5.0,1.8,3.2
9800,105919,20260410,910,6,7,1,1,1,4.3,1.8,4.3,1.8,2.5
9801,105920,20260426,1648,2,17,1,1,1,4.5,1.6,4.5,1.6,2.9
9802,105920,20260426,1648,2,11,1,1,1,10.5,3.8,10.5,3.8,6.7
9803,105921,20260412,1945,3,11,1,4,2,10.5,3.8,21.0,7.6,13.4
9804,105922,20260823,1858,1,15,2,2,1,11.0,4.0,11.0,4.0,7.0
9805,105923,20260824,1017,6,11,1,2,1,10.5,3.8,10.5,3.8,6.7
9806,105923,20260824,1017,6,11,1,2,1,10.5,3.8,10.5,3.8,6.7
9807,105924,20260801,900,2,6,2,1,1,5.0,2.1,5.0,2.1,2.9
9808,105925,20260320,1744,2,16,1,2,1,11.5,4.1,11.5,4.1,7.4
9809,105926,20260831,1311,1,10,1,1,1,8.0,3.0,8.0,3.0,5.0
9810,105926,20260831,1311,1,21,1,1,1,9.0,3.2,9.0,3.2,5.8
9811,105927,20260322,1717,5,16,1,4,1,11.5,4.1,11.5,4.1,7.4
9812,105927,20260322,1717,5,8,1,4,1,8.5,3.2,8.5,3.2,5.3
9813,105927,20260322,1717,5,3,1,4,1,3.8,1.5,3.8,1.5,2.3
9814,105928,20260329,1630,5,12,1,2,1,12.0,4.2,12.0,4.2,7.8
9815,105928,20260329,1630,5,3,1,2,1,3.8,1.5,3.8,1.5,2.3
9816,105928,20260329,1630,5,16,1,2,1,11.5,4.1,11.5,4.1,7.4
9817,105929,20260811,1450,5,20,1,1,1,6.5,2.4,6.5,2.4,4.1
9818,105930,20260409,1010,3,20,1,1,1,6.5,2.4,6.5,2.4,4.1
9819,105931,20260406,1245,6,13,1,1,1,12.5,4.3,12.5,4.3,8.2
9820,105932,20260825,1817,1,6,1,1,2,5.0,2.1,10.0,4.2,5.8
9821,105933,20260710,1637,5,19,1,1,1,5.5,2.0,5.5,2.0,3.5
9822,105933,20260710,1637,5,23,1,1,1,9.0,3.4,9.0,3.4,5.6
9823,105933,20260710,1637,5,11,1,1,1,10.5,3.8,10.5,3.8,6.7
9824,105934,20260320,1818,2,11,2,4,1,10.5,3.8,10.5,3.8,6.7
9825,105935,20260411,1917,1,3,1,1,1,3.8,1.5,3.8,1.5,2.3
9826,105936,20260813,951,3,6,2,1,1,5.0,2.1,5.0,2.1,2.9
9827,105936,20260813,951,3,2,2,1,1,4.0,1.6,4.0,1.6,2.4
9828,105937,20260726,829,1,19,1,2,1,5.5,2.0,5.5,2.0,3.5
9829,105937,20260726,829,1,5,1,2,1,4.8,2.0,4.8,2.0,2.8
9830,105938,20260629,800,6,3,2,1,1,3.8,1.5,3.8,1.5,2.3
9831,105938,20260629,800,6,5,2,1,1,4.8,2.0,4.8,2.0,2.8
9832,105938,20260629,800,6,21,2,1,1,9.0,3.2,9.0,3.2,5.8
9833,105939,20260809,1416,1,13,2,2,1,12.5,4.3,12.5,4.3,8.2
9834,105940,20260911,1640,1,14,1,1,1,13.5,4.6,13.5,4.6,8.9
9835,105940,20260911,1640,1,12,1,1,1,12.0,4.2,12.0,4.2,7.8
9836,105941,20260416,1045,6,21,1,2,1,9.0,3.2,9.0,3.2,5.8
9837,105941,20260416,1045,6,23,1,2,1,9.0,3.4,9.0,3.4,5.6
9838,105941,20260416,1045,6,9,1,2,1,9.0,3.4,9.0,3.4,5.6
9839,105942,20260501,1704,2,10,1,1,2,8.0,3.0,16.0,6.0,10.0
9840,105942,20260501,1704,2,12,1,1,1,12.0,4.2,12.0,4.2,7.8
9841,105943,20260315,2106,6,3,4,1,1,3.8,1.5,3.8,1.5,2.3
9842,105943,20260315,2106,6,1,4,1,1,3.5,1.4,3.5,1.4,2.1
9843,105944,20260712,1658,6,23,2,3,2,9.0,3.4,18.0,6.8,11.2
9844,105944,20260712,1658,6,25,2,3,2,8.5,3.2,17.0,6.4,10.6
9845,105944,20260712,1658,6,21,2,3,1,9.0,3.2,9.0,3.2,5.8
9846,105945,20260408,1018,1,17,2,2,1,4.5,1.6,4.5,1.6,2.9
9847,105945,20260408,1018,1,1,2,2,1,3.5,1.4,3.5,1.4,2.1
9848,105946,20260814,1514,4,7,1,2,1,4.3,1.8,4.3,1.8,2.5
9849,105946,20260814,1514,4,5,1,2,1,4.8,2.0,4.8,2.0,2.8
9850,105947,20260909,926,3,7,2,2,1,4.3,1.8,4.3,1.8,2.5
9851,105947,20260909,926,3,21,2,2,1,9.0,3.2,9.0,3.2,5.8
9852,105948,20260827,1722,1,11,1,2,1,10.5,3.8,10.5,3.8,6.7
9853,105949,20260821,1030,4,9,1,1,1,9.0,3.4,9.0,3.4,5.6
9854,105949,20260821,1030,4,6,1,1,1,5.0,2.1,5.0,2.1,2.9
9855,105949,20260821,1030,4,21,1,1,1,9.0,3.2,9.0,3.2,5.8
9856,105950,20260415,800,1,4,2,3,1,4.5,1.9,4.5,1.9,2.6
9857,105950,20260415,800,1,21,2,3,1,9.0,3.2,9.0,3.2,5.8
9858,105951,20260321,836,2,1,2,2,2,3.5,1.4,7.0,2.8,4.2
9859,105951,20260321,836,2,4,2,2,1,4.5,1.9,4.5,1.9,2.6
9860,105951,20260321,836,2,19,2,2,2,5.5,2.0,11.0,4.0,7.0
9861,105952,20260810,808,5,4,1,1,1,4.5,1.9,4.5,1.9,2.6
9862,105952,20260810,808,5,19,1,1,2,5.5,2.0,11.0,4.0,7.0
9863,105952,20260810,808,5,18,1,1,2,5.0,1.8,10.0,3.6,6.4
9864,105953,20260427,840,2,4,3,2,1,4.5,1.9,4.5,1.9,2.6
9865,105953,20260427,840,2,4,3,2,1,4.5,1.9,4.5,1.9,2.6
9866,105954,20260402,1557,2,24,1,1,1,8.0,3.0,8.0,3.0,5.0
9867,105955,20260404,859,2,19,2,2,1,5.5,2.0,5.5,2.0,3.5
9868,105955,20260404,859,2,18,2,2,1,5.0,1.8,5.0,1.8,3.2
9869,105956,20260904,1730,6,9,1,4,1,9.0,3.4,9.0,3.4,5.6
9870,105957,20260425,1316,5,10,4,3,1,8.0,3.0,8.0,3.0,5.0
9871,105957,20260425,1316,5,7,4,3,1,4.3,1.8,4.3,1.8,2.5
9872,105957,20260425,1316,5,2,4,3,1,4.0,1.6,4.0,1.6,2.4
9873,105958,20260410,1823,3,25,1,3,1,8.5,3.2,8.5,3.2,5.3
9874,105958,20260410,1823,3,13,1,3,2,12.5,4.3,25.0,8.6,16.4
9875,105958,20260410,1823,3,8,1,3,1,8.5,3.2,8.5,3.2,5.3
9876,105959,20260623,854,5,21,1,1,1,9.0,3.2,9.0,3.2,5.8
9877,105960,20260318,850,2,4,2,1,2,4.5,1.9,9.0,3.8,5.2
9878,105960,20260318,850,2,25,2,1,1,8.5,3.2,8.5,3.2,5.3
9879,105961,20260731,1827,1,19,1,4,1,5.5,2.0,5.5,2.0,3.5
9880,105961,20260731,1827,1,25,1,4,1,8.5,3.2,8.5,3.2,5.3
9881,105961,20260731,1827,1,11,1,4,1,10.5,3.8,10.5,3.8,6.7
9882,105962,20260521,1612,5,20,1,3,1,6.5,2.4,6.5,2.4,4.1
9883,105962,20260521,1612,5,25,1,3,1,8.5,3.2,8.5,3.2,5.3
9884,105963,20260808,1641,5,12,1,3,1,12.0,4.2,12.0,4.2,7.8
9885,105963,20260808,1641,5,15,1,3,1,11.0,4.0,11.0,4.0,7.0
9886,105963,20260808,1641,5,15,1,3,1,11.0,4.0,11.0,4.0,7.0
9887,105964,20260719,1017,2,2,1,4,2,4.0,1.6,8.0,3.2,4.8
9888,105964,20260719,1017,2,1,1,4,1,3.5,1.4,3.5,1.4,2.1
9889,105964,20260719,1017,2,10,1,4,1,8.0,3.0,8.0,3.0,5.0
9890,105965,20260502,1405,3,7,2,1,1,4.3,1.8,4.3,1.8,2.5
9891,105965,20260502,1405,3,11,2,1,1,10.5,3.8,10.5,3.8,6.7
9892,105966,20260719,2126,5,22,1,3,1,9.5,3.6,9.5,3.6,5.9
9893,105966,20260719,2126,5,10,1,3,1,8.0,3.0,8.0,3.0,5.0
9894,105967,20260617,1658,5,12,3,2,1,12.0,4.2,12.0,4.2,7.8
9895,105968,20260515,1723,3,18,1,2,2,5.0,1.8,10.0,3.6,6.4
9896,105969,20260706,1813,4,11,2,3,1,10.5,3.8,10.5,3.8,6.7
9897,105970,20260824,1630,2,17,1,2,1,4.5,1.6,4.5,1.6,2.9
9898,105971,20260801,1803,6,8,1,1,1,8.5,3.2,8.5,3.2,5.3
9899,105971,20260801,1803,6,3,1,1,1,3.8,1.5,3.8,1.5,2.3
9900,105972,20260723,1745,2,16,4,3,1,11.5,4.1,11.5,4.1,7.4
9901,105973,20260815,1648,1,15,2,4,1,11.0,4.0,11.0,4.0,7.0
9902,105974,20260527,1913,2,10,2,1,1,8.0,3.0,8.0,3.0,5.0
9903,105974,20260527,1913,2,11,2,1,2,10.5,3.8,21.0,7.6,13.4
9904,105974,20260527,1913,2,19,2,1,1,5.5,2.0,5.5,2.0,3.5
9905,105975,20260721,839,2,1,1,1,1,3.5,1.4,3.5,1.4,2.1
9906,105976,20260726,740,5,13,3,3,1,12.5,4.3,12.5,4.3,8.2
9907,105976,20260726,740,5,16,3,3,1,11.5,4.1,11.5,4.1,7.4
9908,105976,20260726,740,5,22,3,3,2,9.5,3.6,19.0,7.2,11.8
9909,105977,20260418,1101,6,18,1,2,2,5.0,1.8,10.0,3.6,6.4
9910,105977,20260418,1101,6,20,1,2,1,6.5,2.4,6.5,2.4,4.1
9911,105978,20260614,1859,6,9,3,2,1,9.0,3.4,9.0,3.4,5.6
9912,105978,20260614,1859,6,9,3,2,1,9.0,3.4,9.0,3.4,5.6
9913,105979,20260703,902,4,25,3,3,1,8.5,3.2,8.5,3.2,5.3
9914,105979,20260703,902,4,18,3,3,1,5.0,1.8,5.0,1.8,3.2
9915,105980,20260912,1042,4,1,1,2,2,3.5,1.4,7.0,2.8,4.2
9916,105980,20260912,1042,4,13,1,2,1,12.5,4.3,12.5,4.3,8.2
9917,105980,20260912,1042,4,20,1,2,1,6.5,2.4,6.5,2.4,4.1
9918,105981,20260914,2127,5,6,1,1,1,5.0,2.1,5.0,2.1,2.9
9919,105982,20260711,1726,2,13,1,3,2,12.5,4.3,25.0,8.6,16.4
9920,105983,20260902,951,6,1,1,4,1,3.5,1.4,3.5,1.4,2.1
9921,105984,20260328,1754,4,14,2,4,1,13.5,4.6,13.5,4.6,8.9
9922,105985,20260703,1919,5,8,1,3,1,8.5,3.2,8.5,3.2,5.3
9923,105986,20260426,1720,1,8,2,4,1,8.5,3.2,8.5,3.2,5.3
9924,105987,20260814,1330,1,22,1,4,1,9.5,3.6,9.5,3.6,5.9
9925,105988,20260601,1651,3,24,1,4,2,8.0,3.0,16.0,6.0,10.0
9926,105988,20260601,1651,3,17,1,4,1,4.5,1.6,4.5,1.6,2.9
9927,105989,20260825,1026,2,2,1,4,1,4.0,1.6,4.0,1.6,2.4
9928,105989,20260825,1026,2,5,1,4,1,4.8,2.0,4.8,2.0,2.8
9929,105989,20260825,1026,2,18,1,4,1,5.0,1.8,5.0,1.8,3.2
9930,105990,20260617,1836,4,8,1,3,1,8.5,3.2,8.5,3.2,5.3
9931,105990,20260617,1836,4,15,1,3,1,11.0,4.0,11.0,4.0,7.0
9932,105991,20260501,1811,2,2,1,4,1,4.0,1.6,4.0,1.6,2.4
9933,105992,20260627,953,1,1,1,2,2,3.5,1.4,7.0,2.8,4.2
9934,105992,20260627,953,1,21,1,2,2,9.0,3.2,18.0,6.4,11.6
9935,105993,20260427,707,2,9,4,2,2,9.0,3.4,18.0,6.8,11.2
9936,105993,20260427,707,2,12,4,2,1,12.0,4.2,12.0,4.2,7.8
9937,105994,20260825,757,2,17,1,2,1,4.5,1.6,4.5,1.6,2.9
9938,105994,20260825,757,2,19,1,2,1,5.5,2.0,5.5,2.0,3.5
9939,105994,20260825,757,2,8,1,2,2,8.5,3.2,17.0,6.4,10.6
9940,105995,20260827,1829,2,10,1,2,1,8.0,3.0,8.0,3.0,5.0
9941,105996,20260824,949,1,18,1,4,1,5.0,1.8,5.0,1.8,3.2
9942,105997,20260504,1303,5,2,2,4,1,4.0,1.6,4.0,1.6,2.4
9943,105997,20260504,1303,5,3,2,4,1,3.8,1.5,3.8,1.5,2.3
9944,105998,20260324,924,5,4,1,2,2,4.5,1.9,9.0,3.8,5.2
9945,105998,20260324,924,5,2,1,2,1,4.0,1.6,4.0,1.6,2.4
9946,105999,20260821,1752,5,14,1,4,1,13.5,4.6,13.5,4.6,8.9
9947,106000,20260601,1540,3,15,1,1,1,11.0,4.0,11.0,4.0,7.0
9948,106001,20260422,1750,1,18,4,4,1,5.0,1.8,5.0,1.8,3.2
9949,106002,20260901,854,4,8,4,2,1,8.5,3.2,8.5,3.2,5.3
9950,106003,20260411,1759,1,9,2,1,1,9.0,3.4,9.0,3.4,5.6
9951,106004,20260608,1847,3,9,1,4,1,9.0,3.4,9.0,3.4,5.6
9952,106004,20260608,1847,3,8,1,4,2,8.5,3.2,17.0,6.4,10.6
9953,106005,20260503,1251,1,21,1,1,1,9.0,3.2,9.0,3.2,5.8
9954,106005,20260503,1251,1,20,1,1,2,6.5,2.4,13.0,4.8,8.2
9955,106006,20260326,938,2,1,4,1,1,3.5,1.4,3.5,1.4,2.1
9956,106006,20260326,938,2,14,4,1,1,13.5,4.6,13.5,4.6,8.9
9957,106007,20260526,939,2,21,1,1,2,9.0,3.2,18.0,6.4,11.6
9958,106007,20260526,939,2,20,1,1,2,6.5,2.4,13.0,4.8,8.2
9959,106008,20260624,904,4,12,2,2,1,12.0,4.2,12.0,4.2,7.8
9960,106008,20260624,904,4,19,2,2,1,5.5,2.0,5.5,2.0,3.5
9961,106008,20260624,904,4,1,2,2,1,3.5,1.4,3.5,1.4,2.1
9962,106009,20260531,1715,4,5,1,4,2,4.8,2.0,9.6,4.0,5.6
9963,106009,20260531,1715,4,20,1,4,1,6.5,2.4,6.5,2.4,4.1
9964,106009,20260531,1715,4,24,1,4,1,8.0,3.0,8.0,3.0,5.0
9965,106010,20260624,1009,2,20,1,1,1,6.5,2.4,6.5,2.4,4.1
9966,106010,20260624,1009,2,3,1,1,1,3.8,1.5,3.8,1.5,2.3
9967,106010,20260624,1009,2,18,1,1,1,5.0,1.8,5.0,1.8,3.2
9968,106011,20260618,1711,2,11,2,1,1,10.5,3.8,10.5,3.8,6.7
9969,106012,20260711,1112,1,5,2,2,1,4.8,2.0,4.8,2.0,2.8
9970,106012,20260711,1112,1,24,2,2,1,8.0,3.0,8.0,3.0,5.0
9971,106013,20260327,1108,2,24,1,1,1,8.0,3.0,8.0,3.0,5.0
9972,106014,20260522,937,1,1,1,3,1,3.5,1.4,3.5,1.4,2.1
9973,106014,20260522,937,1,4,1,3,1,4.5,1.9,4.5,1.9,2.6
9974,106014,20260522,937,1,6,1,3,1,5.0,2.1,5.0,2.1,2.9
9975,106015,20260424,1916,4,24,2,4,1,8.0,3.0,8.0,3.0,5.0
9976,106015,20260424,1916,4,16,2,4,1,11.5,4.1,11.5,4.1,7.4
9977,106016,20260617,1506,1,25,2,1,1,8.5,3.2,8.5,3.2,5.3
9978,106017,20260606,1021,2,19,1,1,1,5.5,2.0,5.5,2.0,3.5
9979,106017,20260606,1021,2,10,1,1,1,8.0,3.0,8.0,3.0,5.0
9980,106018,20260817,1743,6,5,1,1,2,4.8,2.0,9.6,4.0,5.6
9981,106019,20260530,914,4,9,1,1,1,9.0,3.4,9.0,3.4,5.6
9982,106019,20260530,914,4,6,1,1,1,5.0,2.1,5.0,2.1,2.9
9983,106019,20260530,914,4,15,1,1,1,11.0,4.0,11.0,4.0,7.0
9984,106020,20260405,939,3,22,1,2,1,9.5,3.6,9.5,3.6,5.9
9985,106020,20260405,939,3,18,1,2,2,5.0,1.8,10.0,3.6,6.4
9986,106020,20260405,939,3,3,1,2,1,3.8,1.5,3.8,1.5,2.3
9987,106021,20260703,930,3,7,2,1,1,4.3,1.8,4.3,1.8,2.5
9988,106021,20260703,930,3,8,2,1,2,8.5,3.2,17.0,6.4,10.6
9989,106022,20260616,839,1,20,1,1,1,6.5,2.4,6.5,2.4,4.1
9990,106022,20260616,839,1,6,1,1,2,5.0,2.1,10.0,4.2,5.8
9991,106023,20260414,1423,4,6,1,4,1,5.0,2.1,5.0,2.1,2.9
9992,106024,20260730,1013,3,20,2,1,1,6.5,2.4,6.5,2.4,4.1
9993,106024,20260730,1013,3,20,2,1,2,6.5,2.4,13.0,4.8,8.2
9994,106024,20260730,1013,3,6,2,1,1,5.0,2.1,5.0,2.1,2.9
9995,106025,20260804,819,5,17,1,1,2,4.5,1.6,9.0,3.2,5.8
9996,106026,20260430,1835,1,1,2,1,1,3.5,1.4,3.5,1.4,2.1
9997,106026,20260430,1835,1,14,2,1,2,13.5,4.6,27.0,9.2,17.8
9998,106027,20260621,1026,2,14,1,3,1,13.5,4.6,13.5,4.6,8.9
9999,106028,20260516,1831,2,12,1,4,1,12.0,4.2,12.0,4.2,7.8
10000,106028,20260516,1831,2,5,1,4,1,4.8,2.0,4.8,2.0,2.8
