SalesLineID,TransactionID,DateKey,TimeKey,StoreKey,ProductKey,PaymentKey,ChannelKey,Quantity,UnitPriceTND,UnitCostTND,LineRevenueTND,LineCostTND,LineProfitTND
1,100001,20260523,1956,3,7,1,2,1,4.3,1.8,4.3,1.8,2.5
2,100002,20260903,701,4,1,2,2,1,3.5,1.4,3.5,1.4,2.1
3,100003,20260706,1147,4,10,3,1,1,8.0,3.0,8.0,3.0,5.0
4,100003,20260706,1147,4,16,3,1,1,11.5,4.1,11.5,4.1,7.4
5,100004,20260601,932,2,5,2,1,1,4.8,2.0,4.8,2.0,2.8
6,100005,20260730,1610,3,4,2,4,1,4.5,1.9,4.5,1.9,2.6
7,100006,20260508,735,1,24,2,2,2,8.0,3.0,16.0,6.0,10.0
8,100006,20260508,735,1,11,2,2,1,10.5,3.8,10.5,3.8,6.7
9,100007,20260524,2049,4,5,1,2,1,4.8,2.0,4.8,2.0,2.8
10,100008,20260710,1026,2,18,1,3,1,5.0,1.8,5.0,1.8,3.2
11,100009,20260823,1705,2,9,1,1,1,9.0,3.4,9.0,3.4,5.6
12,100010,20260812,1853,1,6,1,3,2,5.0,2.1,10.0,4.2,5.8
13,100011,20260908,954,2,15,1,1,1,11.0,4.0,11.0,4.0,7.0
14,100012,20260613,2124,1,17,2,2,1,4.5,1.6,4.5,1.6,2.9
15,100013,20260812,1825,1,8,2,3,2,8.5,3.2,17.0,6.4,10.6
16,100013,20260812,1825,1,13,2,3,2,12.5,4.3,25.0,8.6,16.4
17,100013,20260812,1825,1,17,2,3,1,4.5,1.6,4.5,1.6,2.9
18,100014,20260620,949,1,1,3,3,2,3.5,1.4,7.0,2.8,4.2
19,100014,20260620,949,1,21,3,3,1,9.0,3.2,9.0,3.2,5.8
20,100015,20260316,839,3,19,1,1,1,5.5,2.0,5.5,2.0,3.5
21,100015,20260316,839,3,6,1,1,1,5.0,2.1,5.0,2.1,2.9
22,100016,20260521,1001,1,16,1,4,1,11.5,4.1,11.5,4.1,7.4
23,100016,20260521,1001,1,6,1,4,2,5.0,2.1,10.0,4.2,5.8
24,100016,20260521,1001,1,24,1,4,1,8.0,3.0,8.0,3.0,5.0
25,100017,20260906,1041,2,5,4,2,1,4.8,2.0,4.8,2.0,2.8
26,100018,20260817,1925,1,12,2,1,1,12.0,4.2,12.0,4.2,7.8
27,100019,20260508,1234,1,9,1,2,1,9.0,3.4,9.0,3.4,5.6
28,100020,20260401,1644,1,16,1,2,1,11.5,4.1,11.5,4.1,7.4
29,100021,20260503,2033,2,10,1,3,1,8.0,3.0,8.0,3.0,5.0
30,100022,20260503,1258,1,16,4,1,1,11.5,4.1,11.5,4.1,7.4
31,100022,20260503,1258,1,19,4,1,1,5.5,2.0,5.5,2.0,3.5
32,100023,20260713,1254,3,2,2,1,1,4.0,1.6,4.0,1.6,2.4
33,100024,20260911,916,1,3,2,2,1,3.8,1.5,3.8,1.5,2.3
34,100025,20260523,1705,2,5,2,4,1,4.8,2.0,4.8,2.0,2.8
35,100026,20260525,1713,2,22,4,3,1,9.5,3.6,9.5,3.6,5.9
36,100027,20260423,1140,1,15,1,2,2,11.0,4.0,22.0,8.0,14.0
37,100027,20260423,1140,1,3,1,2,1,3.8,1.5,3.8,1.5,2.3
38,100028,20260810,2137,2,23,2,1,1,9.0,3.4,9.0,3.4,5.6
39,100029,20260731,839,4,18,2,1,1,5.0,1.8,5.0,1.8,3.2
40,100030,20260519,2012,3,5,1,1,2,4.8,2.0,9.6,4.0,5.6
41,100031,20260805,845,4,17,4,4,2,4.5,1.6,9.0,3.2,5.8
42,100032,20260719,1842,4,16,1,4,2,11.5,4.1,23.0,8.2,14.8
43,100033,20260427,1915,3,11,2,2,1,10.5,3.8,10.5,3.8,6.7
44,100034,20260528,1641,3,10,2,3,1,8.0,3.0,8.0,3.0,5.0
45,100034,20260528,1641,3,18,2,3,1,5.0,1.8,5.0,1.8,3.2
46,100035,20260323,1922,4,4,2,1,1,4.5,1.9,4.5,1.9,2.6
47,100036,20260728,1918,4,12,1,1,1,12.0,4.2,12.0,4.2,7.8
48,100037,20260606,804,1,6,2,1,2,5.0,2.1,10.0,4.2,5.8
49,100038,20260330,1900,2,11,1,1,1,10.5,3.8,10.5,3.8,6.7
50,100038,20260330,1900,2,4,1,1,1,4.5,1.9,4.5,1.9,2.6
51,100039,20260621,1802,4,9,2,3,1,9.0,3.4,9.0,3.4,5.6
52,100039,20260621,1802,4,17,2,3,1,4.5,1.6,4.5,1.6,2.9
53,100040,20260614,1345,4,2,2,1,1,4.0,1.6,4.0,1.6,2.4
54,100040,20260614,1345,4,21,2,1,1,9.0,3.2,9.0,3.2,5.8
55,100040,20260614,1345,4,3,2,1,1,3.8,1.5,3.8,1.5,2.3
56,100041,20260828,1103,2,20,1,2,1,6.5,2.4,6.5,2.4,4.1
57,100041,20260828,1103,2,19,1,2,1,5.5,2.0,5.5,2.0,3.5
58,100042,20260517,933,3,9,1,1,1,9.0,3.4,9.0,3.4,5.6
59,100043,20260416,924,1,6,1,1,1,5.0,2.1,5.0,2.1,2.9
60,100044,20260615,1735,1,20,2,4,1,6.5,2.4,6.5,2.4,4.1
61,100045,20260730,921,1,1,1,1,1,3.5,1.4,3.5,1.4,2.1
62,100045,20260730,921,1,20,1,1,1,6.5,2.4,6.5,2.4,4.1
63,100046,20260620,950,1,7,1,1,1,4.3,1.8,4.3,1.8,2.5
64,100047,20260718,1820,2,15,1,1,1,11.0,4.0,11.0,4.0,7.0
65,100047,20260718,1820,2,9,1,1,1,9.0,3.4,9.0,3.4,5.6
66,100048,20260412,952,1,17,1,1,1,4.5,1.6,4.5,1.6,2.9
67,100049,20260914,1910,3,14,1,4,1,13.5,4.6,13.5,4.6,8.9
68,100049,20260914,1910,3,17,1,4,1,4.5,1.6,4.5,1.6,2.9
69,100049,20260914,1910,3,10,1,4,1,8.0,3.0,8.0,3.0,5.0
70,100050,20260902,1029,3,14,1,1,1,13.5,4.6,13.5,4.6,8.9
71,100050,20260902,1029,3,11,1,1,2,10.5,3.8,21.0,7.6,13.4
72,100051,20260407,1754,4,13,1,1,1,12.5,4.3,12.5,4.3,8.2
73,100051,20260407,1754,4,14,1,1,1,13.5,4.6,13.5,4.6,8.9
74,100052,20260608,1019,3,1,1,1,2,3.5,1.4,7.0,2.8,4.2
75,100052,20260608,1019,3,10,1,1,1,8.0,3.0,8.0,3.0,5.0
76,100052,20260608,1019,3,23,1,1,1,9.0,3.4,9.0,3.4,5.6
77,100053,20260730,804,2,18,3,2,1,5.0,1.8,5.0,1.8,3.2
78,100054,20260612,1220,3,20,2,1,2,6.5,2.4,13.0,4.8,8.2
79,100054,20260612,1220,3,12,2,1,1,12.0,4.2,12.0,4.2,7.8
80,100055,20260402,957,3,17,1,2,1,4.5,1.6,4.5,1.6,2.9
81,100055,20260402,957,3,4,1,2,1,4.5,1.9,4.5,1.9,2.6
82,100055,20260402,957,3,20,1,2,1,6.5,2.4,6.5,2.4,4.1
83,100056,20260418,1842,2,10,1,1,1,8.0,3.0,8.0,3.0,5.0
84,100056,20260418,1842,2,11,1,1,1,10.5,3.8,10.5,3.8,6.7
85,100057,20260321,1917,1,16,1,3,2,11.5,4.1,23.0,8.2,14.8
86,100058,20260411,1227,1,1,1,4,1,3.5,1.4,3.5,1.4,2.1
87,100058,20260411,1227,1,6,1,4,1,5.0,2.1,5.0,2.1,2.9
88,100059,20260620,1557,2,1,2,1,1,3.5,1.4,3.5,1.4,2.1
89,100060,20260809,2107,4,6,1,3,1,5.0,2.1,5.0,2.1,2.9
90,100060,20260809,2107,4,7,1,3,2,4.3,1.8,8.6,3.6,5.0
91,100061,20260814,1205,3,2,1,1,1,4.0,1.6,4.0,1.6,2.4
92,100061,20260814,1205,3,13,1,1,1,12.5,4.3,12.5,4.3,8.2
93,100061,20260814,1205,3,10,1,1,1,8.0,3.0,8.0,3.0,5.0
94,100062,20260910,1816,1,15,4,3,1,11.0,4.0,11.0,4.0,7.0
95,100063,20260424,1714,2,14,3,1,1,13.5,4.6,13.5,4.6,8.9
96,100063,20260424,1714,2,16,3,1,2,11.5,4.1,23.0,8.2,14.8
97,100064,20260703,1654,3,15,3,1,1,11.0,4.0,11.0,4.0,7.0
98,100065,20260327,1842,2,22,2,4,2,9.5,3.6,19.0,7.2,11.8
99,100065,20260327,1842,2,15,2,4,1,11.0,4.0,11.0,4.0,7.0
100,100066,20260703,1046,3,12,1,1,1,12.0,4.2,12.0,4.2,7.8
101,100066,20260703,1046,3,7,1,1,2,4.3,1.8,8.6,3.6,5.0
102,100067,20260807,1735,2,10,4,1,1,8.0,3.0,8.0,3.0,5.0
103,100067,20260807,1735,2,24,4,1,1,8.0,3.0,8.0,3.0,5.0
104,100068,20260701,2159,2,21,1,1,2,9.0,3.2,18.0,6.4,11.6
105,100069,20260610,1854,4,13,2,1,1,12.5,4.3,12.5,4.3,8.2
106,100070,20260726,820,2,11,2,1,1,10.5,3.8,10.5,3.8,6.7
107,100071,20260524,1926,1,5,1,1,1,4.8,2.0,4.8,2.0,2.8
108,100072,20260516,1527,3,20,1,1,1,6.5,2.4,6.5,2.4,4.1
109,100073,20260829,810,1,20,1,1,2,6.5,2.4,13.0,4.8,8.2
110,100073,20260829,810,1,25,1,1,2,8.5,3.2,17.0,6.4,10.6
111,100073,20260829,810,1,18,1,1,1,5.0,1.8,5.0,1.8,3.2
112,100074,20260814,848,1,19,1,1,1,5.5,2.0,5.5,2.0,3.5
113,100074,20260814,848,1,7,1,1,1,4.3,1.8,4.3,1.8,2.5
114,100074,20260814,848,1,5,1,1,1,4.8,2.0,4.8,2.0,2.8
115,100075,20260321,1909,4,13,1,2,2,12.5,4.3,25.0,8.6,16.4
116,100076,20260728,1009,1,10,2,1,1,8.0,3.0,8.0,3.0,5.0
117,100077,20260611,1650,4,12,2,1,1,12.0,4.2,12.0,4.2,7.8
118,100077,20260611,1650,4,20,2,1,1,6.5,2.4,6.5,2.4,4.1
119,100078,20260731,907,4,1,1,3,1,3.5,1.4,3.5,1.4,2.1
120,100078,20260731,907,4,7,1,3,1,4.3,1.8,4.3,1.8,2.5
121,100079,20260523,722,4,13,1,1,1,12.5,4.3,12.5,4.3,8.2
122,100080,20260803,1948,1,4,2,2,1,4.5,1.9,4.5,1.9,2.6
123,100081,20260712,1651,2,17,2,1,1,4.5,1.6,4.5,1.6,2.9
124,100082,20260609,1940,1,5,1,3,2,4.8,2.0,9.6,4.0,5.6
125,100082,20260609,1940,1,23,1,3,2,9.0,3.4,18.0,6.8,11.2
126,100083,20260819,2031,3,20,1,1,2,6.5,2.4,13.0,4.8,8.2
127,100084,20260724,1637,2,5,1,3,1,4.8,2.0,4.8,2.0,2.8
128,100085,20260508,1917,4,12,1,1,1,12.0,4.2,12.0,4.2,7.8
129,100086,20260503,1824,2,14,1,2,1,13.5,4.6,13.5,4.6,8.9
130,100087,20260611,840,1,10,1,4,1,8.0,3.0,8.0,3.0,5.0
131,100088,20260518,804,1,17,1,1,1,4.5,1.6,4.5,1.6,2.9
132,100088,20260518,804,1,4,1,1,2,4.5,1.9,9.0,3.8,5.2
133,100089,20260324,1614,3,1,2,3,1,3.5,1.4,3.5,1.4,2.1
134,100089,20260324,1614,3,8,2,3,1,8.5,3.2,8.5,3.2,5.3
135,100090,20260413,1858,1,17,1,4,1,4.5,1.6,4.5,1.6,2.9
136,100091,20260425,2151,4,3,1,2,1,3.8,1.5,3.8,1.5,2.3
137,100091,20260425,2151,4,21,1,2,1,9.0,3.2,9.0,3.2,5.8
138,100092,20260623,1505,3,8,1,1,1,8.5,3.2,8.5,3.2,5.3
139,100092,20260623,1505,3,14,1,1,1,13.5,4.6,13.5,4.6,8.9
140,100093,20260522,1502,2,13,1,1,1,12.5,4.3,12.5,4.3,8.2
141,100094,20260909,958,3,23,2,1,2,9.0,3.4,18.0,6.8,11.2
142,100095,20260604,1042,2,9,1,2,1,9.0,3.4,9.0,3.4,5.6
143,100096,20260621,1817,3,16,3,2,1,11.5,4.1,11.5,4.1,7.4
144,100096,20260621,1817,3,9,3,2,1,9.0,3.4,9.0,3.4,5.6
145,100097,20260719,1205,2,22,1,2,1,9.5,3.6,9.5,3.6,5.9
146,100098,20260613,1724,1,11,1,1,1,10.5,3.8,10.5,3.8,6.7
147,100098,20260613,1724,1,25,1,1,1,8.5,3.2,8.5,3.2,5.3
148,100099,20260904,1732,2,2,3,3,2,4.0,1.6,8.0,3.2,4.8
149,100099,20260904,1732,2,20,3,3,1,6.5,2.4,6.5,2.4,4.1
150,100100,20260914,812,4,8,3,1,1,8.5,3.2,8.5,3.2,5.3
151,100100,20260914,812,4,21,3,1,1,9.0,3.2,9.0,3.2,5.8
152,100101,20260812,848,2,2,1,1,1,4.0,1.6,4.0,1.6,2.4
153,100102,20260522,942,1,1,2,2,2,3.5,1.4,7.0,2.8,4.2
154,100102,20260522,942,1,19,2,2,1,5.5,2.0,5.5,2.0,3.5
155,100103,20260429,1345,2,13,2,1,2,12.5,4.3,25.0,8.6,16.4
156,100103,20260429,1345,2,6,2,1,1,5.0,2.1,5.0,2.1,2.9
157,100104,20260619,1726,4,10,2,3,1,8.0,3.0,8.0,3.0,5.0
158,100105,20260820,1825,1,24,2,1,1,8.0,3.0,8.0,3.0,5.0
159,100106,20260522,1537,1,11,2,1,1,10.5,3.8,10.5,3.8,6.7
160,100106,20260522,1537,1,8,2,1,1,8.5,3.2,8.5,3.2,5.3
161,100107,20260802,903,2,6,1,1,1,5.0,2.1,5.0,2.1,2.9
162,100107,20260802,903,2,10,1,1,1,8.0,3.0,8.0,3.0,5.0
163,100107,20260802,903,2,14,1,1,1,13.5,4.6,13.5,4.6,8.9
164,100108,20260516,1834,3,9,3,1,1,9.0,3.4,9.0,3.4,5.6
165,100108,20260516,1834,3,16,3,1,1,11.5,4.1,11.5,4.1,7.4
166,100109,20260823,1717,2,24,1,1,2,8.0,3.0,16.0,6.0,10.0
167,100109,20260823,1717,2,12,1,1,1,12.0,4.2,12.0,4.2,7.8
168,100110,20260731,913,2,1,2,1,1,3.5,1.4,3.5,1.4,2.1
169,100111,20260728,1811,1,20,1,3,1,6.5,2.4,6.5,2.4,4.1
170,100112,20260321,1020,1,8,1,1,2,8.5,3.2,17.0,6.4,10.6
171,100112,20260321,1020,1,1,1,1,2,3.5,1.4,7.0,2.8,4.2
172,100112,20260321,1020,1,1,1,1,1,3.5,1.4,3.5,1.4,2.1
173,100113,20260410,934,4,3,1,1,1,3.8,1.5,3.8,1.5,2.3
174,100114,20260611,1026,3,7,3,1,1,4.3,1.8,4.3,1.8,2.5
175,100114,20260611,1026,3,2,3,1,1,4.0,1.6,4.0,1.6,2.4
176,100115,20260604,841,3,6,2,1,1,5.0,2.1,5.0,2.1,2.9
177,100115,20260604,841,3,25,2,1,1,8.5,3.2,8.5,3.2,5.3
178,100116,20260602,914,1,21,1,2,1,9.0,3.2,9.0,3.2,5.8
179,100117,20260706,1022,3,18,1,1,1,5.0,1.8,5.0,1.8,3.2
180,100118,20260814,1755,3,1,1,1,1,3.5,1.4,3.5,1.4,2.1
181,100119,20260423,730,1,9,2,4,1,9.0,3.4,9.0,3.4,5.6
182,100119,20260423,730,1,5,2,4,1,4.8,2.0,4.8,2.0,2.8
183,100119,20260423,730,1,19,2,4,1,5.5,2.0,5.5,2.0,3.5
184,100120,20260403,1721,4,24,1,4,1,8.0,3.0,8.0,3.0,5.0
185,100121,20260714,1909,3,3,1,3,1,3.8,1.5,3.8,1.5,2.3
186,100121,20260714,1909,3,14,1,3,1,13.5,4.6,13.5,4.6,8.9
187,100122,20260508,1105,4,1,1,2,1,3.5,1.4,3.5,1.4,2.1
188,100123,20260827,1817,1,12,2,4,2,12.0,4.2,24.0,8.4,15.6
189,100124,20260513,851,2,12,1,1,1,12.0,4.2,12.0,4.2,7.8
190,100124,20260513,851,2,12,1,1,1,12.0,4.2,12.0,4.2,7.8
191,100124,20260513,851,2,24,1,1,2,8.0,3.0,16.0,6.0,10.0
192,100125,20260501,1621,3,15,4,1,1,11.0,4.0,11.0,4.0,7.0
193,100125,20260501,1621,3,6,4,1,1,5.0,2.1,5.0,2.1,2.9
194,100126,20260411,1056,2,6,2,2,1,5.0,2.1,5.0,2.1,2.9
195,100126,20260411,1056,2,7,2,2,1,4.3,1.8,4.3,1.8,2.5
196,100127,20260419,1902,3,13,2,1,1,12.5,4.3,12.5,4.3,8.2
197,100127,20260419,1902,3,4,2,1,1,4.5,1.9,4.5,1.9,2.6
198,100128,20260801,1845,2,14,1,3,1,13.5,4.6,13.5,4.6,8.9
199,100129,20260315,1703,2,8,1,4,1,8.5,3.2,8.5,3.2,5.3
200,100129,20260315,1703,2,18,1,4,1,5.0,1.8,5.0,1.8,3.2
201,100130,20260411,1737,3,12,1,4,1,12.0,4.2,12.0,4.2,7.8
202,100130,20260411,1737,3,21,1,4,1,9.0,3.2,9.0,3.2,5.8
203,100131,20260710,1420,1,21,4,2,1,9.0,3.2,9.0,3.2,5.8
204,100131,20260710,1420,1,23,4,2,1,9.0,3.4,9.0,3.4,5.6
205,100132,20260815,1005,2,7,4,1,1,4.3,1.8,4.3,1.8,2.5
206,100133,20260607,1353,1,9,2,1,2,9.0,3.4,18.0,6.8,11.2
207,100134,20260610,733,1,3,1,1,1,3.8,1.5,3.8,1.5,2.3
208,100135,20260612,804,1,1,1,3,1,3.5,1.4,3.5,1.4,2.1
209,100135,20260612,804,1,17,1,3,1,4.5,1.6,4.5,1.6,2.9
210,100136,20260708,1416,4,2,2,1,1,4.0,1.6,4.0,1.6,2.4
211,100137,20260411,941,1,5,2,3,1,4.8,2.0,4.8,2.0,2.8
212,100137,20260411,941,1,11,2,3,2,10.5,3.8,21.0,7.6,13.4
213,100138,20260818,1725,2,1,2,2,1,3.5,1.4,3.5,1.4,2.1
214,100138,20260818,1725,2,10,2,2,1,8.0,3.0,8.0,3.0,5.0
215,100139,20260823,1902,4,19,1,1,2,5.5,2.0,11.0,4.0,7.0
216,100139,20260823,1902,4,14,1,1,1,13.5,4.6,13.5,4.6,8.9
217,100139,20260823,1902,4,22,1,1,1,9.5,3.6,9.5,3.6,5.9
218,100140,20260807,1643,3,15,1,4,1,11.0,4.0,11.0,4.0,7.0
219,100140,20260807,1643,3,23,1,4,1,9.0,3.4,9.0,3.4,5.6
220,100140,20260807,1643,3,18,1,4,1,5.0,1.8,5.0,1.8,3.2
221,100141,20260706,830,4,3,1,3,1,3.8,1.5,3.8,1.5,2.3
222,100141,20260706,830,4,18,1,3,1,5.0,1.8,5.0,1.8,3.2
223,100141,20260706,830,4,15,1,3,2,11.0,4.0,22.0,8.0,14.0
224,100142,20260812,1613,3,8,1,1,1,8.5,3.2,8.5,3.2,5.3
225,100142,20260812,1613,3,4,1,1,2,4.5,1.9,9.0,3.8,5.2
226,100143,20260729,924,3,20,2,1,1,6.5,2.4,6.5,2.4,4.1
227,100143,20260729,924,3,7,2,1,1,4.3,1.8,4.3,1.8,2.5
228,100144,20260329,1054,4,17,1,1,2,4.5,1.6,9.0,3.2,5.8
229,100145,20260802,1820,3,10,3,1,1,8.0,3.0,8.0,3.0,5.0
230,100145,20260802,1820,3,18,3,1,1,5.0,1.8,5.0,1.8,3.2
231,100146,20260320,2035,1,9,4,2,1,9.0,3.4,9.0,3.4,5.6
232,100146,20260320,2035,1,19,4,2,1,5.5,2.0,5.5,2.0,3.5
233,100147,20260627,1011,4,10,1,1,2,8.0,3.0,16.0,6.0,10.0
234,100147,20260627,1011,4,16,1,1,1,11.5,4.1,11.5,4.1,7.4
235,100148,20260714,955,1,7,2,1,1,4.3,1.8,4.3,1.8,2.5
236,100148,20260714,955,1,5,2,1,1,4.8,2.0,4.8,2.0,2.8
237,100149,20260826,1303,3,1,2,2,1,3.5,1.4,3.5,1.4,2.1
238,100149,20260826,1303,3,11,2,2,1,10.5,3.8,10.5,3.8,6.7
239,100150,20260501,1121,2,23,1,1,1,9.0,3.4,9.0,3.4,5.6
240,100151,20260609,1309,2,7,1,2,1,4.3,1.8,4.3,1.8,2.5
241,100151,20260609,1309,2,9,1,2,1,9.0,3.4,9.0,3.4,5.6
242,100151,20260609,1309,2,6,1,2,2,5.0,2.1,10.0,4.2,5.8
243,100152,20260408,1006,2,18,1,1,1,5.0,1.8,5.0,1.8,3.2
244,100152,20260408,1006,2,23,1,1,1,9.0,3.4,9.0,3.4,5.6
245,100152,20260408,1006,2,21,1,1,1,9.0,3.2,9.0,3.2,5.8
246,100153,20260524,1320,2,4,1,1,1,4.5,1.9,4.5,1.9,2.6
247,100153,20260524,1320,2,11,1,1,1,10.5,3.8,10.5,3.8,6.7
248,100154,20260822,1750,1,2,1,4,1,4.0,1.6,4.0,1.6,2.4
249,100154,20260822,1750,1,11,1,4,1,10.5,3.8,10.5,3.8,6.7
250,100155,20260720,1246,3,16,1,1,1,11.5,4.1,11.5,4.1,7.4
251,100155,20260720,1246,3,6,1,1,1,5.0,2.1,5.0,2.1,2.9
252,100156,20260414,1247,1,6,1,3,1,5.0,2.1,5.0,2.1,2.9
253,100157,20260529,1024,3,25,1,2,1,8.5,3.2,8.5,3.2,5.3
254,100158,20260910,943,4,1,1,1,1,3.5,1.4,3.5,1.4,2.1
255,100159,20260607,1013,4,21,4,1,1,9.0,3.2,9.0,3.2,5.8
256,100160,20260704,904,1,4,2,4,1,4.5,1.9,4.5,1.9,2.6
257,100160,20260704,904,1,4,2,4,1,4.5,1.9,4.5,1.9,2.6
258,100160,20260704,904,1,5,2,4,1,4.8,2.0,4.8,2.0,2.8
259,100161,20260914,903,4,5,2,1,1,4.8,2.0,4.8,2.0,2.8
260,100161,20260914,903,4,6,2,1,2,5.0,2.1,10.0,4.2,5.8
261,100162,20260829,1750,2,5,1,4,2,4.8,2.0,9.6,4.0,5.6
262,100162,20260829,1750,2,24,1,4,1,8.0,3.0,8.0,3.0,5.0
263,100163,20260613,1527,2,11,2,1,1,10.5,3.8,10.5,3.8,6.7
264,100163,20260613,1527,2,9,2,1,1,9.0,3.4,9.0,3.4,5.6
265,100163,20260613,1527,2,20,2,1,1,6.5,2.4,6.5,2.4,4.1
266,100164,20260617,1706,4,10,1,1,1,8.0,3.0,8.0,3.0,5.0
267,100164,20260617,1706,4,12,1,1,1,12.0,4.2,12.0,4.2,7.8
268,100165,20260315,810,2,18,1,2,2,5.0,1.8,10.0,3.6,6.4
269,100166,20260721,840,2,4,1,2,1,4.5,1.9,4.5,1.9,2.6
270,100166,20260721,840,2,5,1,2,1,4.8,2.0,4.8,2.0,2.8
271,100167,20260428,1347,1,17,2,2,1,4.5,1.6,4.5,1.6,2.9
272,100168,20260502,755,3,6,1,3,1,5.0,2.1,5.0,2.1,2.9
273,100169,20260725,1856,2,8,2,4,1,8.5,3.2,8.5,3.2,5.3
274,100169,20260725,1856,2,1,2,4,2,3.5,1.4,7.0,2.8,4.2
275,100170,20260813,1749,1,17,1,2,2,4.5,1.6,9.0,3.2,5.8
276,100171,20260630,1333,2,18,1,4,2,5.0,1.8,10.0,3.6,6.4
277,100171,20260630,1333,2,11,1,4,2,10.5,3.8,21.0,7.6,13.4
278,100171,20260630,1333,2,13,1,4,1,12.5,4.3,12.5,4.3,8.2
279,100172,20260315,912,3,25,4,2,1,8.5,3.2,8.5,3.2,5.3
280,100172,20260315,912,3,6,4,2,1,5.0,2.1,5.0,2.1,2.9
281,100173,20260524,1855,2,4,2,1,1,4.5,1.9,4.5,1.9,2.6
282,100173,20260524,1855,2,9,2,1,1,9.0,3.4,9.0,3.4,5.6
283,100174,20260508,856,3,3,1,2,1,3.8,1.5,3.8,1.5,2.3
284,100174,20260508,856,3,21,1,2,1,9.0,3.2,9.0,3.2,5.8
285,100175,20260402,1734,1,23,2,4,1,9.0,3.4,9.0,3.4,5.6
286,100175,20260402,1734,1,14,2,4,1,13.5,4.6,13.5,4.6,8.9
287,100176,20260802,1318,1,15,1,1,1,11.0,4.0,11.0,4.0,7.0
288,100176,20260802,1318,1,2,1,1,2,4.0,1.6,8.0,3.2,4.8
289,100176,20260802,1318,1,13,1,1,2,12.5,4.3,25.0,8.6,16.4
290,100177,20260723,1928,3,13,1,2,1,12.5,4.3,12.5,4.3,8.2
291,100177,20260723,1928,3,21,1,2,1,9.0,3.2,9.0,3.2,5.8
292,100178,20260827,1847,2,23,4,1,1,9.0,3.4,9.0,3.4,5.6
293,100178,20260827,1847,2,22,4,1,1,9.5,3.6,9.5,3.6,5.9
294,100179,20260326,1735,3,7,1,4,1,4.3,1.8,4.3,1.8,2.5
295,100180,20260718,826,1,2,1,3,1,4.0,1.6,4.0,1.6,2.4
296,100180,20260718,826,1,1,1,3,1,3.5,1.4,3.5,1.4,2.1
297,100181,20260404,1710,2,15,4,2,1,11.0,4.0,11.0,4.0,7.0
298,100181,20260404,1710,2,15,4,2,1,11.0,4.0,11.0,4.0,7.0
299,100182,20260413,1346,3,4,2,1,1,4.5,1.9,4.5,1.9,2.6
300,100182,20260413,1346,3,7,2,1,1,4.3,1.8,4.3,1.8,2.5
301,100183,20260617,1829,1,7,1,1,1,4.3,1.8,4.3,1.8,2.5
302,100183,20260617,1829,1,13,1,1,2,12.5,4.3,25.0,8.6,16.4
303,100183,20260617,1829,1,15,1,1,1,11.0,4.0,11.0,4.0,7.0
304,100184,20260817,1912,4,16,1,4,2,11.5,4.1,23.0,8.2,14.8
305,100184,20260817,1912,4,14,1,4,1,13.5,4.6,13.5,4.6,8.9
306,100185,20260602,1913,4,21,2,2,1,9.0,3.2,9.0,3.2,5.8
307,100185,20260602,1913,4,16,2,2,2,11.5,4.1,23.0,8.2,14.8
308,100186,20260607,835,4,5,2,1,1,4.8,2.0,4.8,2.0,2.8
309,100186,20260607,835,4,4,2,1,1,4.5,1.9,4.5,1.9,2.6
310,100187,20260326,1121,3,16,1,1,1,11.5,4.1,11.5,4.1,7.4
311,100188,20260729,1847,2,20,1,1,1,6.5,2.4,6.5,2.4,4.1
312,100188,20260729,1847,2,24,1,1,1,8.0,3.0,8.0,3.0,5.0
313,100189,20260411,1144,2,14,1,2,1,13.5,4.6,13.5,4.6,8.9
314,100190,20260626,1816,3,5,4,1,1,4.8,2.0,4.8,2.0,2.8
315,100191,20260820,1006,4,23,1,1,1,9.0,3.4,9.0,3.4,5.6
316,100192,20260716,1253,2,14,1,1,1,13.5,4.6,13.5,4.6,8.9
317,100192,20260716,1253,2,13,1,1,1,12.5,4.3,12.5,4.3,8.2
318,100193,20260909,814,2,18,3,2,2,5.0,1.8,10.0,3.6,6.4
319,100194,20260412,1024,1,5,2,3,1,4.8,2.0,4.8,2.0,2.8
320,100194,20260412,1024,1,3,2,3,1,3.8,1.5,3.8,1.5,2.3
321,100195,20260519,1703,2,21,1,3,1,9.0,3.2,9.0,3.2,5.8
322,100196,20260328,931,2,6,2,4,1,5.0,2.1,5.0,2.1,2.9
323,100196,20260328,931,2,3,2,4,2,3.8,1.5,7.6,3.0,4.6
324,100197,20260404,1213,3,13,1,2,1,12.5,4.3,12.5,4.3,8.2
325,100198,20260719,900,3,2,3,1,1,4.0,1.6,4.0,1.6,2.4
326,100199,20260711,1741,2,13,1,3,1,12.5,4.3,12.5,4.3,8.2
327,100199,20260711,1741,2,2,1,3,1,4.0,1.6,4.0,1.6,2.4
328,100200,20260708,1135,1,13,1,2,1,12.5,4.3,12.5,4.3,8.2
329,100200,20260708,1135,1,7,1,2,1,4.3,1.8,4.3,1.8,2.5
330,100200,20260708,1135,1,20,1,2,2,6.5,2.4,13.0,4.8,8.2
331,100201,20260812,1502,2,13,1,4,2,12.5,4.3,25.0,8.6,16.4
332,100201,20260812,1502,2,6,1,4,1,5.0,2.1,5.0,2.1,2.9
333,100202,20260601,936,3,18,1,2,1,5.0,1.8,5.0,1.8,3.2
334,100203,20260420,1701,3,11,1,3,1,10.5,3.8,10.5,3.8,6.7
335,100204,20260826,1724,4,13,2,2,1,12.5,4.3,12.5,4.3,8.2
336,100205,20260614,1818,3,13,2,1,1,12.5,4.3,12.5,4.3,8.2
337,100206,20260901,844,2,17,4,2,1,4.5,1.6,4.5,1.6,2.9
338,100206,20260901,844,2,5,4,2,1,4.8,2.0,4.8,2.0,2.8
339,100207,20260329,1859,4,14,2,1,1,13.5,4.6,13.5,4.6,8.9
340,100207,20260329,1859,4,19,2,1,2,5.5,2.0,11.0,4.0,7.0
341,100208,20260517,1327,2,16,1,1,1,11.5,4.1,11.5,4.1,7.4
342,100209,20260807,1017,2,17,1,1,1,4.5,1.6,4.5,1.6,2.9
343,100209,20260807,1017,2,6,1,1,1,5.0,2.1,5.0,2.1,2.9
344,100210,20260503,1048,3,21,4,2,1,9.0,3.2,9.0,3.2,5.8
345,100211,20260731,930,2,23,2,1,1,9.0,3.4,9.0,3.4,5.6
346,100212,20260516,900,3,3,1,1,2,3.8,1.5,7.6,3.0,4.6
347,100212,20260516,900,3,18,1,1,1,5.0,1.8,5.0,1.8,3.2
348,100212,20260516,900,3,19,1,1,1,5.5,2.0,5.5,2.0,3.5
349,100213,20260608,1859,1,11,1,1,1,10.5,3.8,10.5,3.8,6.7
350,100213,20260608,1859,1,17,1,1,1,4.5,1.6,4.5,1.6,2.9
351,100214,20260611,919,3,2,1,3,1,4.0,1.6,4.0,1.6,2.4
352,100214,20260611,919,3,1,1,3,1,3.5,1.4,3.5,1.4,2.1
353,100214,20260611,919,3,17,1,3,1,4.5,1.6,4.5,1.6,2.9
354,100215,20260424,1722,2,10,2,1,1,8.0,3.0,8.0,3.0,5.0
355,100215,20260424,1722,2,9,2,1,1,9.0,3.4,9.0,3.4,5.6
356,100216,20260517,1157,1,19,2,1,1,5.5,2.0,5.5,2.0,3.5
357,100217,20260510,1228,3,12,2,1,1,12.0,4.2,12.0,4.2,7.8
358,100218,20260630,855,2,11,4,1,1,10.5,3.8,10.5,3.8,6.7
359,100219,20260814,1328,1,18,2,2,1,5.0,1.8,5.0,1.8,3.2
360,100220,20260331,1739,2,1,1,2,1,3.5,1.4,3.5,1.4,2.1
361,100221,20260602,929,2,6,1,2,1,5.0,2.1,5.0,2.1,2.9
362,100221,20260602,929,2,17,1,2,1,4.5,1.6,4.5,1.6,2.9
363,100222,20260316,1332,3,20,1,1,1,6.5,2.4,6.5,2.4,4.1
364,100222,20260316,1332,3,7,1,1,1,4.3,1.8,4.3,1.8,2.5
365,100222,20260316,1332,3,7,1,1,1,4.3,1.8,4.3,1.8,2.5
366,100223,20260913,1805,2,14,1,3,1,13.5,4.6,13.5,4.6,8.9
367,100224,20260604,1415,4,24,4,1,1,8.0,3.0,8.0,3.0,5.0
368,100224,20260604,1415,4,9,4,1,1,9.0,3.4,9.0,3.4,5.6
369,100225,20260712,1006,1,21,2,2,2,9.0,3.2,18.0,6.4,11.6
370,100226,20260326,1733,1,15,1,1,1,11.0,4.0,11.0,4.0,7.0
371,100227,20260711,827,3,5,2,1,1,4.8,2.0,4.8,2.0,2.8
372,100227,20260711,827,3,13,2,1,1,12.5,4.3,12.5,4.3,8.2
373,100228,20260720,1655,3,16,2,4,1,11.5,4.1,11.5,4.1,7.4
374,100229,20260624,1820,2,23,1,1,1,9.0,3.4,9.0,3.4,5.6
375,100230,20260912,911,1,14,1,1,1,13.5,4.6,13.5,4.6,8.9
376,100231,20260423,1829,1,6,3,1,1,5.0,2.1,5.0,2.1,2.9
377,100232,20260805,1021,2,4,1,1,1,4.5,1.9,4.5,1.9,2.6
378,100232,20260805,1021,2,7,1,1,1,4.3,1.8,4.3,1.8,2.5
379,100232,20260805,1021,2,3,1,1,1,3.8,1.5,3.8,1.5,2.3
380,100233,20260419,1403,3,13,1,1,1,12.5,4.3,12.5,4.3,8.2
381,100233,20260419,1403,3,24,1,1,1,8.0,3.0,8.0,3.0,5.0
382,100234,20260617,1857,2,9,4,4,1,9.0,3.4,9.0,3.4,5.6
383,100234,20260617,1857,2,24,4,4,2,8.0,3.0,16.0,6.0,10.0
384,100235,20260628,900,2,14,1,2,2,13.5,4.6,27.0,9.2,17.8
385,100236,20260430,1000,1,18,2,3,1,5.0,1.8,5.0,1.8,3.2
386,100236,20260430,1000,1,1,2,3,1,3.5,1.4,3.5,1.4,2.1
387,100237,20260427,1915,2,10,2,2,1,8.0,3.0,8.0,3.0,5.0
388,100238,20260610,1728,3,13,2,1,1,12.5,4.3,12.5,4.3,8.2
389,100239,20260816,909,1,20,1,1,1,6.5,2.4,6.5,2.4,4.1
390,100240,20260705,928,1,11,2,2,1,10.5,3.8,10.5,3.8,6.7
391,100241,20260619,1814,1,12,1,1,1,12.0,4.2,12.0,4.2,7.8
392,100241,20260619,1814,1,17,1,1,2,4.5,1.6,9.0,3.2,5.8
393,100241,20260619,1814,1,12,1,1,1,12.0,4.2,12.0,4.2,7.8
394,100242,20260516,827,2,17,1,1,1,4.5,1.6,4.5,1.6,2.9
395,100242,20260516,827,2,7,1,1,1,4.3,1.8,4.3,1.8,2.5
396,100243,20260315,818,4,6,1,2,1,5.0,2.1,5.0,2.1,2.9
397,100244,20260821,953,3,3,1,3,1,3.8,1.5,3.8,1.5,2.3
398,100244,20260821,953,3,6,1,3,1,5.0,2.1,5.0,2.1,2.9
399,100245,20260718,1954,1,12,2,2,1,12.0,4.2,12.0,4.2,7.8
400,100245,20260718,1954,1,16,2,2,1,11.5,4.1,11.5,4.1,7.4
401,100246,20260809,840,3,4,1,1,2,4.5,1.9,9.0,3.8,5.2
402,100246,20260809,840,3,1,1,1,2,3.5,1.4,7.0,2.8,4.2
403,100246,20260809,840,3,20,1,1,2,6.5,2.4,13.0,4.8,8.2
404,100247,20260602,1103,1,4,2,1,1,4.5,1.9,4.5,1.9,2.6
405,100248,20260813,1835,2,14,1,2,1,13.5,4.6,13.5,4.6,8.9
406,100248,20260813,1835,2,2,1,2,1,4.0,1.6,4.0,1.6,2.4
407,100249,20260421,742,3,22,1,1,1,9.5,3.6,9.5,3.6,5.9
408,100249,20260421,742,3,9,1,1,1,9.0,3.4,9.0,3.4,5.6
409,100250,20260903,1722,1,18,2,2,1,5.0,1.8,5.0,1.8,3.2
410,100251,20260403,1112,2,12,2,2,1,12.0,4.2,12.0,4.2,7.8
411,100252,20260723,836,2,17,1,4,1,4.5,1.6,4.5,1.6,2.9
412,100253,20260506,834,2,1,2,1,1,3.5,1.4,3.5,1.4,2.1
413,100254,20260602,1142,4,8,2,1,1,8.5,3.2,8.5,3.2,5.3
414,100255,20260911,2034,2,21,1,2,1,9.0,3.2,9.0,3.2,5.8
415,100255,20260911,2034,2,13,1,2,2,12.5,4.3,25.0,8.6,16.4
416,100256,20260417,1704,1,3,1,1,1,3.8,1.5,3.8,1.5,2.3
417,100257,20260516,1828,1,14,1,1,1,13.5,4.6,13.5,4.6,8.9
418,100258,20260321,1923,1,16,1,2,2,11.5,4.1,23.0,8.2,14.8
419,100258,20260321,1923,1,10,1,2,1,8.0,3.0,8.0,3.0,5.0
420,100258,20260321,1923,1,10,1,2,1,8.0,3.0,8.0,3.0,5.0
421,100259,20260507,1009,2,17,3,2,1,4.5,1.6,4.5,1.6,2.9
422,100259,20260507,1009,2,15,3,2,1,11.0,4.0,11.0,4.0,7.0
423,100260,20260529,851,1,21,2,3,1,9.0,3.2,9.0,3.2,5.8
424,100261,20260516,1025,1,21,2,1,1,9.0,3.2,9.0,3.2,5.8
425,100261,20260516,1025,1,20,2,1,1,6.5,2.4,6.5,2.4,4.1
426,100261,20260516,1025,1,24,2,1,1,8.0,3.0,8.0,3.0,5.0
427,100262,20260912,2103,4,1,2,2,1,3.5,1.4,3.5,1.4,2.1
428,100262,20260912,2103,4,9,2,2,1,9.0,3.4,9.0,3.4,5.6
429,100262,20260912,2103,4,6,2,2,1,5.0,2.1,5.0,2.1,2.9
430,100263,20260712,1817,4,8,1,3,2,8.5,3.2,17.0,6.4,10.6
431,100264,20260904,1810,1,5,1,1,1,4.8,2.0,4.8,2.0,2.8
432,100265,20260712,954,3,3,1,1,1,3.8,1.5,3.8,1.5,2.3
433,100265,20260712,954,3,13,1,1,1,12.5,4.3,12.5,4.3,8.2
434,100266,20260613,1709,4,3,2,2,1,3.8,1.5,3.8,1.5,2.3
435,100266,20260613,1709,4,8,2,2,1,8.5,3.2,8.5,3.2,5.3
436,100267,20260913,1656,2,9,2,4,1,9.0,3.4,9.0,3.4,5.6
437,100267,20260913,1656,2,3,2,4,1,3.8,1.5,3.8,1.5,2.3
438,100268,20260512,1908,3,6,1,1,1,5.0,2.1,5.0,2.1,2.9
439,100268,20260512,1908,3,18,1,1,1,5.0,1.8,5.0,1.8,3.2
440,100268,20260512,1908,3,3,1,1,1,3.8,1.5,3.8,1.5,2.3
441,100269,20260525,1350,1,16,2,1,1,11.5,4.1,11.5,4.1,7.4
442,100269,20260525,1350,1,3,2,1,1,3.8,1.5,3.8,1.5,2.3
443,100269,20260525,1350,1,14,2,1,1,13.5,4.6,13.5,4.6,8.9
444,100270,20260822,1430,3,7,1,2,1,4.3,1.8,4.3,1.8,2.5
445,100271,20260624,1529,1,12,1,1,2,12.0,4.2,24.0,8.4,15.6
446,100271,20260624,1529,1,16,1,1,1,11.5,4.1,11.5,4.1,7.4
447,100272,20260910,1623,1,22,1,3,1,9.5,3.6,9.5,3.6,5.9
448,100272,20260910,1623,1,2,1,3,1,4.0,1.6,4.0,1.6,2.4
449,100272,20260910,1623,1,21,1,3,1,9.0,3.2,9.0,3.2,5.8
450,100273,20260801,1317,2,11,1,4,1,10.5,3.8,10.5,3.8,6.7
451,100274,20260326,1428,1,11,4,1,1,10.5,3.8,10.5,3.8,6.7
452,100274,20260326,1428,1,11,4,1,1,10.5,3.8,10.5,3.8,6.7
453,100274,20260326,1428,1,6,4,1,1,5.0,2.1,5.0,2.1,2.9
454,100275,20260717,807,3,1,1,2,1,3.5,1.4,3.5,1.4,2.1
455,100276,20260329,1638,4,6,1,2,1,5.0,2.1,5.0,2.1,2.9
456,100277,20260609,1436,1,4,2,1,2,4.5,1.9,9.0,3.8,5.2
457,100277,20260609,1436,1,3,2,1,1,3.8,1.5,3.8,1.5,2.3
458,100277,20260609,1436,1,10,2,1,2,8.0,3.0,16.0,6.0,10.0
459,100278,20260319,2116,1,15,1,3,1,11.0,4.0,11.0,4.0,7.0
460,100279,20260731,1914,4,8,1,1,1,8.5,3.2,8.5,3.2,5.3
461,100280,20260703,1227,4,11,2,1,1,10.5,3.8,10.5,3.8,6.7
462,100281,20260815,1618,2,17,1,2,1,4.5,1.6,4.5,1.6,2.9
463,100282,20260819,2001,4,4,1,1,1,4.5,1.9,4.5,1.9,2.6
464,100283,20260404,1919,4,12,3,4,1,12.0,4.2,12.0,4.2,7.8
465,100283,20260404,1919,4,15,3,4,2,11.0,4.0,22.0,8.0,14.0
466,100284,20260401,1012,3,19,1,1,1,5.5,2.0,5.5,2.0,3.5
467,100285,20260402,2011,3,7,1,2,1,4.3,1.8,4.3,1.8,2.5
468,100286,20260404,1043,4,17,2,1,1,4.5,1.6,4.5,1.6,2.9
469,100286,20260404,1043,4,6,2,1,1,5.0,2.1,5.0,2.1,2.9
470,100287,20260808,1046,3,20,2,1,1,6.5,2.4,6.5,2.4,4.1
471,100287,20260808,1046,3,1,2,1,2,3.5,1.4,7.0,2.8,4.2
472,100288,20260409,1728,2,18,1,1,1,5.0,1.8,5.0,1.8,3.2
473,100288,20260409,1728,2,11,1,1,1,10.5,3.8,10.5,3.8,6.7
474,100288,20260409,1728,2,13,1,1,1,12.5,4.3,12.5,4.3,8.2
475,100289,20260519,1816,2,21,2,1,1,9.0,3.2,9.0,3.2,5.8
476,100289,20260519,1816,2,10,2,1,1,8.0,3.0,8.0,3.0,5.0
477,100290,20260530,1915,1,7,1,1,1,4.3,1.8,4.3,1.8,2.5
478,100291,20260520,851,1,5,1,2,1,4.8,2.0,4.8,2.0,2.8
479,100292,20260731,1917,3,15,1,1,1,11.0,4.0,11.0,4.0,7.0
480,100293,20260416,1750,3,10,2,3,1,8.0,3.0,8.0,3.0,5.0
481,100294,20260625,1743,3,4,3,4,1,4.5,1.9,4.5,1.9,2.6
482,100294,20260625,1743,3,14,3,4,2,13.5,4.6,27.0,9.2,17.8
483,100295,20260614,1728,1,10,2,3,2,8.0,3.0,16.0,6.0,10.0
484,100296,20260411,904,2,1,1,1,1,3.5,1.4,3.5,1.4,2.1
485,100296,20260411,904,2,1,1,1,1,3.5,1.4,3.5,1.4,2.1
486,100296,20260411,904,2,18,1,1,1,5.0,1.8,5.0,1.8,3.2
487,100297,20260802,900,3,17,1,2,1,4.5,1.6,4.5,1.6,2.9
488,100297,20260802,900,3,7,1,2,1,4.3,1.8,4.3,1.8,2.5
489,100298,20260411,1735,4,15,1,3,1,11.0,4.0,11.0,4.0,7.0
490,100298,20260411,1735,4,25,1,3,1,8.5,3.2,8.5,3.2,5.3
491,100299,20260904,1858,1,8,2,4,1,8.5,3.2,8.5,3.2,5.3
492,100299,20260904,1858,1,20,2,4,1,6.5,2.4,6.5,2.4,4.1
493,100299,20260904,1858,1,7,2,4,1,4.3,1.8,4.3,1.8,2.5
494,100300,20260617,1656,2,2,2,4,2,4.0,1.6,8.0,3.2,4.8
495,100300,20260617,1656,2,8,2,4,1,8.5,3.2,8.5,3.2,5.3
496,100301,20260820,945,3,25,3,2,1,8.5,3.2,8.5,3.2,5.3
497,100302,20260910,1130,2,20,1,1,2,6.5,2.4,13.0,4.8,8.2
498,100303,20260430,824,3,20,1,2,1,6.5,2.4,6.5,2.4,4.1
499,100304,20260409,1007,1,2,2,4,1,4.0,1.6,4.0,1.6,2.4
500,100304,20260409,1007,1,4,2,4,1,4.5,1.9,4.5,1.9,2.6
501,100305,20260506,1835,3,13,3,3,1,12.5,4.3,12.5,4.3,8.2
502,100305,20260506,1835,3,8,3,3,1,8.5,3.2,8.5,3.2,5.3
503,100306,20260708,828,2,20,2,2,1,6.5,2.4,6.5,2.4,4.1
504,100306,20260708,828,2,8,2,2,1,8.5,3.2,8.5,3.2,5.3
505,100307,20260825,1207,4,1,1,1,2,3.5,1.4,7.0,2.8,4.2
506,100307,20260825,1207,4,23,1,1,1,9.0,3.4,9.0,3.4,5.6
507,100307,20260825,1207,4,8,1,1,1,8.5,3.2,8.5,3.2,5.3
508,100308,20260728,1603,4,2,2,1,1,4.0,1.6,4.0,1.6,2.4
509,100308,20260728,1603,4,7,2,1,1,4.3,1.8,4.3,1.8,2.5
510,100308,20260728,1603,4,2,2,1,1,4.0,1.6,4.0,1.6,2.4
511,100309,20260423,846,4,25,1,1,1,8.5,3.2,8.5,3.2,5.3
512,100309,20260423,846,4,1,1,1,1,3.5,1.4,3.5,1.4,2.1
513,100310,20260615,1824,3,7,1,3,1,4.3,1.8,4.3,1.8,2.5
514,100310,20260615,1824,3,22,1,3,1,9.5,3.6,9.5,3.6,5.9
515,100311,20260721,1850,1,15,1,3,1,11.0,4.0,11.0,4.0,7.0
516,100311,20260721,1850,1,6,1,3,2,5.0,2.1,10.0,4.2,5.8
517,100312,20260813,1636,3,14,2,4,1,13.5,4.6,13.5,4.6,8.9
518,100312,20260813,1636,3,12,2,4,1,12.0,4.2,12.0,4.2,7.8
519,100313,20260809,918,1,4,1,3,1,4.5,1.9,4.5,1.9,2.6
520,100313,20260809,918,1,7,1,3,1,4.3,1.8,4.3,1.8,2.5
521,100314,20260426,1848,2,5,2,1,1,4.8,2.0,4.8,2.0,2.8
522,100315,20260506,828,4,4,1,2,1,4.5,1.9,4.5,1.9,2.6
523,100315,20260506,828,4,9,1,2,1,9.0,3.4,9.0,3.4,5.6
524,100316,20260612,1736,1,25,2,3,1,8.5,3.2,8.5,3.2,5.3
525,100317,20260811,1055,2,22,1,3,1,9.5,3.6,9.5,3.6,5.9
526,100317,20260811,1055,2,3,1,3,1,3.8,1.5,3.8,1.5,2.3
527,100318,20260525,1646,2,16,1,3,2,11.5,4.1,23.0,8.2,14.8
528,100318,20260525,1646,2,12,1,3,1,12.0,4.2,12.0,4.2,7.8
529,100319,20260706,1731,3,6,1,3,2,5.0,2.1,10.0,4.2,5.8
530,100320,20260903,1411,3,24,1,3,2,8.0,3.0,16.0,6.0,10.0
531,100321,20260406,1038,4,18,1,2,1,5.0,1.8,5.0,1.8,3.2
532,100322,20260519,1730,1,7,2,4,1,4.3,1.8,4.3,1.8,2.5
533,100322,20260519,1730,1,8,2,4,1,8.5,3.2,8.5,3.2,5.3
534,100323,20260620,1835,1,3,2,4,2,3.8,1.5,7.6,3.0,4.6
535,100324,20260630,850,1,3,1,2,1,3.8,1.5,3.8,1.5,2.3
536,100325,20260726,1831,1,19,1,3,1,5.5,2.0,5.5,2.0,3.5
537,100325,20260726,1831,1,5,1,3,1,4.8,2.0,4.8,2.0,2.8
538,100326,20260610,1048,4,10,2,1,1,8.0,3.0,8.0,3.0,5.0
539,100326,20260610,1048,4,10,2,1,1,8.0,3.0,8.0,3.0,5.0
540,100327,20260814,1141,4,10,2,1,1,8.0,3.0,8.0,3.0,5.0
541,100328,20260322,1311,3,6,1,2,2,5.0,2.1,10.0,4.2,5.8
542,100329,20260627,1512,1,6,2,1,1,5.0,2.1,5.0,2.1,2.9
543,100329,20260627,1512,1,6,2,1,2,5.0,2.1,10.0,4.2,5.8
544,100330,20260626,1507,1,8,4,1,1,8.5,3.2,8.5,3.2,5.3
545,100331,20260809,908,2,6,2,1,1,5.0,2.1,5.0,2.1,2.9
546,100332,20260412,1135,1,13,4,2,2,12.5,4.3,25.0,8.6,16.4
547,100332,20260412,1135,1,19,4,2,1,5.5,2.0,5.5,2.0,3.5
548,100332,20260412,1135,1,19,4,2,1,5.5,2.0,5.5,2.0,3.5
549,100333,20260710,1703,1,10,1,4,2,8.0,3.0,16.0,6.0,10.0
550,100334,20260321,946,2,22,1,1,1,9.5,3.6,9.5,3.6,5.9
551,100335,20260910,1140,4,23,3,1,1,9.0,3.4,9.0,3.4,5.6
552,100336,20260702,1403,1,4,1,1,1,4.5,1.9,4.5,1.9,2.6
553,100336,20260702,1403,1,1,1,1,1,3.5,1.4,3.5,1.4,2.1
554,100336,20260702,1403,1,9,1,1,1,9.0,3.4,9.0,3.4,5.6
555,100337,20260720,1722,1,13,4,2,1,12.5,4.3,12.5,4.3,8.2
556,100338,20260903,1016,2,24,2,2,1,8.0,3.0,8.0,3.0,5.0
557,100338,20260903,1016,2,6,2,2,1,5.0,2.1,5.0,2.1,2.9
558,100338,20260903,1016,2,18,2,2,1,5.0,1.8,5.0,1.8,3.2
559,100339,20260820,1021,1,5,1,1,1,4.8,2.0,4.8,2.0,2.8
560,100339,20260820,1021,1,4,1,1,1,4.5,1.9,4.5,1.9,2.6
561,100340,20260723,2119,1,3,2,1,1,3.8,1.5,3.8,1.5,2.3
562,100341,20260609,1656,2,14,2,1,1,13.5,4.6,13.5,4.6,8.9
563,100342,20260825,1908,2,10,3,3,1,8.0,3.0,8.0,3.0,5.0
564,100342,20260825,1908,2,23,3,3,1,9.0,3.4,9.0,3.4,5.6
565,100342,20260825,1908,2,18,3,3,1,5.0,1.8,5.0,1.8,3.2
566,100343,20260617,958,2,23,1,1,1,9.0,3.4,9.0,3.4,5.6
567,100343,20260617,958,2,20,1,1,1,6.5,2.4,6.5,2.4,4.1
568,100343,20260617,958,2,14,1,1,1,13.5,4.6,13.5,4.6,8.9
569,100344,20260423,1856,4,2,3,1,1,4.0,1.6,4.0,1.6,2.4
570,100345,20260403,1016,1,20,1,2,1,6.5,2.4,6.5,2.4,4.1
571,100345,20260403,1016,1,21,1,2,1,9.0,3.2,9.0,3.2,5.8
572,100345,20260403,1016,1,2,1,2,1,4.0,1.6,4.0,1.6,2.4
573,100346,20260410,921,1,18,2,1,1,5.0,1.8,5.0,1.8,3.2
574,100347,20260605,1923,3,12,1,2,1,12.0,4.2,12.0,4.2,7.8
575,100348,20260826,2036,2,2,1,1,1,4.0,1.6,4.0,1.6,2.4
576,100348,20260826,2036,2,1,1,1,1,3.5,1.4,3.5,1.4,2.1
577,100349,20260617,1816,2,2,2,3,1,4.0,1.6,4.0,1.6,2.4
578,100350,20260613,2126,1,12,2,1,1,12.0,4.2,12.0,4.2,7.8
579,100350,20260613,2126,1,3,2,1,1,3.8,1.5,3.8,1.5,2.3
580,100351,20260503,1807,3,17,1,1,1,4.5,1.6,4.5,1.6,2.9
581,100352,20260327,1027,1,21,2,1,1,9.0,3.2,9.0,3.2,5.8
582,100352,20260327,1027,1,4,2,1,1,4.5,1.9,4.5,1.9,2.6
583,100352,20260327,1027,1,18,2,1,1,5.0,1.8,5.0,1.8,3.2
584,100353,20260912,1916,4,11,1,1,1,10.5,3.8,10.5,3.8,6.7
585,100353,20260912,1916,4,19,1,1,1,5.5,2.0,5.5,2.0,3.5
586,100354,20260426,1410,2,6,1,1,1,5.0,2.1,5.0,2.1,2.9
587,100355,20260403,1814,4,19,1,3,1,5.5,2.0,5.5,2.0,3.5
588,100355,20260403,1814,4,11,1,3,1,10.5,3.8,10.5,3.8,6.7
589,100356,20260502,1249,4,11,1,1,2,10.5,3.8,21.0,7.6,13.4
590,100356,20260502,1249,4,17,1,1,1,4.5,1.6,4.5,1.6,2.9
591,100357,20260424,1305,4,22,1,1,1,9.5,3.6,9.5,3.6,5.9
592,100357,20260424,1305,4,19,1,1,1,5.5,2.0,5.5,2.0,3.5
593,100358,20260914,1000,1,17,1,4,2,4.5,1.6,9.0,3.2,5.8
594,100358,20260914,1000,1,6,1,4,1,5.0,2.1,5.0,2.1,2.9
595,100359,20260501,1811,3,4,1,3,1,4.5,1.9,4.5,1.9,2.6
596,100360,20260901,1712,2,11,1,3,1,10.5,3.8,10.5,3.8,6.7
597,100360,20260901,1712,2,7,1,3,1,4.3,1.8,4.3,1.8,2.5
598,100360,20260901,1712,2,18,1,3,1,5.0,1.8,5.0,1.8,3.2
599,100361,20260716,1835,1,11,2,2,1,10.5,3.8,10.5,3.8,6.7
600,100361,20260716,1835,1,3,2,2,1,3.8,1.5,3.8,1.5,2.3
601,100361,20260716,1835,1,10,2,2,2,8.0,3.0,16.0,6.0,10.0
602,100362,20260527,850,2,13,1,1,1,12.5,4.3,12.5,4.3,8.2
603,100362,20260527,850,2,16,1,1,1,11.5,4.1,11.5,4.1,7.4
604,100362,20260527,850,2,4,1,1,1,4.5,1.9,4.5,1.9,2.6
605,100363,20260517,1039,3,16,2,1,1,11.5,4.1,11.5,4.1,7.4
606,100364,20260907,804,3,3,2,1,1,3.8,1.5,3.8,1.5,2.3
607,100365,20260801,1432,4,4,2,1,1,4.5,1.9,4.5,1.9,2.6
608,100366,20260605,1216,4,15,1,1,1,11.0,4.0,11.0,4.0,7.0
609,100367,20260828,913,4,2,4,1,1,4.0,1.6,4.0,1.6,2.4
610,100367,20260828,913,4,2,4,1,1,4.0,1.6,4.0,1.6,2.4
611,100368,20260331,947,1,3,1,1,1,3.8,1.5,3.8,1.5,2.3
612,100369,20260410,1240,2,12,1,1,1,12.0,4.2,12.0,4.2,7.8
613,100370,20260829,1147,3,19,1,1,1,5.5,2.0,5.5,2.0,3.5
614,100371,20260822,1757,1,11,1,1,1,10.5,3.8,10.5,3.8,6.7
615,100371,20260822,1757,1,1,1,1,1,3.5,1.4,3.5,1.4,2.1
616,100371,20260822,1757,1,1,1,1,2,3.5,1.4,7.0,2.8,4.2
617,100372,20260423,1001,3,18,3,4,1,5.0,1.8,5.0,1.8,3.2
618,100372,20260423,1001,3,17,3,4,1,4.5,1.6,4.5,1.6,2.9
619,100373,20260421,959,1,18,1,1,1,5.0,1.8,5.0,1.8,3.2
620,100373,20260421,959,1,7,1,1,1,4.3,1.8,4.3,1.8,2.5
621,100374,20260817,1307,3,11,1,2,1,10.5,3.8,10.5,3.8,6.7
622,100375,20260820,1059,2,4,2,3,2,4.5,1.9,9.0,3.8,5.2
623,100375,20260820,1059,2,1,2,3,2,3.5,1.4,7.0,2.8,4.2
624,100376,20260907,924,3,21,1,2,1,9.0,3.2,9.0,3.2,5.8
625,100377,20260618,718,2,3,1,2,1,3.8,1.5,3.8,1.5,2.3
626,100377,20260618,718,2,19,1,2,2,5.5,2.0,11.0,4.0,7.0
627,100378,20260716,1309,2,25,2,1,1,8.5,3.2,8.5,3.2,5.3
628,100379,20260830,1826,2,8,2,3,1,8.5,3.2,8.5,3.2,5.3
629,100380,20260408,1138,1,3,1,2,1,3.8,1.5,3.8,1.5,2.3
630,100380,20260408,1138,1,8,1,2,1,8.5,3.2,8.5,3.2,5.3
631,100381,20260724,1246,2,13,4,4,1,12.5,4.3,12.5,4.3,8.2
632,100382,20260430,2130,2,7,2,2,2,4.3,1.8,8.6,3.6,5.0
633,100383,20260908,1055,2,6,2,1,1,5.0,2.1,5.0,2.1,2.9
634,100383,20260908,1055,2,2,2,1,1,4.0,1.6,4.0,1.6,2.4
635,100384,20260409,1521,1,1,2,1,2,3.5,1.4,7.0,2.8,4.2
636,100384,20260409,1521,1,2,2,1,1,4.0,1.6,4.0,1.6,2.4
637,100385,20260908,1005,2,4,1,4,1,4.5,1.9,4.5,1.9,2.6
638,100385,20260908,1005,2,2,1,4,1,4.0,1.6,4.0,1.6,2.4
639,100386,20260718,1438,3,2,1,1,2,4.0,1.6,8.0,3.2,4.8
640,100386,20260718,1438,3,11,1,1,1,10.5,3.8,10.5,3.8,6.7
641,100387,20260903,932,3,18,1,3,1,5.0,1.8,5.0,1.8,3.2
642,100387,20260903,932,3,22,1,3,1,9.5,3.6,9.5,3.6,5.9
643,100388,20260605,839,1,20,4,2,1,6.5,2.4,6.5,2.4,4.1
644,100388,20260605,839,1,19,4,2,1,5.5,2.0,5.5,2.0,3.5
645,100388,20260605,839,1,4,4,2,2,4.5,1.9,9.0,3.8,5.2
646,100389,20260630,827,1,8,1,1,1,8.5,3.2,8.5,3.2,5.3
647,100390,20260625,1648,4,13,3,3,1,12.5,4.3,12.5,4.3,8.2
648,100390,20260625,1648,4,7,3,3,2,4.3,1.8,8.6,3.6,5.0
649,100390,20260625,1648,4,14,3,3,1,13.5,4.6,13.5,4.6,8.9
650,100391,20260607,1807,1,18,1,3,1,5.0,1.8,5.0,1.8,3.2
651,100392,20260729,814,4,20,3,1,1,6.5,2.4,6.5,2.4,4.1
652,100393,20260618,946,1,3,2,1,1,3.8,1.5,3.8,1.5,2.3
653,100393,20260618,946,1,22,2,1,1,9.5,3.6,9.5,3.6,5.9
654,100394,20260421,843,2,18,3,3,1,5.0,1.8,5.0,1.8,3.2
655,100394,20260421,843,2,1,3,3,1,3.5,1.4,3.5,1.4,2.1
656,100395,20260529,1926,3,1,1,4,1,3.5,1.4,3.5,1.4,2.1
657,100396,20260612,1705,4,6,1,3,2,5.0,2.1,10.0,4.2,5.8
658,100397,20260715,1414,4,2,2,1,1,4.0,1.6,4.0,1.6,2.4
659,100397,20260715,1414,4,5,2,1,2,4.8,2.0,9.6,4.0,5.6
660,100397,20260715,1414,4,5,2,1,1,4.8,2.0,4.8,2.0,2.8
661,100398,20260616,1428,1,8,1,1,2,8.5,3.2,17.0,6.4,10.6
662,100399,20260315,1711,1,15,1,4,1,11.0,4.0,11.0,4.0,7.0
663,100399,20260315,1711,1,22,1,4,1,9.5,3.6,9.5,3.6,5.9
664,100399,20260315,1711,1,4,1,4,1,4.5,1.9,4.5,1.9,2.6
665,100400,20260809,905,2,21,1,1,1,9.0,3.2,9.0,3.2,5.8
666,100400,20260809,905,2,12,1,1,1,12.0,4.2,12.0,4.2,7.8
667,100401,20260315,1433,2,8,1,4,1,8.5,3.2,8.5,3.2,5.3
668,100402,20260530,913,1,21,1,1,1,9.0,3.2,9.0,3.2,5.8
669,100402,20260530,913,1,7,1,1,2,4.3,1.8,8.6,3.6,5.0
670,100403,20260610,1520,1,18,3,1,1,5.0,1.8,5.0,1.8,3.2
671,100404,20260901,821,2,2,2,2,1,4.0,1.6,4.0,1.6,2.4
672,100405,20260326,1148,2,5,1,1,2,4.8,2.0,9.6,4.0,5.6
673,100405,20260326,1148,2,16,1,1,1,11.5,4.1,11.5,4.1,7.4
674,100406,20260319,1708,1,12,1,3,1,12.0,4.2,12.0,4.2,7.8
675,100407,20260419,1636,2,12,2,1,1,12.0,4.2,12.0,4.2,7.8
676,100407,20260419,1636,2,13,2,1,1,12.5,4.3,12.5,4.3,8.2
677,100408,20260428,1800,1,8,1,1,1,8.5,3.2,8.5,3.2,5.3
678,100409,20260721,1003,4,21,1,1,2,9.0,3.2,18.0,6.4,11.6
679,100410,20260511,933,4,5,1,3,1,4.8,2.0,4.8,2.0,2.8
680,100410,20260511,933,4,2,1,3,1,4.0,1.6,4.0,1.6,2.4
681,100411,20260905,815,1,20,2,1,1,6.5,2.4,6.5,2.4,4.1
682,100411,20260905,815,1,13,2,1,1,12.5,4.3,12.5,4.3,8.2
683,100412,20260626,1848,2,19,1,4,2,5.5,2.0,11.0,4.0,7.0
684,100412,20260626,1848,2,10,1,4,1,8.0,3.0,8.0,3.0,5.0
685,100413,20260819,1204,1,17,1,1,1,4.5,1.6,4.5,1.6,2.9
686,100413,20260819,1204,1,3,1,1,1,3.8,1.5,3.8,1.5,2.3
687,100413,20260819,1204,1,6,1,1,1,5.0,2.1,5.0,2.1,2.9
688,100414,20260706,1724,2,13,3,4,1,12.5,4.3,12.5,4.3,8.2
689,100414,20260706,1724,2,15,3,4,1,11.0,4.0,11.0,4.0,7.0
690,100415,20260703,819,3,20,2,1,1,6.5,2.4,6.5,2.4,4.1
691,100415,20260703,819,3,7,2,1,1,4.3,1.8,4.3,1.8,2.5
692,100415,20260703,819,3,17,2,1,2,4.5,1.6,9.0,3.2,5.8
693,100416,20260724,1922,2,15,1,1,1,11.0,4.0,11.0,4.0,7.0
694,100417,20260505,821,3,21,1,1,1,9.0,3.2,9.0,3.2,5.8
695,100418,20260421,828,2,18,1,1,1,5.0,1.8,5.0,1.8,3.2
696,100418,20260421,828,2,5,1,1,2,4.8,2.0,9.6,4.0,5.6
697,100419,20260709,1801,1,9,2,3,1,9.0,3.4,9.0,3.4,5.6
698,100419,20260709,1801,1,19,2,3,2,5.5,2.0,11.0,4.0,7.0
699,100420,20260316,826,1,10,3,2,2,8.0,3.0,16.0,6.0,10.0
700,100421,20260721,1727,1,15,2,3,1,11.0,4.0,11.0,4.0,7.0
701,100422,20260315,1010,4,17,2,2,1,4.5,1.6,4.5,1.6,2.9
702,100423,20260713,1055,3,9,1,1,2,9.0,3.4,18.0,6.8,11.2
703,100424,20260822,1435,2,2,2,1,1,4.0,1.6,4.0,1.6,2.4
704,100425,20260525,1915,1,12,3,3,1,12.0,4.2,12.0,4.2,7.8
705,100426,20260621,1928,2,7,2,4,1,4.3,1.8,4.3,1.8,2.5
706,100427,20260421,1022,2,24,2,2,1,8.0,3.0,8.0,3.0,5.0
707,100427,20260421,1022,2,18,2,2,2,5.0,1.8,10.0,3.6,6.4
708,100428,20260905,822,2,17,1,2,2,4.5,1.6,9.0,3.2,5.8
709,100429,20260503,1222,4,5,2,3,1,4.8,2.0,4.8,2.0,2.8
710,100429,20260503,1222,4,11,2,3,1,10.5,3.8,10.5,3.8,6.7
711,100429,20260503,1222,4,18,2,3,1,5.0,1.8,5.0,1.8,3.2
712,100430,20260328,1926,2,18,1,4,2,5.0,1.8,10.0,3.6,6.4
713,100430,20260328,1926,2,16,1,4,1,11.5,4.1,11.5,4.1,7.4
714,100431,20260618,1545,2,17,2,1,1,4.5,1.6,4.5,1.6,2.9
715,100432,20260626,1758,3,12,2,2,1,12.0,4.2,12.0,4.2,7.8
716,100433,20260902,1624,3,21,1,3,1,9.0,3.2,9.0,3.2,5.8
717,100434,20260331,1256,1,19,2,1,1,5.5,2.0,5.5,2.0,3.5
718,100435,20260516,833,4,18,1,3,1,5.0,1.8,5.0,1.8,3.2
719,100436,20260825,1302,1,19,2,2,1,5.5,2.0,5.5,2.0,3.5
720,100436,20260825,1302,1,18,2,2,1,5.0,1.8,5.0,1.8,3.2
721,100437,20260618,1648,1,23,1,4,1,9.0,3.4,9.0,3.4,5.6
722,100438,20260703,820,4,8,2,1,1,8.5,3.2,8.5,3.2,5.3
723,100438,20260703,820,4,4,2,1,1,4.5,1.9,4.5,1.9,2.6
724,100439,20260409,1242,2,17,1,2,1,4.5,1.6,4.5,1.6,2.9
725,100440,20260529,1044,1,6,2,1,1,5.0,2.1,5.0,2.1,2.9
726,100441,20260404,938,2,6,2,1,1,5.0,2.1,5.0,2.1,2.9
727,100441,20260404,938,2,3,2,1,1,3.8,1.5,3.8,1.5,2.3
728,100442,20260903,1653,4,12,4,4,1,12.0,4.2,12.0,4.2,7.8
729,100442,20260903,1653,4,17,4,4,1,4.5,1.6,4.5,1.6,2.9
730,100443,20260525,841,3,19,2,1,1,5.5,2.0,5.5,2.0,3.5
731,100443,20260525,841,3,19,2,1,1,5.5,2.0,5.5,2.0,3.5
732,100444,20260425,1926,4,12,1,4,1,12.0,4.2,12.0,4.2,7.8
733,100445,20260421,1746,2,11,1,1,1,10.5,3.8,10.5,3.8,6.7
734,100446,20260803,1001,3,22,1,1,1,9.5,3.6,9.5,3.6,5.9
735,100447,20260816,1353,3,21,1,1,1,9.0,3.2,9.0,3.2,5.8
736,100447,20260816,1353,3,20,1,1,1,6.5,2.4,6.5,2.4,4.1
737,100448,20260820,1707,3,19,1,3,1,5.5,2.0,5.5,2.0,3.5
738,100449,20260326,1923,3,9,2,2,1,9.0,3.4,9.0,3.4,5.6
739,100449,20260326,1923,3,11,2,2,1,10.5,3.8,10.5,3.8,6.7
740,100450,20260325,1306,1,6,1,2,1,5.0,2.1,5.0,2.1,2.9
741,100450,20260325,1306,1,20,1,2,1,6.5,2.4,6.5,2.4,4.1
742,100451,20260731,1342,2,11,2,1,1,10.5,3.8,10.5,3.8,6.7
743,100452,20260906,1713,2,15,2,1,1,11.0,4.0,11.0,4.0,7.0
744,100453,20260814,1812,1,21,1,1,1,9.0,3.2,9.0,3.2,5.8
745,100453,20260814,1812,1,16,1,1,1,11.5,4.1,11.5,4.1,7.4
746,100453,20260814,1812,1,5,1,1,1,4.8,2.0,4.8,2.0,2.8
747,100454,20260707,807,1,6,2,3,1,5.0,2.1,5.0,2.1,2.9
748,100455,20260414,1657,3,3,1,1,2,3.8,1.5,7.6,3.0,4.6
749,100455,20260414,1657,3,13,1,1,1,12.5,4.3,12.5,4.3,8.2
750,100455,20260414,1657,3,14,1,1,2,13.5,4.6,27.0,9.2,17.8
751,100456,20260914,905,4,4,2,1,1,4.5,1.9,4.5,1.9,2.6
752,100456,20260914,905,4,2,2,1,1,4.0,1.6,4.0,1.6,2.4
753,100457,20260608,1906,2,2,1,3,1,4.0,1.6,4.0,1.6,2.4
754,100458,20260525,950,4,24,1,1,1,8.0,3.0,8.0,3.0,5.0
755,100459,20260628,1711,2,15,1,3,1,11.0,4.0,11.0,4.0,7.0
756,100459,20260628,1711,2,23,1,3,1,9.0,3.4,9.0,3.4,5.6
757,100460,20260510,1029,4,7,1,2,1,4.3,1.8,4.3,1.8,2.5
758,100460,20260510,1029,4,21,1,2,1,9.0,3.2,9.0,3.2,5.8
759,100460,20260510,1029,4,4,1,2,1,4.5,1.9,4.5,1.9,2.6
760,100461,20260511,1037,1,14,1,2,1,13.5,4.6,13.5,4.6,8.9
761,100461,20260511,1037,1,8,1,2,1,8.5,3.2,8.5,3.2,5.3
762,100462,20260612,1757,4,24,2,3,1,8.0,3.0,8.0,3.0,5.0
763,100463,20260323,1705,3,15,1,4,1,11.0,4.0,11.0,4.0,7.0
764,100464,20260512,1754,1,15,1,3,1,11.0,4.0,11.0,4.0,7.0
765,100464,20260512,1754,1,23,1,3,1,9.0,3.4,9.0,3.4,5.6
766,100464,20260512,1754,1,10,1,3,1,8.0,3.0,8.0,3.0,5.0
767,100465,20260529,1816,3,11,3,1,1,10.5,3.8,10.5,3.8,6.7
768,100465,20260529,1816,3,18,3,1,1,5.0,1.8,5.0,1.8,3.2
769,100466,20260902,1948,2,25,1,1,1,8.5,3.2,8.5,3.2,5.3
770,100467,20260801,1234,4,18,3,3,1,5.0,1.8,5.0,1.8,3.2
771,100468,20260402,728,2,23,1,4,1,9.0,3.4,9.0,3.4,5.6
772,100468,20260402,728,2,11,1,4,2,10.5,3.8,21.0,7.6,13.4
773,100469,20260521,900,3,21,2,1,1,9.0,3.2,9.0,3.2,5.8
774,100469,20260521,900,3,21,2,1,2,9.0,3.2,18.0,6.4,11.6
775,100469,20260521,900,3,4,2,1,1,4.5,1.9,4.5,1.9,2.6
776,100470,20260323,1749,2,1,1,1,1,3.5,1.4,3.5,1.4,2.1
777,100470,20260323,1749,2,8,1,1,1,8.5,3.2,8.5,3.2,5.3
778,100471,20260602,1809,4,20,1,3,2,6.5,2.4,13.0,4.8,8.2
779,100472,20260901,1954,2,5,4,1,1,4.8,2.0,4.8,2.0,2.8
780,100472,20260901,1954,2,16,4,1,1,11.5,4.1,11.5,4.1,7.4
781,100473,20260829,1840,2,10,1,4,1,8.0,3.0,8.0,3.0,5.0
782,100473,20260829,1840,2,11,1,4,1,10.5,3.8,10.5,3.8,6.7
783,100473,20260829,1840,2,13,1,4,1,12.5,4.3,12.5,4.3,8.2
784,100474,20260324,1003,3,20,4,1,1,6.5,2.4,6.5,2.4,4.1
785,100475,20260707,1728,4,7,2,3,1,4.3,1.8,4.3,1.8,2.5
786,100476,20260724,1742,1,9,2,1,1,9.0,3.4,9.0,3.4,5.6
787,100477,20260720,1518,2,2,1,1,1,4.0,1.6,4.0,1.6,2.4
788,100478,20260615,1815,4,20,2,3,1,6.5,2.4,6.5,2.4,4.1
789,100479,20260329,920,3,5,2,2,1,4.8,2.0,4.8,2.0,2.8
790,100479,20260329,920,3,1,2,2,1,3.5,1.4,3.5,1.4,2.1
791,100480,20260515,823,1,6,1,1,1,5.0,2.1,5.0,2.1,2.9
792,100480,20260515,823,1,3,1,1,1,3.8,1.5,3.8,1.5,2.3
793,100481,20260521,838,2,6,2,2,1,5.0,2.1,5.0,2.1,2.9
794,100482,20260820,713,1,20,2,4,1,6.5,2.4,6.5,2.4,4.1
795,100483,20260501,1717,1,15,1,3,1,11.0,4.0,11.0,4.0,7.0
796,100484,20260611,1127,4,20,1,1,1,6.5,2.4,6.5,2.4,4.1
797,100485,20260516,1023,1,7,2,2,1,4.3,1.8,4.3,1.8,2.5
798,100485,20260516,1023,1,3,2,2,1,3.8,1.5,3.8,1.5,2.3
799,100485,20260516,1023,1,25,2,2,2,8.5,3.2,17.0,6.4,10.6
800,100486,20260720,913,1,17,2,1,1,4.5,1.6,4.5,1.6,2.9
801,100486,20260720,913,1,24,2,1,1,8.0,3.0,8.0,3.0,5.0
802,100487,20260905,1228,2,22,4,2,1,9.5,3.6,9.5,3.6,5.9
803,100487,20260905,1228,2,19,4,2,1,5.5,2.0,5.5,2.0,3.5
804,100488,20260514,1749,3,13,4,4,1,12.5,4.3,12.5,4.3,8.2
805,100488,20260514,1749,3,14,4,4,1,13.5,4.6,13.5,4.6,8.9
806,100489,20260326,1649,4,16,1,1,1,11.5,4.1,11.5,4.1,7.4
807,100489,20260326,1649,4,14,1,1,1,13.5,4.6,13.5,4.6,8.9
808,100490,20260526,1056,4,24,2,1,1,8.0,3.0,8.0,3.0,5.0
809,100491,20260316,913,3,20,3,2,1,6.5,2.4,6.5,2.4,4.1
810,100491,20260316,913,3,13,3,2,1,12.5,4.3,12.5,4.3,8.2
811,100492,20260816,1751,4,7,4,1,1,4.3,1.8,4.3,1.8,2.5
812,100493,20260511,1918,4,20,2,4,2,6.5,2.4,13.0,4.8,8.2
813,100493,20260511,1918,4,9,2,4,1,9.0,3.4,9.0,3.4,5.6
814,100493,20260511,1918,4,12,2,4,2,12.0,4.2,24.0,8.4,15.6
815,100494,20260604,1912,3,25,2,2,2,8.5,3.2,17.0,6.4,10.6
816,100495,20260403,852,2,6,4,3,1,5.0,2.1,5.0,2.1,2.9
817,100496,20260718,1816,1,18,2,4,1,5.0,1.8,5.0,1.8,3.2
818,100496,20260718,1816,1,3,2,4,1,3.8,1.5,3.8,1.5,2.3
819,100497,20260320,1752,4,13,2,2,2,12.5,4.3,25.0,8.6,16.4
820,100498,20260328,814,4,4,2,1,1,4.5,1.9,4.5,1.9,2.6
821,100499,20260816,824,4,20,2,1,1,6.5,2.4,6.5,2.4,4.1
822,100499,20260816,824,4,4,2,1,1,4.5,1.9,4.5,1.9,2.6
823,100499,20260816,824,4,5,2,1,1,4.8,2.0,4.8,2.0,2.8
824,100500,20260321,1127,1,6,1,1,1,5.0,2.1,5.0,2.1,2.9
825,100500,20260321,1127,1,22,1,1,2,9.5,3.6,19.0,7.2,11.8
826,100500,20260321,1127,1,2,1,1,1,4.0,1.6,4.0,1.6,2.4
827,100501,20260417,2019,2,16,3,1,1,11.5,4.1,11.5,4.1,7.4
828,100501,20260417,2019,2,12,3,1,1,12.0,4.2,12.0,4.2,7.8
829,100502,20260413,1734,1,8,1,2,2,8.5,3.2,17.0,6.4,10.6
830,100502,20260413,1734,1,24,1,2,1,8.0,3.0,8.0,3.0,5.0
831,100503,20260712,1051,2,4,1,3,1,4.5,1.9,4.5,1.9,2.6
832,100503,20260712,1051,2,24,1,3,1,8.0,3.0,8.0,3.0,5.0
833,100503,20260712,1051,2,25,1,3,2,8.5,3.2,17.0,6.4,10.6
834,100504,20260615,1730,2,25,4,1,2,8.5,3.2,17.0,6.4,10.6
835,100504,20260615,1730,2,5,4,1,1,4.8,2.0,4.8,2.0,2.8
836,100505,20260716,1028,2,21,1,4,1,9.0,3.2,9.0,3.2,5.8
837,100505,20260716,1028,2,6,1,4,1,5.0,2.1,5.0,2.1,2.9
838,100506,20260328,1708,4,18,2,3,1,5.0,1.8,5.0,1.8,3.2
839,100506,20260328,1708,4,15,2,3,1,11.0,4.0,11.0,4.0,7.0
840,100507,20260828,1843,2,6,1,2,2,5.0,2.1,10.0,4.2,5.8
841,100507,20260828,1843,2,7,1,2,1,4.3,1.8,4.3,1.8,2.5
842,100508,20260627,1219,3,6,1,3,1,5.0,2.1,5.0,2.1,2.9
843,100509,20260520,721,4,12,4,1,1,12.0,4.2,12.0,4.2,7.8
844,100509,20260520,721,4,1,4,1,1,3.5,1.4,3.5,1.4,2.1
845,100509,20260520,721,4,25,4,1,1,8.5,3.2,8.5,3.2,5.3
846,100510,20260504,825,3,6,3,1,1,5.0,2.1,5.0,2.1,2.9
847,100510,20260504,825,3,18,3,1,1,5.0,1.8,5.0,1.8,3.2
848,100510,20260504,825,3,17,3,1,1,4.5,1.6,4.5,1.6,2.9
849,100511,20260621,812,1,5,2,1,1,4.8,2.0,4.8,2.0,2.8
850,100512,20260512,1026,3,1,2,1,1,3.5,1.4,3.5,1.4,2.1
851,100513,20260404,1107,4,12,1,3,1,12.0,4.2,12.0,4.2,7.8
852,100513,20260404,1107,4,25,1,3,1,8.5,3.2,8.5,3.2,5.3
853,100514,20260329,1736,4,22,3,4,2,9.5,3.6,19.0,7.2,11.8
854,100514,20260329,1736,4,9,3,4,1,9.0,3.4,9.0,3.4,5.6
855,100514,20260329,1736,4,14,3,4,2,13.5,4.6,27.0,9.2,17.8
856,100515,20260618,905,4,4,2,2,1,4.5,1.9,4.5,1.9,2.6
857,100515,20260618,905,4,3,2,2,1,3.8,1.5,3.8,1.5,2.3
858,100516,20260512,846,1,5,1,1,2,4.8,2.0,9.6,4.0,5.6
859,100516,20260512,846,1,13,1,1,1,12.5,4.3,12.5,4.3,8.2
860,100516,20260512,846,1,20,1,1,1,6.5,2.4,6.5,2.4,4.1
861,100517,20260804,1341,3,21,3,1,1,9.0,3.2,9.0,3.2,5.8
862,100518,20260529,1837,1,14,2,3,1,13.5,4.6,13.5,4.6,8.9
863,100519,20260910,2109,1,5,2,1,1,4.8,2.0,4.8,2.0,2.8
864,100520,20260416,2020,3,7,1,3,1,4.3,1.8,4.3,1.8,2.5
865,100521,20260905,913,4,5,1,1,1,4.8,2.0,4.8,2.0,2.8
866,100522,20260515,1010,2,25,1,2,1,8.5,3.2,8.5,3.2,5.3
867,100522,20260515,1010,2,5,1,2,1,4.8,2.0,4.8,2.0,2.8
868,100522,20260515,1010,2,19,1,2,2,5.5,2.0,11.0,4.0,7.0
869,100523,20260620,1914,1,19,1,1,1,5.5,2.0,5.5,2.0,3.5
870,100523,20260620,1914,1,20,1,1,1,6.5,2.4,6.5,2.4,4.1
871,100524,20260708,1732,1,12,1,4,1,12.0,4.2,12.0,4.2,7.8
872,100525,20260912,1730,4,14,1,1,2,13.5,4.6,27.0,9.2,17.8
873,100526,20260522,1731,1,11,4,2,1,10.5,3.8,10.5,3.8,6.7
874,100526,20260522,1731,1,23,4,2,1,9.0,3.4,9.0,3.4,5.6
875,100527,20260716,927,4,20,2,1,1,6.5,2.4,6.5,2.4,4.1
876,100528,20260613,1750,4,7,1,1,1,4.3,1.8,4.3,1.8,2.5
877,100528,20260613,1750,4,11,1,1,1,10.5,3.8,10.5,3.8,6.7
878,100529,20260316,905,1,3,1,4,2,3.8,1.5,7.6,3.0,4.6
879,100530,20260526,1047,1,4,1,1,1,4.5,1.9,4.5,1.9,2.6
880,100530,20260526,1047,1,13,1,1,1,12.5,4.3,12.5,4.3,8.2
881,100531,20260801,739,2,3,1,1,1,3.8,1.5,3.8,1.5,2.3
882,100531,20260801,739,2,4,1,1,2,4.5,1.9,9.0,3.8,5.2
883,100532,20260801,1238,1,1,1,1,1,3.5,1.4,3.5,1.4,2.1
884,100533,20260514,1721,3,8,2,2,1,8.5,3.2,8.5,3.2,5.3
885,100534,20260429,2151,1,1,1,1,1,3.5,1.4,3.5,1.4,2.1
886,100535,20260703,1656,2,14,1,4,1,13.5,4.6,13.5,4.6,8.9
887,100535,20260703,1656,2,12,1,4,1,12.0,4.2,12.0,4.2,7.8
888,100536,20260318,825,2,7,2,4,1,4.3,1.8,4.3,1.8,2.5
889,100537,20260320,1838,4,2,2,1,1,4.0,1.6,4.0,1.6,2.4
890,100538,20260610,1004,1,20,1,2,1,6.5,2.4,6.5,2.4,4.1
891,100539,20260418,1054,2,18,1,2,1,5.0,1.8,5.0,1.8,3.2
892,100539,20260418,1054,2,13,1,2,1,12.5,4.3,12.5,4.3,8.2
893,100540,20260806,1835,2,12,1,1,1,12.0,4.2,12.0,4.2,7.8
894,100540,20260806,1835,2,19,1,1,1,5.5,2.0,5.5,2.0,3.5
895,100540,20260806,1835,2,15,1,1,1,11.0,4.0,11.0,4.0,7.0
896,100541,20260802,1308,4,8,1,2,1,8.5,3.2,8.5,3.2,5.3
897,100542,20260615,908,2,21,2,1,1,9.0,3.2,9.0,3.2,5.8
898,100543,20260906,1810,4,16,1,3,1,11.5,4.1,11.5,4.1,7.4
899,100544,20260622,1317,1,16,1,1,2,11.5,4.1,23.0,8.2,14.8
900,100544,20260622,1317,1,18,1,1,1,5.0,1.8,5.0,1.8,3.2
901,100545,20260610,1708,4,15,2,2,1,11.0,4.0,11.0,4.0,7.0
902,100546,20260531,924,2,19,2,2,1,5.5,2.0,5.5,2.0,3.5
903,100547,20260719,1638,4,2,2,1,1,4.0,1.6,4.0,1.6,2.4
904,100547,20260719,1638,4,18,2,1,1,5.0,1.8,5.0,1.8,3.2
905,100548,20260620,1711,4,25,1,1,1,8.5,3.2,8.5,3.2,5.3
906,100548,20260620,1711,4,16,1,1,1,11.5,4.1,11.5,4.1,7.4
907,100549,20260906,707,1,20,4,4,1,6.5,2.4,6.5,2.4,4.1
908,100549,20260906,707,1,18,4,4,2,5.0,1.8,10.0,3.6,6.4
909,100550,20260507,1044,2,8,1,1,1,8.5,3.2,8.5,3.2,5.3
910,100550,20260507,1044,2,11,1,1,1,10.5,3.8,10.5,3.8,6.7
911,100550,20260507,1044,2,13,1,1,1,12.5,4.3,12.5,4.3,8.2
912,100551,20260414,1403,4,9,1,2,1,9.0,3.4,9.0,3.4,5.6
913,100552,20260529,1643,1,16,1,1,1,11.5,4.1,11.5,4.1,7.4
914,100552,20260529,1643,1,18,1,1,1,5.0,1.8,5.0,1.8,3.2
915,100552,20260529,1643,1,8,1,1,1,8.5,3.2,8.5,3.2,5.3
916,100553,20260804,1838,1,16,2,4,1,11.5,4.1,11.5,4.1,7.4
917,100553,20260804,1838,1,12,2,4,1,12.0,4.2,12.0,4.2,7.8
918,100553,20260804,1838,1,6,2,4,1,5.0,2.1,5.0,2.1,2.9
919,100554,20260824,939,2,1,3,1,1,3.5,1.4,3.5,1.4,2.1
920,100554,20260824,939,2,18,3,1,1,5.0,1.8,5.0,1.8,3.2
921,100555,20260517,1522,3,5,2,1,2,4.8,2.0,9.6,4.0,5.6
922,100555,20260517,1522,3,14,2,1,2,13.5,4.6,27.0,9.2,17.8
923,100555,20260517,1522,3,23,2,1,1,9.0,3.4,9.0,3.4,5.6
924,100556,20260403,1846,3,19,2,4,1,5.5,2.0,5.5,2.0,3.5
925,100556,20260403,1846,3,11,2,4,1,10.5,3.8,10.5,3.8,6.7
926,100557,20260905,1442,4,13,1,1,1,12.5,4.3,12.5,4.3,8.2
927,100558,20260423,927,2,3,2,1,2,3.8,1.5,7.6,3.0,4.6
928,100559,20260316,1911,4,8,1,4,1,8.5,3.2,8.5,3.2,5.3
929,100560,20260321,913,2,18,1,2,2,5.0,1.8,10.0,3.6,6.4
930,100561,20260526,1733,2,16,1,3,1,11.5,4.1,11.5,4.1,7.4
931,100561,20260526,1733,2,23,1,3,2,9.0,3.4,18.0,6.8,11.2
932,100562,20260814,1032,1,8,1,1,1,8.5,3.2,8.5,3.2,5.3
933,100562,20260814,1032,1,19,1,1,2,5.5,2.0,11.0,4.0,7.0
934,100563,20260614,1025,3,20,1,1,1,6.5,2.4,6.5,2.4,4.1
935,100563,20260614,1025,3,5,1,1,1,4.8,2.0,4.8,2.0,2.8
936,100563,20260614,1025,3,1,1,1,1,3.5,1.4,3.5,1.4,2.1
937,100564,20260325,1512,2,3,1,1,1,3.8,1.5,3.8,1.5,2.3
938,100565,20260907,1850,1,7,1,1,1,4.3,1.8,4.3,1.8,2.5
939,100566,20260809,1822,1,10,1,2,1,8.0,3.0,8.0,3.0,5.0
940,100567,20260804,1052,1,13,1,3,1,12.5,4.3,12.5,4.3,8.2
941,100567,20260804,1052,1,21,1,3,1,9.0,3.2,9.0,3.2,5.8
942,100568,20260603,1213,1,17,1,1,1,4.5,1.6,4.5,1.6,2.9
943,100569,20260816,1227,3,15,1,1,1,11.0,4.0,11.0,4.0,7.0
944,100570,20260427,1706,2,14,2,4,1,13.5,4.6,13.5,4.6,8.9
945,100571,20260904,809,2,10,3,2,2,8.0,3.0,16.0,6.0,10.0
946,100572,20260713,1258,1,13,1,4,1,12.5,4.3,12.5,4.3,8.2
947,100573,20260812,1853,3,13,2,1,2,12.5,4.3,25.0,8.6,16.4
948,100574,20260626,905,4,19,1,4,1,5.5,2.0,5.5,2.0,3.5
949,100574,20260626,905,4,5,1,4,1,4.8,2.0,4.8,2.0,2.8
950,100575,20260504,1840,4,10,1,2,1,8.0,3.0,8.0,3.0,5.0
951,100576,20260801,1657,3,22,2,3,1,9.5,3.6,9.5,3.6,5.9
952,100576,20260801,1657,3,19,2,3,1,5.5,2.0,5.5,2.0,3.5
953,100577,20260728,843,4,17,2,3,1,4.5,1.6,4.5,1.6,2.9
954,100577,20260728,843,4,1,2,3,1,3.5,1.4,3.5,1.4,2.1
955,100578,20260422,902,4,18,2,1,1,5.0,1.8,5.0,1.8,3.2
956,100579,20260811,1002,1,4,4,3,2,4.5,1.9,9.0,3.8,5.2
957,100579,20260811,1002,1,1,4,3,1,3.5,1.4,3.5,1.4,2.1
958,100580,20260618,1312,1,20,2,2,1,6.5,2.4,6.5,2.4,4.1
959,100580,20260618,1312,1,3,2,2,1,3.8,1.5,3.8,1.5,2.3
960,100581,20260725,1714,2,14,2,3,1,13.5,4.6,13.5,4.6,8.9
961,100581,20260725,1714,2,9,2,3,1,9.0,3.4,9.0,3.4,5.6
962,100582,20260626,811,1,9,2,1,1,9.0,3.4,9.0,3.4,5.6
963,100582,20260626,811,1,6,2,1,1,5.0,2.1,5.0,2.1,2.9
964,100582,20260626,811,1,4,2,1,1,4.5,1.9,4.5,1.9,2.6
965,100583,20260404,1555,1,16,1,3,1,11.5,4.1,11.5,4.1,7.4
966,100583,20260404,1555,1,10,1,3,1,8.0,3.0,8.0,3.0,5.0
967,100584,20260512,2100,1,8,1,1,2,8.5,3.2,17.0,6.4,10.6
968,100585,20260508,1115,4,22,1,2,1,9.5,3.6,9.5,3.6,5.9
969,100585,20260508,1115,4,7,1,2,1,4.3,1.8,4.3,1.8,2.5
970,100586,20260825,1803,2,18,1,3,1,5.0,1.8,5.0,1.8,3.2
971,100586,20260825,1803,2,20,1,3,1,6.5,2.4,6.5,2.4,4.1
972,100587,20260708,1850,4,7,1,1,1,4.3,1.8,4.3,1.8,2.5
973,100588,20260618,1812,2,10,1,1,2,8.0,3.0,16.0,6.0,10.0
974,100589,20260620,1611,2,22,1,1,1,9.5,3.6,9.5,3.6,5.9
975,100589,20260620,1611,2,13,1,1,1,12.5,4.3,12.5,4.3,8.2
976,100590,20260723,1956,1,20,1,2,1,6.5,2.4,6.5,2.4,4.1
977,100591,20260611,1702,2,16,4,1,1,11.5,4.1,11.5,4.1,7.4
978,100591,20260611,1702,2,15,4,1,2,11.0,4.0,22.0,8.0,14.0
979,100592,20260704,1721,2,14,2,4,1,13.5,4.6,13.5,4.6,8.9
980,100592,20260704,1721,2,16,2,4,1,11.5,4.1,11.5,4.1,7.4
981,100593,20260426,1824,2,4,1,1,1,4.5,1.9,4.5,1.9,2.6
982,100594,20260906,1832,4,17,4,1,1,4.5,1.6,4.5,1.6,2.9
983,100594,20260906,1832,4,12,4,1,1,12.0,4.2,12.0,4.2,7.8
984,100595,20260719,1822,3,8,4,4,1,8.5,3.2,8.5,3.2,5.3
985,100596,20260620,1002,4,6,1,4,2,5.0,2.1,10.0,4.2,5.8
986,100596,20260620,1002,4,7,1,4,1,4.3,1.8,4.3,1.8,2.5
987,100596,20260620,1002,4,5,1,4,1,4.8,2.0,4.8,2.0,2.8
988,100597,20260418,1003,2,20,1,3,1,6.5,2.4,6.5,2.4,4.1
989,100597,20260418,1003,2,2,1,3,1,4.0,1.6,4.0,1.6,2.4
990,100598,20260515,918,3,1,2,2,1,3.5,1.4,3.5,1.4,2.1
991,100598,20260515,918,3,18,2,2,2,5.0,1.8,10.0,3.6,6.4
992,100598,20260515,918,3,19,2,2,1,5.5,2.0,5.5,2.0,3.5
993,100599,20260903,1844,3,17,1,3,1,4.5,1.6,4.5,1.6,2.9
994,100599,20260903,1844,3,16,1,3,1,11.5,4.1,11.5,4.1,7.4
995,100600,20260501,1054,1,21,2,1,1,9.0,3.2,9.0,3.2,5.8
996,100601,20260625,1913,3,14,2,2,1,13.5,4.6,13.5,4.6,8.9
997,100601,20260625,1913,3,25,2,2,1,8.5,3.2,8.5,3.2,5.3
998,100601,20260625,1913,3,23,2,2,1,9.0,3.4,9.0,3.4,5.6
999,100602,20260604,1747,2,16,2,1,1,11.5,4.1,11.5,4.1,7.4
1000,100602,20260604,1747,2,15,2,1,1,11.0,4.0,11.0,4.0,7.0
1001,100602,20260604,1747,2,19,2,1,1,5.5,2.0,5.5,2.0,3.5
1002,100603,20260630,918,3,17,1,1,1,4.5,1.6,4.5,1.6,2.9
1003,100603,20260630,918,3,17,1,1,2,4.5,1.6,9.0,3.2,5.8
1004,100604,20260329,1815,2,2,2,3,1,4.0,1.6,4.0,1.6,2.4
1005,100604,20260329,1815,2,13,2,3,1,12.5,4.3,12.5,4.3,8.2
1006,100604,20260329,1815,2,12,2,3,1,12.0,4.2,12.0,4.2,7.8
1007,100605,20260612,756,3,2,2,1,1,4.0,1.6,4.0,1.6,2.4
1008,100606,20260412,1726,3,15,1,1,2,11.0,4.0,22.0,8.0,14.0
1009,100607,20260805,1011,4,5,2,1,1,4.8,2.0,4.8,2.0,2.8
1010,100607,20260805,1011,4,17,2,1,1,4.5,1.6,4.5,1.6,2.9
1011,100608,20260524,1746,1,15,1,4,1,11.0,4.0,11.0,4.0,7.0
1012,100608,20260524,1746,1,11,1,4,1,10.5,3.8,10.5,3.8,6.7
1013,100609,20260318,1756,2,23,4,4,1,9.0,3.4,9.0,3.4,5.6
1014,100609,20260318,1756,2,12,4,4,1,12.0,4.2,12.0,4.2,7.8
1015,100609,20260318,1756,2,1,4,4,1,3.5,1.4,3.5,1.4,2.1
1016,100610,20260316,1804,1,8,1,1,1,8.5,3.2,8.5,3.2,5.3
1017,100611,20260614,1244,4,10,1,1,1,8.0,3.0,8.0,3.0,5.0
1018,100611,20260614,1244,4,11,1,1,1,10.5,3.8,10.5,3.8,6.7
1019,100612,20260620,1203,2,3,4,2,1,3.8,1.5,3.8,1.5,2.3
1020,100612,20260620,1203,2,20,4,2,1,6.5,2.4,6.5,2.4,4.1
1021,100613,20260530,1300,3,1,1,2,1,3.5,1.4,3.5,1.4,2.1
1022,100613,20260530,1300,3,5,1,2,1,4.8,2.0,4.8,2.0,2.8
1023,100614,20260516,1024,4,6,2,1,1,5.0,2.1,5.0,2.1,2.9
1024,100615,20260714,1744,1,12,2,2,1,12.0,4.2,12.0,4.2,7.8
1025,100616,20260413,955,1,1,1,4,1,3.5,1.4,3.5,1.4,2.1
1026,100617,20260803,1721,2,1,2,1,1,3.5,1.4,3.5,1.4,2.1
1027,100617,20260803,1721,2,22,2,1,1,9.5,3.6,9.5,3.6,5.9
1028,100618,20260323,1718,3,13,1,4,2,12.5,4.3,25.0,8.6,16.4
1029,100619,20260719,1929,3,11,1,1,1,10.5,3.8,10.5,3.8,6.7
1030,100620,20260721,841,3,5,1,1,1,4.8,2.0,4.8,2.0,2.8
1031,100620,20260721,841,3,7,1,1,2,4.3,1.8,8.6,3.6,5.0
1032,100620,20260721,841,3,3,1,1,1,3.8,1.5,3.8,1.5,2.3
1033,100621,20260626,1942,1,6,2,2,1,5.0,2.1,5.0,2.1,2.9
1034,100621,20260626,1942,1,5,2,2,1,4.8,2.0,4.8,2.0,2.8
1035,100622,20260721,1154,1,5,2,1,1,4.8,2.0,4.8,2.0,2.8
1036,100622,20260721,1154,1,1,2,1,1,3.5,1.4,3.5,1.4,2.1
1037,100622,20260721,1154,1,5,2,1,1,4.8,2.0,4.8,2.0,2.8
1038,100623,20260526,1847,2,9,1,3,1,9.0,3.4,9.0,3.4,5.6
1039,100623,20260526,1847,2,5,1,3,1,4.8,2.0,4.8,2.0,2.8
1040,100624,20260418,1853,1,12,1,1,1,12.0,4.2,12.0,4.2,7.8
1041,100625,20260724,1756,1,13,2,4,1,12.5,4.3,12.5,4.3,8.2
1042,100626,20260704,1733,1,6,2,1,1,5.0,2.1,5.0,2.1,2.9
1043,100627,20260716,1713,4,17,2,4,1,4.5,1.6,4.5,1.6,2.9
1044,100628,20260329,823,3,17,1,4,1,4.5,1.6,4.5,1.6,2.9
1045,100628,20260329,823,3,17,1,4,1,4.5,1.6,4.5,1.6,2.9
1046,100629,20260516,916,2,25,1,2,1,8.5,3.2,8.5,3.2,5.3
1047,100629,20260516,916,2,6,1,2,1,5.0,2.1,5.0,2.1,2.9
1048,100630,20260711,804,1,3,2,1,1,3.8,1.5,3.8,1.5,2.3
1049,100630,20260711,804,1,5,2,1,1,4.8,2.0,4.8,2.0,2.8
1050,100631,20260602,1021,1,17,1,2,2,4.5,1.6,9.0,3.2,5.8
1051,100632,20260721,1652,2,8,1,2,1,8.5,3.2,8.5,3.2,5.3
1052,100632,20260721,1652,2,13,1,2,1,12.5,4.3,12.5,4.3,8.2
1053,100633,20260318,1907,1,24,2,3,1,8.0,3.0,8.0,3.0,5.0
1054,100633,20260318,1907,1,19,2,3,1,5.5,2.0,5.5,2.0,3.5
1055,100633,20260318,1907,1,7,2,3,2,4.3,1.8,8.6,3.6,5.0
1056,100634,20260611,827,2,10,1,1,1,8.0,3.0,8.0,3.0,5.0
1057,100634,20260611,827,2,17,1,1,1,4.5,1.6,4.5,1.6,2.9
1058,100635,20260629,914,1,21,1,1,1,9.0,3.2,9.0,3.2,5.8
1059,100635,20260629,914,1,21,1,1,1,9.0,3.2,9.0,3.2,5.8
1060,100636,20260417,1632,1,16,4,1,2,11.5,4.1,23.0,8.2,14.8
1061,100636,20260417,1632,1,15,4,1,1,11.0,4.0,11.0,4.0,7.0
1062,100637,20260908,1916,3,5,1,3,1,4.8,2.0,4.8,2.0,2.8
1063,100638,20260423,802,2,14,3,1,1,13.5,4.6,13.5,4.6,8.9
1064,100638,20260423,802,2,6,3,1,1,5.0,2.1,5.0,2.1,2.9
1065,100639,20260813,1729,1,1,2,1,1,3.5,1.4,3.5,1.4,2.1
1066,100640,20260901,1546,2,18,1,2,1,5.0,1.8,5.0,1.8,3.2
1067,100641,20260803,1852,1,4,2,2,1,4.5,1.9,4.5,1.9,2.6
1068,100641,20260803,1852,1,23,2,2,1,9.0,3.4,9.0,3.4,5.6
1069,100642,20260612,1839,4,15,1,3,1,11.0,4.0,11.0,4.0,7.0
1070,100642,20260612,1839,4,11,1,3,2,10.5,3.8,21.0,7.6,13.4
1071,100643,20260815,902,3,19,1,1,1,5.5,2.0,5.5,2.0,3.5
1072,100643,20260815,902,3,20,1,1,1,6.5,2.4,6.5,2.4,4.1
1073,100644,20260801,1905,3,4,1,4,1,4.5,1.9,4.5,1.9,2.6
1074,100644,20260801,1905,3,13,1,4,2,12.5,4.3,25.0,8.6,16.4
1075,100645,20260713,1727,1,15,3,4,1,11.0,4.0,11.0,4.0,7.0
1076,100645,20260713,1727,1,25,3,4,1,8.5,3.2,8.5,3.2,5.3
1077,100645,20260713,1727,1,16,3,4,2,11.5,4.1,23.0,8.2,14.8
1078,100646,20260721,1332,2,18,1,1,1,5.0,1.8,5.0,1.8,3.2
1079,100647,20260406,1658,3,11,1,2,1,10.5,3.8,10.5,3.8,6.7
1080,100647,20260406,1658,3,12,1,2,1,12.0,4.2,12.0,4.2,7.8
1081,100647,20260406,1658,3,24,1,2,1,8.0,3.0,8.0,3.0,5.0
1082,100648,20260614,804,3,2,1,2,1,4.0,1.6,4.0,1.6,2.4
1083,100648,20260614,804,3,3,1,2,2,3.8,1.5,7.6,3.0,4.6
1084,100649,20260706,2114,2,11,1,2,1,10.5,3.8,10.5,3.8,6.7
1085,100650,20260613,835,1,21,2,1,2,9.0,3.2,18.0,6.4,11.6
1086,100651,20260725,824,4,21,2,1,1,9.0,3.2,9.0,3.2,5.8
1087,100651,20260725,824,4,6,2,1,1,5.0,2.1,5.0,2.1,2.9
1088,100652,20260507,1918,4,19,1,2,1,5.5,2.0,5.5,2.0,3.5
1089,100652,20260507,1918,4,13,1,2,1,12.5,4.3,12.5,4.3,8.2
1090,100652,20260507,1918,4,15,1,2,1,11.0,4.0,11.0,4.0,7.0
1091,100653,20260517,1425,2,4,1,1,1,4.5,1.9,4.5,1.9,2.6
1092,100653,20260517,1425,2,12,1,1,1,12.0,4.2,12.0,4.2,7.8
1093,100654,20260613,1848,4,15,1,1,1,11.0,4.0,11.0,4.0,7.0
1094,100654,20260613,1848,4,8,1,1,1,8.5,3.2,8.5,3.2,5.3
1095,100655,20260908,1750,3,19,1,3,1,5.5,2.0,5.5,2.0,3.5
1096,100655,20260908,1750,3,14,1,3,1,13.5,4.6,13.5,4.6,8.9
1097,100656,20260908,959,1,3,2,1,2,3.8,1.5,7.6,3.0,4.6
1098,100656,20260908,959,1,2,2,1,1,4.0,1.6,4.0,1.6,2.4
1099,100657,20260815,1006,2,5,1,1,2,4.8,2.0,9.6,4.0,5.6
1100,100658,20260319,1739,1,2,1,1,1,4.0,1.6,4.0,1.6,2.4
1101,100658,20260319,1739,1,9,1,1,1,9.0,3.4,9.0,3.4,5.6
1102,100658,20260319,1739,1,11,1,1,1,10.5,3.8,10.5,3.8,6.7
1103,100659,20260814,1119,2,19,1,1,1,5.5,2.0,5.5,2.0,3.5
1104,100659,20260814,1119,2,4,1,1,1,4.5,1.9,4.5,1.9,2.6
1105,100659,20260814,1119,2,15,1,1,1,11.0,4.0,11.0,4.0,7.0
1106,100660,20260829,1835,1,23,1,4,1,9.0,3.4,9.0,3.4,5.6
1107,100660,20260829,1835,1,11,1,4,1,10.5,3.8,10.5,3.8,6.7
1108,100661,20260425,1742,1,3,1,3,1,3.8,1.5,3.8,1.5,2.3
1109,100661,20260425,1742,1,8,1,3,1,8.5,3.2,8.5,3.2,5.3
1110,100661,20260425,1742,1,7,1,3,1,4.3,1.8,4.3,1.8,2.5
1111,100662,20260729,2041,2,5,4,3,1,4.8,2.0,4.8,2.0,2.8
1112,100662,20260729,2041,2,18,4,3,1,5.0,1.8,5.0,1.8,3.2
1113,100662,20260729,2041,2,8,4,3,1,8.5,3.2,8.5,3.2,5.3
1114,100663,20260515,1309,2,25,2,1,1,8.5,3.2,8.5,3.2,5.3
1115,100664,20260914,1414,1,19,2,1,1,5.5,2.0,5.5,2.0,3.5
1116,100664,20260914,1414,1,2,2,1,1,4.0,1.6,4.0,1.6,2.4
1117,100665,20260810,1338,4,9,1,3,1,9.0,3.4,9.0,3.4,5.6
1118,100666,20260526,1833,2,12,1,1,1,12.0,4.2,12.0,4.2,7.8
1119,100666,20260526,1833,2,8,1,1,1,8.5,3.2,8.5,3.2,5.3
1120,100666,20260526,1833,2,13,1,1,2,12.5,4.3,25.0,8.6,16.4
1121,100667,20260716,2135,3,1,1,2,1,3.5,1.4,3.5,1.4,2.1
1122,100668,20260502,956,3,13,1,4,1,12.5,4.3,12.5,4.3,8.2
1123,100669,20260410,1645,1,2,1,2,1,4.0,1.6,4.0,1.6,2.4
1124,100670,20260628,1850,4,9,2,1,1,9.0,3.4,9.0,3.4,5.6
1125,100671,20260429,812,4,7,4,1,1,4.3,1.8,4.3,1.8,2.5
1126,100671,20260429,812,4,6,4,1,1,5.0,2.1,5.0,2.1,2.9
1127,100672,20260729,1028,4,20,1,1,1,6.5,2.4,6.5,2.4,4.1
1128,100672,20260729,1028,4,19,1,1,1,5.5,2.0,5.5,2.0,3.5
1129,100673,20260820,940,4,1,4,2,1,3.5,1.4,3.5,1.4,2.1
1130,100674,20260821,809,3,18,1,3,2,5.0,1.8,10.0,3.6,6.4
1131,100675,20260702,1834,4,9,1,1,1,9.0,3.4,9.0,3.4,5.6
1132,100676,20260609,852,3,6,1,1,1,5.0,2.1,5.0,2.1,2.9
1133,100676,20260609,852,3,2,1,1,1,4.0,1.6,4.0,1.6,2.4
1134,100677,20260901,1649,3,22,1,4,1,9.5,3.6,9.5,3.6,5.9
1135,100678,20260819,1012,1,20,3,1,2,6.5,2.4,13.0,4.8,8.2
1136,100679,20260809,858,4,17,1,2,1,4.5,1.6,4.5,1.6,2.9
1137,100680,20260325,1637,1,23,1,4,2,9.0,3.4,18.0,6.8,11.2
1138,100681,20260730,1857,2,10,1,3,1,8.0,3.0,8.0,3.0,5.0
1139,100682,20260316,843,3,19,1,1,1,5.5,2.0,5.5,2.0,3.5
1140,100683,20260424,1129,2,21,1,4,1,9.0,3.2,9.0,3.2,5.8
1141,100683,20260424,1129,2,3,1,4,1,3.8,1.5,3.8,1.5,2.3
1142,100684,20260913,1730,4,14,2,4,1,13.5,4.6,13.5,4.6,8.9
1143,100684,20260913,1730,4,7,2,4,1,4.3,1.8,4.3,1.8,2.5
1144,100685,20260315,951,3,1,3,1,1,3.5,1.4,3.5,1.4,2.1
1145,100686,20260905,1653,1,4,1,2,1,4.5,1.9,4.5,1.9,2.6
1146,100686,20260905,1653,1,11,1,2,1,10.5,3.8,10.5,3.8,6.7
1147,100686,20260905,1653,1,6,1,2,1,5.0,2.1,5.0,2.1,2.9
1148,100687,20260522,1840,2,12,1,3,1,12.0,4.2,12.0,4.2,7.8
1149,100687,20260522,1840,2,11,1,3,1,10.5,3.8,10.5,3.8,6.7
1150,100688,20260526,1134,2,17,2,1,1,4.5,1.6,4.5,1.6,2.9
1151,100689,20260422,1814,2,19,1,1,1,5.5,2.0,5.5,2.0,3.5
1152,100690,20260823,1856,2,10,1,1,1,8.0,3.0,8.0,3.0,5.0
1153,100690,20260823,1856,2,11,1,1,1,10.5,3.8,10.5,3.8,6.7
1154,100691,20260701,1110,2,14,1,2,2,13.5,4.6,27.0,9.2,17.8
1155,100691,20260701,1110,2,12,1,2,1,12.0,4.2,12.0,4.2,7.8
1156,100692,20260316,1747,2,7,1,4,1,4.3,1.8,4.3,1.8,2.5
1157,100692,20260316,1747,2,11,1,4,1,10.5,3.8,10.5,3.8,6.7
1158,100693,20260327,911,2,4,2,1,1,4.5,1.9,4.5,1.9,2.6
1159,100694,20260412,1750,3,6,1,3,1,5.0,2.1,5.0,2.1,2.9
1160,100695,20260403,2043,1,21,4,1,1,9.0,3.2,9.0,3.2,5.8
1161,100695,20260403,2043,1,19,4,1,2,5.5,2.0,11.0,4.0,7.0
1162,100696,20260507,852,4,4,3,2,1,4.5,1.9,4.5,1.9,2.6
1163,100696,20260507,852,4,4,3,2,1,4.5,1.9,4.5,1.9,2.6
1164,100696,20260507,852,4,24,3,2,1,8.0,3.0,8.0,3.0,5.0
1165,100697,20260330,2044,1,3,1,2,1,3.8,1.5,3.8,1.5,2.3
1166,100698,20260605,1620,1,13,1,4,1,12.5,4.3,12.5,4.3,8.2
1167,100699,20260501,916,3,6,1,3,1,5.0,2.1,5.0,2.1,2.9
1168,100699,20260501,916,3,10,1,3,1,8.0,3.0,8.0,3.0,5.0
1169,100700,20260902,905,1,7,2,1,1,4.3,1.8,4.3,1.8,2.5
1170,100701,20260711,1331,4,11,1,2,1,10.5,3.8,10.5,3.8,6.7
1171,100702,20260321,1017,3,16,4,1,2,11.5,4.1,23.0,8.2,14.8
1172,100703,20260829,1952,4,2,3,1,2,4.0,1.6,8.0,3.2,4.8
1173,100703,20260829,1952,4,25,3,1,1,8.5,3.2,8.5,3.2,5.3
1174,100703,20260829,1952,4,21,3,1,1,9.0,3.2,9.0,3.2,5.8
1175,100704,20260519,1907,1,11,2,1,2,10.5,3.8,21.0,7.6,13.4
1176,100704,20260519,1907,1,17,2,1,1,4.5,1.6,4.5,1.6,2.9
1177,100705,20260801,1636,2,3,2,2,1,3.8,1.5,3.8,1.5,2.3
1178,100705,20260801,1636,2,14,2,2,1,13.5,4.6,13.5,4.6,8.9
1179,100705,20260801,1636,2,24,2,2,1,8.0,3.0,8.0,3.0,5.0
1180,100706,20260324,1951,3,14,2,3,1,13.5,4.6,13.5,4.6,8.9
1181,100707,20260826,803,4,20,2,1,1,6.5,2.4,6.5,2.4,4.1
1182,100708,20260814,739,1,17,1,1,1,4.5,1.6,4.5,1.6,2.9
1183,100708,20260814,739,1,25,1,1,2,8.5,3.2,17.0,6.4,10.6
1184,100709,20260501,849,4,20,1,1,1,6.5,2.4,6.5,2.4,4.1
1185,100710,20260821,854,3,3,1,1,1,3.8,1.5,3.8,1.5,2.3
1186,100711,20260712,939,1,1,1,1,1,3.5,1.4,3.5,1.4,2.1
1187,100711,20260712,939,1,6,1,1,1,5.0,2.1,5.0,2.1,2.9
1188,100712,20260604,1446,2,4,1,1,1,4.5,1.9,4.5,1.9,2.6
1189,100712,20260604,1446,2,6,1,1,1,5.0,2.1,5.0,2.1,2.9
1190,100713,20260913,824,1,6,4,1,1,5.0,2.1,5.0,2.1,2.9
1191,100714,20260608,1853,4,13,1,2,1,12.5,4.3,12.5,4.3,8.2
1192,100714,20260608,1853,4,20,1,2,2,6.5,2.4,13.0,4.8,8.2
1193,100715,20260616,1222,4,8,4,2,2,8.5,3.2,17.0,6.4,10.6
1194,100715,20260616,1222,4,3,4,2,1,3.8,1.5,3.8,1.5,2.3
1195,100715,20260616,1222,4,20,4,2,1,6.5,2.4,6.5,2.4,4.1
1196,100716,20260428,1703,1,1,1,3,1,3.5,1.4,3.5,1.4,2.1
1197,100716,20260428,1703,1,13,1,3,1,12.5,4.3,12.5,4.3,8.2
1198,100716,20260428,1703,1,16,1,3,1,11.5,4.1,11.5,4.1,7.4
1199,100717,20260828,1823,3,15,4,3,1,11.0,4.0,11.0,4.0,7.0
1200,100718,20260707,923,2,3,2,2,2,3.8,1.5,7.6,3.0,4.6
1201,100719,20260316,1256,1,6,3,1,1,5.0,2.1,5.0,2.1,2.9
1202,100719,20260316,1256,1,11,3,1,1,10.5,3.8,10.5,3.8,6.7
1203,100719,20260316,1256,1,22,3,1,1,9.5,3.6,9.5,3.6,5.9
1204,100720,20260816,726,3,18,1,1,1,5.0,1.8,5.0,1.8,3.2
1205,100720,20260816,726,3,11,1,1,1,10.5,3.8,10.5,3.8,6.7
1206,100721,20260601,922,3,18,1,1,2,5.0,1.8,10.0,3.6,6.4
1207,100722,20260828,1039,4,2,1,1,1,4.0,1.6,4.0,1.6,2.4
1208,100722,20260828,1039,4,8,1,1,1,8.5,3.2,8.5,3.2,5.3
1209,100722,20260828,1039,4,18,1,1,1,5.0,1.8,5.0,1.8,3.2
1210,100723,20260802,822,1,1,3,2,1,3.5,1.4,3.5,1.4,2.1
1211,100723,20260802,822,1,11,3,2,1,10.5,3.8,10.5,3.8,6.7
1212,100724,20260815,1023,2,17,1,1,1,4.5,1.6,4.5,1.6,2.9
1213,100725,20260904,2129,2,4,2,3,1,4.5,1.9,4.5,1.9,2.6
1214,100726,20260519,1947,3,25,1,2,1,8.5,3.2,8.5,3.2,5.3
1215,100727,20260802,822,4,3,2,1,1,3.8,1.5,3.8,1.5,2.3
1216,100727,20260802,822,4,17,2,1,2,4.5,1.6,9.0,3.2,5.8
1217,100727,20260802,822,4,5,2,1,1,4.8,2.0,4.8,2.0,2.8
1218,100728,20260820,1200,1,1,2,1,1,3.5,1.4,3.5,1.4,2.1
1219,100728,20260820,1200,1,4,2,1,1,4.5,1.9,4.5,1.9,2.6
1220,100729,20260424,1643,1,8,1,2,1,8.5,3.2,8.5,3.2,5.3
1221,100730,20260523,746,3,14,1,1,1,13.5,4.6,13.5,4.6,8.9
1222,100730,20260523,746,3,13,1,1,1,12.5,4.3,12.5,4.3,8.2
1223,100731,20260606,1902,2,15,2,4,1,11.0,4.0,11.0,4.0,7.0
1224,100732,20260717,832,3,7,2,2,1,4.3,1.8,4.3,1.8,2.5
1225,100733,20260329,1651,3,10,1,3,2,8.0,3.0,16.0,6.0,10.0
1226,100734,20260601,1043,4,25,1,1,1,8.5,3.2,8.5,3.2,5.3
1227,100735,20260827,1227,1,1,1,3,2,3.5,1.4,7.0,2.8,4.2
1228,100735,20260827,1227,1,21,1,3,1,9.0,3.2,9.0,3.2,5.8
1229,100736,20260716,804,1,6,1,2,1,5.0,2.1,5.0,2.1,2.9
1230,100736,20260716,804,1,3,1,2,1,3.8,1.5,3.8,1.5,2.3
1231,100736,20260716,804,1,1,1,2,1,3.5,1.4,3.5,1.4,2.1
1232,100737,20260517,1210,3,15,4,1,1,11.0,4.0,11.0,4.0,7.0
1233,100738,20260721,2154,2,5,3,1,1,4.8,2.0,4.8,2.0,2.8
1234,100739,20260315,1925,2,18,1,2,1,5.0,1.8,5.0,1.8,3.2
1235,100740,20260723,1448,4,5,1,2,1,4.8,2.0,4.8,2.0,2.8
1236,100741,20260806,1106,1,20,2,1,1,6.5,2.4,6.5,2.4,4.1
1237,100741,20260806,1106,1,14,2,1,2,13.5,4.6,27.0,9.2,17.8
1238,100742,20260417,1751,4,18,2,3,1,5.0,1.8,5.0,1.8,3.2
1239,100742,20260417,1751,4,14,2,3,1,13.5,4.6,13.5,4.6,8.9
1240,100743,20260402,1804,1,20,1,2,2,6.5,2.4,13.0,4.8,8.2
1241,100744,20260718,1830,1,9,3,1,2,9.0,3.4,18.0,6.8,11.2
1242,100744,20260718,1830,1,15,3,1,1,11.0,4.0,11.0,4.0,7.0
1243,100745,20260501,1922,1,20,1,1,1,6.5,2.4,6.5,2.4,4.1
1244,100745,20260501,1922,1,7,1,1,1,4.3,1.8,4.3,1.8,2.5
1245,100746,20260520,937,4,6,1,1,1,5.0,2.1,5.0,2.1,2.9
1246,100746,20260520,937,4,5,1,1,2,4.8,2.0,9.6,4.0,5.6
1247,100747,20260724,1904,2,12,2,2,1,12.0,4.2,12.0,4.2,7.8
1248,100747,20260724,1904,2,11,2,2,2,10.5,3.8,21.0,7.6,13.4
1249,100748,20260802,1246,1,14,1,1,1,13.5,4.6,13.5,4.6,8.9
1250,100748,20260802,1246,1,16,1,1,1,11.5,4.1,11.5,4.1,7.4
1251,100749,20260426,1914,1,11,1,1,1,10.5,3.8,10.5,3.8,6.7
1252,100749,20260426,1914,1,25,1,1,1,8.5,3.2,8.5,3.2,5.3
1253,100750,20260402,1308,3,17,1,1,1,4.5,1.6,4.5,1.6,2.9
1254,100750,20260402,1308,3,23,1,1,2,9.0,3.4,18.0,6.8,11.2
1255,100750,20260402,1308,3,8,1,1,1,8.5,3.2,8.5,3.2,5.3
1256,100751,20260703,1851,1,11,1,3,2,10.5,3.8,21.0,7.6,13.4
1257,100752,20260613,1641,2,5,1,2,1,4.8,2.0,4.8,2.0,2.8
1258,100752,20260613,1641,2,25,1,2,2,8.5,3.2,17.0,6.4,10.6
1259,100753,20260815,1924,2,23,2,3,1,9.0,3.4,9.0,3.4,5.6
1260,100754,20260322,951,1,5,3,1,1,4.8,2.0,4.8,2.0,2.8
1261,100754,20260322,951,1,18,3,1,1,5.0,1.8,5.0,1.8,3.2
1262,100755,20260627,953,2,7,1,2,1,4.3,1.8,4.3,1.8,2.5
1263,100756,20260424,2127,2,10,1,1,1,8.0,3.0,8.0,3.0,5.0
1264,100756,20260424,2127,2,18,1,1,1,5.0,1.8,5.0,1.8,3.2
1265,100756,20260424,2127,2,23,1,1,1,9.0,3.4,9.0,3.4,5.6
1266,100757,20260801,822,3,7,2,4,1,4.3,1.8,4.3,1.8,2.5
1267,100758,20260324,803,1,6,4,4,1,5.0,2.1,5.0,2.1,2.9
1268,100759,20260627,834,2,17,3,2,1,4.5,1.6,4.5,1.6,2.9
1269,100760,20260322,1317,4,3,3,2,1,3.8,1.5,3.8,1.5,2.3
1270,100760,20260322,1317,4,5,3,2,1,4.8,2.0,4.8,2.0,2.8
1271,100761,20260320,2045,4,22,1,4,1,9.5,3.6,9.5,3.6,5.9
1272,100761,20260320,2045,4,11,1,4,1,10.5,3.8,10.5,3.8,6.7
1273,100762,20260630,2132,3,21,2,2,1,9.0,3.2,9.0,3.2,5.8
1274,100762,20260630,2132,3,18,2,2,1,5.0,1.8,5.0,1.8,3.2
1275,100763,20260710,1851,2,12,1,1,1,12.0,4.2,12.0,4.2,7.8
1276,100764,20260717,816,1,5,1,1,1,4.8,2.0,4.8,2.0,2.8
1277,100765,20260910,1731,2,9,2,3,1,9.0,3.4,9.0,3.4,5.6
1278,100765,20260910,1731,2,22,2,3,1,9.5,3.6,9.5,3.6,5.9
1279,100766,20260324,1639,1,4,2,3,1,4.5,1.9,4.5,1.9,2.6
1280,100767,20260819,1651,2,8,2,3,2,8.5,3.2,17.0,6.4,10.6
1281,100767,20260819,1651,2,9,2,3,1,9.0,3.4,9.0,3.4,5.6
1282,100768,20260504,1630,3,15,1,4,1,11.0,4.0,11.0,4.0,7.0
1283,100769,20260323,907,1,11,3,2,2,10.5,3.8,21.0,7.6,13.4
1284,100769,20260323,907,1,5,3,2,1,4.8,2.0,4.8,2.0,2.8
1285,100770,20260720,1829,3,9,1,1,1,9.0,3.4,9.0,3.4,5.6
1286,100770,20260720,1829,3,20,1,1,1,6.5,2.4,6.5,2.4,4.1
1287,100771,20260909,2126,2,11,1,1,2,10.5,3.8,21.0,7.6,13.4
1288,100771,20260909,2126,2,11,1,1,1,10.5,3.8,10.5,3.8,6.7
1289,100771,20260909,2126,2,1,1,1,1,3.5,1.4,3.5,1.4,2.1
1290,100772,20260629,1850,4,14,1,2,2,13.5,4.6,27.0,9.2,17.8
1291,100772,20260629,1850,4,12,1,2,1,12.0,4.2,12.0,4.2,7.8
1292,100773,20260606,1752,1,1,4,2,1,3.5,1.4,3.5,1.4,2.1
1293,100773,20260606,1752,1,15,4,2,1,11.0,4.0,11.0,4.0,7.0
1294,100774,20260711,1925,2,16,4,1,1,11.5,4.1,11.5,4.1,7.4
1295,100774,20260711,1925,2,21,4,1,1,9.0,3.2,9.0,3.2,5.8
1296,100774,20260711,1925,2,10,4,1,1,8.0,3.0,8.0,3.0,5.0
1297,100775,20260708,1638,3,5,1,3,1,4.8,2.0,4.8,2.0,2.8
1298,100776,20260822,1759,3,17,1,2,1,4.5,1.6,4.5,1.6,2.9
1299,100776,20260822,1759,3,12,1,2,2,12.0,4.2,24.0,8.4,15.6
1300,100776,20260822,1759,3,12,1,2,1,12.0,4.2,12.0,4.2,7.8
1301,100777,20260702,2055,2,12,1,4,1,12.0,4.2,12.0,4.2,7.8
1302,100777,20260702,2055,2,5,1,4,1,4.8,2.0,4.8,2.0,2.8
1303,100777,20260702,2055,2,3,1,4,1,3.8,1.5,3.8,1.5,2.3
1304,100778,20260606,906,4,5,2,2,1,4.8,2.0,4.8,2.0,2.8
1305,100778,20260606,906,4,1,2,2,1,3.5,1.4,3.5,1.4,2.1
1306,100779,20260623,944,2,11,3,2,1,10.5,3.8,10.5,3.8,6.7
1307,100779,20260623,944,2,5,3,2,1,4.8,2.0,4.8,2.0,2.8
1308,100780,20260530,824,3,3,2,2,1,3.8,1.5,3.8,1.5,2.3
1309,100780,20260530,824,3,3,2,2,2,3.8,1.5,7.6,3.0,4.6
1310,100781,20260615,916,3,18,3,4,1,5.0,1.8,5.0,1.8,3.2
1311,100781,20260615,916,3,14,3,4,1,13.5,4.6,13.5,4.6,8.9
1312,100781,20260615,916,3,3,3,4,1,3.8,1.5,3.8,1.5,2.3
1313,100782,20260806,1356,2,14,2,1,1,13.5,4.6,13.5,4.6,8.9
1314,100783,20260706,1545,3,9,4,1,1,9.0,3.4,9.0,3.4,5.6
1315,100784,20260804,1717,1,9,1,2,1,9.0,3.4,9.0,3.4,5.6
1316,100784,20260804,1717,1,13,1,2,1,12.5,4.3,12.5,4.3,8.2
1317,100785,20260712,1640,1,5,4,4,1,4.8,2.0,4.8,2.0,2.8
1318,100786,20260912,935,2,4,2,1,1,4.5,1.9,4.5,1.9,2.6
1319,100786,20260912,935,2,24,2,1,2,8.0,3.0,16.0,6.0,10.0
1320,100787,20260722,1420,2,1,1,4,1,3.5,1.4,3.5,1.4,2.1
1321,100788,20260531,1725,1,13,3,4,2,12.5,4.3,25.0,8.6,16.4
1322,100788,20260531,1725,1,25,3,4,1,8.5,3.2,8.5,3.2,5.3
1323,100788,20260531,1725,1,16,3,4,1,11.5,4.1,11.5,4.1,7.4
1324,100789,20260912,1903,4,9,1,1,1,9.0,3.4,9.0,3.4,5.6
1325,100790,20260714,1333,4,4,2,1,1,4.5,1.9,4.5,1.9,2.6
1326,100791,20260621,934,4,18,1,2,1,5.0,1.8,5.0,1.8,3.2
1327,100792,20260412,1839,2,13,2,1,1,12.5,4.3,12.5,4.3,8.2
1328,100793,20260827,1025,3,3,1,1,2,3.8,1.5,7.6,3.0,4.6
1329,100794,20260406,1757,1,7,2,2,1,4.3,1.8,4.3,1.8,2.5
1330,100794,20260406,1757,1,15,2,2,2,11.0,4.0,22.0,8.0,14.0
1331,100795,20260911,1719,4,7,4,1,1,4.3,1.8,4.3,1.8,2.5
1332,100796,20260722,1927,3,16,2,1,1,11.5,4.1,11.5,4.1,7.4
1333,100797,20260512,1128,2,7,1,4,1,4.3,1.8,4.3,1.8,2.5
1334,100798,20260814,809,2,12,2,1,1,12.0,4.2,12.0,4.2,7.8
1335,100799,20260822,2045,4,9,2,2,1,9.0,3.4,9.0,3.4,5.6
1336,100799,20260822,2045,4,5,2,2,1,4.8,2.0,4.8,2.0,2.8
1337,100800,20260602,816,2,7,1,2,1,4.3,1.8,4.3,1.8,2.5
1338,100801,20260513,1511,3,2,2,1,1,4.0,1.6,4.0,1.6,2.4
1339,100801,20260513,1511,3,7,2,1,1,4.3,1.8,4.3,1.8,2.5
1340,100801,20260513,1511,3,9,2,1,2,9.0,3.4,18.0,6.8,11.2
1341,100802,20260806,824,4,6,3,2,1,5.0,2.1,5.0,2.1,2.9
1342,100803,20260911,1033,1,9,4,1,1,9.0,3.4,9.0,3.4,5.6
1343,100804,20260706,1705,2,9,2,2,2,9.0,3.4,18.0,6.8,11.2
1344,100805,20260509,1710,3,16,1,4,2,11.5,4.1,23.0,8.2,14.8
1345,100805,20260509,1710,3,11,1,4,1,10.5,3.8,10.5,3.8,6.7
1346,100806,20260406,1651,2,3,1,1,1,3.8,1.5,3.8,1.5,2.3
1347,100807,20260710,1732,2,12,1,3,1,12.0,4.2,12.0,4.2,7.8
1348,100808,20260524,851,2,17,2,1,1,4.5,1.6,4.5,1.6,2.9
1349,100808,20260524,851,2,21,2,1,1,9.0,3.2,9.0,3.2,5.8
1350,100808,20260524,851,2,20,2,1,1,6.5,2.4,6.5,2.4,4.1
1351,100809,20260820,1931,1,24,1,1,1,8.0,3.0,8.0,3.0,5.0
1352,100810,20260513,1637,1,19,1,1,2,5.5,2.0,11.0,4.0,7.0
1353,100811,20260504,907,1,7,2,1,2,4.3,1.8,8.6,3.6,5.0
1354,100812,20260818,1846,4,13,1,3,2,12.5,4.3,25.0,8.6,16.4
1355,100813,20260413,1354,1,17,2,2,1,4.5,1.6,4.5,1.6,2.9
1356,100814,20260824,912,1,7,1,1,1,4.3,1.8,4.3,1.8,2.5
1357,100814,20260824,912,1,17,1,1,1,4.5,1.6,4.5,1.6,2.9
1358,100814,20260824,912,1,20,1,1,1,6.5,2.4,6.5,2.4,4.1
1359,100815,20260903,857,2,5,2,1,1,4.8,2.0,4.8,2.0,2.8
1360,100815,20260903,857,2,5,2,1,1,4.8,2.0,4.8,2.0,2.8
1361,100816,20260404,824,3,2,1,2,1,4.0,1.6,4.0,1.6,2.4
1362,100816,20260404,824,3,7,1,2,1,4.3,1.8,4.3,1.8,2.5
1363,100817,20260708,915,1,17,1,1,1,4.5,1.6,4.5,1.6,2.9
1364,100817,20260708,915,1,20,1,1,1,6.5,2.4,6.5,2.4,4.1
1365,100818,20260401,1030,1,18,2,1,1,5.0,1.8,5.0,1.8,3.2
1366,100818,20260401,1030,1,21,2,1,1,9.0,3.2,9.0,3.2,5.8
1367,100819,20260509,1618,2,6,4,1,1,5.0,2.1,5.0,2.1,2.9
1368,100820,20260813,1057,1,1,2,1,1,3.5,1.4,3.5,1.4,2.1
1369,100820,20260813,1057,1,16,2,1,1,11.5,4.1,11.5,4.1,7.4
1370,100821,20260910,909,3,6,1,1,1,5.0,2.1,5.0,2.1,2.9
1371,100821,20260910,909,3,19,1,1,1,5.5,2.0,5.5,2.0,3.5
1372,100822,20260827,842,2,2,2,2,2,4.0,1.6,8.0,3.2,4.8
1373,100823,20260523,929,2,17,1,2,1,4.5,1.6,4.5,1.6,2.9
1374,100824,20260523,843,2,5,1,1,1,4.8,2.0,4.8,2.0,2.8
1375,100825,20260503,1850,3,10,1,2,1,8.0,3.0,8.0,3.0,5.0
1376,100826,20260716,851,2,6,2,1,1,5.0,2.1,5.0,2.1,2.9
1377,100827,20260410,1850,2,12,1,3,1,12.0,4.2,12.0,4.2,7.8
1378,100827,20260410,1850,2,25,1,3,1,8.5,3.2,8.5,3.2,5.3
1379,100828,20260801,1827,2,11,1,2,1,10.5,3.8,10.5,3.8,6.7
1380,100829,20260724,1358,2,3,3,1,1,3.8,1.5,3.8,1.5,2.3
1381,100830,20260827,1821,3,14,1,3,1,13.5,4.6,13.5,4.6,8.9
1382,100830,20260827,1821,3,23,1,3,1,9.0,3.4,9.0,3.4,5.6
1383,100831,20260601,1929,2,14,1,2,1,13.5,4.6,13.5,4.6,8.9
1384,100831,20260601,1929,2,14,1,2,1,13.5,4.6,13.5,4.6,8.9
1385,100832,20260718,932,1,2,2,3,1,4.0,1.6,4.0,1.6,2.4
1386,100832,20260718,932,1,5,2,3,1,4.8,2.0,4.8,2.0,2.8
1387,100833,20260320,1836,1,10,1,1,1,8.0,3.0,8.0,3.0,5.0
1388,100834,20260709,1749,1,22,1,3,1,9.5,3.6,9.5,3.6,5.9
1389,100835,20260818,826,2,17,1,3,1,4.5,1.6,4.5,1.6,2.9
1390,100836,20260524,1930,3,22,1,3,1,9.5,3.6,9.5,3.6,5.9
1391,100837,20260419,947,4,20,2,3,1,6.5,2.4,6.5,2.4,4.1
1392,100837,20260419,947,4,7,2,3,1,4.3,1.8,4.3,1.8,2.5
1393,100837,20260419,947,4,17,2,3,1,4.5,1.6,4.5,1.6,2.9
1394,100838,20260501,1904,1,12,1,3,1,12.0,4.2,12.0,4.2,7.8
1395,100839,20260606,1629,2,23,1,4,1,9.0,3.4,9.0,3.4,5.6
1396,100840,20260911,1516,4,1,4,1,1,3.5,1.4,3.5,1.4,2.1
1397,100840,20260911,1516,4,16,4,1,1,11.5,4.1,11.5,4.1,7.4
1398,100841,20260524,1447,1,1,3,1,1,3.5,1.4,3.5,1.4,2.1
1399,100841,20260524,1447,1,6,3,1,1,5.0,2.1,5.0,2.1,2.9
1400,100841,20260524,1447,1,21,3,1,1,9.0,3.2,9.0,3.2,5.8
1401,100842,20260528,925,2,24,1,1,2,8.0,3.0,16.0,6.0,10.0
1402,100842,20260528,925,2,3,1,1,1,3.8,1.5,3.8,1.5,2.3
1403,100842,20260528,925,2,20,1,1,2,6.5,2.4,13.0,4.8,8.2
1404,100843,20260909,915,1,12,1,1,2,12.0,4.2,24.0,8.4,15.6
1405,100844,20260411,1736,4,21,1,3,1,9.0,3.2,9.0,3.2,5.8
1406,100845,20260628,801,1,18,2,2,1,5.0,1.8,5.0,1.8,3.2
1407,100846,20260524,834,1,18,4,2,1,5.0,1.8,5.0,1.8,3.2
1408,100846,20260524,834,1,3,4,2,1,3.8,1.5,3.8,1.5,2.3
1409,100847,20260407,1918,1,1,2,3,1,3.5,1.4,3.5,1.4,2.1
1410,100847,20260407,1918,1,13,2,3,1,12.5,4.3,12.5,4.3,8.2
1411,100848,20260525,1706,2,11,1,4,1,10.5,3.8,10.5,3.8,6.7
1412,100849,20260526,2126,2,20,1,1,1,6.5,2.4,6.5,2.4,4.1
1413,100850,20260729,1114,3,6,1,1,1,5.0,2.1,5.0,2.1,2.9
1414,100850,20260729,1114,3,6,1,1,1,5.0,2.1,5.0,2.1,2.9
1415,100851,20260511,1723,4,21,1,2,1,9.0,3.2,9.0,3.2,5.8
1416,100851,20260511,1723,4,8,1,2,1,8.5,3.2,8.5,3.2,5.3
1417,100851,20260511,1723,4,13,1,2,2,12.5,4.3,25.0,8.6,16.4
1418,100852,20260427,838,1,7,2,2,1,4.3,1.8,4.3,1.8,2.5
1419,100852,20260427,838,1,17,2,2,2,4.5,1.6,9.0,3.2,5.8
1420,100853,20260407,805,2,4,1,1,2,4.5,1.9,9.0,3.8,5.2
1421,100854,20260602,1713,4,24,1,1,2,8.0,3.0,16.0,6.0,10.0
1422,100854,20260602,1713,4,20,1,1,1,6.5,2.4,6.5,2.4,4.1
1423,100854,20260602,1713,4,14,1,1,2,13.5,4.6,27.0,9.2,17.8
1424,100855,20260813,1711,1,19,3,3,1,5.5,2.0,5.5,2.0,3.5
1425,100856,20260717,1903,1,10,2,1,1,8.0,3.0,8.0,3.0,5.0
1426,100857,20260402,1251,1,4,2,1,1,4.5,1.9,4.5,1.9,2.6
1427,100857,20260402,1251,1,8,2,1,1,8.5,3.2,8.5,3.2,5.3
1428,100858,20260417,1908,4,12,3,4,1,12.0,4.2,12.0,4.2,7.8
1429,100859,20260420,1247,2,8,1,3,1,8.5,3.2,8.5,3.2,5.3
1430,100859,20260420,1247,2,10,1,3,1,8.0,3.0,8.0,3.0,5.0
1431,100859,20260420,1247,2,20,1,3,1,6.5,2.4,6.5,2.4,4.1
1432,100860,20260318,1702,2,10,3,3,1,8.0,3.0,8.0,3.0,5.0
1433,100860,20260318,1702,2,13,3,3,1,12.5,4.3,12.5,4.3,8.2
1434,100860,20260318,1702,2,14,3,3,1,13.5,4.6,13.5,4.6,8.9
1435,100861,20260323,718,4,5,1,2,1,4.8,2.0,4.8,2.0,2.8
1436,100862,20260905,1711,4,11,1,3,1,10.5,3.8,10.5,3.8,6.7
1437,100863,20260505,1746,2,11,1,3,2,10.5,3.8,21.0,7.6,13.4
1438,100864,20260515,1815,4,22,1,2,1,9.5,3.6,9.5,3.6,5.9
1439,100864,20260515,1815,4,11,1,2,1,10.5,3.8,10.5,3.8,6.7
1440,100865,20260613,1702,1,11,1,3,1,10.5,3.8,10.5,3.8,6.7
1441,100865,20260613,1702,1,10,1,3,1,8.0,3.0,8.0,3.0,5.0
1442,100866,20260430,1045,2,15,1,1,1,11.0,4.0,11.0,4.0,7.0
1443,100866,20260430,1045,2,22,1,1,1,9.5,3.6,9.5,3.6,5.9
1444,100867,20260614,1941,2,5,2,2,1,4.8,2.0,4.8,2.0,2.8
1445,100867,20260614,1941,2,6,2,2,2,5.0,2.1,10.0,4.2,5.8
1446,100867,20260614,1941,2,12,2,2,1,12.0,4.2,12.0,4.2,7.8
1447,100868,20260727,811,2,6,3,1,1,5.0,2.1,5.0,2.1,2.9
1448,100869,20260820,1840,1,11,1,3,1,10.5,3.8,10.5,3.8,6.7
1449,100869,20260820,1840,1,12,1,3,2,12.0,4.2,24.0,8.4,15.6
1450,100869,20260820,1840,1,11,1,3,1,10.5,3.8,10.5,3.8,6.7
1451,100870,20260726,1910,1,6,2,1,1,5.0,2.1,5.0,2.1,2.9
1452,100870,20260726,1910,1,15,2,1,1,11.0,4.0,11.0,4.0,7.0
1453,100871,20260320,1926,2,8,2,3,1,8.5,3.2,8.5,3.2,5.3
1454,100872,20260319,1940,1,9,1,1,1,9.0,3.4,9.0,3.4,5.6
1455,100873,20260710,1640,1,17,1,4,1,4.5,1.6,4.5,1.6,2.9
1456,100873,20260710,1640,1,17,1,4,1,4.5,1.6,4.5,1.6,2.9
1457,100874,20260613,1801,1,8,1,2,1,8.5,3.2,8.5,3.2,5.3
1458,100875,20260406,900,3,7,2,2,1,4.3,1.8,4.3,1.8,2.5
1459,100875,20260406,900,3,17,2,2,1,4.5,1.6,4.5,1.6,2.9
1460,100876,20260725,1713,2,3,1,3,1,3.8,1.5,3.8,1.5,2.3
1461,100877,20260421,823,3,6,2,1,2,5.0,2.1,10.0,4.2,5.8
1462,100877,20260421,823,3,20,2,1,1,6.5,2.4,6.5,2.4,4.1
1463,100878,20260706,852,3,17,3,1,1,4.5,1.6,4.5,1.6,2.9
1464,100879,20260506,1156,1,11,1,1,2,10.5,3.8,21.0,7.6,13.4
1465,100879,20260506,1156,1,6,1,1,1,5.0,2.1,5.0,2.1,2.9
1466,100879,20260506,1156,1,12,1,1,1,12.0,4.2,12.0,4.2,7.8
1467,100880,20260826,1024,2,21,1,1,1,9.0,3.2,9.0,3.2,5.8
1468,100881,20260424,938,4,3,4,4,1,3.8,1.5,3.8,1.5,2.3
1469,100881,20260424,938,4,7,4,4,1,4.3,1.8,4.3,1.8,2.5
1470,100882,20260822,1005,1,1,2,2,1,3.5,1.4,3.5,1.4,2.1
1471,100883,20260717,1809,2,7,4,1,1,4.3,1.8,4.3,1.8,2.5
1472,100884,20260523,1010,4,7,1,1,1,4.3,1.8,4.3,1.8,2.5
1473,100884,20260523,1010,4,7,1,1,2,4.3,1.8,8.6,3.6,5.0
1474,100885,20260424,956,2,18,1,2,1,5.0,1.8,5.0,1.8,3.2
1475,100885,20260424,956,2,19,1,2,1,5.5,2.0,5.5,2.0,3.5
1476,100886,20260705,928,1,19,4,2,2,5.5,2.0,11.0,4.0,7.0
1477,100886,20260705,928,1,1,4,2,1,3.5,1.4,3.5,1.4,2.1
1478,100887,20260416,1649,1,3,1,1,1,3.8,1.5,3.8,1.5,2.3
1479,100887,20260416,1649,1,8,1,1,1,8.5,3.2,8.5,3.2,5.3
1480,100888,20260409,1734,4,18,2,2,1,5.0,1.8,5.0,1.8,3.2
1481,100888,20260409,1734,4,13,2,2,1,12.5,4.3,12.5,4.3,8.2
1482,100888,20260409,1734,4,4,2,2,1,4.5,1.9,4.5,1.9,2.6
1483,100889,20260413,934,1,17,1,1,1,4.5,1.6,4.5,1.6,2.9
1484,100889,20260413,934,1,1,1,1,1,3.5,1.4,3.5,1.4,2.1
1485,100890,20260513,1639,2,8,1,3,1,8.5,3.2,8.5,3.2,5.3
1486,100891,20260806,1745,1,12,1,2,1,12.0,4.2,12.0,4.2,7.8
1487,100892,20260406,2028,1,17,2,1,1,4.5,1.6,4.5,1.6,2.9
1488,100892,20260406,2028,1,11,2,1,1,10.5,3.8,10.5,3.8,6.7
1489,100893,20260404,1532,3,4,1,1,1,4.5,1.9,4.5,1.9,2.6
1490,100893,20260404,1532,3,8,1,1,1,8.5,3.2,8.5,3.2,5.3
1491,100893,20260404,1532,3,11,1,1,1,10.5,3.8,10.5,3.8,6.7
1492,100894,20260707,1012,4,3,1,2,2,3.8,1.5,7.6,3.0,4.6
1493,100894,20260707,1012,4,2,1,2,2,4.0,1.6,8.0,3.2,4.8
1494,100894,20260707,1012,4,19,1,2,1,5.5,2.0,5.5,2.0,3.5
1495,100895,20260528,1715,2,5,2,1,1,4.8,2.0,4.8,2.0,2.8
1496,100895,20260528,1715,2,15,2,1,1,11.0,4.0,11.0,4.0,7.0
1497,100895,20260528,1715,2,11,2,1,1,10.5,3.8,10.5,3.8,6.7
1498,100896,20260624,1735,3,9,1,4,1,9.0,3.4,9.0,3.4,5.6
1499,100896,20260624,1735,3,24,1,4,1,8.0,3.0,8.0,3.0,5.0
1500,100897,20260829,1437,1,6,1,2,1,5.0,2.1,5.0,2.1,2.9
1501,100898,20260829,956,3,3,1,1,1,3.8,1.5,3.8,1.5,2.3
1502,100898,20260829,956,3,15,1,1,1,11.0,4.0,11.0,4.0,7.0
1503,100898,20260829,956,3,13,1,1,1,12.5,4.3,12.5,4.3,8.2
1504,100899,20260803,1013,2,5,1,1,1,4.8,2.0,4.8,2.0,2.8
1505,100900,20260329,924,4,21,2,1,1,9.0,3.2,9.0,3.2,5.8
1506,100901,20260613,1836,2,15,2,4,1,11.0,4.0,11.0,4.0,7.0
1507,100901,20260613,1836,2,10,2,4,1,8.0,3.0,8.0,3.0,5.0
1508,100901,20260613,1836,2,14,2,4,1,13.5,4.6,13.5,4.6,8.9
1509,100902,20260909,1753,1,7,2,3,1,4.3,1.8,4.3,1.8,2.5
1510,100903,20260612,1534,3,12,1,4,1,12.0,4.2,12.0,4.2,7.8
1511,100904,20260430,1833,1,15,2,4,1,11.0,4.0,11.0,4.0,7.0
1512,100905,20260410,851,2,3,1,1,1,3.8,1.5,3.8,1.5,2.3
1513,100905,20260410,851,2,4,1,1,1,4.5,1.9,4.5,1.9,2.6
1514,100905,20260410,851,2,1,1,1,1,3.5,1.4,3.5,1.4,2.1
1515,100906,20260609,1459,3,4,1,2,1,4.5,1.9,4.5,1.9,2.6
1516,100907,20260513,1844,4,14,2,3,2,13.5,4.6,27.0,9.2,17.8
1517,100907,20260513,1844,4,2,2,3,1,4.0,1.6,4.0,1.6,2.4
1518,100908,20260910,937,1,22,2,1,2,9.5,3.6,19.0,7.2,11.8
1519,100909,20260517,1636,2,12,4,2,1,12.0,4.2,12.0,4.2,7.8
1520,100910,20260711,1701,1,8,1,3,1,8.5,3.2,8.5,3.2,5.3
1521,100911,20260722,807,4,9,3,1,1,9.0,3.4,9.0,3.4,5.6
1522,100911,20260722,807,4,4,3,1,1,4.5,1.9,4.5,1.9,2.6
1523,100911,20260722,807,4,5,3,1,1,4.8,2.0,4.8,2.0,2.8
1524,100912,20260722,931,4,1,4,4,1,3.5,1.4,3.5,1.4,2.1
1525,100912,20260722,931,4,7,4,4,1,4.3,1.8,4.3,1.8,2.5
1526,100912,20260722,931,4,6,4,4,2,5.0,2.1,10.0,4.2,5.8
1527,100913,20260508,1954,1,9,1,1,2,9.0,3.4,18.0,6.8,11.2
1528,100913,20260508,1954,1,2,1,1,1,4.0,1.6,4.0,1.6,2.4
1529,100914,20260421,922,2,15,2,2,1,11.0,4.0,11.0,4.0,7.0
1530,100914,20260421,922,2,23,2,2,1,9.0,3.4,9.0,3.4,5.6
1531,100914,20260421,922,2,5,2,2,1,4.8,2.0,4.8,2.0,2.8
1532,100915,20260315,1433,3,1,2,1,1,3.5,1.4,3.5,1.4,2.1
1533,100916,20260824,1730,4,1,1,3,1,3.5,1.4,3.5,1.4,2.1
1534,100916,20260824,1730,4,7,1,3,2,4.3,1.8,8.6,3.6,5.0
1535,100917,20260406,1846,2,12,1,3,1,12.0,4.2,12.0,4.2,7.8
1536,100917,20260406,1846,2,12,1,3,1,12.0,4.2,12.0,4.2,7.8
1537,100918,20260531,1846,3,4,2,3,1,4.5,1.9,4.5,1.9,2.6
1538,100919,20260906,1821,3,22,1,4,1,9.5,3.6,9.5,3.6,5.9
1539,100920,20260905,1929,1,2,2,1,1,4.0,1.6,4.0,1.6,2.4
1540,100921,20260714,1631,1,25,2,1,1,8.5,3.2,8.5,3.2,5.3
1541,100921,20260714,1631,1,2,2,1,1,4.0,1.6,4.0,1.6,2.4
1542,100921,20260714,1631,1,9,2,1,2,9.0,3.4,18.0,6.8,11.2
1543,100922,20260702,932,1,18,1,1,1,5.0,1.8,5.0,1.8,3.2
1544,100923,20260326,1623,1,3,2,3,1,3.8,1.5,3.8,1.5,2.3
1545,100923,20260326,1623,1,6,2,3,2,5.0,2.1,10.0,4.2,5.8
1546,100924,20260827,753,4,13,1,4,1,12.5,4.3,12.5,4.3,8.2
1547,100924,20260827,753,4,20,1,4,2,6.5,2.4,13.0,4.8,8.2
1548,100925,20260614,1622,4,25,1,3,1,8.5,3.2,8.5,3.2,5.3
1549,100926,20260405,1758,3,2,2,4,2,4.0,1.6,8.0,3.2,4.8
1550,100927,20260321,1810,3,10,1,1,1,8.0,3.0,8.0,3.0,5.0
1551,100927,20260321,1810,3,9,1,1,1,9.0,3.4,9.0,3.4,5.6
1552,100928,20260422,1038,4,19,1,2,1,5.5,2.0,5.5,2.0,3.5
1553,100929,20260517,1313,3,2,1,3,2,4.0,1.6,8.0,3.2,4.8
1554,100929,20260517,1313,3,21,1,3,1,9.0,3.2,9.0,3.2,5.8
1555,100930,20260415,1417,2,25,1,4,1,8.5,3.2,8.5,3.2,5.3
1556,100930,20260415,1417,2,6,1,4,1,5.0,2.1,5.0,2.1,2.9
1557,100931,20260619,2116,1,11,2,1,1,10.5,3.8,10.5,3.8,6.7
1558,100932,20260506,1230,2,16,2,1,1,11.5,4.1,11.5,4.1,7.4
1559,100932,20260506,1230,2,10,2,1,1,8.0,3.0,8.0,3.0,5.0
1560,100933,20260609,1838,2,19,4,1,1,5.5,2.0,5.5,2.0,3.5
1561,100933,20260609,1838,2,13,4,1,1,12.5,4.3,12.5,4.3,8.2
1562,100933,20260609,1838,2,4,4,1,2,4.5,1.9,9.0,3.8,5.2
1563,100934,20260417,1649,1,13,4,3,1,12.5,4.3,12.5,4.3,8.2
1564,100934,20260417,1649,1,2,4,3,1,4.0,1.6,4.0,1.6,2.4
1565,100935,20260601,1457,1,6,2,4,1,5.0,2.1,5.0,2.1,2.9
1566,100935,20260601,1457,1,9,2,4,1,9.0,3.4,9.0,3.4,5.6
1567,100936,20260604,1035,1,7,1,3,1,4.3,1.8,4.3,1.8,2.5
1568,100936,20260604,1035,1,5,1,3,1,4.8,2.0,4.8,2.0,2.8
1569,100937,20260803,1806,3,9,1,4,1,9.0,3.4,9.0,3.4,5.6
1570,100937,20260803,1806,3,5,1,4,2,4.8,2.0,9.6,4.0,5.6
1571,100937,20260803,1806,3,12,1,4,1,12.0,4.2,12.0,4.2,7.8
1572,100938,20260614,1900,1,13,1,4,1,12.5,4.3,12.5,4.3,8.2
1573,100939,20260404,1820,1,9,2,1,1,9.0,3.4,9.0,3.4,5.6
1574,100939,20260404,1820,1,10,2,1,1,8.0,3.0,8.0,3.0,5.0
1575,100939,20260404,1820,1,16,2,1,1,11.5,4.1,11.5,4.1,7.4
1576,100940,20260908,1710,4,11,2,3,1,10.5,3.8,10.5,3.8,6.7
1577,100940,20260908,1710,4,14,2,3,1,13.5,4.6,13.5,4.6,8.9
1578,100940,20260908,1710,4,11,2,3,1,10.5,3.8,10.5,3.8,6.7
1579,100941,20260809,1529,1,9,1,1,1,9.0,3.4,9.0,3.4,5.6
1580,100942,20260620,1604,2,18,1,2,1,5.0,1.8,5.0,1.8,3.2
1581,100942,20260620,1604,2,11,1,2,1,10.5,3.8,10.5,3.8,6.7
1582,100943,20260425,1604,4,21,2,1,2,9.0,3.2,18.0,6.4,11.6
1583,100943,20260425,1604,4,23,2,1,2,9.0,3.4,18.0,6.8,11.2
1584,100943,20260425,1604,4,16,2,1,1,11.5,4.1,11.5,4.1,7.4
1585,100944,20260510,1317,3,3,1,1,2,3.8,1.5,7.6,3.0,4.6
1586,100944,20260510,1317,3,4,1,1,1,4.5,1.9,4.5,1.9,2.6
1587,100945,20260517,1728,1,13,1,1,1,12.5,4.3,12.5,4.3,8.2
1588,100945,20260517,1728,1,21,1,1,1,9.0,3.2,9.0,3.2,5.8
1589,100945,20260517,1728,1,11,1,1,1,10.5,3.8,10.5,3.8,6.7
1590,100946,20260503,1222,3,12,4,1,1,12.0,4.2,12.0,4.2,7.8
1591,100946,20260503,1222,3,18,4,1,1,5.0,1.8,5.0,1.8,3.2
1592,100947,20260815,1753,3,12,1,1,1,12.0,4.2,12.0,4.2,7.8
1593,100947,20260815,1753,3,14,1,1,1,13.5,4.6,13.5,4.6,8.9
1594,100947,20260815,1753,3,6,1,1,1,5.0,2.1,5.0,2.1,2.9
1595,100948,20260704,757,4,6,1,2,1,5.0,2.1,5.0,2.1,2.9
1596,100948,20260704,757,4,17,1,2,1,4.5,1.6,4.5,1.6,2.9
1597,100949,20260609,834,4,3,1,1,1,3.8,1.5,3.8,1.5,2.3
1598,100949,20260609,834,4,5,1,1,1,4.8,2.0,4.8,2.0,2.8
1599,100950,20260405,1936,2,3,1,4,1,3.8,1.5,3.8,1.5,2.3
1600,100950,20260405,1936,2,25,1,4,1,8.5,3.2,8.5,3.2,5.3
1601,100951,20260628,746,1,11,1,1,1,10.5,3.8,10.5,3.8,6.7
1602,100951,20260628,746,1,17,1,1,1,4.5,1.6,4.5,1.6,2.9
1603,100952,20260517,857,4,2,1,1,1,4.0,1.6,4.0,1.6,2.4
1604,100953,20260702,1747,4,9,2,4,1,9.0,3.4,9.0,3.4,5.6
1605,100954,20260602,1043,2,3,4,2,2,3.8,1.5,7.6,3.0,4.6
1606,100955,20260520,901,2,9,1,1,1,9.0,3.4,9.0,3.4,5.6
1607,100955,20260520,901,2,4,1,1,1,4.5,1.9,4.5,1.9,2.6
1608,100956,20260808,1204,1,11,1,3,1,10.5,3.8,10.5,3.8,6.7
1609,100956,20260808,1204,1,1,1,3,1,3.5,1.4,3.5,1.4,2.1
1610,100956,20260808,1204,1,18,1,3,2,5.0,1.8,10.0,3.6,6.4
1611,100957,20260721,1132,1,3,1,4,2,3.8,1.5,7.6,3.0,4.6
1612,100957,20260721,1132,1,12,1,4,1,12.0,4.2,12.0,4.2,7.8
1613,100958,20260325,1901,4,13,2,1,1,12.5,4.3,12.5,4.3,8.2
1614,100959,20260709,1610,1,10,1,2,1,8.0,3.0,8.0,3.0,5.0
1615,100960,20260629,925,4,5,2,2,1,4.8,2.0,4.8,2.0,2.8
1616,100961,20260518,941,1,21,3,1,1,9.0,3.2,9.0,3.2,5.8
1617,100962,20260625,851,2,7,2,2,1,4.3,1.8,4.3,1.8,2.5
1618,100963,20260626,1725,1,16,1,2,1,11.5,4.1,11.5,4.1,7.4
1619,100964,20260730,1913,1,19,2,1,1,5.5,2.0,5.5,2.0,3.5
1620,100964,20260730,1913,1,5,2,1,1,4.8,2.0,4.8,2.0,2.8
1621,100965,20260820,1056,1,20,3,4,1,6.5,2.4,6.5,2.4,4.1
1622,100966,20260503,1834,3,13,2,4,1,12.5,4.3,12.5,4.3,8.2
1623,100967,20260818,2005,1,10,2,1,1,8.0,3.0,8.0,3.0,5.0
1624,100968,20260413,811,1,1,2,2,1,3.5,1.4,3.5,1.4,2.1
1625,100969,20260626,1635,1,13,1,1,1,12.5,4.3,12.5,4.3,8.2
1626,100970,20260626,1031,4,5,3,2,1,4.8,2.0,4.8,2.0,2.8
1627,100970,20260626,1031,4,9,3,2,1,9.0,3.4,9.0,3.4,5.6
1628,100971,20260903,1015,4,3,2,1,2,3.8,1.5,7.6,3.0,4.6
1629,100972,20260913,2018,1,18,1,1,1,5.0,1.8,5.0,1.8,3.2
1630,100973,20260830,1329,1,11,1,1,2,10.5,3.8,21.0,7.6,13.4
1631,100973,20260830,1329,1,6,1,1,1,5.0,2.1,5.0,2.1,2.9
1632,100974,20260503,804,2,17,2,1,1,4.5,1.6,4.5,1.6,2.9
1633,100974,20260503,804,2,19,2,1,2,5.5,2.0,11.0,4.0,7.0
1634,100975,20260512,906,1,7,2,2,1,4.3,1.8,4.3,1.8,2.5
1635,100976,20260712,1113,4,9,2,4,1,9.0,3.4,9.0,3.4,5.6
1636,100976,20260712,1113,4,16,2,4,1,11.5,4.1,11.5,4.1,7.4
1637,100976,20260712,1113,4,9,2,4,1,9.0,3.4,9.0,3.4,5.6
1638,100977,20260623,1104,2,7,1,1,1,4.3,1.8,4.3,1.8,2.5
1639,100977,20260623,1104,2,5,1,1,1,4.8,2.0,4.8,2.0,2.8
1640,100978,20260423,1904,4,11,1,1,1,10.5,3.8,10.5,3.8,6.7
1641,100979,20260815,804,1,5,1,1,1,4.8,2.0,4.8,2.0,2.8
1642,100979,20260815,804,1,4,1,1,1,4.5,1.9,4.5,1.9,2.6
1643,100980,20260716,857,3,12,1,4,2,12.0,4.2,24.0,8.4,15.6
1644,100981,20260814,1001,3,3,2,1,1,3.8,1.5,3.8,1.5,2.3
1645,100982,20260814,929,4,23,1,1,1,9.0,3.4,9.0,3.4,5.6
1646,100982,20260814,929,4,2,1,1,1,4.0,1.6,4.0,1.6,2.4
1647,100983,20260625,1012,1,6,2,1,1,5.0,2.1,5.0,2.1,2.9
1648,100984,20260426,1255,4,7,1,1,1,4.3,1.8,4.3,1.8,2.5
1649,100985,20260612,1113,2,22,1,2,1,9.5,3.6,9.5,3.6,5.9
1650,100985,20260612,1113,2,11,1,2,1,10.5,3.8,10.5,3.8,6.7
1651,100986,20260821,1158,2,15,4,1,2,11.0,4.0,22.0,8.0,14.0
1652,100986,20260821,1158,2,7,4,1,1,4.3,1.8,4.3,1.8,2.5
1653,100986,20260821,1158,2,10,4,1,1,8.0,3.0,8.0,3.0,5.0
1654,100987,20260508,1838,3,21,2,4,1,9.0,3.2,9.0,3.2,5.8
1655,100987,20260508,1838,3,7,2,4,1,4.3,1.8,4.3,1.8,2.5
1656,100988,20260716,1402,1,3,1,1,2,3.8,1.5,7.6,3.0,4.6
1657,100989,20260622,1742,2,11,2,3,2,10.5,3.8,21.0,7.6,13.4
1658,100990,20260715,1846,3,12,1,2,1,12.0,4.2,12.0,4.2,7.8
1659,100991,20260507,1832,1,7,2,4,1,4.3,1.8,4.3,1.8,2.5
1660,100991,20260507,1832,1,9,2,4,1,9.0,3.4,9.0,3.4,5.6
1661,100992,20260828,1011,3,2,2,1,1,4.0,1.6,4.0,1.6,2.4
1662,100993,20260711,950,1,6,1,3,1,5.0,2.1,5.0,2.1,2.9
1663,100994,20260729,1824,1,22,1,1,1,9.5,3.6,9.5,3.6,5.9
1664,100995,20260513,905,2,7,2,3,1,4.3,1.8,4.3,1.8,2.5
1665,100995,20260513,905,2,4,2,3,1,4.5,1.9,4.5,1.9,2.6
1666,100995,20260513,905,2,19,2,3,1,5.5,2.0,5.5,2.0,3.5
1667,100996,20260404,804,3,6,2,2,1,5.0,2.1,5.0,2.1,2.9
1668,100996,20260404,804,3,5,2,2,1,4.8,2.0,4.8,2.0,2.8
1669,100997,20260422,1818,3,15,2,3,1,11.0,4.0,11.0,4.0,7.0
1670,100997,20260422,1818,3,25,2,3,1,8.5,3.2,8.5,3.2,5.3
1671,100998,20260901,1405,4,10,2,1,1,8.0,3.0,8.0,3.0,5.0
1672,100999,20260419,1853,1,19,1,3,1,5.5,2.0,5.5,2.0,3.5
1673,101000,20260430,1929,4,7,1,4,1,4.3,1.8,4.3,1.8,2.5
1674,101001,20260909,1829,2,10,1,2,1,8.0,3.0,8.0,3.0,5.0
1675,101001,20260909,1829,2,10,1,2,2,8.0,3.0,16.0,6.0,10.0
1676,101002,20260509,1007,4,4,1,1,2,4.5,1.9,9.0,3.8,5.2
1677,101002,20260509,1007,4,1,1,1,1,3.5,1.4,3.5,1.4,2.1
1678,101003,20260619,1849,3,4,1,3,1,4.5,1.9,4.5,1.9,2.6
1679,101004,20260701,1631,1,6,1,4,1,5.0,2.1,5.0,2.1,2.9
1680,101004,20260701,1631,1,9,1,4,1,9.0,3.4,9.0,3.4,5.6
1681,101004,20260701,1631,1,16,1,4,1,11.5,4.1,11.5,4.1,7.4
1682,101005,20260703,1640,1,2,4,3,1,4.0,1.6,4.0,1.6,2.4
1683,101006,20260401,807,2,21,1,3,1,9.0,3.2,9.0,3.2,5.8
1684,101007,20260405,740,1,5,2,1,1,4.8,2.0,4.8,2.0,2.8
1685,101008,20260430,1132,1,8,3,1,1,8.5,3.2,8.5,3.2,5.3
1686,101008,20260430,1132,1,11,3,1,1,10.5,3.8,10.5,3.8,6.7
1687,101008,20260430,1132,1,7,3,1,1,4.3,1.8,4.3,1.8,2.5
1688,101009,20260822,1738,1,1,2,3,2,3.5,1.4,7.0,2.8,4.2
1689,101009,20260822,1738,1,10,2,3,1,8.0,3.0,8.0,3.0,5.0
1690,101010,20260524,1916,1,17,1,1,1,4.5,1.6,4.5,1.6,2.9
1691,101010,20260524,1916,1,8,1,1,1,8.5,3.2,8.5,3.2,5.3
1692,101011,20260407,1826,2,21,1,4,1,9.0,3.2,9.0,3.2,5.8
1693,101011,20260407,1826,2,11,1,4,1,10.5,3.8,10.5,3.8,6.7
1694,101011,20260407,1826,2,13,1,4,2,12.5,4.3,25.0,8.6,16.4
1695,101012,20260607,800,2,3,4,1,1,3.8,1.5,3.8,1.5,2.3
1696,101012,20260607,800,2,1,4,1,1,3.5,1.4,3.5,1.4,2.1
1697,101013,20260829,912,1,5,1,1,1,4.8,2.0,4.8,2.0,2.8
1698,101014,20260719,1105,2,18,1,4,1,5.0,1.8,5.0,1.8,3.2
1699,101014,20260719,1105,2,14,1,4,1,13.5,4.6,13.5,4.6,8.9
1700,101015,20260424,926,1,2,1,4,1,4.0,1.6,4.0,1.6,2.4
1701,101016,20260529,1000,3,19,2,3,1,5.5,2.0,5.5,2.0,3.5
1702,101016,20260529,1000,3,20,2,3,2,6.5,2.4,13.0,4.8,8.2
1703,101016,20260529,1000,3,7,2,3,1,4.3,1.8,4.3,1.8,2.5
1704,101017,20260501,2054,2,8,2,2,1,8.5,3.2,8.5,3.2,5.3
1705,101017,20260501,2054,2,24,2,2,2,8.0,3.0,16.0,6.0,10.0
1706,101018,20260405,1046,2,14,2,1,1,13.5,4.6,13.5,4.6,8.9
1707,101018,20260405,1046,2,2,2,1,1,4.0,1.6,4.0,1.6,2.4
1708,101019,20260524,1748,4,8,4,1,1,8.5,3.2,8.5,3.2,5.3
1709,101019,20260524,1748,4,10,4,1,1,8.0,3.0,8.0,3.0,5.0
1710,101020,20260911,1029,3,22,2,1,1,9.5,3.6,9.5,3.6,5.9
1711,101021,20260628,1747,3,13,1,4,1,12.5,4.3,12.5,4.3,8.2
1712,101022,20260523,810,2,11,4,1,1,10.5,3.8,10.5,3.8,6.7
1713,101023,20260528,1640,1,1,2,3,1,3.5,1.4,3.5,1.4,2.1
1714,101023,20260528,1640,1,16,2,3,1,11.5,4.1,11.5,4.1,7.4
1715,101024,20260626,907,3,1,1,1,1,3.5,1.4,3.5,1.4,2.1
1716,101024,20260626,907,3,18,1,1,1,5.0,1.8,5.0,1.8,3.2
1717,101025,20260914,1252,1,7,1,1,1,4.3,1.8,4.3,1.8,2.5
1718,101026,20260401,819,1,17,4,2,1,4.5,1.6,4.5,1.6,2.9
1719,101026,20260401,819,1,19,4,2,1,5.5,2.0,5.5,2.0,3.5
1720,101026,20260401,819,1,3,4,2,2,3.8,1.5,7.6,3.0,4.6
1721,101027,20260711,1945,1,18,2,2,1,5.0,1.8,5.0,1.8,3.2
1722,101028,20260610,1849,3,17,1,1,1,4.5,1.6,4.5,1.6,2.9
1723,101029,20260626,818,3,20,1,1,2,6.5,2.4,13.0,4.8,8.2
1724,101030,20260811,735,4,15,2,1,2,11.0,4.0,22.0,8.0,14.0
1725,101030,20260811,735,4,4,2,1,1,4.5,1.9,4.5,1.9,2.6
1726,101031,20260531,2030,2,4,1,1,2,4.5,1.9,9.0,3.8,5.2
1727,101032,20260412,921,4,7,1,2,1,4.3,1.8,4.3,1.8,2.5
1728,101033,20260317,1835,3,10,1,1,1,8.0,3.0,8.0,3.0,5.0
1729,101033,20260317,1835,3,10,1,1,2,8.0,3.0,16.0,6.0,10.0
1730,101034,20260605,1009,1,21,1,2,1,9.0,3.2,9.0,3.2,5.8
1731,101034,20260605,1009,1,24,1,2,1,8.0,3.0,8.0,3.0,5.0
1732,101034,20260605,1009,1,16,1,2,1,11.5,4.1,11.5,4.1,7.4
1733,101035,20260910,2148,1,7,1,4,1,4.3,1.8,4.3,1.8,2.5
1734,101035,20260910,2148,1,3,1,4,1,3.8,1.5,3.8,1.5,2.3
1735,101036,20260820,1118,2,1,1,1,1,3.5,1.4,3.5,1.4,2.1
1736,101036,20260820,1118,2,3,1,1,1,3.8,1.5,3.8,1.5,2.3
1737,101036,20260820,1118,2,21,1,1,1,9.0,3.2,9.0,3.2,5.8
1738,101037,20260704,1020,1,20,1,1,1,6.5,2.4,6.5,2.4,4.1
1739,101038,20260529,836,1,2,4,1,1,4.0,1.6,4.0,1.6,2.4
1740,101038,20260529,836,1,21,4,1,1,9.0,3.2,9.0,3.2,5.8
1741,101039,20260906,1645,3,25,1,1,1,8.5,3.2,8.5,3.2,5.3
1742,101039,20260906,1645,3,7,1,1,1,4.3,1.8,4.3,1.8,2.5
1743,101040,20260829,1746,3,23,2,3,1,9.0,3.4,9.0,3.4,5.6
1744,101040,20260829,1746,3,19,2,3,1,5.5,2.0,5.5,2.0,3.5
1745,101041,20260427,1915,2,15,1,3,1,11.0,4.0,11.0,4.0,7.0
1746,101041,20260427,1915,2,13,1,3,1,12.5,4.3,12.5,4.3,8.2
1747,101042,20260602,1753,1,24,3,3,1,8.0,3.0,8.0,3.0,5.0
1748,101042,20260602,1753,1,16,3,3,1,11.5,4.1,11.5,4.1,7.4
1749,101042,20260602,1753,1,23,3,3,2,9.0,3.4,18.0,6.8,11.2
1750,101043,20260517,1106,2,17,1,1,1,4.5,1.6,4.5,1.6,2.9
1751,101043,20260517,1106,2,6,1,1,1,5.0,2.1,5.0,2.1,2.9
1752,101044,20260801,723,4,12,4,1,1,12.0,4.2,12.0,4.2,7.8
1753,101045,20260731,1945,2,6,1,3,1,5.0,2.1,5.0,2.1,2.9
1754,101046,20260421,905,2,8,4,1,1,8.5,3.2,8.5,3.2,5.3
1755,101047,20260710,1649,1,1,1,4,1,3.5,1.4,3.5,1.4,2.1
1756,101048,20260722,724,2,9,3,1,1,9.0,3.4,9.0,3.4,5.6
1757,101048,20260722,724,2,14,3,1,1,13.5,4.6,13.5,4.6,8.9
1758,101049,20260517,1726,1,9,2,1,1,9.0,3.4,9.0,3.4,5.6
1759,101049,20260517,1726,1,19,2,1,1,5.5,2.0,5.5,2.0,3.5
1760,101050,20260904,1751,4,8,1,1,2,8.5,3.2,17.0,6.4,10.6
1761,101051,20260529,1847,1,22,2,1,1,9.5,3.6,9.5,3.6,5.9
1762,101052,20260411,1817,3,17,1,2,1,4.5,1.6,4.5,1.6,2.9
1763,101052,20260411,1817,3,12,1,2,1,12.0,4.2,12.0,4.2,7.8
1764,101052,20260411,1817,3,17,1,2,1,4.5,1.6,4.5,1.6,2.9
1765,101053,20260322,1249,2,23,4,2,1,9.0,3.4,9.0,3.4,5.6
1766,101053,20260322,1249,2,23,4,2,1,9.0,3.4,9.0,3.4,5.6
1767,101054,20260602,1051,1,19,3,1,1,5.5,2.0,5.5,2.0,3.5
1768,101055,20260522,1650,2,11,1,1,1,10.5,3.8,10.5,3.8,6.7
1769,101055,20260522,1650,2,13,1,1,1,12.5,4.3,12.5,4.3,8.2
1770,101055,20260522,1650,2,22,1,1,1,9.5,3.6,9.5,3.6,5.9
1771,101056,20260709,1027,1,6,2,1,1,5.0,2.1,5.0,2.1,2.9
1772,101056,20260709,1027,1,22,2,1,2,9.5,3.6,19.0,7.2,11.8
1773,101057,20260325,1407,1,23,1,1,1,9.0,3.4,9.0,3.4,5.6
1774,101058,20260528,706,2,5,3,1,2,4.8,2.0,9.6,4.0,5.6
1775,101059,20260322,1203,4,4,4,2,1,4.5,1.9,4.5,1.9,2.6
1776,101060,20260619,1003,4,7,1,1,1,4.3,1.8,4.3,1.8,2.5
1777,101060,20260619,1003,4,13,1,1,1,12.5,4.3,12.5,4.3,8.2
1778,101061,20260912,1742,2,14,1,1,1,13.5,4.6,13.5,4.6,8.9
1779,101062,20260609,1906,2,14,2,2,1,13.5,4.6,13.5,4.6,8.9
1780,101063,20260531,1913,2,12,1,3,1,12.0,4.2,12.0,4.2,7.8
1781,101063,20260531,1913,2,15,1,3,1,11.0,4.0,11.0,4.0,7.0
1782,101064,20260712,1014,4,23,1,1,1,9.0,3.4,9.0,3.4,5.6
1783,101064,20260712,1014,4,4,1,1,1,4.5,1.9,4.5,1.9,2.6
1784,101064,20260712,1014,4,9,1,1,1,9.0,3.4,9.0,3.4,5.6
1785,101065,20260821,1713,1,15,2,1,1,11.0,4.0,11.0,4.0,7.0
1786,101065,20260821,1713,1,17,2,1,1,4.5,1.6,4.5,1.6,2.9
1787,101065,20260821,1713,1,22,2,1,1,9.5,3.6,9.5,3.6,5.9
1788,101066,20260526,1514,4,14,1,2,1,13.5,4.6,13.5,4.6,8.9
1789,101066,20260526,1514,4,2,1,2,1,4.0,1.6,4.0,1.6,2.4
1790,101067,20260729,826,4,17,2,4,1,4.5,1.6,4.5,1.6,2.9
1791,101068,20260901,1318,1,6,2,1,1,5.0,2.1,5.0,2.1,2.9
1792,101068,20260901,1318,1,3,2,1,1,3.8,1.5,3.8,1.5,2.3
1793,101069,20260324,956,3,8,3,3,1,8.5,3.2,8.5,3.2,5.3
1794,101069,20260324,956,3,9,3,3,1,9.0,3.4,9.0,3.4,5.6
1795,101070,20260718,1709,2,4,1,4,1,4.5,1.9,4.5,1.9,2.6
1796,101070,20260718,1709,2,11,1,4,2,10.5,3.8,21.0,7.6,13.4
1797,101071,20260712,1751,2,16,2,2,1,11.5,4.1,11.5,4.1,7.4
1798,101071,20260712,1751,2,11,2,2,1,10.5,3.8,10.5,3.8,6.7
1799,101071,20260712,1751,2,22,2,2,1,9.5,3.6,9.5,3.6,5.9
1800,101072,20260505,1012,1,3,1,1,1,3.8,1.5,3.8,1.5,2.3
1801,101072,20260505,1012,1,22,1,1,1,9.5,3.6,9.5,3.6,5.9
1802,101073,20260719,1914,2,7,1,3,1,4.3,1.8,4.3,1.8,2.5
1803,101074,20260406,1458,1,9,1,2,1,9.0,3.4,9.0,3.4,5.6
1804,101075,20260716,806,4,17,3,3,2,4.5,1.6,9.0,3.2,5.8
1805,101075,20260716,806,4,12,3,3,1,12.0,4.2,12.0,4.2,7.8
1806,101076,20260913,1734,1,11,1,4,1,10.5,3.8,10.5,3.8,6.7
1807,101077,20260715,1726,4,15,3,1,1,11.0,4.0,11.0,4.0,7.0
1808,101077,20260715,1726,4,8,3,1,1,8.5,3.2,8.5,3.2,5.3
1809,101078,20260426,1659,2,16,2,1,1,11.5,4.1,11.5,4.1,7.4
1810,101078,20260426,1659,2,15,2,1,1,11.0,4.0,11.0,4.0,7.0
1811,101079,20260813,1640,1,1,1,4,1,3.5,1.4,3.5,1.4,2.1
1812,101079,20260813,1640,1,19,1,4,1,5.5,2.0,5.5,2.0,3.5
1813,101080,20260719,2108,1,5,1,1,1,4.8,2.0,4.8,2.0,2.8
1814,101081,20260822,1508,3,2,1,1,2,4.0,1.6,8.0,3.2,4.8
1815,101082,20260330,1714,4,9,1,4,1,9.0,3.4,9.0,3.4,5.6
1816,101083,20260425,1024,3,22,2,1,1,9.5,3.6,9.5,3.6,5.9
1817,101083,20260425,1024,3,8,2,1,1,8.5,3.2,8.5,3.2,5.3
1818,101084,20260519,2005,4,7,1,1,1,4.3,1.8,4.3,1.8,2.5
1819,101085,20260321,832,4,6,4,2,1,5.0,2.1,5.0,2.1,2.9
1820,101086,20260321,1723,2,15,1,4,1,11.0,4.0,11.0,4.0,7.0
1821,101086,20260321,1723,2,21,1,4,1,9.0,3.2,9.0,3.2,5.8
1822,101087,20260418,1044,1,7,2,2,1,4.3,1.8,4.3,1.8,2.5
1823,101087,20260418,1044,1,20,2,2,2,6.5,2.4,13.0,4.8,8.2
1824,101088,20260711,1144,1,3,1,2,1,3.8,1.5,3.8,1.5,2.3
1825,101088,20260711,1144,1,24,1,2,1,8.0,3.0,8.0,3.0,5.0
1826,101089,20260330,1336,4,14,1,2,2,13.5,4.6,27.0,9.2,17.8
1827,101090,20260730,1848,2,13,2,3,1,12.5,4.3,12.5,4.3,8.2
1828,101091,20260327,1942,3,2,2,2,2,4.0,1.6,8.0,3.2,4.8
1829,101091,20260327,1942,3,11,2,2,1,10.5,3.8,10.5,3.8,6.7
1830,101092,20260515,806,4,1,2,3,1,3.5,1.4,3.5,1.4,2.1
1831,101093,20260814,1801,3,13,3,2,1,12.5,4.3,12.5,4.3,8.2
1832,101093,20260814,1801,3,9,3,2,2,9.0,3.4,18.0,6.8,11.2
1833,101094,20260626,1739,4,9,2,3,1,9.0,3.4,9.0,3.4,5.6
1834,101094,20260626,1739,4,1,2,3,1,3.5,1.4,3.5,1.4,2.1
1835,101094,20260626,1739,4,15,2,3,1,11.0,4.0,11.0,4.0,7.0
1836,101095,20260908,1706,1,20,2,1,1,6.5,2.4,6.5,2.4,4.1
1837,101096,20260418,710,3,17,1,1,1,4.5,1.6,4.5,1.6,2.9
1838,101096,20260418,710,3,7,1,1,1,4.3,1.8,4.3,1.8,2.5
1839,101097,20260515,1343,1,3,1,1,1,3.8,1.5,3.8,1.5,2.3
1840,101098,20260627,1750,2,10,1,2,1,8.0,3.0,8.0,3.0,5.0
1841,101098,20260627,1750,2,5,1,2,2,4.8,2.0,9.6,4.0,5.6
1842,101099,20260705,1112,1,25,3,1,2,8.5,3.2,17.0,6.4,10.6
1843,101099,20260705,1112,1,16,3,1,1,11.5,4.1,11.5,4.1,7.4
1844,101100,20260715,936,2,12,4,2,1,12.0,4.2,12.0,4.2,7.8
1845,101101,20260613,1904,1,11,1,2,1,10.5,3.8,10.5,3.8,6.7
1846,101102,20260614,1718,3,14,2,4,1,13.5,4.6,13.5,4.6,8.9
1847,101103,20260520,919,4,3,2,2,1,3.8,1.5,3.8,1.5,2.3
1848,101104,20260614,2128,2,6,1,2,1,5.0,2.1,5.0,2.1,2.9
1849,101105,20260522,1346,2,5,2,2,1,4.8,2.0,4.8,2.0,2.8
1850,101106,20260702,1815,2,15,2,3,1,11.0,4.0,11.0,4.0,7.0
1851,101107,20260320,1440,4,5,1,1,1,4.8,2.0,4.8,2.0,2.8
1852,101107,20260320,1440,4,4,1,1,1,4.5,1.9,4.5,1.9,2.6
1853,101108,20260727,1736,4,14,1,1,1,13.5,4.6,13.5,4.6,8.9
1854,101108,20260727,1736,4,14,1,1,1,13.5,4.6,13.5,4.6,8.9
1855,101109,20260730,1357,2,3,1,1,1,3.8,1.5,3.8,1.5,2.3
1856,101110,20260813,845,4,1,1,2,1,3.5,1.4,3.5,1.4,2.1
1857,101111,20260615,1106,3,5,1,2,1,4.8,2.0,4.8,2.0,2.8
1858,101111,20260615,1106,3,6,1,2,1,5.0,2.1,5.0,2.1,2.9
1859,101112,20260327,1809,4,6,1,3,1,5.0,2.1,5.0,2.1,2.9
1860,101113,20260329,1920,2,22,1,2,2,9.5,3.6,19.0,7.2,11.8
1861,101113,20260329,1920,2,10,1,2,1,8.0,3.0,8.0,3.0,5.0
1862,101114,20260623,1008,4,21,1,4,1,9.0,3.2,9.0,3.2,5.8
1863,101114,20260623,1008,4,5,1,4,1,4.8,2.0,4.8,2.0,2.8
1864,101115,20260911,907,2,23,1,1,1,9.0,3.4,9.0,3.4,5.6
1865,101115,20260911,907,2,21,1,1,1,9.0,3.2,9.0,3.2,5.8
1866,101116,20260409,1745,2,11,1,4,1,10.5,3.8,10.5,3.8,6.7
1867,101116,20260409,1745,2,16,1,4,1,11.5,4.1,11.5,4.1,7.4
1868,101116,20260409,1745,2,15,1,4,1,11.0,4.0,11.0,4.0,7.0
1869,101117,20260330,858,1,16,1,1,1,11.5,4.1,11.5,4.1,7.4
1870,101117,20260330,858,1,21,1,1,1,9.0,3.2,9.0,3.2,5.8
1871,101118,20260620,1351,1,3,3,1,1,3.8,1.5,3.8,1.5,2.3
1872,101118,20260620,1351,1,7,3,1,1,4.3,1.8,4.3,1.8,2.5
1873,101119,20260816,921,2,2,3,2,2,4.0,1.6,8.0,3.2,4.8
1874,101119,20260816,921,2,18,3,2,2,5.0,1.8,10.0,3.6,6.4
1875,101119,20260816,921,2,24,3,2,1,8.0,3.0,8.0,3.0,5.0
1876,101120,20260408,1646,1,11,2,2,1,10.5,3.8,10.5,3.8,6.7
1877,101121,20260803,808,4,17,1,1,2,4.5,1.6,9.0,3.2,5.8
1878,101121,20260803,808,4,17,1,1,2,4.5,1.6,9.0,3.2,5.8
1879,101122,20260630,842,2,5,1,2,1,4.8,2.0,4.8,2.0,2.8
1880,101123,20260513,1001,3,6,1,2,1,5.0,2.1,5.0,2.1,2.9
1881,101123,20260513,1001,3,19,1,2,1,5.5,2.0,5.5,2.0,3.5
1882,101124,20260818,913,3,21,2,1,1,9.0,3.2,9.0,3.2,5.8
1883,101125,20260709,1129,3,17,1,1,1,4.5,1.6,4.5,1.6,2.9
1884,101125,20260709,1129,3,24,1,1,1,8.0,3.0,8.0,3.0,5.0
1885,101126,20260609,1714,2,8,3,3,1,8.5,3.2,8.5,3.2,5.3
1886,101126,20260609,1714,2,20,3,3,1,6.5,2.4,6.5,2.4,4.1
1887,101127,20260502,1120,1,6,3,1,1,5.0,2.1,5.0,2.1,2.9
1888,101128,20260628,2132,1,25,1,1,2,8.5,3.2,17.0,6.4,10.6
1889,101129,20260712,852,2,3,1,1,2,3.8,1.5,7.6,3.0,4.6
1890,101129,20260712,852,2,4,1,1,1,4.5,1.9,4.5,1.9,2.6
1891,101130,20260518,1904,4,8,2,4,1,8.5,3.2,8.5,3.2,5.3
1892,101130,20260518,1904,4,17,2,4,1,4.5,1.6,4.5,1.6,2.9
1893,101131,20260404,1145,4,6,4,1,1,5.0,2.1,5.0,2.1,2.9
1894,101131,20260404,1145,4,20,4,1,1,6.5,2.4,6.5,2.4,4.1
1895,101132,20260428,1658,4,9,1,1,1,9.0,3.4,9.0,3.4,5.6
1896,101132,20260428,1658,4,13,1,1,1,12.5,4.3,12.5,4.3,8.2
1897,101133,20260515,1021,2,2,2,1,1,4.0,1.6,4.0,1.6,2.4
1898,101133,20260515,1021,2,4,2,1,1,4.5,1.9,4.5,1.9,2.6
1899,101134,20260317,1808,3,21,2,4,2,9.0,3.2,18.0,6.4,11.6
1900,101134,20260317,1808,3,14,2,4,1,13.5,4.6,13.5,4.6,8.9
1901,101135,20260815,733,2,9,1,2,1,9.0,3.4,9.0,3.4,5.6
1902,101135,20260815,733,2,1,1,2,2,3.5,1.4,7.0,2.8,4.2
1903,101136,20260319,1310,3,22,2,1,1,9.5,3.6,9.5,3.6,5.9
1904,101136,20260319,1310,3,10,2,1,2,8.0,3.0,16.0,6.0,10.0
1905,101136,20260319,1310,3,10,2,1,1,8.0,3.0,8.0,3.0,5.0
1906,101137,20260427,1729,2,7,2,1,1,4.3,1.8,4.3,1.8,2.5
1907,101138,20260320,1920,2,10,2,1,2,8.0,3.0,16.0,6.0,10.0
1908,101139,20260430,1339,2,22,2,1,2,9.5,3.6,19.0,7.2,11.8
1909,101139,20260430,1339,2,5,2,1,2,4.8,2.0,9.6,4.0,5.6
1910,101140,20260710,1850,4,14,2,1,1,13.5,4.6,13.5,4.6,8.9
1911,101140,20260710,1850,4,1,2,1,1,3.5,1.4,3.5,1.4,2.1
1912,101140,20260710,1850,4,6,2,1,1,5.0,2.1,5.0,2.1,2.9
1913,101141,20260512,1537,4,25,1,2,1,8.5,3.2,8.5,3.2,5.3
1914,101141,20260512,1537,4,25,1,2,1,8.5,3.2,8.5,3.2,5.3
1915,101142,20260524,816,2,19,1,3,1,5.5,2.0,5.5,2.0,3.5
1916,101143,20260405,1927,2,16,1,1,2,11.5,4.1,23.0,8.2,14.8
1917,101144,20260804,1000,2,4,2,1,1,4.5,1.9,4.5,1.9,2.6
1918,101145,20260816,1819,3,14,4,2,1,13.5,4.6,13.5,4.6,8.9
1919,101145,20260816,1819,3,25,4,2,1,8.5,3.2,8.5,3.2,5.3
1920,101145,20260816,1819,3,16,4,2,2,11.5,4.1,23.0,8.2,14.8
1921,101146,20260405,1028,1,7,1,1,1,4.3,1.8,4.3,1.8,2.5
1922,101147,20260411,811,3,4,2,1,1,4.5,1.9,4.5,1.9,2.6
1923,101147,20260411,811,3,2,2,1,1,4.0,1.6,4.0,1.6,2.4
1924,101148,20260606,1849,3,6,1,1,1,5.0,2.1,5.0,2.1,2.9
1925,101148,20260606,1849,3,16,1,1,1,11.5,4.1,11.5,4.1,7.4
1926,101148,20260606,1849,3,12,1,1,1,12.0,4.2,12.0,4.2,7.8
1927,101149,20260319,955,2,4,1,4,1,4.5,1.9,4.5,1.9,2.6
1928,101149,20260319,955,2,17,1,4,1,4.5,1.6,4.5,1.6,2.9
1929,101149,20260319,955,2,12,1,4,1,12.0,4.2,12.0,4.2,7.8
1930,101150,20260722,1756,3,1,3,3,1,3.5,1.4,3.5,1.4,2.1
1931,101151,20260903,902,4,18,2,3,1,5.0,1.8,5.0,1.8,3.2
1932,101152,20260330,1907,4,14,2,4,2,13.5,4.6,27.0,9.2,17.8
1933,101152,20260330,1907,4,5,2,4,1,4.8,2.0,4.8,2.0,2.8
1934,101153,20260523,1010,2,18,1,4,1,5.0,1.8,5.0,1.8,3.2
1935,101154,20260810,2113,2,11,4,3,1,10.5,3.8,10.5,3.8,6.7
1936,101154,20260810,2113,2,3,4,3,1,3.8,1.5,3.8,1.5,2.3
1937,101154,20260810,2113,2,21,4,3,1,9.0,3.2,9.0,3.2,5.8
1938,101155,20260323,1520,1,21,1,1,2,9.0,3.2,18.0,6.4,11.6
1939,101155,20260323,1520,1,20,1,1,1,6.5,2.4,6.5,2.4,4.1
1940,101155,20260323,1520,1,14,1,1,1,13.5,4.6,13.5,4.6,8.9
1941,101156,20260427,1254,1,22,1,1,1,9.5,3.6,9.5,3.6,5.9
1942,101156,20260427,1254,1,18,1,1,1,5.0,1.8,5.0,1.8,3.2
1943,101156,20260427,1254,1,19,1,1,1,5.5,2.0,5.5,2.0,3.5
1944,101157,20260605,1915,2,1,3,1,1,3.5,1.4,3.5,1.4,2.1
1945,101158,20260729,808,3,6,4,2,1,5.0,2.1,5.0,2.1,2.9
1946,101158,20260729,808,3,12,4,2,2,12.0,4.2,24.0,8.4,15.6
1947,101158,20260729,808,3,2,4,2,1,4.0,1.6,4.0,1.6,2.4
1948,101159,20260627,1258,1,25,1,1,1,8.5,3.2,8.5,3.2,5.3
1949,101159,20260627,1258,1,17,1,1,2,4.5,1.6,9.0,3.2,5.8
1950,101160,20260707,2136,4,19,1,1,1,5.5,2.0,5.5,2.0,3.5
1951,101160,20260707,2136,4,6,1,1,1,5.0,2.1,5.0,2.1,2.9
1952,101161,20260324,838,3,20,2,1,1,6.5,2.4,6.5,2.4,4.1
1953,101161,20260324,838,3,1,2,1,1,3.5,1.4,3.5,1.4,2.1
1954,101162,20260512,840,3,3,1,1,1,3.8,1.5,3.8,1.5,2.3
1955,101163,20260730,1046,1,20,1,1,1,6.5,2.4,6.5,2.4,4.1
1956,101163,20260730,1046,1,21,1,1,1,9.0,3.2,9.0,3.2,5.8
1957,101163,20260730,1046,1,11,1,1,1,10.5,3.8,10.5,3.8,6.7
1958,101164,20260407,1954,4,17,1,1,1,4.5,1.6,4.5,1.6,2.9
1959,101164,20260407,1954,4,10,1,1,1,8.0,3.0,8.0,3.0,5.0
1960,101165,20260422,833,2,6,2,3,1,5.0,2.1,5.0,2.1,2.9
1961,101166,20260714,817,4,5,2,1,1,4.8,2.0,4.8,2.0,2.8
1962,101166,20260714,817,4,17,2,1,1,4.5,1.6,4.5,1.6,2.9
1963,101167,20260820,1334,1,22,2,4,1,9.5,3.6,9.5,3.6,5.9
1964,101168,20260516,957,1,7,2,1,1,4.3,1.8,4.3,1.8,2.5
1965,101168,20260516,957,1,12,2,1,2,12.0,4.2,24.0,8.4,15.6
1966,101168,20260516,957,1,7,2,1,1,4.3,1.8,4.3,1.8,2.5
1967,101169,20260616,1850,3,8,4,3,1,8.5,3.2,8.5,3.2,5.3
1968,101170,20260905,838,2,18,2,1,1,5.0,1.8,5.0,1.8,3.2
1969,101171,20260731,1747,1,7,2,1,1,4.3,1.8,4.3,1.8,2.5
1970,101171,20260731,1747,1,10,2,1,1,8.0,3.0,8.0,3.0,5.0
1971,101172,20260523,1808,2,3,2,1,1,3.8,1.5,3.8,1.5,2.3
1972,101172,20260523,1808,2,8,2,1,1,8.5,3.2,8.5,3.2,5.3
1973,101173,20260819,1637,3,17,1,1,1,4.5,1.6,4.5,1.6,2.9
1974,101174,20260605,1809,1,14,1,1,1,13.5,4.6,13.5,4.6,8.9
1975,101175,20260408,1931,3,3,2,1,1,3.8,1.5,3.8,1.5,2.3
1976,101175,20260408,1931,3,21,2,1,2,9.0,3.2,18.0,6.4,11.6
1977,101176,20260513,1911,2,2,3,1,1,4.0,1.6,4.0,1.6,2.4
1978,101177,20260905,1039,3,6,1,3,1,5.0,2.1,5.0,2.1,2.9
1979,101177,20260905,1039,3,21,1,3,1,9.0,3.2,9.0,3.2,5.8
1980,101177,20260905,1039,3,25,1,3,1,8.5,3.2,8.5,3.2,5.3
1981,101178,20260708,1335,2,19,4,2,1,5.5,2.0,5.5,2.0,3.5
1982,101178,20260708,1335,2,19,4,2,1,5.5,2.0,5.5,2.0,3.5
1983,101179,20260502,930,2,23,1,1,1,9.0,3.4,9.0,3.4,5.6
1984,101179,20260502,930,2,18,1,1,1,5.0,1.8,5.0,1.8,3.2
1985,101180,20260911,907,3,1,1,1,1,3.5,1.4,3.5,1.4,2.1
1986,101180,20260911,907,3,4,1,1,1,4.5,1.9,4.5,1.9,2.6
1987,101181,20260906,1026,4,19,1,1,1,5.5,2.0,5.5,2.0,3.5
1988,101181,20260906,1026,4,1,1,1,1,3.5,1.4,3.5,1.4,2.1
1989,101182,20260512,1912,1,22,2,3,2,9.5,3.6,19.0,7.2,11.8
1990,101183,20260324,1903,4,22,1,3,2,9.5,3.6,19.0,7.2,11.8
1991,101184,20260429,1913,3,19,2,3,2,5.5,2.0,11.0,4.0,7.0
1992,101184,20260429,1913,3,8,2,3,1,8.5,3.2,8.5,3.2,5.3
1993,101185,20260720,1323,1,1,1,1,1,3.5,1.4,3.5,1.4,2.1
1994,101185,20260720,1323,1,2,1,1,1,4.0,1.6,4.0,1.6,2.4
1995,101186,20260514,833,1,5,1,2,1,4.8,2.0,4.8,2.0,2.8
1996,101187,20260815,914,4,16,3,1,1,11.5,4.1,11.5,4.1,7.4
1997,101188,20260424,1657,3,12,1,2,1,12.0,4.2,12.0,4.2,7.8
1998,101188,20260424,1657,3,14,1,2,1,13.5,4.6,13.5,4.6,8.9
1999,101188,20260424,1657,3,14,1,2,1,13.5,4.6,13.5,4.6,8.9
2000,101189,20260425,1832,4,2,2,1,1,4.0,1.6,4.0,1.6,2.4
2001,101189,20260425,1832,4,22,2,1,1,9.5,3.6,9.5,3.6,5.9
2002,101190,20260321,802,3,20,2,1,1,6.5,2.4,6.5,2.4,4.1
2003,101191,20260818,937,2,19,4,4,1,5.5,2.0,5.5,2.0,3.5
2004,101191,20260818,937,2,2,4,4,1,4.0,1.6,4.0,1.6,2.4
2005,101192,20260519,1631,3,13,1,3,1,12.5,4.3,12.5,4.3,8.2
2006,101193,20260514,1740,1,25,1,2,1,8.5,3.2,8.5,3.2,5.3
2007,101193,20260514,1740,1,2,1,2,1,4.0,1.6,4.0,1.6,2.4
2008,101194,20260430,1921,4,2,4,4,1,4.0,1.6,4.0,1.6,2.4
2009,101194,20260430,1921,4,15,4,4,1,11.0,4.0,11.0,4.0,7.0
2010,101195,20260906,822,3,18,1,2,2,5.0,1.8,10.0,3.6,6.4
2011,101195,20260906,822,3,4,1,2,1,4.5,1.9,4.5,1.9,2.6
2012,101196,20260906,1659,1,2,1,4,1,4.0,1.6,4.0,1.6,2.4
2013,101196,20260906,1659,1,9,1,4,1,9.0,3.4,9.0,3.4,5.6
2014,101197,20260702,1818,3,16,1,3,1,11.5,4.1,11.5,4.1,7.4
2015,101197,20260702,1818,3,5,1,3,2,4.8,2.0,9.6,4.0,5.6
2016,101198,20260602,1651,4,8,4,3,1,8.5,3.2,8.5,3.2,5.3
2017,101199,20260325,828,1,4,2,3,1,4.5,1.9,4.5,1.9,2.6
2018,101199,20260325,828,1,5,2,3,1,4.8,2.0,4.8,2.0,2.8
2019,101200,20260425,841,4,20,1,1,1,6.5,2.4,6.5,2.4,4.1
2020,101200,20260425,841,4,19,1,1,1,5.5,2.0,5.5,2.0,3.5
2021,101200,20260425,841,4,19,1,1,1,5.5,2.0,5.5,2.0,3.5
2022,101201,20260527,1949,1,14,4,4,1,13.5,4.6,13.5,4.6,8.9
2023,101201,20260527,1949,1,4,4,4,1,4.5,1.9,4.5,1.9,2.6
2024,101201,20260527,1949,1,6,4,4,1,5.0,2.1,5.0,2.1,2.9
2025,101202,20260528,2036,3,4,2,1,1,4.5,1.9,4.5,1.9,2.6
2026,101202,20260528,2036,3,21,2,1,1,9.0,3.2,9.0,3.2,5.8
2027,101203,20260716,939,3,20,1,3,2,6.5,2.4,13.0,4.8,8.2
2028,101204,20260401,1022,2,17,1,1,1,4.5,1.6,4.5,1.6,2.9
2029,101205,20260611,1114,2,8,1,4,1,8.5,3.2,8.5,3.2,5.3
2030,101206,20260914,1714,3,13,1,2,1,12.5,4.3,12.5,4.3,8.2
2031,101206,20260914,1714,3,12,1,2,1,12.0,4.2,12.0,4.2,7.8
2032,101207,20260315,1520,2,17,2,1,2,4.5,1.6,9.0,3.2,5.8
2033,101207,20260315,1520,2,5,2,1,2,4.8,2.0,9.6,4.0,5.6
2034,101207,20260315,1520,2,5,2,1,1,4.8,2.0,4.8,2.0,2.8
2035,101208,20260607,922,3,5,1,1,2,4.8,2.0,9.6,4.0,5.6
2036,101209,20260722,1810,2,23,1,1,1,9.0,3.4,9.0,3.4,5.6
2037,101210,20260329,1721,1,8,1,1,1,8.5,3.2,8.5,3.2,5.3
2038,101210,20260329,1721,1,13,1,1,1,12.5,4.3,12.5,4.3,8.2
2039,101210,20260329,1721,1,4,1,1,1,4.5,1.9,4.5,1.9,2.6
2040,101211,20260501,1152,4,6,1,1,1,5.0,2.1,5.0,2.1,2.9
2041,101212,20260410,1805,3,11,1,2,1,10.5,3.8,10.5,3.8,6.7
2042,101213,20260903,1100,3,5,2,1,1,4.8,2.0,4.8,2.0,2.8
2043,101214,20260528,1742,2,14,1,4,1,13.5,4.6,13.5,4.6,8.9
2044,101214,20260528,1742,2,8,1,4,1,8.5,3.2,8.5,3.2,5.3
2045,101215,20260913,1727,1,17,3,1,1,4.5,1.6,4.5,1.6,2.9
2046,101215,20260913,1727,1,7,3,1,1,4.3,1.8,4.3,1.8,2.5
2047,101216,20260718,834,4,1,1,1,1,3.5,1.4,3.5,1.4,2.1
2048,101216,20260718,834,4,6,1,1,1,5.0,2.1,5.0,2.1,2.9
2049,101216,20260718,834,4,4,1,1,1,4.5,1.9,4.5,1.9,2.6
2050,101217,20260510,1012,2,3,4,2,1,3.8,1.5,3.8,1.5,2.3
2051,101218,20260517,2049,2,18,1,1,1,5.0,1.8,5.0,1.8,3.2
2052,101218,20260517,2049,2,4,1,1,1,4.5,1.9,4.5,1.9,2.6
2053,101218,20260517,2049,2,3,1,1,1,3.8,1.5,3.8,1.5,2.3
2054,101219,20260702,1925,2,16,1,4,1,11.5,4.1,11.5,4.1,7.4
2055,101220,20260829,1903,4,5,2,3,1,4.8,2.0,4.8,2.0,2.8
2056,101220,20260829,1903,4,22,2,3,1,9.5,3.6,9.5,3.6,5.9
2057,101221,20260503,2016,1,5,1,1,1,4.8,2.0,4.8,2.0,2.8
2058,101222,20260408,953,4,21,4,2,1,9.0,3.2,9.0,3.2,5.8
2059,101223,20260619,814,3,19,2,1,1,5.5,2.0,5.5,2.0,3.5
2060,101224,20260811,1642,1,11,2,3,1,10.5,3.8,10.5,3.8,6.7
2061,101224,20260811,1642,1,15,2,3,1,11.0,4.0,11.0,4.0,7.0
2062,101224,20260811,1642,1,1,2,3,1,3.5,1.4,3.5,1.4,2.1
2063,101225,20260408,1858,2,22,1,3,1,9.5,3.6,9.5,3.6,5.9
2064,101226,20260424,1225,1,19,2,4,1,5.5,2.0,5.5,2.0,3.5
2065,101226,20260424,1225,1,9,2,4,1,9.0,3.4,9.0,3.4,5.6
2066,101227,20260621,1707,4,23,3,4,1,9.0,3.4,9.0,3.4,5.6
2067,101228,20260410,858,3,2,3,1,1,4.0,1.6,4.0,1.6,2.4
2068,101229,20260619,1736,1,13,1,2,1,12.5,4.3,12.5,4.3,8.2
2069,101230,20260831,1635,1,9,1,2,2,9.0,3.4,18.0,6.8,11.2
2070,101230,20260831,1635,1,14,1,2,1,13.5,4.6,13.5,4.6,8.9
2071,101230,20260831,1635,1,11,1,2,1,10.5,3.8,10.5,3.8,6.7
2072,101231,20260520,1839,4,11,1,4,1,10.5,3.8,10.5,3.8,6.7
2073,101232,20260416,816,4,4,1,2,1,4.5,1.9,4.5,1.9,2.6
2074,101233,20260613,820,1,3,2,2,1,3.8,1.5,3.8,1.5,2.3
2075,101234,20260703,718,2,7,4,2,2,4.3,1.8,8.6,3.6,5.0
2076,101235,20260815,919,3,20,1,1,1,6.5,2.4,6.5,2.4,4.1
2077,101235,20260815,919,3,12,1,1,1,12.0,4.2,12.0,4.2,7.8
2078,101235,20260815,919,3,17,1,1,1,4.5,1.6,4.5,1.6,2.9
2079,101236,20260608,952,2,3,1,1,2,3.8,1.5,7.6,3.0,4.6
2080,101236,20260608,952,2,6,1,1,2,5.0,2.1,10.0,4.2,5.8
2081,101237,20260807,851,3,17,2,4,1,4.5,1.6,4.5,1.6,2.9
2082,101237,20260807,851,3,2,2,4,1,4.0,1.6,4.0,1.6,2.4
2083,101238,20260411,1015,2,1,2,1,1,3.5,1.4,3.5,1.4,2.1
2084,101239,20260828,921,3,5,1,4,1,4.8,2.0,4.8,2.0,2.8
2085,101239,20260828,921,3,2,1,4,1,4.0,1.6,4.0,1.6,2.4
2086,101239,20260828,921,3,4,1,4,1,4.5,1.9,4.5,1.9,2.6
2087,101240,20260518,1923,2,12,1,3,1,12.0,4.2,12.0,4.2,7.8
2088,101241,20260717,808,2,17,2,2,1,4.5,1.6,4.5,1.6,2.9
2089,101241,20260717,808,2,21,2,2,2,9.0,3.2,18.0,6.4,11.6
2090,101241,20260717,808,2,7,2,2,2,4.3,1.8,8.6,3.6,5.0
2091,101242,20260409,1054,2,4,1,1,2,4.5,1.9,9.0,3.8,5.2
2092,101243,20260409,924,1,20,1,2,2,6.5,2.4,13.0,4.8,8.2
2093,101243,20260409,924,1,10,1,2,2,8.0,3.0,16.0,6.0,10.0
2094,101244,20260713,1134,2,3,3,4,1,3.8,1.5,3.8,1.5,2.3
2095,101245,20260501,937,1,25,2,2,1,8.5,3.2,8.5,3.2,5.3
2096,101246,20260530,1120,3,23,2,2,1,9.0,3.4,9.0,3.4,5.6
2097,101247,20260322,2128,3,6,1,2,1,5.0,2.1,5.0,2.1,2.9
2098,101248,20260405,1137,1,20,1,1,2,6.5,2.4,13.0,4.8,8.2
2099,101249,20260712,810,2,3,4,2,1,3.8,1.5,3.8,1.5,2.3
2100,101249,20260712,810,2,21,4,2,1,9.0,3.2,9.0,3.2,5.8
2101,101249,20260712,810,2,14,4,2,1,13.5,4.6,13.5,4.6,8.9
2102,101250,20260504,946,1,4,3,1,1,4.5,1.9,4.5,1.9,2.6
2103,101251,20260729,954,4,19,1,2,1,5.5,2.0,5.5,2.0,3.5
2104,101252,20260609,1816,4,9,1,3,1,9.0,3.4,9.0,3.4,5.6
2105,101253,20260905,1018,2,6,3,1,1,5.0,2.1,5.0,2.1,2.9
2106,101254,20260418,1728,3,23,1,3,1,9.0,3.4,9.0,3.4,5.6
2107,101255,20260419,854,2,12,1,1,1,12.0,4.2,12.0,4.2,7.8
2108,101255,20260419,854,2,4,1,1,1,4.5,1.9,4.5,1.9,2.6
2109,101255,20260419,854,2,6,1,1,1,5.0,2.1,5.0,2.1,2.9
2110,101256,20260805,1403,4,6,1,2,1,5.0,2.1,5.0,2.1,2.9
2111,101256,20260805,1403,4,3,1,2,1,3.8,1.5,3.8,1.5,2.3
2112,101257,20260502,1701,4,16,1,1,1,11.5,4.1,11.5,4.1,7.4
2113,101258,20260725,930,3,21,1,2,1,9.0,3.2,9.0,3.2,5.8
2114,101258,20260725,930,3,24,1,2,1,8.0,3.0,8.0,3.0,5.0
2115,101259,20260814,1654,3,24,1,3,1,8.0,3.0,8.0,3.0,5.0
2116,101260,20260813,1919,1,13,1,3,1,12.5,4.3,12.5,4.3,8.2
2117,101261,20260614,1334,2,11,1,1,1,10.5,3.8,10.5,3.8,6.7
2118,101262,20260606,1906,3,10,2,4,1,8.0,3.0,8.0,3.0,5.0
2119,101262,20260606,1906,3,11,2,4,2,10.5,3.8,21.0,7.6,13.4
2120,101262,20260606,1906,3,10,2,4,2,8.0,3.0,16.0,6.0,10.0
2121,101263,20260513,1242,4,11,3,1,1,10.5,3.8,10.5,3.8,6.7
2122,101264,20260712,1910,2,16,1,3,1,11.5,4.1,11.5,4.1,7.4
2123,101265,20260418,938,1,16,1,2,1,11.5,4.1,11.5,4.1,7.4
2124,101266,20260721,1256,1,2,1,2,1,4.0,1.6,4.0,1.6,2.4
2125,101266,20260721,1256,1,15,1,2,2,11.0,4.0,22.0,8.0,14.0
2126,101266,20260721,1256,1,21,1,2,1,9.0,3.2,9.0,3.2,5.8
2127,101267,20260507,1208,3,18,1,2,1,5.0,1.8,5.0,1.8,3.2
2128,101268,20260603,1952,2,2,2,2,1,4.0,1.6,4.0,1.6,2.4
2129,101269,20260906,1747,3,19,1,4,1,5.5,2.0,5.5,2.0,3.5
2130,101269,20260906,1747,3,11,1,4,1,10.5,3.8,10.5,3.8,6.7
2131,101269,20260906,1747,3,14,1,4,1,13.5,4.6,13.5,4.6,8.9
2132,101270,20260416,1655,2,20,2,4,1,6.5,2.4,6.5,2.4,4.1
2133,101270,20260416,1655,2,6,2,4,2,5.0,2.1,10.0,4.2,5.8
2134,101271,20260512,937,1,6,1,1,2,5.0,2.1,10.0,4.2,5.8
2135,101272,20260401,958,1,7,1,1,1,4.3,1.8,4.3,1.8,2.5
2136,101272,20260401,958,1,20,1,1,2,6.5,2.4,13.0,4.8,8.2
2137,101273,20260528,1835,4,14,3,1,1,13.5,4.6,13.5,4.6,8.9
2138,101274,20260628,1010,4,7,1,1,1,4.3,1.8,4.3,1.8,2.5
2139,101275,20260604,1741,1,8,2,3,2,8.5,3.2,17.0,6.4,10.6
2140,101275,20260604,1741,1,4,2,3,1,4.5,1.9,4.5,1.9,2.6
2141,101276,20260721,1030,4,19,3,1,1,5.5,2.0,5.5,2.0,3.5
2142,101276,20260721,1030,4,7,3,1,1,4.3,1.8,4.3,1.8,2.5
2143,101277,20260716,1752,4,18,1,2,1,5.0,1.8,5.0,1.8,3.2
2144,101277,20260716,1752,4,7,1,2,1,4.3,1.8,4.3,1.8,2.5
2145,101278,20260914,1800,4,18,1,1,1,5.0,1.8,5.0,1.8,3.2
2146,101278,20260914,1800,4,2,1,1,2,4.0,1.6,8.0,3.2,4.8
2147,101279,20260506,923,1,17,2,4,1,4.5,1.6,4.5,1.6,2.9
2148,101279,20260506,923,1,7,2,4,1,4.3,1.8,4.3,1.8,2.5
2149,101279,20260506,923,1,18,2,4,1,5.0,1.8,5.0,1.8,3.2
2150,101280,20260629,946,4,20,1,1,1,6.5,2.4,6.5,2.4,4.1
2151,101280,20260629,946,4,2,1,1,1,4.0,1.6,4.0,1.6,2.4
2152,101281,20260628,1241,3,23,1,4,1,9.0,3.4,9.0,3.4,5.6
2153,101282,20260328,1028,1,11,1,4,1,10.5,3.8,10.5,3.8,6.7
2154,101282,20260328,1028,1,6,1,4,2,5.0,2.1,10.0,4.2,5.8
2155,101283,20260808,1044,2,8,1,1,1,8.5,3.2,8.5,3.2,5.3
2156,101284,20260531,1652,4,14,3,1,1,13.5,4.6,13.5,4.6,8.9
2157,101285,20260813,2128,2,7,2,1,2,4.3,1.8,8.6,3.6,5.0
2158,101285,20260813,2128,2,2,2,1,1,4.0,1.6,4.0,1.6,2.4
2159,101285,20260813,2128,2,2,2,1,1,4.0,1.6,4.0,1.6,2.4
2160,101286,20260511,819,1,5,1,1,1,4.8,2.0,4.8,2.0,2.8
2161,101286,20260511,819,1,4,1,1,1,4.5,1.9,4.5,1.9,2.6
2162,101287,20260429,1152,4,14,1,3,1,13.5,4.6,13.5,4.6,8.9
2163,101287,20260429,1152,4,6,1,3,1,5.0,2.1,5.0,2.1,2.9
2164,101287,20260429,1152,4,23,1,3,2,9.0,3.4,18.0,6.8,11.2
2165,101288,20260325,1649,3,14,1,1,1,13.5,4.6,13.5,4.6,8.9
2166,101288,20260325,1649,3,9,1,1,1,9.0,3.4,9.0,3.4,5.6
2167,101288,20260325,1649,3,8,1,1,1,8.5,3.2,8.5,3.2,5.3
2168,101289,20260906,818,2,2,1,1,1,4.0,1.6,4.0,1.6,2.4
2169,101289,20260906,818,2,5,1,1,1,4.8,2.0,4.8,2.0,2.8
2170,101289,20260906,818,2,7,1,1,1,4.3,1.8,4.3,1.8,2.5
2171,101290,20260812,1717,2,23,1,1,1,9.0,3.4,9.0,3.4,5.6
2172,101290,20260812,1717,2,17,1,1,1,4.5,1.6,4.5,1.6,2.9
2173,101291,20260823,1842,2,20,2,1,1,6.5,2.4,6.5,2.4,4.1
2174,101291,20260823,1842,2,3,2,1,1,3.8,1.5,3.8,1.5,2.3
2175,101291,20260823,1842,2,19,2,1,2,5.5,2.0,11.0,4.0,7.0
2176,101292,20260628,1450,4,4,1,3,1,4.5,1.9,4.5,1.9,2.6
2177,101292,20260628,1450,4,1,1,3,1,3.5,1.4,3.5,1.4,2.1
2178,101292,20260628,1450,4,4,1,3,2,4.5,1.9,9.0,3.8,5.2
2179,101293,20260710,942,1,2,3,3,1,4.0,1.6,4.0,1.6,2.4
2180,101294,20260829,1035,1,3,1,2,1,3.8,1.5,3.8,1.5,2.3
2181,101294,20260829,1035,1,13,1,2,1,12.5,4.3,12.5,4.3,8.2
2182,101294,20260829,1035,1,22,1,2,2,9.5,3.6,19.0,7.2,11.8
2183,101295,20260731,1007,2,18,1,2,1,5.0,1.8,5.0,1.8,3.2
2184,101295,20260731,1007,2,2,1,2,2,4.0,1.6,8.0,3.2,4.8
2185,101296,20260728,1725,2,10,1,1,1,8.0,3.0,8.0,3.0,5.0
2186,101296,20260728,1725,2,21,1,1,1,9.0,3.2,9.0,3.2,5.8
2187,101297,20260315,1931,4,7,2,1,1,4.3,1.8,4.3,1.8,2.5
2188,101298,20260911,1021,2,21,1,4,1,9.0,3.2,9.0,3.2,5.8
2189,101298,20260911,1021,2,1,1,4,1,3.5,1.4,3.5,1.4,2.1
2190,101299,20260718,819,2,4,4,1,1,4.5,1.9,4.5,1.9,2.6
2191,101300,20260831,811,2,5,1,1,1,4.8,2.0,4.8,2.0,2.8
2192,101300,20260831,811,2,3,1,1,1,3.8,1.5,3.8,1.5,2.3
2193,101300,20260831,811,2,20,1,1,1,6.5,2.4,6.5,2.4,4.1
2194,101301,20260704,1433,3,19,2,1,2,5.5,2.0,11.0,4.0,7.0
2195,101301,20260704,1433,3,5,2,1,1,4.8,2.0,4.8,2.0,2.8
2196,101301,20260704,1433,3,4,2,1,1,4.5,1.9,4.5,1.9,2.6
2197,101302,20260704,1658,2,12,1,4,1,12.0,4.2,12.0,4.2,7.8
2198,101303,20260411,1452,4,14,4,3,2,13.5,4.6,27.0,9.2,17.8
2199,101303,20260411,1452,4,10,4,3,1,8.0,3.0,8.0,3.0,5.0
2200,101304,20260727,807,3,19,1,2,1,5.5,2.0,5.5,2.0,3.5
2201,101304,20260727,807,3,17,1,2,1,4.5,1.6,4.5,1.6,2.9
2202,101305,20260331,1852,2,14,1,4,1,13.5,4.6,13.5,4.6,8.9
2203,101306,20260907,1215,1,11,1,2,1,10.5,3.8,10.5,3.8,6.7
2204,101307,20260430,918,3,7,2,4,1,4.3,1.8,4.3,1.8,2.5
2205,101307,20260430,918,3,18,2,4,1,5.0,1.8,5.0,1.8,3.2
2206,101308,20260715,1917,2,14,1,1,1,13.5,4.6,13.5,4.6,8.9
2207,101309,20260708,1743,4,1,1,1,2,3.5,1.4,7.0,2.8,4.2
2208,101310,20260830,1636,2,21,2,1,2,9.0,3.2,18.0,6.4,11.6
2209,101311,20260724,1128,1,9,1,2,1,9.0,3.4,9.0,3.4,5.6
2210,101311,20260724,1128,1,13,1,2,1,12.5,4.3,12.5,4.3,8.2
2211,101311,20260724,1128,1,20,1,2,1,6.5,2.4,6.5,2.4,4.1
2212,101312,20260425,1314,4,13,1,1,1,12.5,4.3,12.5,4.3,8.2
2213,101312,20260425,1314,4,6,1,1,2,5.0,2.1,10.0,4.2,5.8
2214,101312,20260425,1314,4,19,1,1,1,5.5,2.0,5.5,2.0,3.5
2215,101313,20260420,904,1,5,1,1,1,4.8,2.0,4.8,2.0,2.8
2216,101313,20260420,904,1,1,1,1,1,3.5,1.4,3.5,1.4,2.1
2217,101314,20260720,1155,1,23,4,4,1,9.0,3.4,9.0,3.4,5.6
2218,101314,20260720,1155,1,15,4,4,1,11.0,4.0,11.0,4.0,7.0
2219,101314,20260720,1155,1,20,4,4,2,6.5,2.4,13.0,4.8,8.2
2220,101315,20260401,1228,3,19,1,1,1,5.5,2.0,5.5,2.0,3.5
2221,101316,20260607,749,1,4,2,2,2,4.5,1.9,9.0,3.8,5.2
2222,101316,20260607,749,1,8,2,2,1,8.5,3.2,8.5,3.2,5.3
2223,101316,20260607,749,1,6,2,2,1,5.0,2.1,5.0,2.1,2.9
2224,101317,20260429,950,3,21,2,1,1,9.0,3.2,9.0,3.2,5.8
2225,101317,20260429,950,3,16,2,1,1,11.5,4.1,11.5,4.1,7.4
2226,101317,20260429,950,3,2,2,1,2,4.0,1.6,8.0,3.2,4.8
2227,101318,20260514,1217,4,15,4,2,1,11.0,4.0,11.0,4.0,7.0
2228,101318,20260514,1217,4,24,4,2,1,8.0,3.0,8.0,3.0,5.0
2229,101319,20260618,703,3,7,1,4,1,4.3,1.8,4.3,1.8,2.5
2230,101319,20260618,703,3,22,1,4,1,9.5,3.6,9.5,3.6,5.9
2231,101320,20260726,1145,2,18,1,1,1,5.0,1.8,5.0,1.8,3.2
2232,101321,20260911,1025,1,14,1,1,1,13.5,4.6,13.5,4.6,8.9
2233,101321,20260911,1025,1,5,1,1,1,4.8,2.0,4.8,2.0,2.8
2234,101321,20260911,1025,1,7,1,1,1,4.3,1.8,4.3,1.8,2.5
2235,101322,20260610,1716,2,10,1,1,1,8.0,3.0,8.0,3.0,5.0
2236,101322,20260610,1716,2,13,1,1,1,12.5,4.3,12.5,4.3,8.2
2237,101322,20260610,1716,2,3,1,1,1,3.8,1.5,3.8,1.5,2.3
2238,101323,20260725,1817,4,16,2,2,2,11.5,4.1,23.0,8.2,14.8
2239,101323,20260725,1817,4,12,2,2,1,12.0,4.2,12.0,4.2,7.8
2240,101324,20260507,1856,3,15,2,1,2,11.0,4.0,22.0,8.0,14.0
2241,101324,20260507,1856,3,20,2,1,2,6.5,2.4,13.0,4.8,8.2
2242,101325,20260621,2136,3,5,1,1,2,4.8,2.0,9.6,4.0,5.6
2243,101326,20260508,2153,4,9,2,4,2,9.0,3.4,18.0,6.8,11.2
2244,101327,20260830,1144,2,5,3,1,1,4.8,2.0,4.8,2.0,2.8
2245,101327,20260830,1144,2,20,3,1,1,6.5,2.4,6.5,2.4,4.1
2246,101328,20260714,1637,1,25,1,3,1,8.5,3.2,8.5,3.2,5.3
2247,101329,20260601,943,2,24,1,3,2,8.0,3.0,16.0,6.0,10.0
2248,101330,20260528,1840,3,14,3,1,1,13.5,4.6,13.5,4.6,8.9
2249,101331,20260623,1745,4,9,2,4,1,9.0,3.4,9.0,3.4,5.6
2250,101331,20260623,1745,4,14,2,4,2,13.5,4.6,27.0,9.2,17.8
2251,101332,20260721,947,2,4,3,4,1,4.5,1.9,4.5,1.9,2.6
2252,101333,20260814,1842,4,23,1,1,1,9.0,3.4,9.0,3.4,5.6
2253,101333,20260814,1842,4,11,1,1,2,10.5,3.8,21.0,7.6,13.4
2254,101333,20260814,1842,4,24,1,1,1,8.0,3.0,8.0,3.0,5.0
2255,101334,20260501,1720,1,5,1,2,2,4.8,2.0,9.6,4.0,5.6
2256,101335,20260606,1816,1,22,3,1,1,9.5,3.6,9.5,3.6,5.9
2257,101336,20260403,1911,1,6,3,1,1,5.0,2.1,5.0,2.1,2.9
2258,101336,20260403,1911,1,11,3,1,1,10.5,3.8,10.5,3.8,6.7
2259,101337,20260522,850,2,5,2,1,1,4.8,2.0,4.8,2.0,2.8
2260,101337,20260522,850,2,17,2,1,1,4.5,1.6,4.5,1.6,2.9
2261,101337,20260522,850,2,19,2,1,1,5.5,2.0,5.5,2.0,3.5
2262,101338,20260413,1349,2,19,2,1,1,5.5,2.0,5.5,2.0,3.5
2263,101338,20260413,1349,2,18,2,1,1,5.0,1.8,5.0,1.8,3.2
2264,101338,20260413,1349,2,18,2,1,1,5.0,1.8,5.0,1.8,3.2
2265,101339,20260911,1824,4,25,2,1,1,8.5,3.2,8.5,3.2,5.3
2266,101340,20260629,2126,4,19,2,3,2,5.5,2.0,11.0,4.0,7.0
2267,101341,20260406,1703,3,25,2,4,1,8.5,3.2,8.5,3.2,5.3
2268,101342,20260609,1008,2,4,2,2,2,4.5,1.9,9.0,3.8,5.2
2269,101342,20260609,1008,2,5,2,2,2,4.8,2.0,9.6,4.0,5.6
2270,101343,20260427,1706,4,18,2,4,2,5.0,1.8,10.0,3.6,6.4
2271,101344,20260628,823,3,18,1,1,1,5.0,1.8,5.0,1.8,3.2
2272,101345,20260710,1733,1,7,2,2,1,4.3,1.8,4.3,1.8,2.5
2273,101346,20260726,935,1,6,2,4,1,5.0,2.1,5.0,2.1,2.9
2274,101347,20260612,1007,2,23,1,1,1,9.0,3.4,9.0,3.4,5.6
2275,101348,20260722,916,4,21,1,2,1,9.0,3.2,9.0,3.2,5.8
2276,101349,20260704,1733,2,9,4,3,1,9.0,3.4,9.0,3.4,5.6
2277,101350,20260626,1740,4,10,1,1,2,8.0,3.0,16.0,6.0,10.0
2278,101351,20260701,1941,3,19,1,1,1,5.5,2.0,5.5,2.0,3.5
2279,101351,20260701,1941,3,4,1,1,1,4.5,1.9,4.5,1.9,2.6
2280,101351,20260701,1941,3,7,1,1,1,4.3,1.8,4.3,1.8,2.5
2281,101352,20260504,2054,3,6,3,2,1,5.0,2.1,5.0,2.1,2.9
2282,101353,20260821,1646,1,1,2,1,1,3.5,1.4,3.5,1.4,2.1
2283,101353,20260821,1646,1,8,2,1,1,8.5,3.2,8.5,3.2,5.3
2284,101354,20260811,802,3,17,1,2,1,4.5,1.6,4.5,1.6,2.9
2285,101355,20260808,1751,1,9,1,3,2,9.0,3.4,18.0,6.8,11.2
2286,101356,20260514,941,2,11,3,1,1,10.5,3.8,10.5,3.8,6.7
2287,101357,20260807,901,4,2,2,1,1,4.0,1.6,4.0,1.6,2.4
2288,101357,20260807,901,4,19,2,1,1,5.5,2.0,5.5,2.0,3.5
2289,101358,20260712,801,2,7,1,2,2,4.3,1.8,8.6,3.6,5.0
2290,101359,20260730,1202,1,6,4,1,1,5.0,2.1,5.0,2.1,2.9
2291,101360,20260603,1223,2,7,2,3,2,4.3,1.8,8.6,3.6,5.0
2292,101360,20260603,1223,2,17,2,3,1,4.5,1.6,4.5,1.6,2.9
2293,101361,20260731,945,1,6,1,2,2,5.0,2.1,10.0,4.2,5.8
2294,101362,20260828,1500,4,11,1,1,1,10.5,3.8,10.5,3.8,6.7
2295,101363,20260424,1822,2,10,1,1,1,8.0,3.0,8.0,3.0,5.0
2296,101363,20260424,1822,2,10,1,1,2,8.0,3.0,16.0,6.0,10.0
2297,101363,20260424,1822,2,10,1,1,1,8.0,3.0,8.0,3.0,5.0
2298,101364,20260804,1728,2,4,2,3,1,4.5,1.9,4.5,1.9,2.6
2299,101365,20260711,1922,1,14,1,3,1,13.5,4.6,13.5,4.6,8.9
2300,101365,20260711,1922,1,23,1,3,1,9.0,3.4,9.0,3.4,5.6
2301,101366,20260709,736,4,2,1,2,2,4.0,1.6,8.0,3.2,4.8
2302,101366,20260709,736,4,20,1,2,1,6.5,2.4,6.5,2.4,4.1
2303,101367,20260628,1827,3,11,1,3,1,10.5,3.8,10.5,3.8,6.7
2304,101368,20260805,1018,1,20,1,2,1,6.5,2.4,6.5,2.4,4.1
2305,101368,20260805,1018,1,14,1,2,1,13.5,4.6,13.5,4.6,8.9
2306,101368,20260805,1018,1,7,1,2,2,4.3,1.8,8.6,3.6,5.0
2307,101369,20260523,1902,3,2,2,1,1,4.0,1.6,4.0,1.6,2.4
2308,101369,20260523,1902,3,10,2,1,2,8.0,3.0,16.0,6.0,10.0
2309,101370,20260318,1127,3,8,1,1,1,8.5,3.2,8.5,3.2,5.3
2310,101371,20260504,1311,1,24,2,1,1,8.0,3.0,8.0,3.0,5.0
2311,101371,20260504,1311,1,22,2,1,1,9.5,3.6,9.5,3.6,5.9
2312,101371,20260504,1311,1,2,2,1,2,4.0,1.6,8.0,3.2,4.8
2313,101372,20260417,1913,2,20,2,1,1,6.5,2.4,6.5,2.4,4.1
2314,101373,20260715,1125,1,9,1,3,1,9.0,3.4,9.0,3.4,5.6
2315,101374,20260910,928,1,20,1,2,1,6.5,2.4,6.5,2.4,4.1
2316,101374,20260910,928,1,7,1,2,1,4.3,1.8,4.3,1.8,2.5
2317,101375,20260615,1647,4,18,1,3,1,5.0,1.8,5.0,1.8,3.2
2318,101375,20260615,1647,4,21,1,3,1,9.0,3.2,9.0,3.2,5.8
2319,101376,20260519,1639,1,13,1,2,1,12.5,4.3,12.5,4.3,8.2
2320,101377,20260704,935,2,18,1,3,1,5.0,1.8,5.0,1.8,3.2
2321,101378,20260609,1247,3,1,4,1,1,3.5,1.4,3.5,1.4,2.1
2322,101378,20260609,1247,3,21,4,1,1,9.0,3.2,9.0,3.2,5.8
2323,101379,20260625,1719,4,20,4,4,1,6.5,2.4,6.5,2.4,4.1
2324,101379,20260625,1719,4,1,4,4,1,3.5,1.4,3.5,1.4,2.1
2325,101379,20260625,1719,4,16,4,4,1,11.5,4.1,11.5,4.1,7.4
2326,101380,20260512,1112,1,7,1,1,1,4.3,1.8,4.3,1.8,2.5
2327,101381,20260814,1856,2,16,2,4,1,11.5,4.1,11.5,4.1,7.4
2328,101381,20260814,1856,2,21,2,4,1,9.0,3.2,9.0,3.2,5.8
2329,101382,20260424,2120,4,3,4,1,1,3.8,1.5,3.8,1.5,2.3
2330,101382,20260424,2120,4,5,4,1,1,4.8,2.0,4.8,2.0,2.8
2331,101383,20260520,1631,1,12,3,4,1,12.0,4.2,12.0,4.2,7.8
2332,101383,20260520,1631,1,13,3,4,1,12.5,4.3,12.5,4.3,8.2
2333,101383,20260520,1631,1,11,3,4,1,10.5,3.8,10.5,3.8,6.7
2334,101384,20260727,917,4,7,1,3,2,4.3,1.8,8.6,3.6,5.0
2335,101385,20260325,2115,4,24,2,1,2,8.0,3.0,16.0,6.0,10.0
2336,101385,20260325,2115,4,20,2,1,1,6.5,2.4,6.5,2.4,4.1
2337,101386,20260910,1902,1,9,4,3,1,9.0,3.4,9.0,3.4,5.6
2338,101387,20260427,1254,4,3,1,2,1,3.8,1.5,3.8,1.5,2.3
2339,101387,20260427,1254,4,4,1,2,2,4.5,1.9,9.0,3.8,5.2
2340,101388,20260508,1300,1,19,1,1,1,5.5,2.0,5.5,2.0,3.5
2341,101388,20260508,1300,1,18,1,1,1,5.0,1.8,5.0,1.8,3.2
2342,101389,20260827,1817,1,14,1,3,1,13.5,4.6,13.5,4.6,8.9
2343,101390,20260709,802,2,13,2,2,1,12.5,4.3,12.5,4.3,8.2
2344,101391,20260701,1608,3,5,2,1,2,4.8,2.0,9.6,4.0,5.6
2345,101392,20260722,1226,3,4,1,1,1,4.5,1.9,4.5,1.9,2.6
2346,101392,20260722,1226,3,6,1,1,1,5.0,2.1,5.0,2.1,2.9
2347,101392,20260722,1226,3,13,1,1,1,12.5,4.3,12.5,4.3,8.2
2348,101393,20260806,1024,2,6,4,1,2,5.0,2.1,10.0,4.2,5.8
2349,101394,20260805,2057,3,11,1,1,1,10.5,3.8,10.5,3.8,6.7
2350,101395,20260326,1544,1,17,2,1,1,4.5,1.6,4.5,1.6,2.9
2351,101396,20260417,755,1,24,3,2,1,8.0,3.0,8.0,3.0,5.0
2352,101397,20260609,919,3,3,1,2,2,3.8,1.5,7.6,3.0,4.6
2353,101398,20260411,1552,2,11,2,4,1,10.5,3.8,10.5,3.8,6.7
2354,101399,20260702,1115,3,7,3,1,1,4.3,1.8,4.3,1.8,2.5
2355,101399,20260702,1115,3,12,3,1,1,12.0,4.2,12.0,4.2,7.8
2356,101399,20260702,1115,3,9,3,1,1,9.0,3.4,9.0,3.4,5.6
2357,101400,20260407,1845,2,6,4,4,2,5.0,2.1,10.0,4.2,5.8
2358,101400,20260407,1845,2,9,4,4,1,9.0,3.4,9.0,3.4,5.6
2359,101400,20260407,1845,2,13,4,4,1,12.5,4.3,12.5,4.3,8.2
2360,101401,20260804,1102,3,13,4,1,1,12.5,4.3,12.5,4.3,8.2
2361,101401,20260804,1102,3,4,4,1,1,4.5,1.9,4.5,1.9,2.6
2362,101402,20260714,2024,2,14,1,2,2,13.5,4.6,27.0,9.2,17.8
2363,101402,20260714,2024,2,25,1,2,1,8.5,3.2,8.5,3.2,5.3
2364,101402,20260714,2024,2,9,1,2,2,9.0,3.4,18.0,6.8,11.2
2365,101403,20260830,1159,2,8,2,2,1,8.5,3.2,8.5,3.2,5.3
2366,101404,20260609,1317,4,23,2,1,2,9.0,3.4,18.0,6.8,11.2
2367,101404,20260609,1317,4,9,2,1,1,9.0,3.4,9.0,3.4,5.6
2368,101405,20260316,1826,2,12,4,3,1,12.0,4.2,12.0,4.2,7.8
2369,101406,20260909,815,3,18,4,2,1,5.0,1.8,5.0,1.8,3.2
2370,101406,20260909,815,3,4,4,2,1,4.5,1.9,4.5,1.9,2.6
2371,101406,20260909,815,3,6,4,2,1,5.0,2.1,5.0,2.1,2.9
2372,101407,20260427,1335,4,23,1,2,2,9.0,3.4,18.0,6.8,11.2
2373,101408,20260608,1127,1,21,3,1,1,9.0,3.2,9.0,3.2,5.8
2374,101409,20260820,928,1,5,1,3,1,4.8,2.0,4.8,2.0,2.8
2375,101410,20260403,1106,1,12,2,1,1,12.0,4.2,12.0,4.2,7.8
2376,101411,20260702,1659,3,4,1,1,1,4.5,1.9,4.5,1.9,2.6
2377,101411,20260702,1659,3,16,1,1,1,11.5,4.1,11.5,4.1,7.4
2378,101412,20260409,1832,3,7,1,3,1,4.3,1.8,4.3,1.8,2.5
2379,101413,20260604,1006,1,4,1,4,1,4.5,1.9,4.5,1.9,2.6
2380,101414,20260725,1746,2,14,1,1,2,13.5,4.6,27.0,9.2,17.8
2381,101414,20260725,1746,2,9,1,1,1,9.0,3.4,9.0,3.4,5.6
2382,101415,20260721,1203,1,24,1,1,2,8.0,3.0,16.0,6.0,10.0
2383,101416,20260627,1524,4,20,1,1,2,6.5,2.4,13.0,4.8,8.2
2384,101417,20260415,1925,2,15,2,1,1,11.0,4.0,11.0,4.0,7.0
2385,101417,20260415,1925,2,15,2,1,1,11.0,4.0,11.0,4.0,7.0
2386,101417,20260415,1925,2,3,2,1,1,3.8,1.5,3.8,1.5,2.3
2387,101418,20260505,1644,2,15,1,2,1,11.0,4.0,11.0,4.0,7.0
2388,101419,20260629,954,1,5,1,1,1,4.8,2.0,4.8,2.0,2.8
2389,101419,20260629,954,1,18,1,1,1,5.0,1.8,5.0,1.8,3.2
2390,101420,20260421,1824,1,8,1,4,2,8.5,3.2,17.0,6.4,10.6
2391,101420,20260421,1824,1,7,1,4,1,4.3,1.8,4.3,1.8,2.5
2392,101421,20260403,812,4,21,1,1,1,9.0,3.2,9.0,3.2,5.8
2393,101421,20260403,812,4,19,1,1,1,5.5,2.0,5.5,2.0,3.5
2394,101422,20260514,1922,4,10,1,3,1,8.0,3.0,8.0,3.0,5.0
2395,101422,20260514,1922,4,16,1,3,1,11.5,4.1,11.5,4.1,7.4
2396,101423,20260819,1153,1,1,1,3,1,3.5,1.4,3.5,1.4,2.1
2397,101424,20260817,1009,4,5,2,1,1,4.8,2.0,4.8,2.0,2.8
2398,101425,20260708,849,2,4,1,4,1,4.5,1.9,4.5,1.9,2.6
2399,101425,20260708,849,2,19,1,4,1,5.5,2.0,5.5,2.0,3.5
2400,101426,20260615,742,4,20,1,3,2,6.5,2.4,13.0,4.8,8.2
2401,101427,20260823,1140,2,7,2,1,1,4.3,1.8,4.3,1.8,2.5
2402,101428,20260403,1919,4,14,2,4,2,13.5,4.6,27.0,9.2,17.8
2403,101429,20260418,907,3,5,1,1,1,4.8,2.0,4.8,2.0,2.8
2404,101430,20260411,1123,3,7,2,2,2,4.3,1.8,8.6,3.6,5.0
2405,101431,20260525,927,3,2,1,2,1,4.0,1.6,4.0,1.6,2.4
2406,101431,20260525,927,3,1,1,2,1,3.5,1.4,3.5,1.4,2.1
2407,101432,20260830,1217,1,23,2,1,1,9.0,3.4,9.0,3.4,5.6
2408,101432,20260830,1217,1,17,2,1,1,4.5,1.6,4.5,1.6,2.9
2409,101433,20260815,1010,1,24,1,1,1,8.0,3.0,8.0,3.0,5.0
2410,101434,20260705,1700,2,6,1,1,1,5.0,2.1,5.0,2.1,2.9
2411,101434,20260705,1700,2,15,1,1,1,11.0,4.0,11.0,4.0,7.0
2412,101435,20260504,1701,1,21,1,3,2,9.0,3.2,18.0,6.4,11.6
2413,101435,20260504,1701,1,12,1,3,1,12.0,4.2,12.0,4.2,7.8
2414,101435,20260504,1701,1,14,1,3,1,13.5,4.6,13.5,4.6,8.9
2415,101436,20260910,1848,2,4,2,3,2,4.5,1.9,9.0,3.8,5.2
2416,101436,20260910,1848,2,8,2,3,1,8.5,3.2,8.5,3.2,5.3
2417,101437,20260723,1856,4,2,1,4,2,4.0,1.6,8.0,3.2,4.8
2418,101438,20260423,2144,3,5,1,1,1,4.8,2.0,4.8,2.0,2.8
2419,101439,20260419,1746,3,7,1,4,1,4.3,1.8,4.3,1.8,2.5
2420,101440,20260817,1231,2,25,1,4,1,8.5,3.2,8.5,3.2,5.3
2421,101440,20260817,1231,2,18,1,4,2,5.0,1.8,10.0,3.6,6.4
2422,101441,20260904,1308,3,21,1,1,2,9.0,3.2,18.0,6.4,11.6
2423,101442,20260619,1625,1,4,4,1,1,4.5,1.9,4.5,1.9,2.6
2424,101442,20260619,1625,1,2,4,1,1,4.0,1.6,4.0,1.6,2.4
2425,101443,20260422,1950,4,7,4,3,1,4.3,1.8,4.3,1.8,2.5
2426,101443,20260422,1950,4,14,4,3,1,13.5,4.6,13.5,4.6,8.9
2427,101444,20260624,919,2,24,2,2,1,8.0,3.0,8.0,3.0,5.0
2428,101445,20260914,1008,4,24,4,2,1,8.0,3.0,8.0,3.0,5.0
2429,101445,20260914,1008,4,20,4,2,1,6.5,2.4,6.5,2.4,4.1
2430,101446,20260822,905,3,7,1,1,1,4.3,1.8,4.3,1.8,2.5
2431,101446,20260822,905,3,5,1,1,2,4.8,2.0,9.6,4.0,5.6
2432,101446,20260822,905,3,6,1,1,2,5.0,2.1,10.0,4.2,5.8
2433,101447,20260427,1736,2,15,1,3,2,11.0,4.0,22.0,8.0,14.0
2434,101448,20260727,827,1,22,1,1,1,9.5,3.6,9.5,3.6,5.9
2435,101449,20260628,1834,3,4,3,1,1,4.5,1.9,4.5,1.9,2.6
2436,101449,20260628,1834,3,9,3,1,1,9.0,3.4,9.0,3.4,5.6
2437,101450,20260517,1252,3,22,2,3,2,9.5,3.6,19.0,7.2,11.8
2438,101450,20260517,1252,3,21,2,3,1,9.0,3.2,9.0,3.2,5.8
2439,101451,20260410,1142,3,12,2,1,1,12.0,4.2,12.0,4.2,7.8
2440,101451,20260410,1142,3,24,2,1,1,8.0,3.0,8.0,3.0,5.0
2441,101452,20260327,1937,1,23,1,1,1,9.0,3.4,9.0,3.4,5.6
2442,101452,20260327,1937,1,20,1,1,1,6.5,2.4,6.5,2.4,4.1
2443,101452,20260327,1937,1,20,1,1,1,6.5,2.4,6.5,2.4,4.1
2444,101453,20260629,1717,2,24,2,1,1,8.0,3.0,8.0,3.0,5.0
2445,101453,20260629,1717,2,10,2,1,2,8.0,3.0,16.0,6.0,10.0
2446,101453,20260629,1717,2,23,2,1,1,9.0,3.4,9.0,3.4,5.6
2447,101454,20260912,1738,3,14,1,4,1,13.5,4.6,13.5,4.6,8.9
2448,101454,20260912,1738,3,8,1,4,2,8.5,3.2,17.0,6.4,10.6
2449,101455,20260614,1308,3,3,1,2,1,3.8,1.5,3.8,1.5,2.3
2450,101456,20260421,929,3,17,1,3,1,4.5,1.6,4.5,1.6,2.9
2451,101457,20260805,1314,4,2,2,2,1,4.0,1.6,4.0,1.6,2.4
2452,101457,20260805,1314,4,9,2,2,1,9.0,3.4,9.0,3.4,5.6
2453,101457,20260805,1314,4,2,2,2,1,4.0,1.6,4.0,1.6,2.4
2454,101458,20260817,952,3,18,1,2,1,5.0,1.8,5.0,1.8,3.2
2455,101459,20260419,909,1,17,1,1,1,4.5,1.6,4.5,1.6,2.9
2456,101460,20260629,1053,1,4,1,1,1,4.5,1.9,4.5,1.9,2.6
2457,101460,20260629,1053,1,7,1,1,1,4.3,1.8,4.3,1.8,2.5
2458,101461,20260712,2131,3,17,2,1,1,4.5,1.6,4.5,1.6,2.9
2459,101461,20260712,2131,3,6,2,1,1,5.0,2.1,5.0,2.1,2.9
2460,101462,20260903,948,1,4,4,3,1,4.5,1.9,4.5,1.9,2.6
2461,101463,20260428,1905,3,7,4,4,1,4.3,1.8,4.3,1.8,2.5
2462,101464,20260416,910,3,19,1,2,1,5.5,2.0,5.5,2.0,3.5
2463,101465,20260716,1918,2,1,1,1,1,3.5,1.4,3.5,1.4,2.1
2464,101466,20260405,1601,2,11,2,1,2,10.5,3.8,21.0,7.6,13.4
2465,101467,20260408,1824,1,12,1,2,1,12.0,4.2,12.0,4.2,7.8
2466,101467,20260408,1824,1,20,1,2,1,6.5,2.4,6.5,2.4,4.1
2467,101468,20260518,1016,2,7,1,1,1,4.3,1.8,4.3,1.8,2.5
2468,101469,20260323,841,4,9,1,2,1,9.0,3.4,9.0,3.4,5.6
2469,101470,20260723,1808,3,4,3,4,1,4.5,1.9,4.5,1.9,2.6
2470,101471,20260517,1931,1,3,2,2,1,3.8,1.5,3.8,1.5,2.3
2471,101472,20260707,1233,2,13,1,4,1,12.5,4.3,12.5,4.3,8.2
2472,101472,20260707,1233,2,21,1,4,1,9.0,3.2,9.0,3.2,5.8
2473,101472,20260707,1233,2,9,1,4,1,9.0,3.4,9.0,3.4,5.6
2474,101473,20260428,1050,4,17,2,4,1,4.5,1.6,4.5,1.6,2.9
2475,101473,20260428,1050,4,2,2,4,2,4.0,1.6,8.0,3.2,4.8
2476,101474,20260908,930,3,4,1,3,1,4.5,1.9,4.5,1.9,2.6
2477,101475,20260418,1017,1,21,2,1,1,9.0,3.2,9.0,3.2,5.8
2478,101475,20260418,1017,1,20,2,1,2,6.5,2.4,13.0,4.8,8.2
2479,101475,20260418,1017,1,1,2,1,1,3.5,1.4,3.5,1.4,2.1
2480,101476,20260802,1429,3,8,2,1,1,8.5,3.2,8.5,3.2,5.3
2481,101476,20260802,1429,3,3,2,1,1,3.8,1.5,3.8,1.5,2.3
2482,101477,20260323,1821,1,16,1,1,1,11.5,4.1,11.5,4.1,7.4
2483,101477,20260323,1821,1,6,1,1,1,5.0,2.1,5.0,2.1,2.9
2484,101478,20260607,813,3,19,2,2,1,5.5,2.0,5.5,2.0,3.5
2485,101479,20260507,954,1,2,1,1,1,4.0,1.6,4.0,1.6,2.4
2486,101479,20260507,954,1,21,1,1,1,9.0,3.2,9.0,3.2,5.8
2487,101480,20260726,1743,4,14,2,1,1,13.5,4.6,13.5,4.6,8.9
2488,101481,20260526,953,1,2,2,1,1,4.0,1.6,4.0,1.6,2.4
2489,101482,20260904,1200,3,12,3,1,1,12.0,4.2,12.0,4.2,7.8
2490,101483,20260815,1025,3,8,2,1,1,8.5,3.2,8.5,3.2,5.3
2491,101484,20260715,1349,2,23,1,1,1,9.0,3.4,9.0,3.4,5.6
2492,101484,20260715,1349,2,3,1,1,1,3.8,1.5,3.8,1.5,2.3
2493,101485,20260611,1927,1,24,2,3,1,8.0,3.0,8.0,3.0,5.0
2494,101486,20260727,720,3,2,1,1,1,4.0,1.6,4.0,1.6,2.4
2495,101487,20260831,923,1,5,1,2,1,4.8,2.0,4.8,2.0,2.8
2496,101487,20260831,923,1,20,1,2,1,6.5,2.4,6.5,2.4,4.1
2497,101488,20260725,1251,4,22,1,2,1,9.5,3.6,9.5,3.6,5.9
2498,101488,20260725,1251,4,3,1,2,1,3.8,1.5,3.8,1.5,2.3
2499,101489,20260704,1434,2,5,3,3,1,4.8,2.0,4.8,2.0,2.8
2500,101490,20260607,1904,2,25,2,3,1,8.5,3.2,8.5,3.2,5.3
2501,101490,20260607,1904,2,18,2,3,1,5.0,1.8,5.0,1.8,3.2
2502,101491,20260702,1612,1,22,4,1,1,9.5,3.6,9.5,3.6,5.9
2503,101492,20260715,1758,3,1,2,1,1,3.5,1.4,3.5,1.4,2.1
2504,101493,20260515,1657,1,19,2,3,1,5.5,2.0,5.5,2.0,3.5
2505,101494,20260325,1747,1,14,1,1,1,13.5,4.6,13.5,4.6,8.9
2506,101494,20260325,1747,1,9,1,1,1,9.0,3.4,9.0,3.4,5.6
2507,101494,20260325,1747,1,13,1,1,1,12.5,4.3,12.5,4.3,8.2
2508,101495,20260605,843,2,9,1,1,1,9.0,3.4,9.0,3.4,5.6
2509,101496,20260909,1713,1,9,1,1,1,9.0,3.4,9.0,3.4,5.6
2510,101497,20260425,2049,4,4,1,2,1,4.5,1.9,4.5,1.9,2.6
2511,101498,20260524,1501,4,17,1,4,1,4.5,1.6,4.5,1.6,2.9
2512,101499,20260404,1845,4,22,1,3,1,9.5,3.6,9.5,3.6,5.9
2513,101499,20260404,1845,4,15,1,3,2,11.0,4.0,22.0,8.0,14.0
2514,101499,20260404,1845,4,3,1,3,1,3.8,1.5,3.8,1.5,2.3
2515,101500,20260729,1702,4,14,2,2,1,13.5,4.6,13.5,4.6,8.9
2516,101500,20260729,1702,4,25,2,2,1,8.5,3.2,8.5,3.2,5.3
2517,101500,20260729,1702,4,16,2,2,1,11.5,4.1,11.5,4.1,7.4
2518,101501,20260421,1911,2,12,1,3,1,12.0,4.2,12.0,4.2,7.8
2519,101502,20260910,1846,4,19,1,3,1,5.5,2.0,5.5,2.0,3.5
2520,101503,20260603,941,2,17,3,2,1,4.5,1.6,4.5,1.6,2.9
2521,101504,20260421,820,3,2,3,1,2,4.0,1.6,8.0,3.2,4.8
2522,101505,20260910,949,2,18,3,1,2,5.0,1.8,10.0,3.6,6.4
2523,101506,20260723,1913,1,5,2,3,2,4.8,2.0,9.6,4.0,5.6
2524,101507,20260509,1835,1,21,1,3,1,9.0,3.2,9.0,3.2,5.8
2525,101507,20260509,1835,1,15,1,3,1,11.0,4.0,11.0,4.0,7.0
2526,101508,20260829,1806,2,14,4,1,2,13.5,4.6,27.0,9.2,17.8
2527,101508,20260829,1806,2,25,4,1,1,8.5,3.2,8.5,3.2,5.3
2528,101509,20260909,945,4,25,1,1,1,8.5,3.2,8.5,3.2,5.3
2529,101510,20260911,1256,4,12,2,1,1,12.0,4.2,12.0,4.2,7.8
2530,101511,20260423,1005,1,1,1,1,1,3.5,1.4,3.5,1.4,2.1
2531,101512,20260514,1223,2,13,4,2,1,12.5,4.3,12.5,4.3,8.2
2532,101513,20260618,836,4,2,1,2,1,4.0,1.6,4.0,1.6,2.4
2533,101513,20260618,836,4,12,1,2,1,12.0,4.2,12.0,4.2,7.8
2534,101514,20260422,1103,2,2,1,1,1,4.0,1.6,4.0,1.6,2.4
2535,101514,20260422,1103,2,2,1,1,1,4.0,1.6,4.0,1.6,2.4
2536,101514,20260422,1103,2,19,1,1,1,5.5,2.0,5.5,2.0,3.5
2537,101515,20260328,1105,3,16,4,2,1,11.5,4.1,11.5,4.1,7.4
2538,101516,20260815,1839,4,10,3,3,1,8.0,3.0,8.0,3.0,5.0
2539,101516,20260815,1839,4,9,3,3,1,9.0,3.4,9.0,3.4,5.6
2540,101517,20260529,1726,1,8,1,4,1,8.5,3.2,8.5,3.2,5.3
2541,101517,20260529,1726,1,25,1,4,1,8.5,3.2,8.5,3.2,5.3
2542,101517,20260529,1726,1,12,1,4,1,12.0,4.2,12.0,4.2,7.8
2543,101518,20260731,1807,3,10,1,3,1,8.0,3.0,8.0,3.0,5.0
2544,101519,20260805,1757,4,24,3,1,1,8.0,3.0,8.0,3.0,5.0
2545,101520,20260908,1301,1,22,2,1,1,9.5,3.6,9.5,3.6,5.9
2546,101520,20260908,1301,1,25,2,1,1,8.5,3.2,8.5,3.2,5.3
2547,101521,20260402,1714,1,8,3,1,1,8.5,3.2,8.5,3.2,5.3
2548,101522,20260523,852,3,7,4,4,2,4.3,1.8,8.6,3.6,5.0
2549,101522,20260523,852,3,15,4,4,1,11.0,4.0,11.0,4.0,7.0
2550,101523,20260323,1023,1,1,1,1,1,3.5,1.4,3.5,1.4,2.1
2551,101523,20260323,1023,1,6,1,1,1,5.0,2.1,5.0,2.1,2.9
2552,101523,20260323,1023,1,21,1,1,1,9.0,3.2,9.0,3.2,5.8
2553,101524,20260625,1733,1,23,2,4,1,9.0,3.4,9.0,3.4,5.6
2554,101525,20260728,1314,1,15,1,1,2,11.0,4.0,22.0,8.0,14.0
2555,101526,20260824,828,2,1,1,1,1,3.5,1.4,3.5,1.4,2.1
2556,101526,20260824,828,2,2,1,1,1,4.0,1.6,4.0,1.6,2.4
2557,101527,20260810,1142,3,17,2,3,1,4.5,1.6,4.5,1.6,2.9
2558,101528,20260522,1026,4,2,2,2,2,4.0,1.6,8.0,3.2,4.8
2559,101529,20260329,1844,4,17,1,1,1,4.5,1.6,4.5,1.6,2.9
2560,101530,20260409,1335,4,25,4,1,1,8.5,3.2,8.5,3.2,5.3
2561,101530,20260409,1335,4,18,4,1,1,5.0,1.8,5.0,1.8,3.2
2562,101531,20260808,818,3,18,1,3,1,5.0,1.8,5.0,1.8,3.2
2563,101532,20260318,926,2,2,2,1,1,4.0,1.6,4.0,1.6,2.4
2564,101533,20260510,1137,3,4,2,1,2,4.5,1.9,9.0,3.8,5.2
2565,101533,20260510,1137,3,18,2,1,1,5.0,1.8,5.0,1.8,3.2
2566,101534,20260610,928,2,1,1,4,1,3.5,1.4,3.5,1.4,2.1
2567,101534,20260610,928,2,3,1,4,1,3.8,1.5,3.8,1.5,2.3
2568,101535,20260616,814,1,20,1,3,1,6.5,2.4,6.5,2.4,4.1
2569,101536,20260426,821,2,17,1,3,1,4.5,1.6,4.5,1.6,2.9
2570,101536,20260426,821,2,2,1,3,1,4.0,1.6,4.0,1.6,2.4
2571,101537,20260624,1818,3,12,3,4,1,12.0,4.2,12.0,4.2,7.8
2572,101537,20260624,1818,3,12,3,4,1,12.0,4.2,12.0,4.2,7.8
2573,101538,20260822,1400,1,24,2,1,2,8.0,3.0,16.0,6.0,10.0
2574,101539,20260831,1836,1,22,1,2,1,9.5,3.6,9.5,3.6,5.9
2575,101540,20260713,925,2,1,2,1,1,3.5,1.4,3.5,1.4,2.1
2576,101541,20260829,1245,2,13,2,1,1,12.5,4.3,12.5,4.3,8.2
2577,101541,20260829,1245,2,16,2,1,2,11.5,4.1,23.0,8.2,14.8
2578,101542,20260424,920,3,6,1,1,1,5.0,2.1,5.0,2.1,2.9
2579,101543,20260422,2026,4,6,1,1,1,5.0,2.1,5.0,2.1,2.9
2580,101544,20260422,1852,1,15,1,4,1,11.0,4.0,11.0,4.0,7.0
2581,101545,20260326,905,4,5,1,1,1,4.8,2.0,4.8,2.0,2.8
2582,101545,20260326,905,4,6,1,1,1,5.0,2.1,5.0,2.1,2.9
2583,101546,20260909,832,2,2,2,1,1,4.0,1.6,4.0,1.6,2.4
2584,101547,20260526,2109,1,20,2,1,1,6.5,2.4,6.5,2.4,4.1
2585,101548,20260523,1922,3,12,3,3,1,12.0,4.2,12.0,4.2,7.8
2586,101548,20260523,1922,3,4,3,3,1,4.5,1.9,4.5,1.9,2.6
2587,101549,20260908,1018,1,15,2,1,1,11.0,4.0,11.0,4.0,7.0
2588,101549,20260908,1018,1,1,2,1,1,3.5,1.4,3.5,1.4,2.1
2589,101549,20260908,1018,1,8,2,1,1,8.5,3.2,8.5,3.2,5.3
2590,101550,20260706,1651,4,8,1,2,1,8.5,3.2,8.5,3.2,5.3
2591,101551,20260414,1650,3,25,2,1,1,8.5,3.2,8.5,3.2,5.3
2592,101552,20260428,1903,4,20,1,1,1,6.5,2.4,6.5,2.4,4.1
2593,101553,20260525,1335,3,18,2,4,1,5.0,1.8,5.0,1.8,3.2
2594,101553,20260525,1335,3,18,2,4,1,5.0,1.8,5.0,1.8,3.2
2595,101553,20260525,1335,3,19,2,4,1,5.5,2.0,5.5,2.0,3.5
2596,101554,20260728,1829,2,8,2,1,2,8.5,3.2,17.0,6.4,10.6
2597,101554,20260728,1829,2,22,2,1,1,9.5,3.6,9.5,3.6,5.9
2598,101555,20260624,1859,3,16,3,1,1,11.5,4.1,11.5,4.1,7.4
2599,101555,20260624,1859,3,17,3,1,1,4.5,1.6,4.5,1.6,2.9
2600,101556,20260718,1012,1,1,1,1,2,3.5,1.4,7.0,2.8,4.2
2601,101557,20260330,1630,2,12,1,3,2,12.0,4.2,24.0,8.4,15.6
2602,101557,20260330,1630,2,1,1,3,1,3.5,1.4,3.5,1.4,2.1
2603,101557,20260330,1630,2,5,1,3,2,4.8,2.0,9.6,4.0,5.6
2604,101558,20260828,1142,1,13,2,2,1,12.5,4.3,12.5,4.3,8.2
2605,101558,20260828,1142,1,18,2,2,1,5.0,1.8,5.0,1.8,3.2
2606,101559,20260827,902,2,21,1,1,1,9.0,3.2,9.0,3.2,5.8
2607,101560,20260706,1444,2,11,2,2,1,10.5,3.8,10.5,3.8,6.7
2608,101561,20260401,1551,3,13,2,1,2,12.5,4.3,25.0,8.6,16.4
2609,101562,20260903,1554,3,1,2,2,1,3.5,1.4,3.5,1.4,2.1
2610,101563,20260510,1648,4,7,1,3,1,4.3,1.8,4.3,1.8,2.5
2611,101563,20260510,1648,4,14,1,3,2,13.5,4.6,27.0,9.2,17.8
2612,101563,20260510,1648,4,4,1,3,1,4.5,1.9,4.5,1.9,2.6
2613,101564,20260504,939,2,5,2,3,1,4.8,2.0,4.8,2.0,2.8
2614,101564,20260504,939,2,11,2,3,2,10.5,3.8,21.0,7.6,13.4
2615,101565,20260509,1633,4,22,2,2,1,9.5,3.6,9.5,3.6,5.9
2616,101565,20260509,1633,4,20,2,2,1,6.5,2.4,6.5,2.4,4.1
2617,101566,20260511,1746,1,18,1,1,1,5.0,1.8,5.0,1.8,3.2
2618,101566,20260511,1746,1,12,1,1,1,12.0,4.2,12.0,4.2,7.8
2619,101567,20260531,1647,3,24,2,1,1,8.0,3.0,8.0,3.0,5.0
2620,101567,20260531,1647,3,13,2,1,2,12.5,4.3,25.0,8.6,16.4
2621,101568,20260503,1928,4,13,2,3,1,12.5,4.3,12.5,4.3,8.2
2622,101568,20260503,1928,4,22,2,3,1,9.5,3.6,9.5,3.6,5.9
2623,101569,20260402,1333,3,3,1,1,1,3.8,1.5,3.8,1.5,2.3
2624,101570,20260411,838,2,7,1,2,1,4.3,1.8,4.3,1.8,2.5
2625,101571,20260821,813,4,19,4,2,1,5.5,2.0,5.5,2.0,3.5
2626,101572,20260719,1132,4,14,1,3,1,13.5,4.6,13.5,4.6,8.9
2627,101572,20260719,1132,4,7,1,3,2,4.3,1.8,8.6,3.6,5.0
2628,101572,20260719,1132,4,7,1,3,1,4.3,1.8,4.3,1.8,2.5
2629,101573,20260411,922,3,21,4,1,1,9.0,3.2,9.0,3.2,5.8
2630,101573,20260411,922,3,19,4,1,1,5.5,2.0,5.5,2.0,3.5
2631,101574,20260821,1646,2,16,1,3,1,11.5,4.1,11.5,4.1,7.4
2632,101575,20260831,1947,3,23,1,1,1,9.0,3.4,9.0,3.4,5.6
2633,101576,20260723,1728,1,3,2,4,1,3.8,1.5,3.8,1.5,2.3
2634,101577,20260604,1521,4,7,1,4,1,4.3,1.8,4.3,1.8,2.5
2635,101577,20260604,1521,4,8,1,4,2,8.5,3.2,17.0,6.4,10.6
2636,101578,20260731,711,2,14,3,1,1,13.5,4.6,13.5,4.6,8.9
2637,101579,20260418,1147,4,8,1,1,1,8.5,3.2,8.5,3.2,5.3
2638,101580,20260813,1909,2,9,2,1,1,9.0,3.4,9.0,3.4,5.6
2639,101580,20260813,1909,2,20,2,1,1,6.5,2.4,6.5,2.4,4.1
2640,101581,20260618,1955,3,14,1,1,1,13.5,4.6,13.5,4.6,8.9
2641,101581,20260618,1955,3,15,1,1,2,11.0,4.0,22.0,8.0,14.0
2642,101582,20260317,1225,4,14,1,1,1,13.5,4.6,13.5,4.6,8.9
2643,101583,20260817,1747,1,1,1,3,1,3.5,1.4,3.5,1.4,2.1
2644,101584,20260913,1236,1,15,2,1,1,11.0,4.0,11.0,4.0,7.0
2645,101584,20260913,1236,1,18,2,1,1,5.0,1.8,5.0,1.8,3.2
2646,101584,20260913,1236,1,14,2,1,2,13.5,4.6,27.0,9.2,17.8
2647,101585,20260818,959,1,21,1,1,1,9.0,3.2,9.0,3.2,5.8
2648,101585,20260818,959,1,5,1,1,1,4.8,2.0,4.8,2.0,2.8
2649,101585,20260818,959,1,1,1,1,1,3.5,1.4,3.5,1.4,2.1
2650,101586,20260609,1648,4,10,2,3,1,8.0,3.0,8.0,3.0,5.0
2651,101586,20260609,1648,4,17,2,3,1,4.5,1.6,4.5,1.6,2.9
2652,101587,20260909,2051,3,6,1,1,1,5.0,2.1,5.0,2.1,2.9
2653,101587,20260909,2051,3,18,1,1,1,5.0,1.8,5.0,1.8,3.2
2654,101588,20260710,910,1,1,1,2,2,3.5,1.4,7.0,2.8,4.2
2655,101588,20260710,910,1,20,1,2,1,6.5,2.4,6.5,2.4,4.1
2656,101588,20260710,910,1,21,1,2,1,9.0,3.2,9.0,3.2,5.8
2657,101589,20260829,945,2,18,1,1,1,5.0,1.8,5.0,1.8,3.2
2658,101589,20260829,945,2,20,1,1,1,6.5,2.4,6.5,2.4,4.1
2659,101590,20260823,1846,1,20,1,4,1,6.5,2.4,6.5,2.4,4.1
2660,101590,20260823,1846,1,9,1,4,1,9.0,3.4,9.0,3.4,5.6
2661,101590,20260823,1846,1,8,1,4,1,8.5,3.2,8.5,3.2,5.3
2662,101591,20260821,1450,4,21,4,3,1,9.0,3.2,9.0,3.2,5.8
2663,101591,20260821,1450,4,20,4,3,1,6.5,2.4,6.5,2.4,4.1
2664,101592,20260824,1644,1,15,2,1,1,11.0,4.0,11.0,4.0,7.0
2665,101592,20260824,1644,1,4,2,1,1,4.5,1.9,4.5,1.9,2.6
2666,101593,20260516,940,3,7,1,1,1,4.3,1.8,4.3,1.8,2.5
2667,101594,20260519,1852,1,22,1,1,2,9.5,3.6,19.0,7.2,11.8
2668,101594,20260519,1852,1,6,1,1,1,5.0,2.1,5.0,2.1,2.9
2669,101594,20260519,1852,1,16,1,1,1,11.5,4.1,11.5,4.1,7.4
2670,101595,20260819,1741,4,11,1,3,1,10.5,3.8,10.5,3.8,6.7
2671,101596,20260408,1049,3,22,1,1,1,9.5,3.6,9.5,3.6,5.9
2672,101597,20260401,1915,3,10,1,1,1,8.0,3.0,8.0,3.0,5.0
2673,101598,20260914,956,2,6,2,1,2,5.0,2.1,10.0,4.2,5.8
2674,101599,20260729,1327,4,2,1,1,1,4.0,1.6,4.0,1.6,2.4
2675,101599,20260729,1327,4,3,1,1,1,3.8,1.5,3.8,1.5,2.3
2676,101599,20260729,1327,4,19,1,1,1,5.5,2.0,5.5,2.0,3.5
2677,101600,20260406,909,2,2,1,4,2,4.0,1.6,8.0,3.2,4.8
2678,101600,20260406,909,2,20,1,4,1,6.5,2.4,6.5,2.4,4.1
2679,101600,20260406,909,2,24,1,4,1,8.0,3.0,8.0,3.0,5.0
2680,101601,20260730,1844,4,7,2,3,1,4.3,1.8,4.3,1.8,2.5
2681,101602,20260820,1635,2,14,1,2,1,13.5,4.6,13.5,4.6,8.9
2682,101603,20260609,1653,3,9,2,1,1,9.0,3.4,9.0,3.4,5.6
2683,101604,20260703,927,1,19,3,2,1,5.5,2.0,5.5,2.0,3.5
2684,101604,20260703,927,1,3,3,2,1,3.8,1.5,3.8,1.5,2.3
2685,101605,20260701,1905,2,11,2,4,1,10.5,3.8,10.5,3.8,6.7
2686,101606,20260515,1817,1,20,2,1,1,6.5,2.4,6.5,2.4,4.1
2687,101607,20260906,1313,1,17,2,1,1,4.5,1.6,4.5,1.6,2.9
2688,101608,20260904,701,3,22,2,1,1,9.5,3.6,9.5,3.6,5.9
2689,101609,20260617,842,1,14,2,1,1,13.5,4.6,13.5,4.6,8.9
2690,101610,20260427,925,4,23,2,1,1,9.0,3.4,9.0,3.4,5.6
2691,101611,20260905,938,2,11,4,1,2,10.5,3.8,21.0,7.6,13.4
2692,101612,20260831,1754,2,1,1,3,2,3.5,1.4,7.0,2.8,4.2
2693,101613,20260329,1646,4,9,2,1,1,9.0,3.4,9.0,3.4,5.6
2694,101614,20260523,1023,4,19,3,4,1,5.5,2.0,5.5,2.0,3.5
2695,101614,20260523,1023,4,19,3,4,1,5.5,2.0,5.5,2.0,3.5
2696,101615,20260410,1330,4,9,3,1,2,9.0,3.4,18.0,6.8,11.2
2697,101616,20260319,1109,3,15,4,1,1,11.0,4.0,11.0,4.0,7.0
2698,101617,20260503,825,4,6,3,4,1,5.0,2.1,5.0,2.1,2.9
2699,101617,20260503,825,4,1,3,4,1,3.5,1.4,3.5,1.4,2.1
2700,101617,20260503,825,4,1,3,4,1,3.5,1.4,3.5,1.4,2.1
2701,101618,20260612,1152,2,11,2,2,1,10.5,3.8,10.5,3.8,6.7
2702,101619,20260816,1802,3,12,1,1,1,12.0,4.2,12.0,4.2,7.8
2703,101620,20260324,1133,2,14,1,2,1,13.5,4.6,13.5,4.6,8.9
2704,101620,20260324,1133,2,15,1,2,1,11.0,4.0,11.0,4.0,7.0
2705,101620,20260324,1133,2,7,1,2,1,4.3,1.8,4.3,1.8,2.5
2706,101621,20260708,854,2,3,4,2,1,3.8,1.5,3.8,1.5,2.3
2707,101622,20260426,942,4,5,1,4,1,4.8,2.0,4.8,2.0,2.8
2708,101622,20260426,942,4,6,1,4,1,5.0,2.1,5.0,2.1,2.9
2709,101623,20260808,828,1,19,3,2,2,5.5,2.0,11.0,4.0,7.0
2710,101623,20260808,828,1,21,3,2,1,9.0,3.2,9.0,3.2,5.8
2711,101623,20260808,828,1,10,3,2,1,8.0,3.0,8.0,3.0,5.0
2712,101624,20260618,932,1,7,4,1,1,4.3,1.8,4.3,1.8,2.5
2713,101624,20260618,932,1,2,4,1,1,4.0,1.6,4.0,1.6,2.4
2714,101625,20260413,1701,4,6,2,2,1,5.0,2.1,5.0,2.1,2.9
2715,101625,20260413,1701,4,7,2,2,1,4.3,1.8,4.3,1.8,2.5
2716,101626,20260510,820,1,7,2,1,1,4.3,1.8,4.3,1.8,2.5
2717,101627,20260605,1816,3,17,4,3,1,4.5,1.6,4.5,1.6,2.9
2718,101628,20260507,1729,1,19,1,1,1,5.5,2.0,5.5,2.0,3.5
2719,101628,20260507,1729,1,4,1,1,1,4.5,1.9,4.5,1.9,2.6
2720,101629,20260715,1150,4,6,2,2,1,5.0,2.1,5.0,2.1,2.9
2721,101629,20260715,1150,4,15,2,2,1,11.0,4.0,11.0,4.0,7.0
2722,101629,20260715,1150,4,6,2,2,1,5.0,2.1,5.0,2.1,2.9
2723,101630,20260528,1113,2,21,1,4,1,9.0,3.2,9.0,3.2,5.8
2724,101630,20260528,1113,2,8,1,4,1,8.5,3.2,8.5,3.2,5.3
2725,101631,20260326,1737,3,12,1,2,1,12.0,4.2,12.0,4.2,7.8
2726,101631,20260326,1737,3,14,1,2,1,13.5,4.6,13.5,4.6,8.9
2727,101631,20260326,1737,3,12,1,2,2,12.0,4.2,24.0,8.4,15.6
2728,101632,20260820,1800,1,23,2,3,1,9.0,3.4,9.0,3.4,5.6
2729,101632,20260820,1800,1,12,2,3,1,12.0,4.2,12.0,4.2,7.8
2730,101632,20260820,1800,1,8,2,3,1,8.5,3.2,8.5,3.2,5.3
2731,101633,20260625,955,1,20,3,3,1,6.5,2.4,6.5,2.4,4.1
2732,101634,20260531,1807,4,20,2,1,1,6.5,2.4,6.5,2.4,4.1
2733,101634,20260531,1807,4,12,2,1,1,12.0,4.2,12.0,4.2,7.8
2734,101635,20260427,833,1,2,1,2,1,4.0,1.6,4.0,1.6,2.4
2735,101635,20260427,833,1,2,1,2,1,4.0,1.6,4.0,1.6,2.4
2736,101635,20260427,833,1,14,1,2,2,13.5,4.6,27.0,9.2,17.8
2737,101636,20260504,1643,2,19,1,3,1,5.5,2.0,5.5,2.0,3.5
2738,101637,20260831,1306,2,3,1,1,1,3.8,1.5,3.8,1.5,2.3
2739,101638,20260527,1754,3,11,1,4,1,10.5,3.8,10.5,3.8,6.7
2740,101639,20260417,1342,1,13,1,3,1,12.5,4.3,12.5,4.3,8.2
2741,101639,20260417,1342,1,5,1,3,1,4.8,2.0,4.8,2.0,2.8
2742,101639,20260417,1342,1,7,1,3,1,4.3,1.8,4.3,1.8,2.5
2743,101640,20260728,1655,3,7,1,1,1,4.3,1.8,4.3,1.8,2.5
2744,101641,20260911,1024,3,4,1,2,1,4.5,1.9,4.5,1.9,2.6
2745,101642,20260824,1311,1,2,1,3,1,4.0,1.6,4.0,1.6,2.4
2746,101643,20260804,1921,3,11,2,3,1,10.5,3.8,10.5,3.8,6.7
2747,101644,20260420,1819,1,13,1,1,1,12.5,4.3,12.5,4.3,8.2
2748,101644,20260420,1819,1,12,1,1,1,12.0,4.2,12.0,4.2,7.8
2749,101645,20260826,1258,2,8,2,1,2,8.5,3.2,17.0,6.4,10.6
2750,101646,20260616,1605,1,1,1,1,1,3.5,1.4,3.5,1.4,2.1
2751,101646,20260616,1605,1,24,1,1,1,8.0,3.0,8.0,3.0,5.0
2752,101647,20260615,1333,4,2,1,3,1,4.0,1.6,4.0,1.6,2.4
2753,101647,20260615,1333,4,25,1,3,1,8.5,3.2,8.5,3.2,5.3
2754,101648,20260316,904,1,2,2,4,1,4.0,1.6,4.0,1.6,2.4
2755,101649,20260521,1432,4,18,4,1,1,5.0,1.8,5.0,1.8,3.2
2756,101650,20260323,903,4,4,4,1,2,4.5,1.9,9.0,3.8,5.2
2757,101650,20260323,903,4,21,4,1,1,9.0,3.2,9.0,3.2,5.8
2758,101651,20260427,811,1,6,1,1,1,5.0,2.1,5.0,2.1,2.9
2759,101652,20260606,1104,4,18,1,1,1,5.0,1.8,5.0,1.8,3.2
2760,101652,20260606,1104,4,18,1,1,1,5.0,1.8,5.0,1.8,3.2
2761,101653,20260430,704,1,7,1,1,1,4.3,1.8,4.3,1.8,2.5
2762,101654,20260419,1833,3,16,1,2,2,11.5,4.1,23.0,8.2,14.8
2763,101654,20260419,1833,3,12,1,2,1,12.0,4.2,12.0,4.2,7.8
2764,101655,20260628,1135,3,4,2,2,1,4.5,1.9,4.5,1.9,2.6
2765,101655,20260628,1135,3,20,2,2,1,6.5,2.4,6.5,2.4,4.1
2766,101655,20260628,1135,3,20,2,2,1,6.5,2.4,6.5,2.4,4.1
2767,101656,20260710,948,1,18,2,1,2,5.0,1.8,10.0,3.6,6.4
2768,101657,20260516,1005,4,21,2,1,1,9.0,3.2,9.0,3.2,5.8
2769,101658,20260721,729,3,2,1,1,1,4.0,1.6,4.0,1.6,2.4
2770,101658,20260721,729,3,7,1,1,1,4.3,1.8,4.3,1.8,2.5
2771,101659,20260524,1635,4,22,4,3,1,9.5,3.6,9.5,3.6,5.9
2772,101659,20260524,1635,4,23,4,3,2,9.0,3.4,18.0,6.8,11.2
2773,101660,20260330,1219,4,8,1,3,1,8.5,3.2,8.5,3.2,5.3
2774,101661,20260412,918,4,7,4,2,1,4.3,1.8,4.3,1.8,2.5
2775,101662,20260813,831,4,6,3,4,1,5.0,2.1,5.0,2.1,2.9
2776,101662,20260813,831,4,5,3,4,1,4.8,2.0,4.8,2.0,2.8
2777,101663,20260317,1911,2,9,1,4,1,9.0,3.4,9.0,3.4,5.6
2778,101664,20260816,1348,1,18,1,3,1,5.0,1.8,5.0,1.8,3.2
2779,101664,20260816,1348,1,15,1,3,1,11.0,4.0,11.0,4.0,7.0
2780,101665,20260816,1807,1,2,1,4,1,4.0,1.6,4.0,1.6,2.4
2781,101666,20260903,1019,4,21,3,2,1,9.0,3.2,9.0,3.2,5.8
2782,101666,20260903,1019,4,4,3,2,1,4.5,1.9,4.5,1.9,2.6
2783,101666,20260903,1019,4,15,3,2,1,11.0,4.0,11.0,4.0,7.0
2784,101667,20260429,812,3,3,2,1,1,3.8,1.5,3.8,1.5,2.3
2785,101667,20260429,812,3,21,2,1,1,9.0,3.2,9.0,3.2,5.8
2786,101668,20260702,2155,2,12,2,4,1,12.0,4.2,12.0,4.2,7.8
2787,101668,20260702,2155,2,7,2,4,1,4.3,1.8,4.3,1.8,2.5
2788,101669,20260404,1808,4,12,1,3,1,12.0,4.2,12.0,4.2,7.8
2789,101669,20260404,1808,4,8,1,3,1,8.5,3.2,8.5,3.2,5.3
2790,101670,20260410,1633,3,8,1,1,1,8.5,3.2,8.5,3.2,5.3
2791,101670,20260410,1633,3,12,1,1,1,12.0,4.2,12.0,4.2,7.8
2792,101670,20260410,1633,3,20,1,1,1,6.5,2.4,6.5,2.4,4.1
2793,101671,20260813,925,1,3,1,1,1,3.8,1.5,3.8,1.5,2.3
2794,101672,20260621,1630,1,14,1,3,1,13.5,4.6,13.5,4.6,8.9
2795,101673,20260908,858,1,16,2,1,1,11.5,4.1,11.5,4.1,7.4
2796,101674,20260528,958,4,4,1,4,1,4.5,1.9,4.5,1.9,2.6
2797,101675,20260826,1750,1,7,2,1,1,4.3,1.8,4.3,1.8,2.5
2798,101675,20260826,1750,1,11,2,1,1,10.5,3.8,10.5,3.8,6.7
2799,101676,20260717,1026,2,6,2,2,2,5.0,2.1,10.0,4.2,5.8
2800,101676,20260717,1026,2,6,2,2,1,5.0,2.1,5.0,2.1,2.9
2801,101677,20260711,1831,4,13,1,1,1,12.5,4.3,12.5,4.3,8.2
2802,101678,20260525,1833,1,11,1,1,1,10.5,3.8,10.5,3.8,6.7
2803,101678,20260525,1833,1,25,1,1,1,8.5,3.2,8.5,3.2,5.3
2804,101679,20260513,1606,4,2,1,1,1,4.0,1.6,4.0,1.6,2.4
2805,101680,20260623,1115,3,23,1,1,1,9.0,3.4,9.0,3.4,5.6
2806,101681,20260318,1233,4,14,2,2,1,13.5,4.6,13.5,4.6,8.9
2807,101681,20260318,1233,4,4,2,2,1,4.5,1.9,4.5,1.9,2.6
2808,101681,20260318,1233,4,18,2,2,1,5.0,1.8,5.0,1.8,3.2
2809,101682,20260826,1754,1,25,2,4,1,8.5,3.2,8.5,3.2,5.3
2810,101682,20260826,1754,1,24,2,4,1,8.0,3.0,8.0,3.0,5.0
2811,101683,20260606,1658,4,16,2,1,1,11.5,4.1,11.5,4.1,7.4
2812,101683,20260606,1658,4,12,2,1,1,12.0,4.2,12.0,4.2,7.8
2813,101684,20260514,1641,3,17,2,3,1,4.5,1.6,4.5,1.6,2.9
2814,101685,20260618,939,3,2,1,4,1,4.0,1.6,4.0,1.6,2.4
2815,101686,20260528,809,3,1,2,4,1,3.5,1.4,3.5,1.4,2.1
2816,101687,20260821,1054,3,9,1,1,1,9.0,3.4,9.0,3.4,5.6
2817,101688,20260326,1958,4,8,1,1,1,8.5,3.2,8.5,3.2,5.3
2818,101688,20260326,1958,4,15,1,1,1,11.0,4.0,11.0,4.0,7.0
2819,101689,20260626,1654,3,10,2,1,1,8.0,3.0,8.0,3.0,5.0
2820,101690,20260504,2131,1,24,1,2,1,8.0,3.0,8.0,3.0,5.0
2821,101690,20260504,2131,1,1,1,2,1,3.5,1.4,3.5,1.4,2.1
2822,101691,20260512,1010,4,2,1,1,1,4.0,1.6,4.0,1.6,2.4
2823,101691,20260512,1010,4,4,1,1,1,4.5,1.9,4.5,1.9,2.6
2824,101692,20260703,1851,2,11,3,4,1,10.5,3.8,10.5,3.8,6.7
2825,101693,20260812,1736,1,22,2,3,1,9.5,3.6,9.5,3.6,5.9
2826,101693,20260812,1736,1,10,2,3,1,8.0,3.0,8.0,3.0,5.0
2827,101694,20260514,1310,1,20,1,1,1,6.5,2.4,6.5,2.4,4.1
2828,101694,20260514,1310,1,18,1,1,1,5.0,1.8,5.0,1.8,3.2
2829,101695,20260505,1246,1,18,1,4,1,5.0,1.8,5.0,1.8,3.2
2830,101695,20260505,1246,1,2,1,4,1,4.0,1.6,4.0,1.6,2.4
2831,101695,20260505,1246,1,11,1,4,1,10.5,3.8,10.5,3.8,6.7
2832,101696,20260323,1752,2,20,2,4,1,6.5,2.4,6.5,2.4,4.1
2833,101696,20260323,1752,2,18,2,4,1,5.0,1.8,5.0,1.8,3.2
2834,101697,20260401,1242,1,23,2,1,1,9.0,3.4,9.0,3.4,5.6
2835,101698,20260903,942,3,18,2,1,2,5.0,1.8,10.0,3.6,6.4
2836,101699,20260911,1711,1,12,4,1,1,12.0,4.2,12.0,4.2,7.8
2837,101700,20260724,1449,3,8,1,1,1,8.5,3.2,8.5,3.2,5.3
2838,101701,20260822,1713,2,16,2,4,1,11.5,4.1,11.5,4.1,7.4
2839,101702,20260429,1651,1,14,1,4,1,13.5,4.6,13.5,4.6,8.9
2840,101703,20260823,1409,1,3,1,2,1,3.8,1.5,3.8,1.5,2.3
2841,101703,20260823,1409,1,1,1,2,1,3.5,1.4,3.5,1.4,2.1
2842,101704,20260527,1843,2,5,1,3,1,4.8,2.0,4.8,2.0,2.8
2843,101705,20260320,952,2,1,1,2,1,3.5,1.4,3.5,1.4,2.1
2844,101705,20260320,952,2,5,1,2,1,4.8,2.0,4.8,2.0,2.8
2845,101705,20260320,952,2,17,1,2,1,4.5,1.6,4.5,1.6,2.9
2846,101706,20260617,1334,4,18,2,2,1,5.0,1.8,5.0,1.8,3.2
2847,101707,20260608,1711,4,18,3,3,1,5.0,1.8,5.0,1.8,3.2
2848,101707,20260608,1711,4,11,3,3,1,10.5,3.8,10.5,3.8,6.7
2849,101708,20260321,1910,4,15,1,1,1,11.0,4.0,11.0,4.0,7.0
2850,101708,20260321,1910,4,8,1,1,1,8.5,3.2,8.5,3.2,5.3
2851,101709,20260605,1725,3,15,1,2,1,11.0,4.0,11.0,4.0,7.0
2852,101709,20260605,1725,3,10,1,2,1,8.0,3.0,8.0,3.0,5.0
2853,101710,20260420,1009,4,7,1,2,1,4.3,1.8,4.3,1.8,2.5
2854,101710,20260420,1009,4,4,1,2,1,4.5,1.9,4.5,1.9,2.6
2855,101710,20260420,1009,4,4,1,2,2,4.5,1.9,9.0,3.8,5.2
2856,101711,20260714,714,2,22,1,1,1,9.5,3.6,9.5,3.6,5.9
2857,101711,20260714,714,2,21,1,1,2,9.0,3.2,18.0,6.4,11.6
2858,101712,20260630,839,3,2,2,1,2,4.0,1.6,8.0,3.2,4.8
2859,101712,20260630,839,3,2,2,1,2,4.0,1.6,8.0,3.2,4.8
2860,101712,20260630,839,3,19,2,1,1,5.5,2.0,5.5,2.0,3.5
2861,101713,20260407,2010,3,4,1,4,1,4.5,1.9,4.5,1.9,2.6
2862,101713,20260407,2010,3,5,1,4,1,4.8,2.0,4.8,2.0,2.8
2863,101714,20260807,1251,2,8,1,1,1,8.5,3.2,8.5,3.2,5.3
2864,101715,20260425,747,2,8,1,1,1,8.5,3.2,8.5,3.2,5.3
2865,101716,20260706,940,1,3,2,3,2,3.8,1.5,7.6,3.0,4.6
2866,101717,20260322,1009,1,1,1,1,1,3.5,1.4,3.5,1.4,2.1
2867,101717,20260322,1009,1,3,1,1,2,3.8,1.5,7.6,3.0,4.6
2868,101718,20260508,834,2,20,1,1,1,6.5,2.4,6.5,2.4,4.1
2869,101719,20260909,800,1,18,2,1,2,5.0,1.8,10.0,3.6,6.4
2870,101720,20260526,2013,1,9,2,1,1,9.0,3.4,9.0,3.4,5.6
2871,101720,20260526,2013,1,21,2,1,1,9.0,3.2,9.0,3.2,5.8
2872,101721,20260813,857,2,10,3,1,2,8.0,3.0,16.0,6.0,10.0
2873,101722,20260414,1817,4,24,1,4,1,8.0,3.0,8.0,3.0,5.0
2874,101722,20260414,1817,4,15,1,4,1,11.0,4.0,11.0,4.0,7.0
2875,101722,20260414,1817,4,12,1,4,1,12.0,4.2,12.0,4.2,7.8
2876,101723,20260507,943,1,19,3,1,1,5.5,2.0,5.5,2.0,3.5
2877,101724,20260901,1812,4,22,1,4,1,9.5,3.6,9.5,3.6,5.9
2878,101724,20260901,1812,4,25,1,4,2,8.5,3.2,17.0,6.4,10.6
2879,101724,20260901,1812,4,18,1,4,1,5.0,1.8,5.0,1.8,3.2
2880,101725,20260519,1732,2,16,2,3,1,11.5,4.1,11.5,4.1,7.4
2881,101725,20260519,1732,2,2,2,3,1,4.0,1.6,4.0,1.6,2.4
2882,101726,20260630,1835,2,4,2,1,1,4.5,1.9,4.5,1.9,2.6
2883,101726,20260630,1835,2,7,2,1,1,4.3,1.8,4.3,1.8,2.5
2884,101727,20260428,1653,2,16,1,1,1,11.5,4.1,11.5,4.1,7.4
2885,101727,20260428,1653,2,13,1,1,1,12.5,4.3,12.5,4.3,8.2
2886,101727,20260428,1653,2,9,1,1,2,9.0,3.4,18.0,6.8,11.2
2887,101728,20260627,1715,2,17,2,4,2,4.5,1.6,9.0,3.2,5.8
2888,101729,20260722,1852,1,17,1,1,1,4.5,1.6,4.5,1.6,2.9
2889,101729,20260722,1852,1,7,1,1,2,4.3,1.8,8.6,3.6,5.0
2890,101730,20260414,953,1,16,1,2,1,11.5,4.1,11.5,4.1,7.4
2891,101731,20260509,1753,3,15,1,4,1,11.0,4.0,11.0,4.0,7.0
2892,101732,20260902,1902,1,16,2,2,1,11.5,4.1,11.5,4.1,7.4
2893,101733,20260823,754,1,21,2,1,2,9.0,3.2,18.0,6.4,11.6
2894,101734,20260714,803,4,5,1,2,1,4.8,2.0,4.8,2.0,2.8
2895,101735,20260806,1612,2,3,2,1,1,3.8,1.5,3.8,1.5,2.3
2896,101736,20260709,1809,2,24,1,2,1,8.0,3.0,8.0,3.0,5.0
2897,101736,20260709,1809,2,12,1,2,1,12.0,4.2,12.0,4.2,7.8
2898,101737,20260819,821,2,7,1,2,2,4.3,1.8,8.6,3.6,5.0
2899,101738,20260808,1727,4,12,1,4,1,12.0,4.2,12.0,4.2,7.8
2900,101739,20260430,1826,4,7,2,1,1,4.3,1.8,4.3,1.8,2.5
2901,101740,20260705,1406,3,13,2,2,1,12.5,4.3,12.5,4.3,8.2
2902,101741,20260703,2038,4,3,1,1,2,3.8,1.5,7.6,3.0,4.6
2903,101742,20260813,1817,4,11,1,3,2,10.5,3.8,21.0,7.6,13.4
2904,101742,20260813,1817,4,13,1,3,2,12.5,4.3,25.0,8.6,16.4
2905,101743,20260910,2149,3,24,1,4,1,8.0,3.0,8.0,3.0,5.0
2906,101743,20260910,2149,3,1,1,4,1,3.5,1.4,3.5,1.4,2.1
2907,101743,20260910,2149,3,16,1,4,1,11.5,4.1,11.5,4.1,7.4
2908,101744,20260517,1710,1,9,1,1,1,9.0,3.4,9.0,3.4,5.6
2909,101744,20260517,1710,1,14,1,1,1,13.5,4.6,13.5,4.6,8.9
2910,101745,20260623,1903,4,9,1,1,1,9.0,3.4,9.0,3.4,5.6
2911,101745,20260623,1903,4,14,1,1,1,13.5,4.6,13.5,4.6,8.9
2912,101746,20260905,1011,1,6,4,3,1,5.0,2.1,5.0,2.1,2.9
2913,101746,20260905,1011,1,19,4,3,1,5.5,2.0,5.5,2.0,3.5
2914,101747,20260525,1947,1,2,1,2,1,4.0,1.6,4.0,1.6,2.4
2915,101747,20260525,1947,1,21,1,2,1,9.0,3.2,9.0,3.2,5.8
2916,101748,20260831,843,3,4,1,2,1,4.5,1.9,4.5,1.9,2.6
2917,101749,20260618,2034,1,5,2,1,2,4.8,2.0,9.6,4.0,5.6
2918,101750,20260320,1726,3,10,4,1,2,8.0,3.0,16.0,6.0,10.0
2919,101751,20260408,1656,4,1,1,1,1,3.5,1.4,3.5,1.4,2.1
2920,101751,20260408,1656,4,12,1,1,1,12.0,4.2,12.0,4.2,7.8
2921,101752,20260703,1124,1,7,2,2,1,4.3,1.8,4.3,1.8,2.5
2922,101753,20260326,1027,2,3,1,4,1,3.8,1.5,3.8,1.5,2.3
2923,101753,20260326,1027,2,5,1,4,1,4.8,2.0,4.8,2.0,2.8
2924,101754,20260912,1751,1,20,2,3,2,6.5,2.4,13.0,4.8,8.2
2925,101754,20260912,1751,1,12,2,3,1,12.0,4.2,12.0,4.2,7.8
2926,101755,20260720,800,1,17,1,1,1,4.5,1.6,4.5,1.6,2.9
2927,101756,20260612,859,4,2,2,1,1,4.0,1.6,4.0,1.6,2.4
2928,101757,20260621,1918,4,2,1,1,1,4.0,1.6,4.0,1.6,2.4
2929,101757,20260621,1918,4,11,1,1,1,10.5,3.8,10.5,3.8,6.7
2930,101758,20260519,1239,2,18,1,4,1,5.0,1.8,5.0,1.8,3.2
2931,101758,20260519,1239,2,20,1,4,1,6.5,2.4,6.5,2.4,4.1
2932,101759,20260620,1933,3,2,1,2,1,4.0,1.6,4.0,1.6,2.4
2933,101759,20260620,1933,3,14,1,2,1,13.5,4.6,13.5,4.6,8.9
2934,101760,20260530,800,4,6,2,1,1,5.0,2.1,5.0,2.1,2.9
2935,101761,20260904,1040,2,2,1,3,1,4.0,1.6,4.0,1.6,2.4
2936,101761,20260904,1040,2,5,1,3,1,4.8,2.0,4.8,2.0,2.8
2937,101762,20260818,1602,3,12,2,1,1,12.0,4.2,12.0,4.2,7.8
2938,101762,20260818,1602,3,11,2,1,1,10.5,3.8,10.5,3.8,6.7
2939,101763,20260515,1847,4,13,3,3,1,12.5,4.3,12.5,4.3,8.2
2940,101763,20260515,1847,4,2,3,3,1,4.0,1.6,4.0,1.6,2.4
2941,101764,20260615,1502,2,7,1,3,1,4.3,1.8,4.3,1.8,2.5
2942,101765,20260714,1729,2,11,4,4,1,10.5,3.8,10.5,3.8,6.7
2943,101766,20260811,844,1,9,2,1,1,9.0,3.4,9.0,3.4,5.6
2944,101766,20260811,844,1,17,2,1,1,4.5,1.6,4.5,1.6,2.9
2945,101767,20260529,1103,4,18,4,4,1,5.0,1.8,5.0,1.8,3.2
2946,101768,20260404,1605,4,25,1,1,1,8.5,3.2,8.5,3.2,5.3
2947,101769,20260627,937,3,8,2,1,1,8.5,3.2,8.5,3.2,5.3
2948,101770,20260516,935,3,3,1,4,1,3.8,1.5,3.8,1.5,2.3
2949,101770,20260516,935,3,6,1,4,1,5.0,2.1,5.0,2.1,2.9
2950,101770,20260516,935,3,7,1,4,1,4.3,1.8,4.3,1.8,2.5
2951,101771,20260803,749,3,12,2,1,1,12.0,4.2,12.0,4.2,7.8
2952,101771,20260803,749,3,15,2,1,1,11.0,4.0,11.0,4.0,7.0
2953,101772,20260721,938,4,19,1,1,1,5.5,2.0,5.5,2.0,3.5
2954,101773,20260911,1735,3,23,2,3,1,9.0,3.4,9.0,3.4,5.6
2955,101773,20260911,1735,3,15,2,3,1,11.0,4.0,11.0,4.0,7.0
2956,101774,20260511,1351,3,23,1,1,1,9.0,3.4,9.0,3.4,5.6
2957,101775,20260606,1801,2,3,1,1,1,3.8,1.5,3.8,1.5,2.3
2958,101776,20260627,1028,2,5,1,2,1,4.8,2.0,4.8,2.0,2.8
2959,101777,20260323,949,4,18,1,3,1,5.0,1.8,5.0,1.8,3.2
2960,101778,20260525,814,2,5,1,2,1,4.8,2.0,4.8,2.0,2.8
2961,101779,20260419,1927,3,3,2,1,1,3.8,1.5,3.8,1.5,2.3
2962,101780,20260422,929,3,17,2,3,1,4.5,1.6,4.5,1.6,2.9
2963,101780,20260422,929,3,4,2,3,1,4.5,1.9,4.5,1.9,2.6
2964,101781,20260429,1731,4,3,1,2,1,3.8,1.5,3.8,1.5,2.3
2965,101782,20260427,1007,1,21,2,2,1,9.0,3.2,9.0,3.2,5.8
2966,101783,20260828,1837,1,22,2,4,1,9.5,3.6,9.5,3.6,5.9
2967,101783,20260828,1837,1,17,2,4,1,4.5,1.6,4.5,1.6,2.9
2968,101784,20260620,1703,2,12,2,1,1,12.0,4.2,12.0,4.2,7.8
2969,101785,20260414,1816,3,2,1,1,1,4.0,1.6,4.0,1.6,2.4
2970,101786,20260605,1859,3,13,2,2,1,12.5,4.3,12.5,4.3,8.2
2971,101787,20260320,1838,2,10,1,3,1,8.0,3.0,8.0,3.0,5.0
2972,101788,20260615,1507,4,23,2,1,1,9.0,3.4,9.0,3.4,5.6
2973,101789,20260401,1716,2,16,3,4,2,11.5,4.1,23.0,8.2,14.8
2974,101789,20260401,1716,2,14,3,4,1,13.5,4.6,13.5,4.6,8.9
2975,101790,20260901,1818,1,14,1,1,1,13.5,4.6,13.5,4.6,8.9
2976,101791,20260811,952,4,14,3,1,1,13.5,4.6,13.5,4.6,8.9
2977,101791,20260811,952,4,18,3,1,2,5.0,1.8,10.0,3.6,6.4
2978,101792,20260726,1911,3,1,2,3,1,3.5,1.4,3.5,1.4,2.1
2979,101792,20260726,1911,3,1,2,3,1,3.5,1.4,3.5,1.4,2.1
2980,101793,20260411,1735,1,9,2,1,1,9.0,3.4,9.0,3.4,5.6
2981,101793,20260411,1735,1,14,2,1,2,13.5,4.6,27.0,9.2,17.8
2982,101794,20260627,845,4,18,1,1,1,5.0,1.8,5.0,1.8,3.2
2983,101795,20260603,1142,4,13,1,4,1,12.5,4.3,12.5,4.3,8.2
2984,101795,20260603,1142,4,7,1,4,1,4.3,1.8,4.3,1.8,2.5
2985,101795,20260603,1142,4,17,1,4,2,4.5,1.6,9.0,3.2,5.8
2986,101796,20260715,1137,1,3,4,2,1,3.8,1.5,3.8,1.5,2.3
2987,101797,20260404,1640,3,14,1,2,1,13.5,4.6,13.5,4.6,8.9
2988,101797,20260404,1640,3,22,1,2,2,9.5,3.6,19.0,7.2,11.8
2989,101798,20260825,1550,1,14,2,2,1,13.5,4.6,13.5,4.6,8.9
2990,101799,20260820,1523,3,11,2,1,1,10.5,3.8,10.5,3.8,6.7
2991,101799,20260820,1523,3,4,2,1,2,4.5,1.9,9.0,3.8,5.2
2992,101799,20260820,1523,3,11,2,1,1,10.5,3.8,10.5,3.8,6.7
2993,101800,20260612,1605,2,8,2,1,1,8.5,3.2,8.5,3.2,5.3
2994,101801,20260528,2000,3,3,1,1,2,3.8,1.5,7.6,3.0,4.6
2995,101801,20260528,2000,3,19,1,1,1,5.5,2.0,5.5,2.0,3.5
2996,101802,20260506,805,1,19,1,2,2,5.5,2.0,11.0,4.0,7.0
2997,101802,20260506,805,1,5,1,2,2,4.8,2.0,9.6,4.0,5.6
2998,101803,20260529,1700,1,25,2,1,1,8.5,3.2,8.5,3.2,5.3
2999,101804,20260611,1913,4,22,1,1,1,9.5,3.6,9.5,3.6,5.9
3000,101805,20260317,1738,2,25,2,3,1,8.5,3.2,8.5,3.2,5.3
3001,101806,20260909,1553,4,21,1,1,1,9.0,3.2,9.0,3.2,5.8
3002,101807,20260629,1749,2,8,2,3,1,8.5,3.2,8.5,3.2,5.3
3003,101808,20260402,1523,3,23,1,2,2,9.0,3.4,18.0,6.8,11.2
3004,101808,20260402,1523,3,8,1,2,1,8.5,3.2,8.5,3.2,5.3
3005,101809,20260624,1848,4,3,2,1,1,3.8,1.5,3.8,1.5,2.3
3006,101809,20260624,1848,4,7,2,1,1,4.3,1.8,4.3,1.8,2.5
3007,101809,20260624,1848,4,2,2,1,1,4.0,1.6,4.0,1.6,2.4
3008,101810,20260603,1216,1,11,2,1,1,10.5,3.8,10.5,3.8,6.7
3009,101811,20260715,1242,4,9,1,2,1,9.0,3.4,9.0,3.4,5.6
3010,101811,20260715,1242,4,20,1,2,2,6.5,2.4,13.0,4.8,8.2
3011,101812,20260910,1644,2,12,1,1,2,12.0,4.2,24.0,8.4,15.6
3012,101812,20260910,1644,2,14,1,1,1,13.5,4.6,13.5,4.6,8.9
3013,101813,20260408,840,3,17,1,1,1,4.5,1.6,4.5,1.6,2.9
3014,101814,20260411,1701,4,4,1,4,1,4.5,1.9,4.5,1.9,2.6
3015,101815,20260825,1849,2,24,4,1,1,8.0,3.0,8.0,3.0,5.0
3016,101815,20260825,1849,2,17,4,1,1,4.5,1.6,4.5,1.6,2.9
3017,101816,20260402,1347,4,10,1,1,1,8.0,3.0,8.0,3.0,5.0
3018,101817,20260807,958,4,22,1,1,1,9.5,3.6,9.5,3.6,5.9
3019,101818,20260511,806,2,5,1,1,1,4.8,2.0,4.8,2.0,2.8
3020,101819,20260428,1656,3,10,1,3,2,8.0,3.0,16.0,6.0,10.0
3021,101820,20260405,1813,2,10,1,4,1,8.0,3.0,8.0,3.0,5.0
3022,101821,20260412,912,4,5,1,1,1,4.8,2.0,4.8,2.0,2.8
3023,101822,20260619,1026,2,2,1,4,1,4.0,1.6,4.0,1.6,2.4
3024,101822,20260619,1026,2,19,1,4,1,5.5,2.0,5.5,2.0,3.5
3025,101823,20260714,1142,2,16,1,1,1,11.5,4.1,11.5,4.1,7.4
3026,101823,20260714,1142,2,20,1,1,1,6.5,2.4,6.5,2.4,4.1
3027,101824,20260725,1632,1,13,1,1,2,12.5,4.3,25.0,8.6,16.4
3028,101825,20260529,801,3,10,1,2,1,8.0,3.0,8.0,3.0,5.0
3029,101825,20260529,801,3,25,1,2,2,8.5,3.2,17.0,6.4,10.6
3030,101826,20260707,1946,1,20,1,1,1,6.5,2.4,6.5,2.4,4.1
3031,101826,20260707,1946,1,15,1,1,1,11.0,4.0,11.0,4.0,7.0
3032,101827,20260531,1920,3,6,1,2,1,5.0,2.1,5.0,2.1,2.9
3033,101827,20260531,1920,3,13,1,2,1,12.5,4.3,12.5,4.3,8.2
3034,101827,20260531,1920,3,12,1,2,1,12.0,4.2,12.0,4.2,7.8
3035,101828,20260806,1139,2,4,1,1,2,4.5,1.9,9.0,3.8,5.2
3036,101829,20260628,2113,4,14,1,1,1,13.5,4.6,13.5,4.6,8.9
3037,101829,20260628,2113,4,7,1,1,1,4.3,1.8,4.3,1.8,2.5
3038,101829,20260628,2113,4,22,1,1,1,9.5,3.6,9.5,3.6,5.9
3039,101830,20260315,1928,4,8,2,3,1,8.5,3.2,8.5,3.2,5.3
3040,101830,20260315,1928,4,13,2,3,2,12.5,4.3,25.0,8.6,16.4
3041,101831,20260815,1414,2,7,1,3,1,4.3,1.8,4.3,1.8,2.5
3042,101832,20260825,1641,4,11,1,1,2,10.5,3.8,21.0,7.6,13.4
3043,101833,20260524,1840,4,3,2,2,1,3.8,1.5,3.8,1.5,2.3
3044,101834,20260320,1657,2,5,1,2,2,4.8,2.0,9.6,4.0,5.6
3045,101835,20260814,842,2,4,2,2,1,4.5,1.9,4.5,1.9,2.6
3046,101835,20260814,842,2,2,2,2,1,4.0,1.6,4.0,1.6,2.4
3047,101836,20260529,919,2,3,1,2,2,3.8,1.5,7.6,3.0,4.6
3048,101836,20260529,919,2,20,1,2,1,6.5,2.4,6.5,2.4,4.1
3049,101836,20260529,919,2,3,1,2,1,3.8,1.5,3.8,1.5,2.3
3050,101837,20260614,1154,4,6,1,1,1,5.0,2.1,5.0,2.1,2.9
3051,101838,20260805,1744,1,6,1,1,1,5.0,2.1,5.0,2.1,2.9
3052,101839,20260521,843,1,3,1,1,1,3.8,1.5,3.8,1.5,2.3
3053,101840,20260519,814,4,19,1,2,1,5.5,2.0,5.5,2.0,3.5
3054,101840,20260519,814,4,3,1,2,1,3.8,1.5,3.8,1.5,2.3
3055,101840,20260519,814,4,20,1,2,1,6.5,2.4,6.5,2.4,4.1
3056,101841,20260530,1701,1,9,2,2,1,9.0,3.4,9.0,3.4,5.6
3057,101841,20260530,1701,1,11,2,2,1,10.5,3.8,10.5,3.8,6.7
3058,101842,20260528,1853,4,16,3,3,1,11.5,4.1,11.5,4.1,7.4
3059,101843,20260710,1807,1,13,1,1,1,12.5,4.3,12.5,4.3,8.2
3060,101844,20260521,801,1,17,1,2,1,4.5,1.6,4.5,1.6,2.9
3061,101845,20260809,838,3,15,3,2,1,11.0,4.0,11.0,4.0,7.0
3062,101846,20260731,1146,4,17,2,1,1,4.5,1.6,4.5,1.6,2.9
3063,101846,20260731,1146,4,9,2,1,1,9.0,3.4,9.0,3.4,5.6
3064,101846,20260731,1146,4,24,2,1,1,8.0,3.0,8.0,3.0,5.0
3065,101847,20260814,2031,2,14,1,1,1,13.5,4.6,13.5,4.6,8.9
3066,101848,20260325,756,2,8,1,2,1,8.5,3.2,8.5,3.2,5.3
3067,101848,20260325,756,2,19,1,2,1,5.5,2.0,5.5,2.0,3.5
3068,101849,20260501,1728,2,1,2,2,2,3.5,1.4,7.0,2.8,4.2
3069,101849,20260501,1728,2,6,2,2,2,5.0,2.1,10.0,4.2,5.8
3070,101850,20260629,858,2,21,4,2,1,9.0,3.2,9.0,3.2,5.8
3071,101851,20260723,2050,1,2,1,1,1,4.0,1.6,4.0,1.6,2.4
3072,101852,20260519,1806,4,10,1,1,1,8.0,3.0,8.0,3.0,5.0
3073,101853,20260521,1445,3,12,1,3,1,12.0,4.2,12.0,4.2,7.8
3074,101854,20260802,1025,1,14,1,1,1,13.5,4.6,13.5,4.6,8.9
3075,101854,20260802,1025,1,6,1,1,1,5.0,2.1,5.0,2.1,2.9
3076,101854,20260802,1025,1,2,1,1,1,4.0,1.6,4.0,1.6,2.4
3077,101855,20260808,946,2,6,4,1,1,5.0,2.1,5.0,2.1,2.9
3078,101856,20260419,1709,2,9,4,1,1,9.0,3.4,9.0,3.4,5.6
3079,101857,20260730,1914,2,24,3,3,1,8.0,3.0,8.0,3.0,5.0
3080,101857,20260730,1914,2,17,3,3,1,4.5,1.6,4.5,1.6,2.9
3081,101857,20260730,1914,2,8,3,3,1,8.5,3.2,8.5,3.2,5.3
3082,101858,20260901,1009,3,2,1,1,1,4.0,1.6,4.0,1.6,2.4
3083,101859,20260712,810,2,5,1,3,2,4.8,2.0,9.6,4.0,5.6
3084,101860,20260526,946,3,3,1,2,1,3.8,1.5,3.8,1.5,2.3
3085,101861,20260713,2102,1,22,1,1,1,9.5,3.6,9.5,3.6,5.9
3086,101862,20260519,1632,2,19,1,3,1,5.5,2.0,5.5,2.0,3.5
3087,101863,20260725,1900,4,14,1,4,1,13.5,4.6,13.5,4.6,8.9
3088,101863,20260725,1900,4,13,1,4,2,12.5,4.3,25.0,8.6,16.4
3089,101863,20260725,1900,4,23,1,4,1,9.0,3.4,9.0,3.4,5.6
3090,101864,20260711,2033,4,3,1,2,1,3.8,1.5,3.8,1.5,2.3
3091,101865,20260504,819,3,20,2,1,1,6.5,2.4,6.5,2.4,4.1
3092,101865,20260504,819,3,4,2,1,1,4.5,1.9,4.5,1.9,2.6
3093,101866,20260424,1728,2,7,1,1,1,4.3,1.8,4.3,1.8,2.5
3094,101866,20260424,1728,2,9,1,1,2,9.0,3.4,18.0,6.8,11.2
3095,101866,20260424,1728,2,12,1,1,2,12.0,4.2,24.0,8.4,15.6
3096,101867,20260510,857,1,17,2,2,2,4.5,1.6,9.0,3.2,5.8
3097,101867,20260510,857,1,4,2,2,1,4.5,1.9,4.5,1.9,2.6
3098,101868,20260409,1521,1,10,3,1,2,8.0,3.0,16.0,6.0,10.0
3099,101869,20260523,1109,2,9,1,1,2,9.0,3.4,18.0,6.8,11.2
3100,101870,20260524,2057,1,25,2,4,2,8.5,3.2,17.0,6.4,10.6
3101,101871,20260416,1057,2,16,3,2,2,11.5,4.1,23.0,8.2,14.8
3102,101871,20260416,1057,2,1,3,2,1,3.5,1.4,3.5,1.4,2.1
3103,101872,20260526,1314,3,15,4,2,1,11.0,4.0,11.0,4.0,7.0
3104,101873,20260805,1718,2,15,1,4,1,11.0,4.0,11.0,4.0,7.0
3105,101874,20260823,1825,1,20,1,3,1,6.5,2.4,6.5,2.4,4.1
3106,101875,20260410,1111,3,5,1,2,1,4.8,2.0,4.8,2.0,2.8
3107,101875,20260410,1111,3,5,1,2,1,4.8,2.0,4.8,2.0,2.8
3108,101876,20260330,842,2,18,4,1,2,5.0,1.8,10.0,3.6,6.4
3109,101877,20260601,1926,1,16,4,1,1,11.5,4.1,11.5,4.1,7.4
3110,101877,20260601,1926,1,14,4,1,1,13.5,4.6,13.5,4.6,8.9
3111,101878,20260411,1015,1,19,1,2,1,5.5,2.0,5.5,2.0,3.5
3112,101879,20260328,1838,1,2,2,4,1,4.0,1.6,4.0,1.6,2.4
3113,101879,20260328,1838,1,9,2,4,1,9.0,3.4,9.0,3.4,5.6
3114,101880,20260912,930,4,6,1,1,1,5.0,2.1,5.0,2.1,2.9
3115,101881,20260318,1422,2,22,1,4,1,9.5,3.6,9.5,3.6,5.9
3116,101882,20260522,1636,4,10,2,3,1,8.0,3.0,8.0,3.0,5.0
3117,101883,20260425,805,4,1,1,1,1,3.5,1.4,3.5,1.4,2.1
3118,101883,20260425,805,4,19,1,1,1,5.5,2.0,5.5,2.0,3.5
3119,101884,20260814,1007,2,2,1,1,1,4.0,1.6,4.0,1.6,2.4
3120,101884,20260814,1007,2,1,1,1,1,3.5,1.4,3.5,1.4,2.1
3121,101884,20260814,1007,2,7,1,1,1,4.3,1.8,4.3,1.8,2.5
3122,101885,20260729,1239,1,24,1,1,1,8.0,3.0,8.0,3.0,5.0
3123,101886,20260529,1107,2,3,1,2,1,3.8,1.5,3.8,1.5,2.3
3124,101886,20260529,1107,2,5,1,2,1,4.8,2.0,4.8,2.0,2.8
3125,101887,20260729,1005,4,3,1,3,2,3.8,1.5,7.6,3.0,4.6
3126,101887,20260729,1005,4,2,1,3,1,4.0,1.6,4.0,1.6,2.4
3127,101888,20260908,1845,2,23,1,1,1,9.0,3.4,9.0,3.4,5.6
3128,101888,20260908,1845,2,12,1,1,1,12.0,4.2,12.0,4.2,7.8
3129,101888,20260908,1845,2,11,1,1,2,10.5,3.8,21.0,7.6,13.4
3130,101889,20260327,1625,1,6,1,1,2,5.0,2.1,10.0,4.2,5.8
3131,101889,20260327,1625,1,21,1,1,1,9.0,3.2,9.0,3.2,5.8
3132,101889,20260327,1625,1,14,1,1,1,13.5,4.6,13.5,4.6,8.9
3133,101890,20260520,1632,1,10,3,3,1,8.0,3.0,8.0,3.0,5.0
3134,101891,20260522,1552,1,5,2,1,2,4.8,2.0,9.6,4.0,5.6
3135,101891,20260522,1552,1,6,2,1,1,5.0,2.1,5.0,2.1,2.9
3136,101892,20260723,1117,1,3,3,1,1,3.8,1.5,3.8,1.5,2.3
3137,101892,20260723,1117,1,1,3,1,1,3.5,1.4,3.5,1.4,2.1
3138,101893,20260730,1433,3,18,2,1,1,5.0,1.8,5.0,1.8,3.2
3139,101894,20260907,843,1,19,1,1,1,5.5,2.0,5.5,2.0,3.5
3140,101895,20260322,1152,2,21,2,1,2,9.0,3.2,18.0,6.4,11.6
3141,101896,20260904,1631,2,25,2,1,1,8.5,3.2,8.5,3.2,5.3
3142,101896,20260904,1631,2,14,2,1,1,13.5,4.6,13.5,4.6,8.9
3143,101897,20260617,2018,4,25,1,1,1,8.5,3.2,8.5,3.2,5.3
3144,101898,20260628,1707,4,18,1,3,1,5.0,1.8,5.0,1.8,3.2
3145,101899,20260829,946,2,6,3,1,1,5.0,2.1,5.0,2.1,2.9
3146,101900,20260316,1546,2,8,1,2,1,8.5,3.2,8.5,3.2,5.3
3147,101901,20260610,800,3,1,2,1,1,3.5,1.4,3.5,1.4,2.1
3148,101901,20260610,800,3,19,2,1,1,5.5,2.0,5.5,2.0,3.5
3149,101902,20260411,1709,3,2,1,1,1,4.0,1.6,4.0,1.6,2.4
3150,101902,20260411,1709,3,14,1,1,1,13.5,4.6,13.5,4.6,8.9
3151,101903,20260905,952,2,5,1,1,1,4.8,2.0,4.8,2.0,2.8
3152,101904,20260415,1828,1,9,2,2,1,9.0,3.4,9.0,3.4,5.6
3153,101905,20260823,2005,3,20,1,2,1,6.5,2.4,6.5,2.4,4.1
3154,101906,20260819,1754,1,24,4,2,1,8.0,3.0,8.0,3.0,5.0
3155,101906,20260819,1754,1,12,4,2,1,12.0,4.2,12.0,4.2,7.8
3156,101907,20260803,1722,4,18,2,1,2,5.0,1.8,10.0,3.6,6.4
3157,101908,20260703,1449,4,13,1,1,1,12.5,4.3,12.5,4.3,8.2
3158,101909,20260509,1018,2,2,4,1,1,4.0,1.6,4.0,1.6,2.4
3159,101909,20260509,1018,2,10,4,1,1,8.0,3.0,8.0,3.0,5.0
3160,101910,20260508,1101,2,21,1,4,2,9.0,3.2,18.0,6.4,11.6
3161,101911,20260628,1711,3,6,1,3,1,5.0,2.1,5.0,2.1,2.9
3162,101912,20260430,1015,3,1,1,2,1,3.5,1.4,3.5,1.4,2.1
3163,101912,20260430,1015,3,12,1,2,1,12.0,4.2,12.0,4.2,7.8
3164,101913,20260622,1216,4,16,2,1,1,11.5,4.1,11.5,4.1,7.4
3165,101913,20260622,1216,4,8,2,1,1,8.5,3.2,8.5,3.2,5.3
3166,101914,20260325,933,2,24,1,2,1,8.0,3.0,8.0,3.0,5.0
3167,101914,20260325,933,2,12,1,2,2,12.0,4.2,24.0,8.4,15.6
3168,101915,20260731,1142,3,19,2,1,1,5.5,2.0,5.5,2.0,3.5
3169,101915,20260731,1142,3,22,2,1,1,9.5,3.6,9.5,3.6,5.9
3170,101916,20260831,959,4,6,1,1,1,5.0,2.1,5.0,2.1,2.9
3171,101917,20260626,1646,3,14,2,1,1,13.5,4.6,13.5,4.6,8.9
3172,101917,20260626,1646,3,14,2,1,1,13.5,4.6,13.5,4.6,8.9
3173,101917,20260626,1646,3,11,2,1,1,10.5,3.8,10.5,3.8,6.7
3174,101918,20260504,1416,4,9,2,2,1,9.0,3.4,9.0,3.4,5.6
3175,101918,20260504,1416,4,7,2,2,1,4.3,1.8,4.3,1.8,2.5
3176,101919,20260323,1631,4,12,1,1,1,12.0,4.2,12.0,4.2,7.8
3177,101920,20260719,1701,4,20,1,4,2,6.5,2.4,13.0,4.8,8.2
3178,101921,20260701,1814,2,4,1,4,2,4.5,1.9,9.0,3.8,5.2
3179,101922,20260715,1636,3,4,1,3,1,4.5,1.9,4.5,1.9,2.6
3180,101923,20260801,1549,1,15,4,2,1,11.0,4.0,11.0,4.0,7.0
3181,101924,20260829,1020,3,21,3,1,1,9.0,3.2,9.0,3.2,5.8
3182,101924,20260829,1020,3,6,3,1,2,5.0,2.1,10.0,4.2,5.8
3183,101925,20260816,840,4,17,1,1,2,4.5,1.6,9.0,3.2,5.8
3184,101926,20260511,908,3,6,1,3,1,5.0,2.1,5.0,2.1,2.9
3185,101927,20260715,1235,1,23,1,1,1,9.0,3.4,9.0,3.4,5.6
3186,101927,20260715,1235,1,4,1,1,1,4.5,1.9,4.5,1.9,2.6
3187,101928,20260421,1912,1,11,2,2,1,10.5,3.8,10.5,3.8,6.7
3188,101928,20260421,1912,1,16,2,2,1,11.5,4.1,11.5,4.1,7.4
3189,101928,20260421,1912,1,15,2,2,1,11.0,4.0,11.0,4.0,7.0
3190,101929,20260724,949,1,5,1,3,2,4.8,2.0,9.6,4.0,5.6
3191,101930,20260822,1207,4,4,2,2,1,4.5,1.9,4.5,1.9,2.6
3192,101930,20260822,1207,4,24,2,2,1,8.0,3.0,8.0,3.0,5.0
3193,101931,20260403,1813,1,8,2,1,1,8.5,3.2,8.5,3.2,5.3
3194,101931,20260403,1813,1,9,2,1,1,9.0,3.4,9.0,3.4,5.6
3195,101931,20260403,1813,1,14,2,1,1,13.5,4.6,13.5,4.6,8.9
3196,101932,20260713,731,3,6,1,2,1,5.0,2.1,5.0,2.1,2.9
3197,101933,20260715,949,2,6,1,1,1,5.0,2.1,5.0,2.1,2.9
3198,101934,20260528,2159,1,1,1,1,1,3.5,1.4,3.5,1.4,2.1
3199,101934,20260528,2159,1,3,1,1,2,3.8,1.5,7.6,3.0,4.6
3200,101935,20260403,937,2,4,1,3,1,4.5,1.9,4.5,1.9,2.6
3201,101935,20260403,937,2,15,1,3,1,11.0,4.0,11.0,4.0,7.0
3202,101935,20260403,937,2,7,1,3,1,4.3,1.8,4.3,1.8,2.5
3203,101936,20260805,907,1,6,4,1,1,5.0,2.1,5.0,2.1,2.9
3204,101936,20260805,907,1,18,4,1,1,5.0,1.8,5.0,1.8,3.2
3205,101937,20260529,1733,2,12,3,2,1,12.0,4.2,12.0,4.2,7.8
3206,101937,20260529,1733,2,14,3,2,1,13.5,4.6,13.5,4.6,8.9
3207,101937,20260529,1733,2,8,3,2,1,8.5,3.2,8.5,3.2,5.3
3208,101938,20260909,901,1,1,1,1,1,3.5,1.4,3.5,1.4,2.1
3209,101939,20260630,1918,2,1,2,4,1,3.5,1.4,3.5,1.4,2.1
3210,101939,20260630,1918,2,1,2,4,1,3.5,1.4,3.5,1.4,2.1
3211,101939,20260630,1918,2,13,2,4,1,12.5,4.3,12.5,4.3,8.2
3212,101940,20260902,821,2,4,1,2,1,4.5,1.9,4.5,1.9,2.6
3213,101941,20260730,1652,4,14,2,1,1,13.5,4.6,13.5,4.6,8.9
3214,101941,20260730,1652,4,6,2,1,1,5.0,2.1,5.0,2.1,2.9
3215,101942,20260910,1014,4,17,2,1,1,4.5,1.6,4.5,1.6,2.9
3216,101942,20260910,1014,4,6,2,1,1,5.0,2.1,5.0,2.1,2.9
3217,101943,20260731,825,4,19,2,3,1,5.5,2.0,5.5,2.0,3.5
3218,101944,20260904,1023,4,20,3,1,1,6.5,2.4,6.5,2.4,4.1
3219,101944,20260904,1023,4,4,3,1,1,4.5,1.9,4.5,1.9,2.6
3220,101944,20260904,1023,4,5,3,1,1,4.8,2.0,4.8,2.0,2.8
3221,101945,20260808,1427,1,13,1,1,1,12.5,4.3,12.5,4.3,8.2
3222,101946,20260530,1020,3,5,2,1,1,4.8,2.0,4.8,2.0,2.8
3223,101947,20260808,916,1,3,1,2,1,3.8,1.5,3.8,1.5,2.3
3224,101948,20260709,1905,3,17,1,4,1,4.5,1.6,4.5,1.6,2.9
3225,101948,20260709,1905,3,23,1,4,1,9.0,3.4,9.0,3.4,5.6
3226,101949,20260714,1847,1,11,2,3,1,10.5,3.8,10.5,3.8,6.7
3227,101950,20260528,1701,1,10,1,1,2,8.0,3.0,16.0,6.0,10.0
3228,101951,20260326,852,2,5,1,1,1,4.8,2.0,4.8,2.0,2.8
3229,101952,20260821,2019,4,2,3,3,1,4.0,1.6,4.0,1.6,2.4
3230,101953,20260626,1854,3,24,1,3,1,8.0,3.0,8.0,3.0,5.0
3231,101954,20260509,813,4,20,2,1,2,6.5,2.4,13.0,4.8,8.2
3232,101955,20260529,2111,2,7,1,3,1,4.3,1.8,4.3,1.8,2.5
3233,101956,20260626,913,1,21,1,2,2,9.0,3.2,18.0,6.4,11.6
3234,101957,20260528,1834,2,10,2,2,1,8.0,3.0,8.0,3.0,5.0
3235,101958,20260605,1946,1,5,1,1,1,4.8,2.0,4.8,2.0,2.8
3236,101958,20260605,1946,1,22,1,1,1,9.5,3.6,9.5,3.6,5.9
3237,101959,20260805,1332,4,24,1,2,1,8.0,3.0,8.0,3.0,5.0
3238,101959,20260805,1332,4,11,1,2,1,10.5,3.8,10.5,3.8,6.7
3239,101959,20260805,1332,4,8,1,2,1,8.5,3.2,8.5,3.2,5.3
3240,101960,20260619,1546,3,14,2,1,1,13.5,4.6,13.5,4.6,8.9
3241,101960,20260619,1546,3,10,2,1,1,8.0,3.0,8.0,3.0,5.0
3242,101961,20260730,1623,2,10,2,1,1,8.0,3.0,8.0,3.0,5.0
3243,101961,20260730,1623,2,7,2,1,2,4.3,1.8,8.6,3.6,5.0
3244,101962,20260909,1742,3,20,4,4,1,6.5,2.4,6.5,2.4,4.1
3245,101962,20260909,1742,3,15,4,4,1,11.0,4.0,11.0,4.0,7.0
3246,101962,20260909,1742,3,13,4,4,1,12.5,4.3,12.5,4.3,8.2
3247,101963,20260603,1822,1,16,1,4,1,11.5,4.1,11.5,4.1,7.4
3248,101964,20260813,1645,4,4,2,4,2,4.5,1.9,9.0,3.8,5.2
3249,101965,20260826,938,4,21,1,1,1,9.0,3.2,9.0,3.2,5.8
3250,101965,20260826,938,4,22,1,1,1,9.5,3.6,9.5,3.6,5.9
3251,101966,20260519,1818,2,5,2,3,2,4.8,2.0,9.6,4.0,5.6
3252,101967,20260522,816,4,4,1,2,1,4.5,1.9,4.5,1.9,2.6
3253,101968,20260622,842,3,7,1,2,1,4.3,1.8,4.3,1.8,2.5
3254,101969,20260908,1721,1,15,2,2,1,11.0,4.0,11.0,4.0,7.0
3255,101970,20260831,1816,1,8,1,1,1,8.5,3.2,8.5,3.2,5.3
3256,101971,20260423,813,2,5,1,1,1,4.8,2.0,4.8,2.0,2.8
3257,101971,20260423,813,2,1,1,1,2,3.5,1.4,7.0,2.8,4.2
3258,101971,20260423,813,2,18,1,1,1,5.0,1.8,5.0,1.8,3.2
3259,101972,20260908,751,1,22,2,1,1,9.5,3.6,9.5,3.6,5.9
3260,101973,20260525,1730,4,25,1,3,1,8.5,3.2,8.5,3.2,5.3
3261,101974,20260604,1801,1,3,1,2,1,3.8,1.5,3.8,1.5,2.3
3262,101974,20260604,1801,1,8,1,2,1,8.5,3.2,8.5,3.2,5.3
3263,101975,20260429,1916,2,16,1,4,2,11.5,4.1,23.0,8.2,14.8
3264,101976,20260611,1805,3,13,2,4,1,12.5,4.3,12.5,4.3,8.2
3265,101977,20260704,1858,2,15,1,2,1,11.0,4.0,11.0,4.0,7.0
3266,101978,20260803,1443,2,1,2,1,1,3.5,1.4,3.5,1.4,2.1
3267,101979,20260724,1925,2,25,2,2,1,8.5,3.2,8.5,3.2,5.3
3268,101980,20260909,1018,1,13,2,1,1,12.5,4.3,12.5,4.3,8.2
3269,101980,20260909,1018,1,17,2,1,1,4.5,1.6,4.5,1.6,2.9
3270,101981,20260328,832,3,3,1,1,1,3.8,1.5,3.8,1.5,2.3
3271,101982,20260418,825,2,4,1,3,1,4.5,1.9,4.5,1.9,2.6
3272,101983,20260824,920,1,13,1,4,2,12.5,4.3,25.0,8.6,16.4
3273,101983,20260824,920,1,18,1,4,1,5.0,1.8,5.0,1.8,3.2
3274,101983,20260824,920,1,20,1,4,1,6.5,2.4,6.5,2.4,4.1
3275,101984,20260912,846,2,19,1,3,2,5.5,2.0,11.0,4.0,7.0
3276,101984,20260912,846,2,6,1,3,2,5.0,2.1,10.0,4.2,5.8
3277,101985,20260326,1706,1,13,2,3,1,12.5,4.3,12.5,4.3,8.2
3278,101986,20260813,951,3,2,1,1,1,4.0,1.6,4.0,1.6,2.4
3279,101986,20260813,951,3,20,1,1,1,6.5,2.4,6.5,2.4,4.1
3280,101987,20260508,1620,1,16,2,4,1,11.5,4.1,11.5,4.1,7.4
3281,101988,20260627,1448,4,3,4,2,1,3.8,1.5,3.8,1.5,2.3
3282,101989,20260616,1743,4,20,1,3,1,6.5,2.4,6.5,2.4,4.1
3283,101989,20260616,1743,4,9,1,3,1,9.0,3.4,9.0,3.4,5.6
3284,101990,20260412,1908,1,25,2,2,1,8.5,3.2,8.5,3.2,5.3
3285,101990,20260412,1908,1,15,2,2,1,11.0,4.0,11.0,4.0,7.0
3286,101991,20260905,1302,1,16,1,1,1,11.5,4.1,11.5,4.1,7.4
3287,101992,20260401,2013,1,6,2,4,1,5.0,2.1,5.0,2.1,2.9
3288,101992,20260401,2013,1,4,2,4,1,4.5,1.9,4.5,1.9,2.6
3289,101993,20260905,1718,4,21,2,1,1,9.0,3.2,9.0,3.2,5.8
3290,101994,20260726,837,3,12,3,1,2,12.0,4.2,24.0,8.4,15.6
3291,101995,20260316,1813,2,12,1,3,1,12.0,4.2,12.0,4.2,7.8
3292,101995,20260316,1813,2,14,1,3,1,13.5,4.6,13.5,4.6,8.9
3293,101996,20260516,1729,3,13,1,3,1,12.5,4.3,12.5,4.3,8.2
3294,101996,20260516,1729,3,19,1,3,1,5.5,2.0,5.5,2.0,3.5
3295,101997,20260712,1808,2,21,2,2,2,9.0,3.2,18.0,6.4,11.6
3296,101997,20260712,1808,2,17,2,2,2,4.5,1.6,9.0,3.2,5.8
3297,101997,20260712,1808,2,19,2,2,2,5.5,2.0,11.0,4.0,7.0
3298,101998,20260914,1631,3,14,2,4,1,13.5,4.6,13.5,4.6,8.9
3299,101999,20260619,1812,3,11,4,3,1,10.5,3.8,10.5,3.8,6.7
3300,102000,20260315,1911,1,16,2,1,1,11.5,4.1,11.5,4.1,7.4
3301,102001,20260321,1431,2,2,1,2,1,4.0,1.6,4.0,1.6,2.4
3302,102002,20260822,1741,3,8,1,1,1,8.5,3.2,8.5,3.2,5.3
3303,102002,20260822,1741,3,13,1,1,1,12.5,4.3,12.5,4.3,8.2
3304,102003,20260727,2041,1,3,1,1,2,3.8,1.5,7.6,3.0,4.6
3305,102004,20260414,953,3,17,3,1,1,4.5,1.6,4.5,1.6,2.9
3306,102005,20260316,1002,2,7,1,1,1,4.3,1.8,4.3,1.8,2.5
3307,102005,20260316,1002,2,1,1,1,1,3.5,1.4,3.5,1.4,2.1
3308,102006,20260519,1708,4,19,3,4,1,5.5,2.0,5.5,2.0,3.5
3309,102007,20260829,1212,3,5,1,1,1,4.8,2.0,4.8,2.0,2.8
3310,102007,20260829,1212,3,24,1,1,2,8.0,3.0,16.0,6.0,10.0
3311,102008,20260521,956,3,1,1,1,1,3.5,1.4,3.5,1.4,2.1
3312,102009,20260610,1309,1,17,2,2,1,4.5,1.6,4.5,1.6,2.9
3313,102010,20260718,1420,1,1,2,2,1,3.5,1.4,3.5,1.4,2.1
3314,102010,20260718,1420,1,22,2,2,1,9.5,3.6,9.5,3.6,5.9
3315,102011,20260912,1135,3,5,2,2,1,4.8,2.0,4.8,2.0,2.8
3316,102011,20260912,1135,3,3,2,2,1,3.8,1.5,3.8,1.5,2.3
3317,102012,20260809,1346,4,15,3,2,1,11.0,4.0,11.0,4.0,7.0
3318,102012,20260809,1346,4,17,3,2,1,4.5,1.6,4.5,1.6,2.9
3319,102012,20260809,1346,4,20,3,2,1,6.5,2.4,6.5,2.4,4.1
3320,102013,20260418,1831,3,19,3,2,1,5.5,2.0,5.5,2.0,3.5
3321,102014,20260530,1855,2,14,1,1,2,13.5,4.6,27.0,9.2,17.8
3322,102014,20260530,1855,2,18,1,1,1,5.0,1.8,5.0,1.8,3.2
3323,102015,20260528,1203,1,19,1,4,1,5.5,2.0,5.5,2.0,3.5
3324,102015,20260528,1203,1,21,1,4,1,9.0,3.2,9.0,3.2,5.8
3325,102015,20260528,1203,1,8,1,4,1,8.5,3.2,8.5,3.2,5.3
3326,102016,20260402,919,2,4,2,1,1,4.5,1.9,4.5,1.9,2.6
3327,102016,20260402,919,2,4,2,1,1,4.5,1.9,4.5,1.9,2.6
3328,102017,20260703,913,3,15,1,2,1,11.0,4.0,11.0,4.0,7.0
3329,102018,20260502,1229,1,15,1,1,1,11.0,4.0,11.0,4.0,7.0
3330,102019,20260514,1101,3,17,1,1,1,4.5,1.6,4.5,1.6,2.9
3331,102020,20260412,946,2,17,2,1,1,4.5,1.6,4.5,1.6,2.9
3332,102020,20260412,946,2,20,2,1,2,6.5,2.4,13.0,4.8,8.2
3333,102021,20260426,805,4,16,2,3,2,11.5,4.1,23.0,8.2,14.8
3334,102022,20260415,1118,1,8,2,1,1,8.5,3.2,8.5,3.2,5.3
3335,102022,20260415,1118,1,6,2,1,1,5.0,2.1,5.0,2.1,2.9
3336,102023,20260415,1706,3,4,2,4,1,4.5,1.9,4.5,1.9,2.6
3337,102024,20260818,1235,1,20,3,1,1,6.5,2.4,6.5,2.4,4.1
3338,102024,20260818,1235,1,11,3,1,1,10.5,3.8,10.5,3.8,6.7
3339,102024,20260818,1235,1,14,3,1,1,13.5,4.6,13.5,4.6,8.9
3340,102025,20260813,835,3,6,1,1,1,5.0,2.1,5.0,2.1,2.9
3341,102025,20260813,835,3,1,1,1,1,3.5,1.4,3.5,1.4,2.1
3342,102026,20260827,2016,2,21,3,1,2,9.0,3.2,18.0,6.4,11.6
3343,102027,20260430,1002,3,17,1,4,1,4.5,1.6,4.5,1.6,2.9
3344,102027,20260430,1002,3,18,1,4,1,5.0,1.8,5.0,1.8,3.2
3345,102027,20260430,1002,3,4,1,4,1,4.5,1.9,4.5,1.9,2.6
3346,102028,20260615,1907,4,15,4,1,1,11.0,4.0,11.0,4.0,7.0
3347,102029,20260818,921,1,5,1,1,1,4.8,2.0,4.8,2.0,2.8
3348,102029,20260818,921,1,19,1,1,2,5.5,2.0,11.0,4.0,7.0
3349,102029,20260818,921,1,22,1,1,2,9.5,3.6,19.0,7.2,11.8
3350,102030,20260605,857,3,5,2,4,1,4.8,2.0,4.8,2.0,2.8
3351,102030,20260605,857,3,22,2,4,1,9.5,3.6,9.5,3.6,5.9
3352,102031,20260706,2154,1,11,1,3,1,10.5,3.8,10.5,3.8,6.7
3353,102032,20260319,1734,2,21,1,4,1,9.0,3.2,9.0,3.2,5.8
3354,102033,20260415,1413,1,4,1,1,2,4.5,1.9,9.0,3.8,5.2
3355,102034,20260522,926,2,7,2,1,1,4.3,1.8,4.3,1.8,2.5
3356,102034,20260522,926,2,3,2,1,1,3.8,1.5,3.8,1.5,2.3
3357,102034,20260522,926,2,3,2,1,1,3.8,1.5,3.8,1.5,2.3
3358,102035,20260321,1237,1,3,2,3,1,3.8,1.5,3.8,1.5,2.3
3359,102035,20260321,1237,1,24,2,3,1,8.0,3.0,8.0,3.0,5.0
3360,102036,20260804,1806,2,10,1,1,1,8.0,3.0,8.0,3.0,5.0
3361,102037,20260811,1354,1,22,1,1,1,9.5,3.6,9.5,3.6,5.9
3362,102038,20260531,1848,4,9,2,1,1,9.0,3.4,9.0,3.4,5.6
3363,102038,20260531,1848,4,1,2,1,1,3.5,1.4,3.5,1.4,2.1
3364,102039,20260802,1938,4,13,1,1,1,12.5,4.3,12.5,4.3,8.2
3365,102040,20260626,1820,1,8,1,3,1,8.5,3.2,8.5,3.2,5.3
3366,102041,20260909,1614,3,6,2,1,1,5.0,2.1,5.0,2.1,2.9
3367,102041,20260909,1614,3,17,2,1,1,4.5,1.6,4.5,1.6,2.9
3368,102042,20260419,1731,1,7,1,4,1,4.3,1.8,4.3,1.8,2.5
3369,102043,20260720,1123,2,12,1,4,1,12.0,4.2,12.0,4.2,7.8
3370,102044,20260908,1854,4,14,1,1,1,13.5,4.6,13.5,4.6,8.9
3371,102044,20260908,1854,4,12,1,1,1,12.0,4.2,12.0,4.2,7.8
3372,102045,20260604,941,1,4,1,1,1,4.5,1.9,4.5,1.9,2.6
3373,102046,20260831,1136,1,2,1,1,2,4.0,1.6,8.0,3.2,4.8
3374,102046,20260831,1136,1,24,1,1,1,8.0,3.0,8.0,3.0,5.0
3375,102047,20260408,1730,4,10,2,1,2,8.0,3.0,16.0,6.0,10.0
3376,102048,20260429,2012,2,19,1,1,1,5.5,2.0,5.5,2.0,3.5
3377,102048,20260429,2012,2,7,1,1,1,4.3,1.8,4.3,1.8,2.5
3378,102049,20260906,1600,4,3,3,1,2,3.8,1.5,7.6,3.0,4.6
3379,102050,20260810,1925,2,14,1,3,1,13.5,4.6,13.5,4.6,8.9
3380,102050,20260810,1925,2,8,1,3,1,8.5,3.2,8.5,3.2,5.3
3381,102051,20260624,1649,1,15,1,1,1,11.0,4.0,11.0,4.0,7.0
3382,102051,20260624,1649,1,13,1,1,1,12.5,4.3,12.5,4.3,8.2
3383,102051,20260624,1649,1,12,1,1,1,12.0,4.2,12.0,4.2,7.8
3384,102052,20260407,1812,2,19,4,4,1,5.5,2.0,5.5,2.0,3.5
3385,102053,20260404,1354,1,4,2,1,1,4.5,1.9,4.5,1.9,2.6
3386,102053,20260404,1354,1,21,2,1,1,9.0,3.2,9.0,3.2,5.8
3387,102053,20260404,1354,1,22,2,1,1,9.5,3.6,9.5,3.6,5.9
3388,102054,20260811,726,1,21,1,2,1,9.0,3.2,9.0,3.2,5.8
3389,102055,20260425,1131,1,1,2,2,1,3.5,1.4,3.5,1.4,2.1
3390,102055,20260425,1131,1,14,2,2,1,13.5,4.6,13.5,4.6,8.9
3391,102056,20260714,917,2,24,2,4,1,8.0,3.0,8.0,3.0,5.0
3392,102057,20260903,1753,2,6,3,3,1,5.0,2.1,5.0,2.1,2.9
3393,102058,20260619,1656,2,16,1,4,1,11.5,4.1,11.5,4.1,7.4
3394,102058,20260619,1656,2,8,1,4,1,8.5,3.2,8.5,3.2,5.3
3395,102059,20260807,1019,1,4,1,4,1,4.5,1.9,4.5,1.9,2.6
3396,102060,20260808,1352,4,15,1,2,1,11.0,4.0,11.0,4.0,7.0
3397,102061,20260329,1722,4,24,1,4,2,8.0,3.0,16.0,6.0,10.0
3398,102061,20260329,1722,4,15,1,4,1,11.0,4.0,11.0,4.0,7.0
3399,102062,20260502,1543,1,6,3,1,2,5.0,2.1,10.0,4.2,5.8
3400,102063,20260801,842,3,1,1,1,1,3.5,1.4,3.5,1.4,2.1
3401,102063,20260801,842,3,5,1,1,1,4.8,2.0,4.8,2.0,2.8
3402,102064,20260718,1543,4,13,2,3,1,12.5,4.3,12.5,4.3,8.2
3403,102065,20260826,1846,2,7,1,1,1,4.3,1.8,4.3,1.8,2.5
3404,102066,20260316,1652,3,15,1,4,1,11.0,4.0,11.0,4.0,7.0
3405,102066,20260316,1652,3,14,1,4,1,13.5,4.6,13.5,4.6,8.9
3406,102067,20260326,1024,1,19,2,2,1,5.5,2.0,5.5,2.0,3.5
3407,102067,20260326,1024,1,1,2,2,1,3.5,1.4,3.5,1.4,2.1
3408,102068,20260327,1717,2,16,1,3,2,11.5,4.1,23.0,8.2,14.8
3409,102068,20260327,1717,2,8,1,3,1,8.5,3.2,8.5,3.2,5.3
3410,102069,20260317,1835,4,8,2,4,1,8.5,3.2,8.5,3.2,5.3
3411,102070,20260814,916,2,22,1,1,1,9.5,3.6,9.5,3.6,5.9
3412,102071,20260802,847,1,19,1,1,1,5.5,2.0,5.5,2.0,3.5
3413,102072,20260330,1740,3,22,2,1,2,9.5,3.6,19.0,7.2,11.8
3414,102073,20260606,2156,1,17,1,1,1,4.5,1.6,4.5,1.6,2.9
3415,102074,20260430,1844,4,8,4,2,1,8.5,3.2,8.5,3.2,5.3
3416,102074,20260430,1844,4,14,4,2,1,13.5,4.6,13.5,4.6,8.9
3417,102075,20260829,1844,2,12,1,3,1,12.0,4.2,12.0,4.2,7.8
3418,102075,20260829,1844,2,12,1,3,2,12.0,4.2,24.0,8.4,15.6
3419,102076,20260504,733,2,21,1,1,1,9.0,3.2,9.0,3.2,5.8
3420,102077,20260817,2131,3,14,1,1,1,13.5,4.6,13.5,4.6,8.9
3421,102078,20260808,924,1,21,2,1,1,9.0,3.2,9.0,3.2,5.8
3422,102079,20260509,1650,2,16,3,1,1,11.5,4.1,11.5,4.1,7.4
3423,102080,20260530,804,1,17,1,1,1,4.5,1.6,4.5,1.6,2.9
3424,102081,20260403,1702,1,9,1,1,1,9.0,3.4,9.0,3.4,5.6
3425,102082,20260704,1549,2,2,2,4,1,4.0,1.6,4.0,1.6,2.4
3426,102082,20260704,1549,2,6,2,4,1,5.0,2.1,5.0,2.1,2.9
3427,102083,20260606,1820,1,14,1,1,1,13.5,4.6,13.5,4.6,8.9
3428,102083,20260606,1820,1,15,1,1,1,11.0,4.0,11.0,4.0,7.0
3429,102084,20260808,1714,1,24,1,3,1,8.0,3.0,8.0,3.0,5.0
3430,102085,20260601,1855,1,10,1,3,2,8.0,3.0,16.0,6.0,10.0
3431,102085,20260601,1855,1,9,1,3,1,9.0,3.4,9.0,3.4,5.6
3432,102086,20260821,849,2,1,1,1,1,3.5,1.4,3.5,1.4,2.1
3433,102086,20260821,849,2,4,1,1,1,4.5,1.9,4.5,1.9,2.6
3434,102087,20260502,1155,2,5,1,2,1,4.8,2.0,4.8,2.0,2.8
3435,102088,20260610,814,4,18,2,1,1,5.0,1.8,5.0,1.8,3.2
3436,102088,20260610,814,4,11,2,1,1,10.5,3.8,10.5,3.8,6.7
3437,102088,20260610,814,4,9,2,1,1,9.0,3.4,9.0,3.4,5.6
3438,102089,20260320,2044,1,7,1,1,1,4.3,1.8,4.3,1.8,2.5
3439,102089,20260320,2044,1,6,1,1,1,5.0,2.1,5.0,2.1,2.9
3440,102090,20260316,955,1,21,1,2,1,9.0,3.2,9.0,3.2,5.8
3441,102090,20260316,955,1,20,1,2,1,6.5,2.4,6.5,2.4,4.1
3442,102090,20260316,955,1,18,1,2,1,5.0,1.8,5.0,1.8,3.2
3443,102091,20260829,918,2,1,2,2,1,3.5,1.4,3.5,1.4,2.1
3444,102091,20260829,918,2,24,2,2,1,8.0,3.0,8.0,3.0,5.0
3445,102092,20260614,957,3,3,3,1,1,3.8,1.5,3.8,1.5,2.3
3446,102093,20260626,1022,1,20,3,1,1,6.5,2.4,6.5,2.4,4.1
3447,102094,20260829,1750,1,7,2,1,2,4.3,1.8,8.6,3.6,5.0
3448,102095,20260323,1511,2,20,2,4,1,6.5,2.4,6.5,2.4,4.1
3449,102096,20260329,957,1,5,1,1,1,4.8,2.0,4.8,2.0,2.8
3450,102096,20260329,957,1,18,1,1,1,5.0,1.8,5.0,1.8,3.2
3451,102097,20260616,942,3,21,2,1,1,9.0,3.2,9.0,3.2,5.8
3452,102098,20260420,1929,3,10,1,4,1,8.0,3.0,8.0,3.0,5.0
3453,102098,20260420,1929,3,16,1,4,1,11.5,4.1,11.5,4.1,7.4
3454,102098,20260420,1929,3,11,1,4,2,10.5,3.8,21.0,7.6,13.4
3455,102099,20260329,1049,2,25,1,2,2,8.5,3.2,17.0,6.4,10.6
3456,102100,20260710,1859,4,14,2,3,1,13.5,4.6,13.5,4.6,8.9
3457,102101,20260715,827,3,2,1,4,1,4.0,1.6,4.0,1.6,2.4
3458,102102,20260809,1715,4,5,1,3,1,4.8,2.0,4.8,2.0,2.8
3459,102103,20260323,841,2,1,2,1,1,3.5,1.4,3.5,1.4,2.1
3460,102103,20260323,841,2,5,2,1,1,4.8,2.0,4.8,2.0,2.8
3461,102104,20260911,1626,2,21,1,2,1,9.0,3.2,9.0,3.2,5.8
3462,102104,20260911,1626,2,23,1,2,1,9.0,3.4,9.0,3.4,5.6
3463,102105,20260826,1543,2,1,2,1,1,3.5,1.4,3.5,1.4,2.1
3464,102106,20260715,835,3,5,1,1,1,4.8,2.0,4.8,2.0,2.8
3465,102106,20260715,835,3,1,1,1,1,3.5,1.4,3.5,1.4,2.1
3466,102106,20260715,835,3,19,1,1,2,5.5,2.0,11.0,4.0,7.0
3467,102107,20260701,1348,1,14,2,1,2,13.5,4.6,27.0,9.2,17.8
3468,102108,20260901,1731,1,10,1,1,2,8.0,3.0,16.0,6.0,10.0
3469,102108,20260901,1731,1,1,1,1,1,3.5,1.4,3.5,1.4,2.1
3470,102109,20260721,1010,4,3,2,4,1,3.8,1.5,3.8,1.5,2.3
3471,102109,20260721,1010,4,20,2,4,1,6.5,2.4,6.5,2.4,4.1
3472,102109,20260721,1010,4,6,2,4,1,5.0,2.1,5.0,2.1,2.9
3473,102110,20260523,908,4,19,1,1,1,5.5,2.0,5.5,2.0,3.5
3474,102110,20260523,908,4,1,1,1,1,3.5,1.4,3.5,1.4,2.1
3475,102111,20260624,1835,3,5,1,1,1,4.8,2.0,4.8,2.0,2.8
3476,102111,20260624,1835,3,22,1,1,1,9.5,3.6,9.5,3.6,5.9
3477,102111,20260624,1835,3,24,1,1,1,8.0,3.0,8.0,3.0,5.0
3478,102112,20260716,907,1,3,1,4,2,3.8,1.5,7.6,3.0,4.6
3479,102112,20260716,907,1,3,1,4,1,3.8,1.5,3.8,1.5,2.3
3480,102113,20260415,756,3,18,2,1,1,5.0,1.8,5.0,1.8,3.2
3481,102113,20260415,756,3,15,2,1,1,11.0,4.0,11.0,4.0,7.0
3482,102114,20260613,1346,3,9,4,1,1,9.0,3.4,9.0,3.4,5.6
3483,102114,20260613,1346,3,17,4,1,1,4.5,1.6,4.5,1.6,2.9
3484,102115,20260816,914,1,5,4,4,1,4.8,2.0,4.8,2.0,2.8
3485,102116,20260418,1701,2,4,3,3,2,4.5,1.9,9.0,3.8,5.2
3486,102116,20260418,1701,2,20,3,3,1,6.5,2.4,6.5,2.4,4.1
3487,102117,20260708,1424,2,19,1,1,1,5.5,2.0,5.5,2.0,3.5
3488,102118,20260625,1017,1,5,1,2,1,4.8,2.0,4.8,2.0,2.8
3489,102118,20260625,1017,1,6,1,2,1,5.0,2.1,5.0,2.1,2.9
3490,102119,20260529,1652,3,13,1,1,1,12.5,4.3,12.5,4.3,8.2
3491,102120,20260408,1042,1,18,1,1,1,5.0,1.8,5.0,1.8,3.2
3492,102121,20260715,1100,4,3,2,3,1,3.8,1.5,3.8,1.5,2.3
3493,102121,20260715,1100,4,9,2,3,1,9.0,3.4,9.0,3.4,5.6
3494,102122,20260330,1028,2,3,3,1,1,3.8,1.5,3.8,1.5,2.3
3495,102123,20260410,1521,2,13,1,2,1,12.5,4.3,12.5,4.3,8.2
3496,102124,20260831,1722,4,6,1,3,1,5.0,2.1,5.0,2.1,2.9
3497,102124,20260831,1722,4,15,1,3,1,11.0,4.0,11.0,4.0,7.0
3498,102125,20260625,1659,4,5,1,4,1,4.8,2.0,4.8,2.0,2.8
3499,102126,20260315,1923,1,24,1,1,1,8.0,3.0,8.0,3.0,5.0
3500,102126,20260315,1923,1,17,1,1,1,4.5,1.6,4.5,1.6,2.9
3501,102127,20260722,747,3,16,1,1,1,11.5,4.1,11.5,4.1,7.4
3502,102127,20260722,747,3,7,1,1,1,4.3,1.8,4.3,1.8,2.5
3503,102128,20260524,1718,1,14,1,1,1,13.5,4.6,13.5,4.6,8.9
3504,102129,20260415,904,1,7,2,2,1,4.3,1.8,4.3,1.8,2.5
3505,102129,20260415,904,1,6,2,2,1,5.0,2.1,5.0,2.1,2.9
3506,102129,20260415,904,1,19,2,2,2,5.5,2.0,11.0,4.0,7.0
3507,102130,20260318,1223,4,11,1,1,2,10.5,3.8,21.0,7.6,13.4
3508,102131,20260703,1300,1,3,1,1,1,3.8,1.5,3.8,1.5,2.3
3509,102131,20260703,1300,1,4,1,1,1,4.5,1.9,4.5,1.9,2.6
3510,102132,20260713,1035,1,20,1,2,1,6.5,2.4,6.5,2.4,4.1
3511,102133,20260814,1848,4,10,2,2,2,8.0,3.0,16.0,6.0,10.0
3512,102133,20260814,1848,4,10,2,2,2,8.0,3.0,16.0,6.0,10.0
3513,102133,20260814,1848,4,13,2,2,1,12.5,4.3,12.5,4.3,8.2
3514,102134,20260813,1821,4,15,2,2,1,11.0,4.0,11.0,4.0,7.0
3515,102134,20260813,1821,4,16,2,2,1,11.5,4.1,11.5,4.1,7.4
3516,102134,20260813,1821,4,25,2,2,1,8.5,3.2,8.5,3.2,5.3
3517,102135,20260724,1135,2,20,1,3,1,6.5,2.4,6.5,2.4,4.1
3518,102136,20260602,930,1,19,1,2,1,5.5,2.0,5.5,2.0,3.5
3519,102137,20260902,943,2,4,1,4,1,4.5,1.9,4.5,1.9,2.6
3520,102137,20260902,943,2,17,1,4,1,4.5,1.6,4.5,1.6,2.9
3521,102138,20260406,1718,4,15,2,2,1,11.0,4.0,11.0,4.0,7.0
3522,102138,20260406,1718,4,9,2,2,1,9.0,3.4,9.0,3.4,5.6
3523,102139,20260424,949,1,2,2,1,1,4.0,1.6,4.0,1.6,2.4
3524,102140,20260512,1427,4,7,1,2,2,4.3,1.8,8.6,3.6,5.0
3525,102141,20260502,1706,3,6,1,1,1,5.0,2.1,5.0,2.1,2.9
3526,102142,20260913,1822,4,20,1,2,1,6.5,2.4,6.5,2.4,4.1
3527,102142,20260913,1822,4,11,1,2,1,10.5,3.8,10.5,3.8,6.7
3528,102143,20260902,1021,2,4,1,1,1,4.5,1.9,4.5,1.9,2.6
3529,102144,20260416,917,2,18,1,3,2,5.0,1.8,10.0,3.6,6.4
3530,102144,20260416,917,2,5,1,3,1,4.8,2.0,4.8,2.0,2.8
3531,102144,20260416,917,2,7,1,3,1,4.3,1.8,4.3,1.8,2.5
3532,102145,20260822,1826,1,12,1,3,1,12.0,4.2,12.0,4.2,7.8
3533,102146,20260728,1013,3,3,2,1,1,3.8,1.5,3.8,1.5,2.3
3534,102147,20260422,1632,4,15,1,1,2,11.0,4.0,22.0,8.0,14.0
3535,102147,20260422,1632,4,11,1,1,1,10.5,3.8,10.5,3.8,6.7
3536,102148,20260326,1018,3,4,1,1,1,4.5,1.9,4.5,1.9,2.6
3537,102149,20260611,1011,4,3,2,2,1,3.8,1.5,3.8,1.5,2.3
3538,102150,20260522,2132,1,14,2,1,2,13.5,4.6,27.0,9.2,17.8
3539,102150,20260522,2132,1,16,2,1,1,11.5,4.1,11.5,4.1,7.4
3540,102150,20260522,2132,1,19,2,1,1,5.5,2.0,5.5,2.0,3.5
3541,102151,20260322,1121,3,5,2,1,1,4.8,2.0,4.8,2.0,2.8
3542,102152,20260603,914,1,8,1,2,1,8.5,3.2,8.5,3.2,5.3
3543,102152,20260603,914,1,6,1,2,1,5.0,2.1,5.0,2.1,2.9
3544,102152,20260603,914,1,4,1,2,1,4.5,1.9,4.5,1.9,2.6
3545,102153,20260515,1821,2,24,2,3,1,8.0,3.0,8.0,3.0,5.0
3546,102154,20260824,1920,4,9,3,2,1,9.0,3.4,9.0,3.4,5.6
3547,102155,20260819,1800,4,14,4,3,1,13.5,4.6,13.5,4.6,8.9
3548,102156,20260526,1705,3,14,1,3,1,13.5,4.6,13.5,4.6,8.9
3549,102157,20260506,1906,2,18,3,3,1,5.0,1.8,5.0,1.8,3.2
3550,102157,20260506,1906,2,11,3,3,1,10.5,3.8,10.5,3.8,6.7
3551,102158,20260829,1858,1,14,1,1,1,13.5,4.6,13.5,4.6,8.9
3552,102158,20260829,1858,1,3,1,1,1,3.8,1.5,3.8,1.5,2.3
3553,102159,20260327,943,3,21,1,1,1,9.0,3.2,9.0,3.2,5.8
3554,102160,20260908,1323,2,4,1,1,2,4.5,1.9,9.0,3.8,5.2
3555,102160,20260908,1323,2,6,1,1,2,5.0,2.1,10.0,4.2,5.8
3556,102161,20260823,1653,4,23,1,3,2,9.0,3.4,18.0,6.8,11.2
3557,102161,20260823,1653,4,21,1,3,2,9.0,3.2,18.0,6.4,11.6
3558,102162,20260527,1726,1,11,2,4,1,10.5,3.8,10.5,3.8,6.7
3559,102163,20260512,1846,4,14,1,1,1,13.5,4.6,13.5,4.6,8.9
3560,102163,20260512,1846,4,6,1,1,1,5.0,2.1,5.0,2.1,2.9
3561,102163,20260512,1846,4,12,1,1,2,12.0,4.2,24.0,8.4,15.6
3562,102164,20260620,1007,4,19,1,2,1,5.5,2.0,5.5,2.0,3.5
3563,102164,20260620,1007,4,3,1,2,1,3.8,1.5,3.8,1.5,2.3
3564,102165,20260719,2041,1,7,1,2,2,4.3,1.8,8.6,3.6,5.0
3565,102166,20260824,1855,1,2,1,4,1,4.0,1.6,4.0,1.6,2.4
3566,102167,20260628,1902,2,6,1,3,1,5.0,2.1,5.0,2.1,2.9
3567,102168,20260506,858,1,7,1,1,1,4.3,1.8,4.3,1.8,2.5
3568,102169,20260318,915,2,7,1,4,2,4.3,1.8,8.6,3.6,5.0
3569,102169,20260318,915,2,4,1,4,1,4.5,1.9,4.5,1.9,2.6
3570,102170,20260901,934,1,10,2,1,1,8.0,3.0,8.0,3.0,5.0
3571,102170,20260901,934,1,19,2,1,2,5.5,2.0,11.0,4.0,7.0
3572,102171,20260720,841,2,15,2,2,2,11.0,4.0,22.0,8.0,14.0
3573,102171,20260720,841,2,4,2,2,1,4.5,1.9,4.5,1.9,2.6
3574,102172,20260426,1855,4,11,2,4,1,10.5,3.8,10.5,3.8,6.7
3575,102172,20260426,1855,4,10,2,4,2,8.0,3.0,16.0,6.0,10.0
3576,102173,20260520,1706,4,12,2,3,1,12.0,4.2,12.0,4.2,7.8
3577,102173,20260520,1706,4,18,2,3,1,5.0,1.8,5.0,1.8,3.2
3578,102174,20260718,1707,1,15,1,3,1,11.0,4.0,11.0,4.0,7.0
3579,102174,20260718,1707,1,10,1,3,1,8.0,3.0,8.0,3.0,5.0
3580,102175,20260803,2007,4,12,1,1,1,12.0,4.2,12.0,4.2,7.8
3581,102176,20260605,1014,3,17,3,1,1,4.5,1.6,4.5,1.6,2.9
3582,102176,20260605,1014,3,9,3,1,2,9.0,3.4,18.0,6.8,11.2
3583,102176,20260605,1014,3,7,3,1,1,4.3,1.8,4.3,1.8,2.5
3584,102177,20260417,1836,4,24,2,1,1,8.0,3.0,8.0,3.0,5.0
3585,102177,20260417,1836,4,17,2,1,1,4.5,1.6,4.5,1.6,2.9
3586,102178,20260505,1641,3,8,2,3,1,8.5,3.2,8.5,3.2,5.3
3587,102178,20260505,1641,3,15,2,3,2,11.0,4.0,22.0,8.0,14.0
3588,102179,20260603,1119,2,6,2,1,1,5.0,2.1,5.0,2.1,2.9
3589,102179,20260603,1119,2,16,2,1,1,11.5,4.1,11.5,4.1,7.4
3590,102179,20260603,1119,2,6,2,1,1,5.0,2.1,5.0,2.1,2.9
3591,102180,20260321,1739,1,9,2,4,1,9.0,3.4,9.0,3.4,5.6
3592,102180,20260321,1739,1,8,2,4,1,8.5,3.2,8.5,3.2,5.3
3593,102181,20260614,1649,4,2,1,1,1,4.0,1.6,4.0,1.6,2.4
3594,102182,20260406,1606,4,2,1,2,1,4.0,1.6,4.0,1.6,2.4
3595,102183,20260510,1325,3,8,1,4,1,8.5,3.2,8.5,3.2,5.3
3596,102184,20260501,1010,4,1,1,1,1,3.5,1.4,3.5,1.4,2.1
3597,102184,20260501,1010,4,19,1,1,1,5.5,2.0,5.5,2.0,3.5
3598,102184,20260501,1010,4,2,1,1,1,4.0,1.6,4.0,1.6,2.4
3599,102185,20260316,1606,2,22,2,2,1,9.5,3.6,9.5,3.6,5.9
3600,102185,20260316,1606,2,12,2,2,1,12.0,4.2,12.0,4.2,7.8
3601,102185,20260316,1606,2,18,2,2,1,5.0,1.8,5.0,1.8,3.2
3602,102186,20260619,748,3,13,1,1,1,12.5,4.3,12.5,4.3,8.2
3603,102187,20260717,832,4,5,1,4,2,4.8,2.0,9.6,4.0,5.6
3604,102188,20260605,2148,1,16,1,1,1,11.5,4.1,11.5,4.1,7.4
3605,102188,20260605,2148,1,5,1,1,1,4.8,2.0,4.8,2.0,2.8
3606,102188,20260605,2148,1,11,1,1,1,10.5,3.8,10.5,3.8,6.7
3607,102189,20260710,908,2,13,1,1,1,12.5,4.3,12.5,4.3,8.2
3608,102189,20260710,908,2,5,1,1,1,4.8,2.0,4.8,2.0,2.8
3609,102190,20260315,1822,2,10,1,3,1,8.0,3.0,8.0,3.0,5.0
3610,102190,20260315,1822,2,16,1,3,1,11.5,4.1,11.5,4.1,7.4
3611,102190,20260315,1822,2,11,1,3,1,10.5,3.8,10.5,3.8,6.7
3612,102191,20260715,1019,4,7,2,2,1,4.3,1.8,4.3,1.8,2.5
3613,102192,20260621,948,2,9,1,1,1,9.0,3.4,9.0,3.4,5.6
3614,102192,20260621,948,2,18,1,1,1,5.0,1.8,5.0,1.8,3.2
3615,102193,20260627,1747,2,24,2,3,1,8.0,3.0,8.0,3.0,5.0
3616,102194,20260912,815,2,6,1,1,1,5.0,2.1,5.0,2.1,2.9
3617,102194,20260912,815,2,4,1,1,1,4.5,1.9,4.5,1.9,2.6
3618,102194,20260912,815,2,4,1,1,1,4.5,1.9,4.5,1.9,2.6
3619,102195,20260912,1140,2,1,1,1,2,3.5,1.4,7.0,2.8,4.2
3620,102195,20260912,1140,2,25,1,1,1,8.5,3.2,8.5,3.2,5.3
3621,102196,20260611,1353,3,3,1,2,1,3.8,1.5,3.8,1.5,2.3
3622,102197,20260320,1751,4,4,1,1,2,4.5,1.9,9.0,3.8,5.2
3623,102198,20260610,859,1,22,1,2,1,9.5,3.6,9.5,3.6,5.9
3624,102199,20260801,1833,2,14,2,4,1,13.5,4.6,13.5,4.6,8.9
3625,102200,20260820,1845,4,12,2,3,2,12.0,4.2,24.0,8.4,15.6
3626,102201,20260409,1207,1,7,1,1,1,4.3,1.8,4.3,1.8,2.5
3627,102202,20260727,1841,2,14,3,4,1,13.5,4.6,13.5,4.6,8.9
3628,102202,20260727,1841,2,20,3,4,1,6.5,2.4,6.5,2.4,4.1
3629,102203,20260806,934,3,17,1,2,1,4.5,1.6,4.5,1.6,2.9
3630,102203,20260806,934,3,4,1,2,1,4.5,1.9,4.5,1.9,2.6
3631,102204,20260822,1728,2,15,2,3,1,11.0,4.0,11.0,4.0,7.0
3632,102204,20260822,1728,2,8,2,3,2,8.5,3.2,17.0,6.4,10.6
3633,102204,20260822,1728,2,19,2,3,1,5.5,2.0,5.5,2.0,3.5
3634,102205,20260807,1848,1,16,4,4,2,11.5,4.1,23.0,8.2,14.8
3635,102205,20260807,1848,1,6,4,4,1,5.0,2.1,5.0,2.1,2.9
3636,102206,20260719,1019,2,3,1,2,1,3.8,1.5,3.8,1.5,2.3
3637,102206,20260719,1019,2,24,1,2,1,8.0,3.0,8.0,3.0,5.0
3638,102206,20260719,1019,2,5,1,2,1,4.8,2.0,4.8,2.0,2.8
3639,102207,20260531,1705,3,25,3,1,1,8.5,3.2,8.5,3.2,5.3
3640,102207,20260531,1705,3,14,3,1,1,13.5,4.6,13.5,4.6,8.9
3641,102208,20260531,1922,4,15,2,3,1,11.0,4.0,11.0,4.0,7.0
3642,102209,20260414,1803,1,5,2,2,1,4.8,2.0,4.8,2.0,2.8
3643,102210,20260612,1924,2,13,1,4,2,12.5,4.3,25.0,8.6,16.4
3644,102210,20260612,1924,2,1,1,4,1,3.5,1.4,3.5,1.4,2.1
3645,102211,20260524,1918,1,3,2,3,1,3.8,1.5,3.8,1.5,2.3
3646,102212,20260621,733,4,14,2,4,1,13.5,4.6,13.5,4.6,8.9
3647,102213,20260603,937,1,5,2,2,1,4.8,2.0,4.8,2.0,2.8
3648,102214,20260525,1431,1,23,1,1,1,9.0,3.4,9.0,3.4,5.6
3649,102215,20260605,1303,1,21,1,2,2,9.0,3.2,18.0,6.4,11.6
3650,102216,20260814,1055,1,1,1,1,2,3.5,1.4,7.0,2.8,4.2
3651,102217,20260416,750,2,1,2,4,1,3.5,1.4,3.5,1.4,2.1
3652,102218,20260521,830,2,5,3,2,1,4.8,2.0,4.8,2.0,2.8
3653,102218,20260521,830,2,17,3,2,1,4.5,1.6,4.5,1.6,2.9
3654,102219,20260811,1006,3,1,1,2,1,3.5,1.4,3.5,1.4,2.1
3655,102219,20260811,1006,3,19,1,2,1,5.5,2.0,5.5,2.0,3.5
3656,102220,20260320,1707,3,16,1,2,1,11.5,4.1,11.5,4.1,7.4
3657,102221,20260605,1057,4,22,4,2,1,9.5,3.6,9.5,3.6,5.9
3658,102222,20260825,815,3,5,3,1,1,4.8,2.0,4.8,2.0,2.8
3659,102222,20260825,815,3,4,3,1,2,4.5,1.9,9.0,3.8,5.2
3660,102222,20260825,815,3,1,3,1,1,3.5,1.4,3.5,1.4,2.1
3661,102223,20260811,1834,2,2,2,1,1,4.0,1.6,4.0,1.6,2.4
3662,102223,20260811,1834,2,21,2,1,1,9.0,3.2,9.0,3.2,5.8
3663,102224,20260425,1218,2,5,1,2,1,4.8,2.0,4.8,2.0,2.8
3664,102225,20260914,751,4,16,2,2,2,11.5,4.1,23.0,8.2,14.8
3665,102226,20260606,1817,2,12,1,3,1,12.0,4.2,12.0,4.2,7.8
3666,102227,20260412,1849,2,14,1,2,1,13.5,4.6,13.5,4.6,8.9
3667,102228,20260812,1715,1,7,4,2,1,4.3,1.8,4.3,1.8,2.5
3668,102229,20260820,831,4,1,2,1,1,3.5,1.4,3.5,1.4,2.1
3669,102230,20260709,1859,1,13,1,3,2,12.5,4.3,25.0,8.6,16.4
3670,102231,20260615,1005,3,1,2,3,2,3.5,1.4,7.0,2.8,4.2
3671,102231,20260615,1005,3,1,2,3,1,3.5,1.4,3.5,1.4,2.1
3672,102232,20260510,953,1,22,3,1,1,9.5,3.6,9.5,3.6,5.9
3673,102232,20260510,953,1,2,3,1,1,4.0,1.6,4.0,1.6,2.4
3674,102233,20260908,2108,2,3,2,2,1,3.8,1.5,3.8,1.5,2.3
3675,102234,20260515,936,3,22,1,2,1,9.5,3.6,9.5,3.6,5.9
3676,102234,20260515,936,3,18,1,2,1,5.0,1.8,5.0,1.8,3.2
3677,102235,20260825,1108,3,22,1,2,1,9.5,3.6,9.5,3.6,5.9
3678,102236,20260420,1015,2,6,2,3,1,5.0,2.1,5.0,2.1,2.9
3679,102236,20260420,1015,2,22,2,3,1,9.5,3.6,9.5,3.6,5.9
3680,102237,20260319,806,4,4,1,4,1,4.5,1.9,4.5,1.9,2.6
3681,102238,20260418,1007,2,5,4,2,1,4.8,2.0,4.8,2.0,2.8
3682,102239,20260819,1708,4,13,1,3,1,12.5,4.3,12.5,4.3,8.2
3683,102240,20260701,1857,4,18,1,4,1,5.0,1.8,5.0,1.8,3.2
3684,102240,20260701,1857,4,10,1,4,1,8.0,3.0,8.0,3.0,5.0
3685,102241,20260910,951,4,17,2,1,1,4.5,1.6,4.5,1.6,2.9
3686,102242,20260605,1100,2,22,2,1,1,9.5,3.6,9.5,3.6,5.9
3687,102242,20260605,1100,2,10,2,1,2,8.0,3.0,16.0,6.0,10.0
3688,102242,20260605,1100,2,17,2,1,1,4.5,1.6,4.5,1.6,2.9
3689,102243,20260816,956,3,18,2,1,1,5.0,1.8,5.0,1.8,3.2
3690,102243,20260816,956,3,1,2,1,1,3.5,1.4,3.5,1.4,2.1
3691,102243,20260816,956,3,2,2,1,2,4.0,1.6,8.0,3.2,4.8
3692,102244,20260820,1833,1,9,2,1,2,9.0,3.4,18.0,6.8,11.2
3693,102245,20260410,818,2,2,2,1,1,4.0,1.6,4.0,1.6,2.4
3694,102245,20260410,818,2,17,2,1,2,4.5,1.6,9.0,3.2,5.8
3695,102246,20260601,1910,4,10,4,1,1,8.0,3.0,8.0,3.0,5.0
3696,102246,20260601,1910,4,18,4,1,1,5.0,1.8,5.0,1.8,3.2
3697,102246,20260601,1910,4,14,4,1,1,13.5,4.6,13.5,4.6,8.9
3698,102247,20260527,1650,3,10,1,1,1,8.0,3.0,8.0,3.0,5.0
3699,102247,20260527,1650,3,9,1,1,1,9.0,3.4,9.0,3.4,5.6
3700,102248,20260727,902,1,20,1,2,1,6.5,2.4,6.5,2.4,4.1
3701,102249,20260902,2125,2,19,2,2,2,5.5,2.0,11.0,4.0,7.0
3702,102250,20260606,1542,3,14,2,1,1,13.5,4.6,13.5,4.6,8.9
3703,102250,20260606,1542,3,17,2,1,1,4.5,1.6,4.5,1.6,2.9
3704,102251,20260320,1708,2,12,1,3,1,12.0,4.2,12.0,4.2,7.8
3705,102252,20260823,1153,4,9,1,1,1,9.0,3.4,9.0,3.4,5.6
3706,102252,20260823,1153,4,6,1,1,1,5.0,2.1,5.0,2.1,2.9
3707,102253,20260717,1410,1,1,3,1,1,3.5,1.4,3.5,1.4,2.1
3708,102254,20260815,1813,2,11,1,3,1,10.5,3.8,10.5,3.8,6.7
3709,102254,20260815,1813,2,23,1,3,1,9.0,3.4,9.0,3.4,5.6
3710,102255,20260906,957,4,19,2,1,1,5.5,2.0,5.5,2.0,3.5
3711,102255,20260906,957,4,20,2,1,1,6.5,2.4,6.5,2.4,4.1
3712,102255,20260906,957,4,4,2,1,1,4.5,1.9,4.5,1.9,2.6
3713,102256,20260623,1251,2,9,1,1,1,9.0,3.4,9.0,3.4,5.6
3714,102256,20260623,1251,2,4,1,1,1,4.5,1.9,4.5,1.9,2.6
3715,102257,20260814,828,2,3,1,1,1,3.8,1.5,3.8,1.5,2.3
3716,102258,20260723,1732,2,20,1,1,1,6.5,2.4,6.5,2.4,4.1
3717,102259,20260630,1356,1,2,3,1,1,4.0,1.6,4.0,1.6,2.4
3718,102259,20260630,1356,1,8,3,1,1,8.5,3.2,8.5,3.2,5.3
3719,102260,20260708,1729,3,12,2,1,1,12.0,4.2,12.0,4.2,7.8
3720,102260,20260708,1729,3,18,2,1,1,5.0,1.8,5.0,1.8,3.2
3721,102261,20260716,1752,4,13,2,2,1,12.5,4.3,12.5,4.3,8.2
3722,102261,20260716,1752,4,9,2,2,1,9.0,3.4,9.0,3.4,5.6
3723,102262,20260615,1858,2,13,1,1,1,12.5,4.3,12.5,4.3,8.2
3724,102263,20260415,1927,2,11,1,2,1,10.5,3.8,10.5,3.8,6.7
3725,102263,20260415,1927,2,22,1,2,2,9.5,3.6,19.0,7.2,11.8
3726,102264,20260606,1123,4,6,1,1,1,5.0,2.1,5.0,2.1,2.9
3727,102264,20260606,1123,4,8,1,1,2,8.5,3.2,17.0,6.4,10.6
3728,102265,20260612,1722,1,6,1,2,2,5.0,2.1,10.0,4.2,5.8
3729,102266,20260822,1114,2,3,1,1,1,3.8,1.5,3.8,1.5,2.3
3730,102266,20260822,1114,2,16,1,1,1,11.5,4.1,11.5,4.1,7.4
3731,102266,20260822,1114,2,1,1,1,1,3.5,1.4,3.5,1.4,2.1
3732,102267,20260711,1444,4,6,3,1,1,5.0,2.1,5.0,2.1,2.9
3733,102268,20260823,857,1,6,1,1,1,5.0,2.1,5.0,2.1,2.9
3734,102269,20260523,933,1,17,2,2,1,4.5,1.6,4.5,1.6,2.9
3735,102270,20260405,1005,3,22,4,1,1,9.5,3.6,9.5,3.6,5.9
3736,102271,20260329,820,2,6,1,1,1,5.0,2.1,5.0,2.1,2.9
3737,102271,20260329,820,2,24,1,1,1,8.0,3.0,8.0,3.0,5.0
3738,102272,20260701,814,3,10,2,1,1,8.0,3.0,8.0,3.0,5.0
3739,102272,20260701,814,3,4,2,1,1,4.5,1.9,4.5,1.9,2.6
3740,102273,20260818,837,1,6,1,1,1,5.0,2.1,5.0,2.1,2.9
3741,102273,20260818,837,1,3,1,1,1,3.8,1.5,3.8,1.5,2.3
3742,102274,20260809,1748,3,15,1,3,2,11.0,4.0,22.0,8.0,14.0
3743,102274,20260809,1748,3,14,1,3,1,13.5,4.6,13.5,4.6,8.9
3744,102274,20260809,1748,3,20,1,3,1,6.5,2.4,6.5,2.4,4.1
3745,102275,20260724,1712,1,9,2,4,1,9.0,3.4,9.0,3.4,5.6
3746,102275,20260724,1712,1,20,2,4,1,6.5,2.4,6.5,2.4,4.1
3747,102276,20260513,1350,4,11,1,4,1,10.5,3.8,10.5,3.8,6.7
3748,102276,20260513,1350,4,20,1,4,1,6.5,2.4,6.5,2.4,4.1
3749,102277,20260605,1020,2,6,1,1,1,5.0,2.1,5.0,2.1,2.9
3750,102278,20260907,1109,1,22,2,2,1,9.5,3.6,9.5,3.6,5.9
3751,102279,20260407,1858,1,13,1,1,1,12.5,4.3,12.5,4.3,8.2
3752,102279,20260407,1858,1,11,1,1,1,10.5,3.8,10.5,3.8,6.7
3753,102279,20260407,1858,1,12,1,1,1,12.0,4.2,12.0,4.2,7.8
3754,102280,20260811,918,2,20,1,2,1,6.5,2.4,6.5,2.4,4.1
3755,102281,20260831,1637,2,2,2,2,1,4.0,1.6,4.0,1.6,2.4
3756,102282,20260630,1031,2,15,4,1,1,11.0,4.0,11.0,4.0,7.0
3757,102282,20260630,1031,2,10,4,1,1,8.0,3.0,8.0,3.0,5.0
3758,102283,20260906,1853,3,12,1,1,2,12.0,4.2,24.0,8.4,15.6
3759,102284,20260508,1704,1,20,1,2,1,6.5,2.4,6.5,2.4,4.1
3760,102284,20260508,1704,1,15,1,2,1,11.0,4.0,11.0,4.0,7.0
3761,102285,20260807,1136,3,3,1,1,1,3.8,1.5,3.8,1.5,2.3
3762,102286,20260419,1910,3,7,1,4,1,4.3,1.8,4.3,1.8,2.5
3763,102287,20260710,809,4,19,1,1,1,5.5,2.0,5.5,2.0,3.5
3764,102288,20260329,1657,1,1,2,3,1,3.5,1.4,3.5,1.4,2.1
3765,102288,20260329,1657,1,8,2,3,1,8.5,3.2,8.5,3.2,5.3
3766,102288,20260329,1657,1,1,2,3,1,3.5,1.4,3.5,1.4,2.1
3767,102289,20260525,937,4,4,1,1,1,4.5,1.9,4.5,1.9,2.6
3768,102289,20260525,937,4,23,1,1,1,9.0,3.4,9.0,3.4,5.6
3769,102289,20260525,937,4,19,1,1,1,5.5,2.0,5.5,2.0,3.5
3770,102290,20260624,1816,2,24,2,1,1,8.0,3.0,8.0,3.0,5.0
3771,102290,20260624,1816,2,18,2,1,1,5.0,1.8,5.0,1.8,3.2
3772,102291,20260527,1357,4,10,1,2,1,8.0,3.0,8.0,3.0,5.0
3773,102292,20260422,1837,3,9,1,3,1,9.0,3.4,9.0,3.4,5.6
3774,102292,20260422,1837,3,12,1,3,1,12.0,4.2,12.0,4.2,7.8
3775,102292,20260422,1837,3,23,1,3,1,9.0,3.4,9.0,3.4,5.6
3776,102293,20260814,1056,3,6,4,1,1,5.0,2.1,5.0,2.1,2.9
3777,102294,20260705,1022,1,5,2,2,1,4.8,2.0,4.8,2.0,2.8
3778,102295,20260710,1020,4,9,4,3,2,9.0,3.4,18.0,6.8,11.2
3779,102296,20260618,905,1,7,1,2,1,4.3,1.8,4.3,1.8,2.5
3780,102296,20260618,905,1,21,1,2,1,9.0,3.2,9.0,3.2,5.8
3781,102297,20260702,1720,2,15,1,3,1,11.0,4.0,11.0,4.0,7.0
3782,102298,20260815,841,2,1,2,1,1,3.5,1.4,3.5,1.4,2.1
3783,102299,20260420,1712,1,11,1,1,1,10.5,3.8,10.5,3.8,6.7
3784,102300,20260401,907,4,23,1,2,2,9.0,3.4,18.0,6.8,11.2
3785,102300,20260401,907,4,18,1,2,1,5.0,1.8,5.0,1.8,3.2
3786,102301,20260528,2036,2,15,1,4,1,11.0,4.0,11.0,4.0,7.0
3787,102302,20260702,1824,1,5,2,1,1,4.8,2.0,4.8,2.0,2.8
3788,102302,20260702,1824,1,18,2,1,1,5.0,1.8,5.0,1.8,3.2
3789,102302,20260702,1824,1,2,2,1,1,4.0,1.6,4.0,1.6,2.4
3790,102303,20260617,916,1,4,3,4,2,4.5,1.9,9.0,3.8,5.2
3791,102303,20260617,916,1,1,3,4,1,3.5,1.4,3.5,1.4,2.1
3792,102304,20260520,1742,2,14,1,4,1,13.5,4.6,13.5,4.6,8.9
3793,102304,20260520,1742,2,20,1,4,1,6.5,2.4,6.5,2.4,4.1
3794,102305,20260506,1034,1,1,1,1,2,3.5,1.4,7.0,2.8,4.2
3795,102306,20260904,837,1,24,1,3,1,8.0,3.0,8.0,3.0,5.0
3796,102306,20260904,837,1,21,1,3,1,9.0,3.2,9.0,3.2,5.8
3797,102307,20260613,1742,4,15,2,3,1,11.0,4.0,11.0,4.0,7.0
3798,102307,20260613,1742,4,9,2,3,1,9.0,3.4,9.0,3.4,5.6
3799,102308,20260829,909,4,23,1,1,1,9.0,3.4,9.0,3.4,5.6
3800,102308,20260829,909,4,21,1,1,1,9.0,3.2,9.0,3.2,5.8
3801,102308,20260829,909,4,17,1,1,1,4.5,1.6,4.5,1.6,2.9
3802,102309,20260327,1751,2,11,2,1,1,10.5,3.8,10.5,3.8,6.7
3803,102310,20260318,1822,4,14,2,2,1,13.5,4.6,13.5,4.6,8.9
3804,102311,20260427,805,2,4,1,1,1,4.5,1.9,4.5,1.9,2.6
3805,102311,20260427,805,2,3,1,1,1,3.8,1.5,3.8,1.5,2.3
3806,102311,20260427,805,2,11,1,1,1,10.5,3.8,10.5,3.8,6.7
3807,102312,20260724,1356,3,3,1,1,1,3.8,1.5,3.8,1.5,2.3
3808,102312,20260724,1356,3,12,1,1,2,12.0,4.2,24.0,8.4,15.6
3809,102312,20260724,1356,3,7,1,1,1,4.3,1.8,4.3,1.8,2.5
3810,102313,20260708,1836,2,9,2,3,1,9.0,3.4,9.0,3.4,5.6
3811,102313,20260708,1836,2,16,2,3,1,11.5,4.1,11.5,4.1,7.4
3812,102314,20260908,955,1,3,1,4,1,3.8,1.5,3.8,1.5,2.3
3813,102314,20260908,955,1,5,1,4,2,4.8,2.0,9.6,4.0,5.6
3814,102315,20260704,1418,3,2,1,1,1,4.0,1.6,4.0,1.6,2.4
3815,102315,20260704,1418,3,6,1,1,1,5.0,2.1,5.0,2.1,2.9
3816,102316,20260422,1154,4,9,2,4,2,9.0,3.4,18.0,6.8,11.2
3817,102316,20260422,1154,4,25,2,4,2,8.5,3.2,17.0,6.4,10.6
3818,102317,20260503,1048,1,18,2,1,1,5.0,1.8,5.0,1.8,3.2
3819,102317,20260503,1048,1,22,2,1,1,9.5,3.6,9.5,3.6,5.9
3820,102318,20260619,838,3,2,1,1,1,4.0,1.6,4.0,1.6,2.4
3821,102319,20260602,834,1,4,1,2,1,4.5,1.9,4.5,1.9,2.6
3822,102319,20260602,834,1,14,1,2,1,13.5,4.6,13.5,4.6,8.9
3823,102320,20260910,903,4,9,1,1,1,9.0,3.4,9.0,3.4,5.6
3824,102321,20260405,1849,1,7,1,1,1,4.3,1.8,4.3,1.8,2.5
3825,102322,20260411,1658,1,9,1,3,1,9.0,3.4,9.0,3.4,5.6
3826,102323,20260820,1638,2,2,2,2,1,4.0,1.6,4.0,1.6,2.4
3827,102323,20260820,1638,2,8,2,2,1,8.5,3.2,8.5,3.2,5.3
3828,102324,20260511,854,1,18,2,2,1,5.0,1.8,5.0,1.8,3.2
3829,102325,20260429,1728,1,7,1,3,1,4.3,1.8,4.3,1.8,2.5
3830,102325,20260429,1728,1,13,1,3,1,12.5,4.3,12.5,4.3,8.2
3831,102326,20260626,2105,3,11,1,1,2,10.5,3.8,21.0,7.6,13.4
3832,102327,20260524,945,1,21,2,2,1,9.0,3.2,9.0,3.2,5.8
3833,102328,20260815,1919,1,18,2,3,2,5.0,1.8,10.0,3.6,6.4
3834,102329,20260828,2141,2,20,1,1,1,6.5,2.4,6.5,2.4,4.1
3835,102330,20260614,910,2,5,2,2,1,4.8,2.0,4.8,2.0,2.8
3836,102330,20260614,910,2,20,2,2,1,6.5,2.4,6.5,2.4,4.1
3837,102331,20260823,840,1,17,1,1,1,4.5,1.6,4.5,1.6,2.9
3838,102332,20260409,1626,4,1,1,2,1,3.5,1.4,3.5,1.4,2.1
3839,102332,20260409,1626,4,8,1,2,1,8.5,3.2,8.5,3.2,5.3
3840,102332,20260409,1626,4,7,1,2,1,4.3,1.8,4.3,1.8,2.5
3841,102333,20260817,1617,2,17,4,4,1,4.5,1.6,4.5,1.6,2.9
3842,102334,20260806,846,2,16,1,4,1,11.5,4.1,11.5,4.1,7.4
3843,102335,20260707,1306,2,5,1,1,1,4.8,2.0,4.8,2.0,2.8
3844,102336,20260814,1631,1,24,1,4,1,8.0,3.0,8.0,3.0,5.0
3845,102337,20260329,1126,2,16,1,1,1,11.5,4.1,11.5,4.1,7.4
3846,102338,20260731,1228,4,20,2,2,1,6.5,2.4,6.5,2.4,4.1
3847,102339,20260905,1030,1,25,2,4,1,8.5,3.2,8.5,3.2,5.3
3848,102340,20260417,1919,4,10,3,1,1,8.0,3.0,8.0,3.0,5.0
3849,102341,20260321,1226,4,6,1,1,2,5.0,2.1,10.0,4.2,5.8
3850,102341,20260321,1226,4,4,1,1,2,4.5,1.9,9.0,3.8,5.2
3851,102341,20260321,1226,4,17,1,1,1,4.5,1.6,4.5,1.6,2.9
3852,102342,20260627,1835,1,13,1,2,1,12.5,4.3,12.5,4.3,8.2
3853,102343,20260709,2050,4,18,1,1,1,5.0,1.8,5.0,1.8,3.2
3854,102344,20260805,1846,1,21,2,2,2,9.0,3.2,18.0,6.4,11.6
3855,102345,20260326,942,2,7,2,2,1,4.3,1.8,4.3,1.8,2.5
3856,102345,20260326,942,2,5,2,2,1,4.8,2.0,4.8,2.0,2.8
3857,102345,20260326,942,2,3,2,2,1,3.8,1.5,3.8,1.5,2.3
3858,102346,20260812,1905,3,16,1,1,1,11.5,4.1,11.5,4.1,7.4
3859,102346,20260812,1905,3,11,1,1,2,10.5,3.8,21.0,7.6,13.4
3860,102346,20260812,1905,3,11,1,1,1,10.5,3.8,10.5,3.8,6.7
3861,102347,20260830,1837,3,13,3,4,1,12.5,4.3,12.5,4.3,8.2
3862,102347,20260830,1837,3,19,3,4,1,5.5,2.0,5.5,2.0,3.5
3863,102347,20260830,1837,3,25,3,4,1,8.5,3.2,8.5,3.2,5.3
3864,102348,20260819,948,2,3,3,3,1,3.8,1.5,3.8,1.5,2.3
3865,102349,20260324,1725,3,18,1,3,1,5.0,1.8,5.0,1.8,3.2
3866,102350,20260806,1051,2,3,2,2,2,3.8,1.5,7.6,3.0,4.6
3867,102350,20260806,1051,2,2,2,2,1,4.0,1.6,4.0,1.6,2.4
3868,102351,20260409,932,4,18,2,4,1,5.0,1.8,5.0,1.8,3.2
3869,102352,20260320,957,4,2,3,4,1,4.0,1.6,4.0,1.6,2.4
3870,102352,20260320,957,4,3,3,4,1,3.8,1.5,3.8,1.5,2.3
3871,102353,20260523,959,3,9,1,1,1,9.0,3.4,9.0,3.4,5.6
3872,102354,20260323,936,2,7,1,1,1,4.3,1.8,4.3,1.8,2.5
3873,102355,20260914,1811,4,13,1,1,1,12.5,4.3,12.5,4.3,8.2
3874,102355,20260914,1811,4,13,1,1,1,12.5,4.3,12.5,4.3,8.2
3875,102356,20260524,1753,2,23,1,1,2,9.0,3.4,18.0,6.8,11.2
3876,102356,20260524,1753,2,14,1,1,1,13.5,4.6,13.5,4.6,8.9
3877,102356,20260524,1753,2,13,1,1,1,12.5,4.3,12.5,4.3,8.2
3878,102357,20260724,1832,2,15,1,1,2,11.0,4.0,22.0,8.0,14.0
3879,102358,20260602,916,4,12,1,3,2,12.0,4.2,24.0,8.4,15.6
3880,102358,20260602,916,4,1,1,3,1,3.5,1.4,3.5,1.4,2.1
3881,102359,20260603,813,4,6,1,1,2,5.0,2.1,10.0,4.2,5.8
3882,102359,20260603,813,4,16,1,1,1,11.5,4.1,11.5,4.1,7.4
3883,102360,20260622,1437,2,1,1,1,1,3.5,1.4,3.5,1.4,2.1
3884,102361,20260728,1834,2,13,2,1,1,12.5,4.3,12.5,4.3,8.2
3885,102361,20260728,1834,2,12,2,1,1,12.0,4.2,12.0,4.2,7.8
3886,102362,20260610,841,1,13,3,2,1,12.5,4.3,12.5,4.3,8.2
3887,102363,20260419,1643,1,16,1,1,1,11.5,4.1,11.5,4.1,7.4
3888,102364,20260411,1926,2,25,1,3,1,8.5,3.2,8.5,3.2,5.3
3889,102364,20260411,1926,2,8,1,3,1,8.5,3.2,8.5,3.2,5.3
3890,102364,20260411,1926,2,25,1,3,1,8.5,3.2,8.5,3.2,5.3
3891,102365,20260325,1240,4,13,2,2,1,12.5,4.3,12.5,4.3,8.2
3892,102366,20260801,956,2,18,1,1,1,5.0,1.8,5.0,1.8,3.2
3893,102366,20260801,956,2,1,1,1,2,3.5,1.4,7.0,2.8,4.2
3894,102366,20260801,956,2,17,1,1,1,4.5,1.6,4.5,1.6,2.9
3895,102367,20260419,1212,3,8,1,1,2,8.5,3.2,17.0,6.4,10.6
3896,102368,20260326,2002,1,5,1,4,1,4.8,2.0,4.8,2.0,2.8
3897,102369,20260606,1813,1,16,1,3,1,11.5,4.1,11.5,4.1,7.4
3898,102369,20260606,1813,1,22,1,3,1,9.5,3.6,9.5,3.6,5.9
3899,102370,20260512,1720,2,11,3,4,1,10.5,3.8,10.5,3.8,6.7
3900,102370,20260512,1720,2,13,3,4,1,12.5,4.3,12.5,4.3,8.2
3901,102371,20260624,951,3,7,1,3,2,4.3,1.8,8.6,3.6,5.0
3902,102371,20260624,951,3,10,1,3,2,8.0,3.0,16.0,6.0,10.0
3903,102372,20260425,1548,2,1,2,1,1,3.5,1.4,3.5,1.4,2.1
3904,102373,20260402,2002,4,5,1,1,1,4.8,2.0,4.8,2.0,2.8
3905,102373,20260402,2002,4,19,1,1,1,5.5,2.0,5.5,2.0,3.5
3906,102374,20260502,1615,1,14,1,4,1,13.5,4.6,13.5,4.6,8.9
3907,102375,20260503,849,1,2,1,3,1,4.0,1.6,4.0,1.6,2.4
3908,102376,20260630,1758,1,10,4,1,1,8.0,3.0,8.0,3.0,5.0
3909,102377,20260913,802,4,21,1,3,1,9.0,3.2,9.0,3.2,5.8
3910,102377,20260913,802,4,16,1,3,1,11.5,4.1,11.5,4.1,7.4
3911,102377,20260913,802,4,20,1,3,1,6.5,2.4,6.5,2.4,4.1
3912,102378,20260322,836,4,25,1,1,1,8.5,3.2,8.5,3.2,5.3
3913,102378,20260322,836,4,23,1,1,1,9.0,3.4,9.0,3.4,5.6
3914,102378,20260322,836,4,21,1,1,1,9.0,3.2,9.0,3.2,5.8
3915,102379,20260427,822,2,21,1,1,1,9.0,3.2,9.0,3.2,5.8
3916,102380,20260906,831,4,19,1,3,1,5.5,2.0,5.5,2.0,3.5
3917,102381,20260511,1245,4,23,1,4,2,9.0,3.4,18.0,6.8,11.2
3918,102382,20260620,1802,1,14,1,1,1,13.5,4.6,13.5,4.6,8.9
3919,102383,20260330,1739,2,6,2,1,1,5.0,2.1,5.0,2.1,2.9
3920,102383,20260330,1739,2,20,2,1,1,6.5,2.4,6.5,2.4,4.1
3921,102384,20260421,928,3,17,1,1,1,4.5,1.6,4.5,1.6,2.9
3922,102385,20260406,1343,2,4,1,1,1,4.5,1.9,4.5,1.9,2.6
3923,102386,20260418,904,2,19,2,1,1,5.5,2.0,5.5,2.0,3.5
3924,102386,20260418,904,2,5,2,1,1,4.8,2.0,4.8,2.0,2.8
3925,102386,20260418,904,2,6,2,1,1,5.0,2.1,5.0,2.1,2.9
3926,102387,20260402,1814,2,22,1,1,1,9.5,3.6,9.5,3.6,5.9
3927,102387,20260402,1814,2,9,1,1,1,9.0,3.4,9.0,3.4,5.6
3928,102387,20260402,1814,2,20,1,1,1,6.5,2.4,6.5,2.4,4.1
3929,102388,20260823,1757,1,13,1,2,1,12.5,4.3,12.5,4.3,8.2
3930,102389,20260806,1651,1,20,2,4,1,6.5,2.4,6.5,2.4,4.1
3931,102390,20260704,1056,3,7,3,1,1,4.3,1.8,4.3,1.8,2.5
3932,102390,20260704,1056,3,7,3,1,1,4.3,1.8,4.3,1.8,2.5
3933,102391,20260730,1639,2,2,1,4,2,4.0,1.6,8.0,3.2,4.8
3934,102391,20260730,1639,2,13,1,4,1,12.5,4.3,12.5,4.3,8.2
3935,102392,20260625,843,2,3,1,2,1,3.8,1.5,3.8,1.5,2.3
3936,102393,20260404,832,4,21,1,2,1,9.0,3.2,9.0,3.2,5.8
3937,102394,20260329,932,2,3,1,1,1,3.8,1.5,3.8,1.5,2.3
3938,102394,20260329,932,2,19,1,1,1,5.5,2.0,5.5,2.0,3.5
3939,102395,20260616,1516,4,3,3,2,1,3.8,1.5,3.8,1.5,2.3
3940,102395,20260616,1516,4,4,3,2,1,4.5,1.9,4.5,1.9,2.6
3941,102396,20260717,810,4,21,1,1,1,9.0,3.2,9.0,3.2,5.8
3942,102397,20260712,1708,2,13,2,2,1,12.5,4.3,12.5,4.3,8.2
3943,102398,20260911,1208,2,11,1,1,1,10.5,3.8,10.5,3.8,6.7
3944,102399,20260821,1113,3,4,2,2,1,4.5,1.9,4.5,1.9,2.6
3945,102399,20260821,1113,3,18,2,2,1,5.0,1.8,5.0,1.8,3.2
3946,102400,20260704,808,4,21,1,4,1,9.0,3.2,9.0,3.2,5.8
3947,102401,20260912,840,4,21,2,2,1,9.0,3.2,9.0,3.2,5.8
3948,102401,20260912,840,4,1,2,2,1,3.5,1.4,3.5,1.4,2.1
3949,102402,20260330,1831,4,4,2,3,1,4.5,1.9,4.5,1.9,2.6
3950,102403,20260415,813,1,5,1,1,1,4.8,2.0,4.8,2.0,2.8
3951,102403,20260415,813,1,18,1,1,1,5.0,1.8,5.0,1.8,3.2
3952,102404,20260325,1709,2,16,1,2,1,11.5,4.1,11.5,4.1,7.4
3953,102404,20260325,1709,2,15,1,2,1,11.0,4.0,11.0,4.0,7.0
3954,102405,20260719,1340,2,5,1,1,1,4.8,2.0,4.8,2.0,2.8
3955,102406,20260807,1002,2,8,4,2,1,8.5,3.2,8.5,3.2,5.3
3956,102406,20260807,1002,2,19,4,2,1,5.5,2.0,5.5,2.0,3.5
3957,102406,20260807,1002,2,5,4,2,1,4.8,2.0,4.8,2.0,2.8
3958,102407,20260710,1755,1,8,1,1,2,8.5,3.2,17.0,6.4,10.6
3959,102408,20260403,915,3,6,2,1,1,5.0,2.1,5.0,2.1,2.9
3960,102408,20260403,915,3,3,2,1,1,3.8,1.5,3.8,1.5,2.3
3961,102408,20260403,915,3,19,2,1,2,5.5,2.0,11.0,4.0,7.0
3962,102409,20260417,1314,4,7,1,1,1,4.3,1.8,4.3,1.8,2.5
3963,102410,20260823,1042,2,10,2,3,1,8.0,3.0,8.0,3.0,5.0
3964,102410,20260823,1042,2,14,2,3,1,13.5,4.6,13.5,4.6,8.9
3965,102411,20260815,1711,2,3,4,1,1,3.8,1.5,3.8,1.5,2.3
3966,102412,20260523,2051,4,16,2,3,2,11.5,4.1,23.0,8.2,14.8
3967,102413,20260430,1639,2,7,2,4,1,4.3,1.8,4.3,1.8,2.5
3968,102414,20260509,1040,1,2,4,3,2,4.0,1.6,8.0,3.2,4.8
3969,102415,20260817,1103,2,9,1,4,1,9.0,3.4,9.0,3.4,5.6
3970,102415,20260817,1103,2,17,1,4,1,4.5,1.6,4.5,1.6,2.9
3971,102416,20260317,917,3,2,2,3,1,4.0,1.6,4.0,1.6,2.4
3972,102416,20260317,917,3,16,2,3,1,11.5,4.1,11.5,4.1,7.4
3973,102417,20260723,1915,3,14,2,1,1,13.5,4.6,13.5,4.6,8.9
3974,102418,20260802,1713,2,11,1,4,1,10.5,3.8,10.5,3.8,6.7
3975,102418,20260802,1713,2,12,1,4,1,12.0,4.2,12.0,4.2,7.8
3976,102419,20260910,1853,2,21,1,2,1,9.0,3.2,9.0,3.2,5.8
3977,102419,20260910,1853,2,9,1,2,2,9.0,3.4,18.0,6.8,11.2
3978,102420,20260315,1929,2,10,2,1,1,8.0,3.0,8.0,3.0,5.0
3979,102420,20260315,1929,2,2,2,1,1,4.0,1.6,4.0,1.6,2.4
3980,102420,20260315,1929,2,16,2,1,1,11.5,4.1,11.5,4.1,7.4
3981,102421,20260317,1915,2,12,2,1,1,12.0,4.2,12.0,4.2,7.8
3982,102422,20260812,1224,3,14,2,1,1,13.5,4.6,13.5,4.6,8.9
3983,102423,20260818,1025,2,1,1,1,1,3.5,1.4,3.5,1.4,2.1
3984,102424,20260429,1708,1,15,1,1,1,11.0,4.0,11.0,4.0,7.0
3985,102424,20260429,1708,1,16,1,1,1,11.5,4.1,11.5,4.1,7.4
3986,102425,20260730,1737,4,13,2,4,2,12.5,4.3,25.0,8.6,16.4
3987,102425,20260730,1737,4,14,2,4,1,13.5,4.6,13.5,4.6,8.9
3988,102426,20260902,2009,4,19,1,4,1,5.5,2.0,5.5,2.0,3.5
3989,102426,20260902,2009,4,12,1,4,1,12.0,4.2,12.0,4.2,7.8
3990,102427,20260409,1819,1,22,2,4,1,9.5,3.6,9.5,3.6,5.9
3991,102427,20260409,1819,1,16,2,4,1,11.5,4.1,11.5,4.1,7.4
3992,102428,20260413,952,3,9,3,1,1,9.0,3.4,9.0,3.4,5.6
3993,102429,20260325,1808,1,24,2,4,1,8.0,3.0,8.0,3.0,5.0
3994,102430,20260704,813,2,3,1,1,1,3.8,1.5,3.8,1.5,2.3
3995,102431,20260704,1814,2,24,1,3,1,8.0,3.0,8.0,3.0,5.0
3996,102432,20260626,732,3,24,2,1,1,8.0,3.0,8.0,3.0,5.0
3997,102432,20260626,732,3,13,2,1,2,12.5,4.3,25.0,8.6,16.4
3998,102433,20260807,2034,3,20,3,2,2,6.5,2.4,13.0,4.8,8.2
3999,102433,20260807,2034,3,17,3,2,1,4.5,1.6,4.5,1.6,2.9
4000,102434,20260605,2126,3,5,1,3,1,4.8,2.0,4.8,2.0,2.8
4001,102434,20260605,2126,3,4,1,3,1,4.5,1.9,4.5,1.9,2.6
4002,102434,20260605,2126,3,6,1,3,2,5.0,2.1,10.0,4.2,5.8
4003,102435,20260320,1840,4,12,1,1,1,12.0,4.2,12.0,4.2,7.8
4004,102435,20260320,1840,4,14,1,1,1,13.5,4.6,13.5,4.6,8.9
4005,102435,20260320,1840,4,20,1,1,1,6.5,2.4,6.5,2.4,4.1
4006,102436,20260625,950,3,17,1,3,1,4.5,1.6,4.5,1.6,2.9
4007,102437,20260601,944,3,6,2,1,1,5.0,2.1,5.0,2.1,2.9
4008,102438,20260503,1754,3,12,1,3,1,12.0,4.2,12.0,4.2,7.8
4009,102438,20260503,1754,3,1,1,3,1,3.5,1.4,3.5,1.4,2.1
4010,102439,20260609,1713,1,12,1,2,2,12.0,4.2,24.0,8.4,15.6
4011,102440,20260718,1430,4,7,1,3,1,4.3,1.8,4.3,1.8,2.5
4012,102441,20260528,1047,3,17,1,1,1,4.5,1.6,4.5,1.6,2.9
4013,102442,20260512,1745,1,13,1,4,1,12.5,4.3,12.5,4.3,8.2
4014,102443,20260612,1240,2,20,4,1,1,6.5,2.4,6.5,2.4,4.1
4015,102444,20260912,1714,1,24,1,2,1,8.0,3.0,8.0,3.0,5.0
4016,102444,20260912,1714,1,14,1,2,1,13.5,4.6,13.5,4.6,8.9
4017,102445,20260613,1135,1,25,3,3,1,8.5,3.2,8.5,3.2,5.3
4018,102445,20260613,1135,1,3,3,3,1,3.8,1.5,3.8,1.5,2.3
4019,102446,20260417,1847,1,2,1,3,1,4.0,1.6,4.0,1.6,2.4
4020,102446,20260417,1847,1,14,1,3,1,13.5,4.6,13.5,4.6,8.9
4021,102446,20260417,1847,1,17,1,3,1,4.5,1.6,4.5,1.6,2.9
4022,102447,20260603,1338,1,20,1,1,2,6.5,2.4,13.0,4.8,8.2
4023,102447,20260603,1338,1,20,1,1,1,6.5,2.4,6.5,2.4,4.1
4024,102447,20260603,1338,1,6,1,1,1,5.0,2.1,5.0,2.1,2.9
4025,102448,20260531,716,3,18,1,1,1,5.0,1.8,5.0,1.8,3.2
4026,102448,20260531,716,3,7,1,1,1,4.3,1.8,4.3,1.8,2.5
4027,102448,20260531,716,3,6,1,1,1,5.0,2.1,5.0,2.1,2.9
4028,102449,20260705,1720,1,13,2,3,1,12.5,4.3,12.5,4.3,8.2
4029,102450,20260614,956,4,17,3,1,2,4.5,1.6,9.0,3.2,5.8
4030,102451,20260715,1835,1,12,1,4,1,12.0,4.2,12.0,4.2,7.8
4031,102452,20260711,1632,1,16,2,3,1,11.5,4.1,11.5,4.1,7.4
4032,102452,20260711,1632,1,7,2,3,1,4.3,1.8,4.3,1.8,2.5
4033,102452,20260711,1632,1,10,2,3,1,8.0,3.0,8.0,3.0,5.0
4034,102453,20260317,939,4,11,1,1,1,10.5,3.8,10.5,3.8,6.7
4035,102453,20260317,939,4,5,1,1,1,4.8,2.0,4.8,2.0,2.8
4036,102453,20260317,939,4,20,1,1,1,6.5,2.4,6.5,2.4,4.1
4037,102454,20260529,810,3,2,2,1,1,4.0,1.6,4.0,1.6,2.4
4038,102454,20260529,810,3,3,2,1,1,3.8,1.5,3.8,1.5,2.3
4039,102455,20260807,1902,1,18,3,4,1,5.0,1.8,5.0,1.8,3.2
4040,102456,20260730,703,3,15,1,3,1,11.0,4.0,11.0,4.0,7.0
4041,102457,20260416,811,2,6,1,2,1,5.0,2.1,5.0,2.1,2.9
4042,102458,20260327,854,2,2,4,1,1,4.0,1.6,4.0,1.6,2.4
4043,102459,20260617,1802,1,20,2,4,1,6.5,2.4,6.5,2.4,4.1
4044,102459,20260617,1802,1,25,2,4,1,8.5,3.2,8.5,3.2,5.3
4045,102460,20260502,1216,1,4,2,1,1,4.5,1.9,4.5,1.9,2.6
4046,102460,20260502,1216,1,13,2,1,1,12.5,4.3,12.5,4.3,8.2
4047,102461,20260726,1555,4,3,1,2,1,3.8,1.5,3.8,1.5,2.3
4048,102461,20260726,1555,4,18,1,2,1,5.0,1.8,5.0,1.8,3.2
4049,102461,20260726,1555,4,9,1,2,1,9.0,3.4,9.0,3.4,5.6
4050,102462,20260425,1642,4,20,2,4,1,6.5,2.4,6.5,2.4,4.1
4051,102463,20260530,948,4,1,1,4,1,3.5,1.4,3.5,1.4,2.1
4052,102463,20260530,948,4,1,1,4,1,3.5,1.4,3.5,1.4,2.1
4053,102464,20260720,1827,1,25,4,4,1,8.5,3.2,8.5,3.2,5.3
4054,102465,20260618,822,2,5,1,1,1,4.8,2.0,4.8,2.0,2.8
4055,102465,20260618,822,2,5,1,1,2,4.8,2.0,9.6,4.0,5.6
4056,102466,20260624,1854,2,8,1,3,1,8.5,3.2,8.5,3.2,5.3
4057,102467,20260321,1821,2,23,1,4,1,9.0,3.4,9.0,3.4,5.6
4058,102467,20260321,1821,2,12,1,4,1,12.0,4.2,12.0,4.2,7.8
4059,102468,20260416,1633,1,12,1,1,1,12.0,4.2,12.0,4.2,7.8
4060,102468,20260416,1633,1,11,1,1,1,10.5,3.8,10.5,3.8,6.7
4061,102469,20260427,1821,2,9,1,1,1,9.0,3.4,9.0,3.4,5.6
4062,102470,20260703,923,1,16,3,1,1,11.5,4.1,11.5,4.1,7.4
4063,102471,20260620,1029,1,2,1,1,1,4.0,1.6,4.0,1.6,2.4
4064,102471,20260620,1029,1,21,1,1,2,9.0,3.2,18.0,6.4,11.6
4065,102472,20260519,1244,2,5,3,2,1,4.8,2.0,4.8,2.0,2.8
4066,102473,20260831,1631,3,16,2,1,2,11.5,4.1,23.0,8.2,14.8
4067,102474,20260611,1705,2,16,2,4,1,11.5,4.1,11.5,4.1,7.4
4068,102474,20260611,1705,2,16,2,4,1,11.5,4.1,11.5,4.1,7.4
4069,102475,20260820,939,1,2,1,2,1,4.0,1.6,4.0,1.6,2.4
4070,102475,20260820,939,1,3,1,2,1,3.8,1.5,3.8,1.5,2.3
4071,102475,20260820,939,1,18,1,2,2,5.0,1.8,10.0,3.6,6.4
4072,102476,20260614,1228,4,25,1,2,2,8.5,3.2,17.0,6.4,10.6
4073,102476,20260614,1228,4,23,1,2,1,9.0,3.4,9.0,3.4,5.6
4074,102477,20260505,2017,3,9,1,1,1,9.0,3.4,9.0,3.4,5.6
4075,102478,20260507,838,1,2,1,3,1,4.0,1.6,4.0,1.6,2.4
4076,102479,20260831,1858,4,6,1,1,1,5.0,2.1,5.0,2.1,2.9
4077,102479,20260831,1858,4,10,1,1,1,8.0,3.0,8.0,3.0,5.0
4078,102480,20260810,1637,4,18,1,3,1,5.0,1.8,5.0,1.8,3.2
4079,102481,20260424,1925,1,6,2,4,1,5.0,2.1,5.0,2.1,2.9
4080,102481,20260424,1925,1,25,2,4,1,8.5,3.2,8.5,3.2,5.3
4081,102482,20260704,1856,3,10,4,1,2,8.0,3.0,16.0,6.0,10.0
4082,102482,20260704,1856,3,16,4,1,1,11.5,4.1,11.5,4.1,7.4
4083,102483,20260627,824,4,6,1,1,1,5.0,2.1,5.0,2.1,2.9
4084,102484,20260902,1017,4,1,1,1,2,3.5,1.4,7.0,2.8,4.2
4085,102485,20260621,832,2,6,1,3,1,5.0,2.1,5.0,2.1,2.9
4086,102486,20260429,1641,3,13,1,3,1,12.5,4.3,12.5,4.3,8.2
4087,102486,20260429,1641,3,15,1,3,1,11.0,4.0,11.0,4.0,7.0
4088,102487,20260316,1346,3,3,2,1,2,3.8,1.5,7.6,3.0,4.6
4089,102487,20260316,1346,3,6,2,1,1,5.0,2.1,5.0,2.1,2.9
4090,102488,20260609,1847,2,17,1,3,1,4.5,1.6,4.5,1.6,2.9
4091,102489,20260625,813,1,3,3,1,2,3.8,1.5,7.6,3.0,4.6
4092,102489,20260625,813,1,1,3,1,2,3.5,1.4,7.0,2.8,4.2
4093,102490,20260602,1804,4,14,2,3,1,13.5,4.6,13.5,4.6,8.9
4094,102490,20260602,1804,4,20,2,3,1,6.5,2.4,6.5,2.4,4.1
4095,102490,20260602,1804,4,9,2,3,1,9.0,3.4,9.0,3.4,5.6
4096,102491,20260426,1806,3,20,4,4,1,6.5,2.4,6.5,2.4,4.1
4097,102492,20260501,1543,3,19,2,1,1,5.5,2.0,5.5,2.0,3.5
4098,102492,20260501,1543,3,10,2,1,1,8.0,3.0,8.0,3.0,5.0
4099,102493,20260801,1503,4,20,1,2,2,6.5,2.4,13.0,4.8,8.2
4100,102494,20260613,858,3,22,4,1,1,9.5,3.6,9.5,3.6,5.9
4101,102494,20260613,858,3,7,4,1,1,4.3,1.8,4.3,1.8,2.5
4102,102495,20260912,918,1,17,1,3,1,4.5,1.6,4.5,1.6,2.9
4103,102496,20260802,1732,4,9,1,2,1,9.0,3.4,9.0,3.4,5.6
4104,102497,20260717,1107,2,11,2,4,1,10.5,3.8,10.5,3.8,6.7
4105,102497,20260717,1107,2,23,2,4,1,9.0,3.4,9.0,3.4,5.6
4106,102498,20260708,1525,3,2,1,1,1,4.0,1.6,4.0,1.6,2.4
4107,102498,20260708,1525,3,7,1,1,1,4.3,1.8,4.3,1.8,2.5
4108,102499,20260319,1804,4,9,4,2,1,9.0,3.4,9.0,3.4,5.6
4109,102499,20260319,1804,4,21,4,2,1,9.0,3.2,9.0,3.2,5.8
4110,102500,20260708,1919,2,9,1,1,1,9.0,3.4,9.0,3.4,5.6
4111,102500,20260708,1919,2,10,1,1,2,8.0,3.0,16.0,6.0,10.0
4112,102500,20260708,1919,2,11,1,1,1,10.5,3.8,10.5,3.8,6.7
4113,102501,20260713,1802,4,9,2,2,1,9.0,3.4,9.0,3.4,5.6
4114,102501,20260713,1802,4,25,2,2,1,8.5,3.2,8.5,3.2,5.3
4115,102502,20260630,1837,2,20,1,3,1,6.5,2.4,6.5,2.4,4.1
4116,102502,20260630,1837,2,22,1,3,1,9.5,3.6,9.5,3.6,5.9
4117,102503,20260601,906,4,13,2,1,2,12.5,4.3,25.0,8.6,16.4
4118,102504,20260430,1749,2,9,4,3,1,9.0,3.4,9.0,3.4,5.6
4119,102505,20260612,1743,1,14,1,1,2,13.5,4.6,27.0,9.2,17.8
4120,102506,20260426,1020,1,19,1,4,2,5.5,2.0,11.0,4.0,7.0
4121,102507,20260622,1747,2,3,2,2,1,3.8,1.5,3.8,1.5,2.3
4122,102507,20260622,1747,2,15,2,2,1,11.0,4.0,11.0,4.0,7.0
4123,102507,20260622,1747,2,2,2,2,1,4.0,1.6,4.0,1.6,2.4
4124,102508,20260910,1559,2,7,4,2,1,4.3,1.8,4.3,1.8,2.5
4125,102508,20260910,1559,2,15,4,2,1,11.0,4.0,11.0,4.0,7.0
4126,102509,20260822,1225,1,25,2,4,1,8.5,3.2,8.5,3.2,5.3
4127,102509,20260822,1225,1,11,2,4,1,10.5,3.8,10.5,3.8,6.7
4128,102510,20260507,1131,3,15,1,1,1,11.0,4.0,11.0,4.0,7.0
4129,102511,20260807,1355,4,1,1,3,1,3.5,1.4,3.5,1.4,2.1
4130,102511,20260807,1355,4,21,1,3,1,9.0,3.2,9.0,3.2,5.8
4131,102512,20260625,1717,2,19,3,1,1,5.5,2.0,5.5,2.0,3.5
4132,102512,20260625,1717,2,15,3,1,1,11.0,4.0,11.0,4.0,7.0
4133,102513,20260605,1830,3,12,1,3,1,12.0,4.2,12.0,4.2,7.8
4134,102514,20260814,1417,4,16,1,1,1,11.5,4.1,11.5,4.1,7.4
4135,102514,20260814,1417,4,12,1,1,1,12.0,4.2,12.0,4.2,7.8
4136,102514,20260814,1417,4,4,1,1,2,4.5,1.9,9.0,3.8,5.2
4137,102515,20260909,809,4,21,3,3,1,9.0,3.2,9.0,3.2,5.8
4138,102515,20260909,809,4,17,3,3,1,4.5,1.6,4.5,1.6,2.9
4139,102516,20260516,1039,4,6,4,4,1,5.0,2.1,5.0,2.1,2.9
4140,102516,20260516,1039,4,10,4,4,1,8.0,3.0,8.0,3.0,5.0
4141,102517,20260319,2136,1,11,1,1,1,10.5,3.8,10.5,3.8,6.7
4142,102517,20260319,2136,1,13,1,1,1,12.5,4.3,12.5,4.3,8.2
4143,102518,20260712,1022,1,3,1,1,1,3.8,1.5,3.8,1.5,2.3
4144,102519,20260329,1944,4,17,2,1,1,4.5,1.6,4.5,1.6,2.9
4145,102519,20260329,1944,4,19,2,1,2,5.5,2.0,11.0,4.0,7.0
4146,102519,20260329,1944,4,2,2,1,1,4.0,1.6,4.0,1.6,2.4
4147,102520,20260331,2003,4,6,3,1,1,5.0,2.1,5.0,2.1,2.9
4148,102520,20260331,2003,4,24,3,1,2,8.0,3.0,16.0,6.0,10.0
4149,102521,20260703,902,1,17,1,3,1,4.5,1.6,4.5,1.6,2.9
4150,102522,20260526,1807,4,5,1,4,1,4.8,2.0,4.8,2.0,2.8
4151,102522,20260526,1807,4,11,1,4,1,10.5,3.8,10.5,3.8,6.7
4152,102523,20260905,930,4,7,1,2,1,4.3,1.8,4.3,1.8,2.5
4153,102523,20260905,930,4,21,1,2,1,9.0,3.2,9.0,3.2,5.8
4154,102524,20260613,815,3,19,1,4,1,5.5,2.0,5.5,2.0,3.5
4155,102524,20260613,815,3,18,1,4,1,5.0,1.8,5.0,1.8,3.2
4156,102524,20260613,815,3,9,1,4,1,9.0,3.4,9.0,3.4,5.6
4157,102525,20260513,1922,2,13,2,2,1,12.5,4.3,12.5,4.3,8.2
4158,102526,20260829,1309,4,18,2,3,1,5.0,1.8,5.0,1.8,3.2
4159,102527,20260813,1958,2,3,1,2,1,3.8,1.5,3.8,1.5,2.3
4160,102528,20260326,959,3,8,1,1,1,8.5,3.2,8.5,3.2,5.3
4161,102528,20260326,959,3,5,1,1,1,4.8,2.0,4.8,2.0,2.8
4162,102528,20260326,959,3,20,1,1,2,6.5,2.4,13.0,4.8,8.2
4163,102529,20260817,822,4,22,1,1,1,9.5,3.6,9.5,3.6,5.9
4164,102529,20260817,822,4,7,1,1,1,4.3,1.8,4.3,1.8,2.5
4165,102530,20260910,1859,2,9,1,4,1,9.0,3.4,9.0,3.4,5.6
4166,102531,20260413,1025,1,1,1,1,1,3.5,1.4,3.5,1.4,2.1
4167,102531,20260413,1025,1,17,1,1,1,4.5,1.6,4.5,1.6,2.9
4168,102532,20260809,957,1,21,1,2,1,9.0,3.2,9.0,3.2,5.8
4169,102533,20260706,1002,4,14,2,1,2,13.5,4.6,27.0,9.2,17.8
4170,102534,20260323,921,2,7,1,1,1,4.3,1.8,4.3,1.8,2.5
4171,102535,20260828,2052,2,5,2,2,1,4.8,2.0,4.8,2.0,2.8
4172,102536,20260703,912,1,6,3,1,1,5.0,2.1,5.0,2.1,2.9
4173,102536,20260703,912,1,9,3,1,1,9.0,3.4,9.0,3.4,5.6
4174,102536,20260703,912,1,3,3,1,1,3.8,1.5,3.8,1.5,2.3
4175,102537,20260328,1826,3,16,2,2,1,11.5,4.1,11.5,4.1,7.4
4176,102538,20260615,927,3,1,2,1,1,3.5,1.4,3.5,1.4,2.1
4177,102538,20260615,927,3,20,2,1,1,6.5,2.4,6.5,2.4,4.1
4178,102538,20260615,927,3,9,2,1,1,9.0,3.4,9.0,3.4,5.6
4179,102539,20260904,1253,3,13,1,1,1,12.5,4.3,12.5,4.3,8.2
4180,102539,20260904,1253,3,9,1,1,1,9.0,3.4,9.0,3.4,5.6
4181,102540,20260626,1200,1,21,2,1,1,9.0,3.2,9.0,3.2,5.8
4182,102541,20260507,1921,4,22,1,1,1,9.5,3.6,9.5,3.6,5.9
4183,102541,20260507,1921,4,14,1,1,1,13.5,4.6,13.5,4.6,8.9
4184,102541,20260507,1921,4,2,1,1,1,4.0,1.6,4.0,1.6,2.4
4185,102542,20260609,1033,3,1,3,1,1,3.5,1.4,3.5,1.4,2.1
4186,102542,20260609,1033,3,7,3,1,2,4.3,1.8,8.6,3.6,5.0
4187,102543,20260520,1919,3,7,4,3,1,4.3,1.8,4.3,1.8,2.5
4188,102543,20260520,1919,3,9,4,3,1,9.0,3.4,9.0,3.4,5.6
4189,102544,20260708,925,2,20,1,2,1,6.5,2.4,6.5,2.4,4.1
4190,102544,20260708,925,2,2,1,2,1,4.0,1.6,4.0,1.6,2.4
4191,102545,20260610,1847,2,14,1,3,1,13.5,4.6,13.5,4.6,8.9
4192,102546,20260701,1916,4,11,3,4,1,10.5,3.8,10.5,3.8,6.7
4193,102546,20260701,1916,4,15,3,4,2,11.0,4.0,22.0,8.0,14.0
4194,102546,20260701,1916,4,14,3,4,1,13.5,4.6,13.5,4.6,8.9
4195,102547,20260911,1631,2,14,1,4,1,13.5,4.6,13.5,4.6,8.9
4196,102547,20260911,1631,2,1,1,4,1,3.5,1.4,3.5,1.4,2.1
4197,102548,20260319,1857,3,14,1,1,1,13.5,4.6,13.5,4.6,8.9
4198,102549,20260423,1722,3,12,1,2,1,12.0,4.2,12.0,4.2,7.8
4199,102550,20260628,1724,4,8,2,3,1,8.5,3.2,8.5,3.2,5.3
4200,102551,20260330,1925,2,3,1,3,1,3.8,1.5,3.8,1.5,2.3
4201,102552,20260727,1015,1,7,2,3,1,4.3,1.8,4.3,1.8,2.5
4202,102553,20260628,855,2,23,1,1,1,9.0,3.4,9.0,3.4,5.6
4203,102553,20260628,855,2,2,1,1,1,4.0,1.6,4.0,1.6,2.4
4204,102554,20260722,1656,4,15,1,1,2,11.0,4.0,22.0,8.0,14.0
4205,102554,20260722,1656,4,1,1,1,1,3.5,1.4,3.5,1.4,2.1
4206,102554,20260722,1656,4,9,1,1,2,9.0,3.4,18.0,6.8,11.2
4207,102555,20260701,1711,3,9,2,1,1,9.0,3.4,9.0,3.4,5.6
4208,102556,20260808,847,1,20,4,1,1,6.5,2.4,6.5,2.4,4.1
4209,102556,20260808,847,1,10,4,1,1,8.0,3.0,8.0,3.0,5.0
4210,102557,20260326,1233,1,3,2,2,1,3.8,1.5,3.8,1.5,2.3
4211,102558,20260522,1148,4,11,2,2,1,10.5,3.8,10.5,3.8,6.7
4212,102559,20260802,2023,2,21,2,2,1,9.0,3.2,9.0,3.2,5.8
4213,102560,20260520,1726,1,16,1,3,1,11.5,4.1,11.5,4.1,7.4
4214,102561,20260607,1710,4,10,3,3,2,8.0,3.0,16.0,6.0,10.0
4215,102561,20260607,1710,4,9,3,3,1,9.0,3.4,9.0,3.4,5.6
4216,102562,20260607,923,3,9,1,2,1,9.0,3.4,9.0,3.4,5.6
4217,102562,20260607,923,3,20,1,2,1,6.5,2.4,6.5,2.4,4.1
4218,102563,20260529,922,2,4,1,1,1,4.5,1.9,4.5,1.9,2.6
4219,102563,20260529,922,2,1,1,1,1,3.5,1.4,3.5,1.4,2.1
4220,102564,20260508,1814,2,17,2,2,1,4.5,1.6,4.5,1.6,2.9
4221,102565,20260829,1807,1,20,1,4,2,6.5,2.4,13.0,4.8,8.2
4222,102566,20260418,1840,1,10,1,1,1,8.0,3.0,8.0,3.0,5.0
4223,102567,20260722,1905,4,10,1,2,1,8.0,3.0,8.0,3.0,5.0
4224,102568,20260504,1430,1,3,2,3,1,3.8,1.5,3.8,1.5,2.3
4225,102569,20260507,919,2,20,1,4,1,6.5,2.4,6.5,2.4,4.1
4226,102569,20260507,919,2,10,1,4,2,8.0,3.0,16.0,6.0,10.0
4227,102570,20260327,745,2,21,1,2,1,9.0,3.2,9.0,3.2,5.8
4228,102570,20260327,745,2,4,1,2,1,4.5,1.9,4.5,1.9,2.6
4229,102571,20260531,2043,4,8,3,1,1,8.5,3.2,8.5,3.2,5.3
4230,102572,20260518,1920,1,22,1,1,1,9.5,3.6,9.5,3.6,5.9
4231,102572,20260518,1920,1,19,1,1,1,5.5,2.0,5.5,2.0,3.5
4232,102573,20260713,859,2,4,1,2,1,4.5,1.9,4.5,1.9,2.6
4233,102574,20260508,1705,1,12,1,3,1,12.0,4.2,12.0,4.2,7.8
4234,102575,20260529,925,4,17,1,1,1,4.5,1.6,4.5,1.6,2.9
4235,102576,20260612,836,1,20,4,1,2,6.5,2.4,13.0,4.8,8.2
4236,102576,20260612,836,1,20,4,1,2,6.5,2.4,13.0,4.8,8.2
4237,102576,20260612,836,1,7,4,1,2,4.3,1.8,8.6,3.6,5.0
4238,102577,20260507,802,4,18,3,1,1,5.0,1.8,5.0,1.8,3.2
4239,102578,20260905,818,1,21,1,3,1,9.0,3.2,9.0,3.2,5.8
4240,102578,20260905,818,1,11,1,3,1,10.5,3.8,10.5,3.8,6.7
4241,102579,20260428,959,1,3,4,3,2,3.8,1.5,7.6,3.0,4.6
4242,102579,20260428,959,1,7,4,3,1,4.3,1.8,4.3,1.8,2.5
4243,102580,20260815,1010,1,12,3,1,1,12.0,4.2,12.0,4.2,7.8
4244,102581,20260727,1101,2,17,1,1,1,4.5,1.6,4.5,1.6,2.9
4245,102582,20260627,1754,3,22,1,2,1,9.5,3.6,9.5,3.6,5.9
4246,102582,20260627,1754,3,22,1,2,1,9.5,3.6,9.5,3.6,5.9
4247,102582,20260627,1754,3,9,1,2,1,9.0,3.4,9.0,3.4,5.6
4248,102583,20260405,805,4,14,1,2,1,13.5,4.6,13.5,4.6,8.9
4249,102583,20260405,805,4,4,1,2,1,4.5,1.9,4.5,1.9,2.6
4250,102584,20260505,1430,4,5,1,1,1,4.8,2.0,4.8,2.0,2.8
4251,102584,20260505,1430,4,2,1,1,1,4.0,1.6,4.0,1.6,2.4
4252,102585,20260713,1801,1,21,1,1,1,9.0,3.2,9.0,3.2,5.8
4253,102585,20260713,1801,1,4,1,1,1,4.5,1.9,4.5,1.9,2.6
4254,102586,20260903,2111,4,25,1,3,1,8.5,3.2,8.5,3.2,5.3
4255,102586,20260903,2111,4,4,1,3,1,4.5,1.9,4.5,1.9,2.6
4256,102586,20260903,2111,4,12,1,3,2,12.0,4.2,24.0,8.4,15.6
4257,102587,20260905,815,3,1,1,1,1,3.5,1.4,3.5,1.4,2.1
4258,102588,20260612,1018,1,4,1,1,2,4.5,1.9,9.0,3.8,5.2
4259,102589,20260625,1820,4,8,1,1,1,8.5,3.2,8.5,3.2,5.3
4260,102590,20260805,850,3,19,4,4,1,5.5,2.0,5.5,2.0,3.5
4261,102591,20260503,812,2,18,2,1,1,5.0,1.8,5.0,1.8,3.2
4262,102592,20260618,1653,1,1,1,1,1,3.5,1.4,3.5,1.4,2.1
4263,102593,20260807,849,2,4,1,1,1,4.5,1.9,4.5,1.9,2.6
4264,102593,20260807,849,2,8,1,1,1,8.5,3.2,8.5,3.2,5.3
4265,102594,20260906,1740,1,5,3,2,1,4.8,2.0,4.8,2.0,2.8
4266,102594,20260906,1740,1,9,3,2,1,9.0,3.4,9.0,3.4,5.6
4267,102595,20260317,1546,1,24,1,1,1,8.0,3.0,8.0,3.0,5.0
4268,102595,20260317,1546,1,16,1,1,2,11.5,4.1,23.0,8.2,14.8
4269,102595,20260317,1546,1,13,1,1,1,12.5,4.3,12.5,4.3,8.2
4270,102596,20260903,941,1,5,1,1,1,4.8,2.0,4.8,2.0,2.8
4271,102597,20260914,1018,3,23,1,2,1,9.0,3.4,9.0,3.4,5.6
4272,102598,20260324,1833,3,6,4,4,2,5.0,2.1,10.0,4.2,5.8
4273,102599,20260829,1732,1,3,1,1,1,3.8,1.5,3.8,1.5,2.3
4274,102600,20260829,1335,1,7,4,3,1,4.3,1.8,4.3,1.8,2.5
4275,102600,20260829,1335,1,3,4,3,1,3.8,1.5,3.8,1.5,2.3
4276,102601,20260529,1914,2,14,2,2,1,13.5,4.6,13.5,4.6,8.9
4277,102602,20260627,1228,2,25,1,1,1,8.5,3.2,8.5,3.2,5.3
4278,102602,20260627,1228,2,18,1,1,1,5.0,1.8,5.0,1.8,3.2
4279,102602,20260627,1228,2,16,1,1,1,11.5,4.1,11.5,4.1,7.4
4280,102603,20260907,948,2,4,1,1,1,4.5,1.9,4.5,1.9,2.6
4281,102604,20260823,1241,1,2,1,1,1,4.0,1.6,4.0,1.6,2.4
4282,102604,20260823,1241,1,8,1,1,1,8.5,3.2,8.5,3.2,5.3
4283,102605,20260827,1900,2,14,2,1,1,13.5,4.6,13.5,4.6,8.9
4284,102605,20260827,1900,2,15,2,1,1,11.0,4.0,11.0,4.0,7.0
4285,102606,20260505,1614,1,3,2,3,1,3.8,1.5,3.8,1.5,2.3
4286,102607,20260810,736,1,4,1,1,2,4.5,1.9,9.0,3.8,5.2
4287,102607,20260810,736,1,2,1,1,1,4.0,1.6,4.0,1.6,2.4
4288,102608,20260605,1633,1,9,1,2,1,9.0,3.4,9.0,3.4,5.6
4289,102608,20260605,1633,1,23,1,2,2,9.0,3.4,18.0,6.8,11.2
4290,102609,20260817,2124,3,2,1,1,1,4.0,1.6,4.0,1.6,2.4
4291,102609,20260817,2124,3,7,1,1,2,4.3,1.8,8.6,3.6,5.0
4292,102610,20260514,1448,2,3,1,1,1,3.8,1.5,3.8,1.5,2.3
4293,102611,20260620,814,4,7,3,1,1,4.3,1.8,4.3,1.8,2.5
4294,102611,20260620,814,4,17,3,1,1,4.5,1.6,4.5,1.6,2.9
4295,102612,20260718,1351,4,1,3,2,1,3.5,1.4,3.5,1.4,2.1
4296,102613,20260619,1816,2,14,1,1,1,13.5,4.6,13.5,4.6,8.9
4297,102613,20260619,1816,2,16,1,1,1,11.5,4.1,11.5,4.1,7.4
4298,102614,20260514,1811,1,11,1,4,1,10.5,3.8,10.5,3.8,6.7
4299,102614,20260514,1811,1,13,1,4,1,12.5,4.3,12.5,4.3,8.2
4300,102615,20260812,1023,4,18,1,1,1,5.0,1.8,5.0,1.8,3.2
4301,102616,20260504,1729,4,16,3,1,2,11.5,4.1,23.0,8.2,14.8
4302,102616,20260504,1729,4,6,3,1,1,5.0,2.1,5.0,2.1,2.9
4303,102617,20260523,1408,2,14,1,2,1,13.5,4.6,13.5,4.6,8.9
4304,102617,20260523,1408,2,3,1,2,2,3.8,1.5,7.6,3.0,4.6
4305,102617,20260523,1408,2,2,1,2,1,4.0,1.6,4.0,1.6,2.4
4306,102618,20260427,1758,1,10,2,2,2,8.0,3.0,16.0,6.0,10.0
4307,102618,20260427,1758,1,22,2,2,1,9.5,3.6,9.5,3.6,5.9
4308,102618,20260427,1758,1,20,2,2,1,6.5,2.4,6.5,2.4,4.1
4309,102619,20260415,2054,1,3,4,2,1,3.8,1.5,3.8,1.5,2.3
4310,102620,20260520,1713,3,9,1,1,1,9.0,3.4,9.0,3.4,5.6
4311,102621,20260605,1832,4,5,1,2,1,4.8,2.0,4.8,2.0,2.8
4312,102621,20260605,1832,4,19,1,2,1,5.5,2.0,5.5,2.0,3.5
4313,102621,20260605,1832,4,9,1,2,1,9.0,3.4,9.0,3.4,5.6
4314,102622,20260719,1823,3,17,2,3,1,4.5,1.6,4.5,1.6,2.9
4315,102623,20260323,805,1,4,1,1,1,4.5,1.9,4.5,1.9,2.6
4316,102624,20260824,1019,2,14,2,1,1,13.5,4.6,13.5,4.6,8.9
4317,102625,20260603,1016,4,6,2,1,1,5.0,2.1,5.0,2.1,2.9
4318,102626,20260316,933,4,7,2,1,1,4.3,1.8,4.3,1.8,2.5
4319,102626,20260316,933,4,17,2,1,1,4.5,1.6,4.5,1.6,2.9
4320,102626,20260316,933,4,1,2,1,1,3.5,1.4,3.5,1.4,2.1
4321,102627,20260325,1247,2,19,1,2,2,5.5,2.0,11.0,4.0,7.0
4322,102628,20260914,1253,3,3,1,1,1,3.8,1.5,3.8,1.5,2.3
4323,102629,20260619,855,4,18,1,1,2,5.0,1.8,10.0,3.6,6.4
4324,102629,20260619,855,4,17,1,1,1,4.5,1.6,4.5,1.6,2.9
4325,102630,20260406,1825,1,18,2,1,1,5.0,1.8,5.0,1.8,3.2
4326,102631,20260817,1507,3,19,3,1,1,5.5,2.0,5.5,2.0,3.5
4327,102632,20260525,1849,1,16,2,4,1,11.5,4.1,11.5,4.1,7.4
4328,102633,20260502,1918,3,14,1,3,1,13.5,4.6,13.5,4.6,8.9
4329,102633,20260502,1918,3,3,1,3,2,3.8,1.5,7.6,3.0,4.6
4330,102634,20260324,1815,1,6,2,1,1,5.0,2.1,5.0,2.1,2.9
4331,102634,20260324,1815,1,14,2,1,1,13.5,4.6,13.5,4.6,8.9
4332,102634,20260324,1815,1,6,2,1,1,5.0,2.1,5.0,2.1,2.9
4333,102635,20260418,921,1,20,1,2,1,6.5,2.4,6.5,2.4,4.1
4334,102636,20260622,923,3,6,2,1,1,5.0,2.1,5.0,2.1,2.9
4335,102636,20260622,923,3,2,2,1,1,4.0,1.6,4.0,1.6,2.4
4336,102636,20260622,923,3,10,2,1,1,8.0,3.0,8.0,3.0,5.0
4337,102637,20260523,1353,1,7,1,1,1,4.3,1.8,4.3,1.8,2.5
4338,102638,20260804,1833,2,19,1,3,1,5.5,2.0,5.5,2.0,3.5
4339,102638,20260804,1833,2,12,1,3,1,12.0,4.2,12.0,4.2,7.8
4340,102639,20260802,850,1,4,1,2,1,4.5,1.9,4.5,1.9,2.6
4341,102639,20260802,850,1,4,1,2,1,4.5,1.9,4.5,1.9,2.6
4342,102639,20260802,850,1,6,1,2,1,5.0,2.1,5.0,2.1,2.9
4343,102640,20260411,1806,2,14,1,2,1,13.5,4.6,13.5,4.6,8.9
4344,102641,20260803,1848,4,3,1,1,1,3.8,1.5,3.8,1.5,2.3
4345,102642,20260315,1833,2,15,2,2,1,11.0,4.0,11.0,4.0,7.0
4346,102643,20260525,911,1,5,4,2,1,4.8,2.0,4.8,2.0,2.8
4347,102643,20260525,911,1,5,4,2,1,4.8,2.0,4.8,2.0,2.8
4348,102644,20260403,1020,2,21,1,1,1,9.0,3.2,9.0,3.2,5.8
4349,102644,20260403,1020,2,2,1,1,1,4.0,1.6,4.0,1.6,2.4
4350,102644,20260403,1020,2,23,1,1,1,9.0,3.4,9.0,3.4,5.6
4351,102645,20260825,1419,4,1,3,1,1,3.5,1.4,3.5,1.4,2.1
4352,102646,20260415,835,2,17,2,2,2,4.5,1.6,9.0,3.2,5.8
4353,102646,20260415,835,2,1,2,2,2,3.5,1.4,7.0,2.8,4.2
4354,102646,20260415,835,2,22,2,2,2,9.5,3.6,19.0,7.2,11.8
4355,102647,20260326,2127,4,11,3,1,1,10.5,3.8,10.5,3.8,6.7
4356,102648,20260716,1844,1,13,1,4,1,12.5,4.3,12.5,4.3,8.2
4357,102649,20260415,1657,1,10,1,3,1,8.0,3.0,8.0,3.0,5.0
4358,102650,20260905,1412,1,1,1,4,1,3.5,1.4,3.5,1.4,2.1
4359,102650,20260905,1412,1,1,1,4,2,3.5,1.4,7.0,2.8,4.2
4360,102651,20260329,1837,3,13,2,3,1,12.5,4.3,12.5,4.3,8.2
4361,102652,20260405,1640,2,9,2,1,2,9.0,3.4,18.0,6.8,11.2
4362,102653,20260912,1759,2,11,1,1,1,10.5,3.8,10.5,3.8,6.7
4363,102654,20260417,814,4,21,1,2,1,9.0,3.2,9.0,3.2,5.8
4364,102654,20260417,814,4,19,1,2,1,5.5,2.0,5.5,2.0,3.5
4365,102655,20260611,2151,2,16,2,1,1,11.5,4.1,11.5,4.1,7.4
4366,102656,20260317,919,2,20,2,2,1,6.5,2.4,6.5,2.4,4.1
4367,102657,20260603,2124,1,7,1,1,1,4.3,1.8,4.3,1.8,2.5
4368,102657,20260603,2124,1,1,1,1,1,3.5,1.4,3.5,1.4,2.1
4369,102658,20260913,1658,1,22,3,3,1,9.5,3.6,9.5,3.6,5.9
4370,102659,20260912,1833,2,2,3,3,1,4.0,1.6,4.0,1.6,2.4
4371,102660,20260625,1644,2,22,1,1,1,9.5,3.6,9.5,3.6,5.9
4372,102661,20260328,823,3,5,1,2,1,4.8,2.0,4.8,2.0,2.8
4373,102662,20260807,1921,4,18,1,2,1,5.0,1.8,5.0,1.8,3.2
4374,102662,20260807,1921,4,8,1,2,1,8.5,3.2,8.5,3.2,5.3
4375,102663,20260502,1258,3,9,1,1,1,9.0,3.4,9.0,3.4,5.6
4376,102664,20260403,1142,1,16,1,1,2,11.5,4.1,23.0,8.2,14.8
4377,102664,20260403,1142,1,15,1,1,1,11.0,4.0,11.0,4.0,7.0
4378,102665,20260529,1913,3,2,1,3,2,4.0,1.6,8.0,3.2,4.8
4379,102666,20260615,1632,2,16,1,1,1,11.5,4.1,11.5,4.1,7.4
4380,102667,20260624,1455,1,3,1,1,1,3.8,1.5,3.8,1.5,2.3
4381,102668,20260505,911,2,7,2,2,1,4.3,1.8,4.3,1.8,2.5
4382,102669,20260331,1826,4,17,4,1,1,4.5,1.6,4.5,1.6,2.9
4383,102670,20260408,806,2,1,1,1,1,3.5,1.4,3.5,1.4,2.1
4384,102671,20260525,857,1,21,1,1,1,9.0,3.2,9.0,3.2,5.8
4385,102671,20260525,857,1,2,1,1,2,4.0,1.6,8.0,3.2,4.8
4386,102671,20260525,857,1,2,1,1,1,4.0,1.6,4.0,1.6,2.4
4387,102672,20260603,919,3,25,2,3,1,8.5,3.2,8.5,3.2,5.3
4388,102672,20260603,919,3,20,2,3,1,6.5,2.4,6.5,2.4,4.1
4389,102672,20260603,919,3,23,2,3,2,9.0,3.4,18.0,6.8,11.2
4390,102673,20260403,1531,3,9,1,4,1,9.0,3.4,9.0,3.4,5.6
4391,102673,20260403,1531,3,8,1,4,1,8.5,3.2,8.5,3.2,5.3
4392,102674,20260818,1643,4,7,4,3,1,4.3,1.8,4.3,1.8,2.5
4393,102675,20260617,1839,4,8,2,3,1,8.5,3.2,8.5,3.2,5.3
4394,102676,20260530,2108,4,4,2,1,1,4.5,1.9,4.5,1.9,2.6
4395,102676,20260530,2108,4,11,2,1,1,10.5,3.8,10.5,3.8,6.7
4396,102677,20260522,1808,2,18,2,4,1,5.0,1.8,5.0,1.8,3.2
4397,102677,20260522,1808,2,10,2,4,1,8.0,3.0,8.0,3.0,5.0
4398,102678,20260822,901,4,2,4,1,1,4.0,1.6,4.0,1.6,2.4
4399,102678,20260822,901,4,18,4,1,1,5.0,1.8,5.0,1.8,3.2
4400,102679,20260623,843,2,18,1,3,1,5.0,1.8,5.0,1.8,3.2
4401,102680,20260324,1854,3,16,1,1,1,11.5,4.1,11.5,4.1,7.4
4402,102680,20260324,1854,3,15,1,1,1,11.0,4.0,11.0,4.0,7.0
4403,102680,20260324,1854,3,16,1,1,1,11.5,4.1,11.5,4.1,7.4
4404,102681,20260329,1708,1,8,1,4,1,8.5,3.2,8.5,3.2,5.3
4405,102681,20260329,1708,1,18,1,4,1,5.0,1.8,5.0,1.8,3.2
4406,102682,20260913,1437,4,10,1,3,1,8.0,3.0,8.0,3.0,5.0
4407,102683,20260813,942,2,7,3,1,1,4.3,1.8,4.3,1.8,2.5
4408,102683,20260813,942,2,5,3,1,1,4.8,2.0,4.8,2.0,2.8
4409,102684,20260801,1909,3,20,3,2,1,6.5,2.4,6.5,2.4,4.1
4410,102684,20260801,1909,3,20,3,2,1,6.5,2.4,6.5,2.4,4.1
4411,102684,20260801,1909,3,10,3,2,2,8.0,3.0,16.0,6.0,10.0
4412,102685,20260809,1939,1,4,1,2,2,4.5,1.9,9.0,3.8,5.2
4413,102685,20260809,1939,1,9,1,2,1,9.0,3.4,9.0,3.4,5.6
4414,102686,20260824,1213,3,2,1,1,1,4.0,1.6,4.0,1.6,2.4
4415,102686,20260824,1213,3,7,1,1,1,4.3,1.8,4.3,1.8,2.5
4416,102687,20260823,1335,1,12,2,1,1,12.0,4.2,12.0,4.2,7.8
4417,102688,20260706,937,1,19,2,1,1,5.5,2.0,5.5,2.0,3.5
4418,102689,20260704,1002,4,18,1,3,1,5.0,1.8,5.0,1.8,3.2
4419,102689,20260704,1002,4,19,1,3,1,5.5,2.0,5.5,2.0,3.5
4420,102690,20260705,1018,2,7,4,3,2,4.3,1.8,8.6,3.6,5.0
4421,102690,20260705,1018,2,2,4,3,2,4.0,1.6,8.0,3.2,4.8
4422,102690,20260705,1018,2,4,4,3,1,4.5,1.9,4.5,1.9,2.6
4423,102691,20260416,1903,1,15,1,2,1,11.0,4.0,11.0,4.0,7.0
4424,102691,20260416,1903,1,20,1,2,1,6.5,2.4,6.5,2.4,4.1
4425,102692,20260713,1018,3,17,1,1,1,4.5,1.6,4.5,1.6,2.9
4426,102692,20260713,1018,3,4,1,1,1,4.5,1.9,4.5,1.9,2.6
4427,102693,20260608,1843,4,10,1,1,1,8.0,3.0,8.0,3.0,5.0
4428,102693,20260608,1843,4,19,1,1,2,5.5,2.0,11.0,4.0,7.0
4429,102694,20260322,1417,2,9,2,1,1,9.0,3.4,9.0,3.4,5.6
4430,102695,20260829,1637,4,11,3,4,2,10.5,3.8,21.0,7.6,13.4
4431,102696,20260507,1717,3,22,1,1,1,9.5,3.6,9.5,3.6,5.9
4432,102697,20260502,1918,1,6,1,3,1,5.0,2.1,5.0,2.1,2.9
4433,102697,20260502,1918,1,24,1,3,1,8.0,3.0,8.0,3.0,5.0
4434,102697,20260502,1918,1,12,1,3,1,12.0,4.2,12.0,4.2,7.8
4435,102698,20260713,853,4,3,2,1,2,3.8,1.5,7.6,3.0,4.6
4436,102699,20260617,945,4,25,1,2,1,8.5,3.2,8.5,3.2,5.3
4437,102699,20260617,945,4,17,1,2,1,4.5,1.6,4.5,1.6,2.9
4438,102699,20260617,945,4,1,1,2,1,3.5,1.4,3.5,1.4,2.1
4439,102700,20260819,1146,3,3,1,2,2,3.8,1.5,7.6,3.0,4.6
4440,102701,20260801,800,2,5,1,1,1,4.8,2.0,4.8,2.0,2.8
4441,102702,20260531,1109,1,3,1,1,1,3.8,1.5,3.8,1.5,2.3
4442,102703,20260807,1737,1,16,2,1,1,11.5,4.1,11.5,4.1,7.4
4443,102704,20260406,1003,2,4,1,4,1,4.5,1.9,4.5,1.9,2.6
4444,102705,20260703,1102,3,7,1,3,1,4.3,1.8,4.3,1.8,2.5
4445,102706,20260328,827,3,8,1,3,1,8.5,3.2,8.5,3.2,5.3
4446,102707,20260407,828,4,5,1,1,1,4.8,2.0,4.8,2.0,2.8
4447,102707,20260407,828,4,1,1,1,1,3.5,1.4,3.5,1.4,2.1
4448,102708,20260711,1847,1,16,1,1,1,11.5,4.1,11.5,4.1,7.4
4449,102708,20260711,1847,1,21,1,1,2,9.0,3.2,18.0,6.4,11.6
4450,102709,20260713,1432,4,12,1,1,1,12.0,4.2,12.0,4.2,7.8
4451,102709,20260713,1432,4,11,1,1,1,10.5,3.8,10.5,3.8,6.7
4452,102709,20260713,1432,4,19,1,1,1,5.5,2.0,5.5,2.0,3.5
4453,102710,20260417,1811,4,23,2,1,1,9.0,3.4,9.0,3.4,5.6
4454,102711,20260324,1006,2,1,3,3,1,3.5,1.4,3.5,1.4,2.1
4455,102712,20260323,935,4,17,2,1,1,4.5,1.6,4.5,1.6,2.9
4456,102713,20260819,1637,1,10,1,4,1,8.0,3.0,8.0,3.0,5.0
4457,102713,20260819,1637,1,3,1,4,1,3.8,1.5,3.8,1.5,2.3
4458,102713,20260819,1637,1,21,1,4,1,9.0,3.2,9.0,3.2,5.8
4459,102714,20260910,2046,4,18,1,3,1,5.0,1.8,5.0,1.8,3.2
4460,102715,20260613,1702,4,13,1,1,1,12.5,4.3,12.5,4.3,8.2
4461,102716,20260815,956,1,20,1,1,2,6.5,2.4,13.0,4.8,8.2
4462,102717,20260329,1719,1,9,2,1,1,9.0,3.4,9.0,3.4,5.6
4463,102718,20260624,1146,1,11,1,1,1,10.5,3.8,10.5,3.8,6.7
4464,102719,20260616,1904,4,9,2,3,1,9.0,3.4,9.0,3.4,5.6
4465,102720,20260627,1653,2,22,1,1,1,9.5,3.6,9.5,3.6,5.9
4466,102721,20260704,838,2,6,1,1,1,5.0,2.1,5.0,2.1,2.9
4467,102721,20260704,838,2,21,1,1,1,9.0,3.2,9.0,3.2,5.8
4468,102722,20260512,1900,3,22,2,3,1,9.5,3.6,9.5,3.6,5.9
4469,102722,20260512,1900,3,23,2,3,1,9.0,3.4,9.0,3.4,5.6
4470,102723,20260325,817,4,2,1,2,1,4.0,1.6,4.0,1.6,2.4
4471,102723,20260325,817,4,2,1,2,1,4.0,1.6,4.0,1.6,2.4
4472,102724,20260623,1143,1,5,1,1,2,4.8,2.0,9.6,4.0,5.6
4473,102724,20260623,1143,1,5,1,1,2,4.8,2.0,9.6,4.0,5.6
4474,102724,20260623,1143,1,12,1,1,1,12.0,4.2,12.0,4.2,7.8
4475,102725,20260401,1427,1,15,1,1,2,11.0,4.0,22.0,8.0,14.0
4476,102725,20260401,1427,1,9,1,1,1,9.0,3.4,9.0,3.4,5.6
4477,102725,20260401,1427,1,7,1,1,1,4.3,1.8,4.3,1.8,2.5
4478,102726,20260521,1541,2,21,1,1,1,9.0,3.2,9.0,3.2,5.8
4479,102727,20260728,1125,1,19,1,1,2,5.5,2.0,11.0,4.0,7.0
4480,102727,20260728,1125,1,11,1,1,2,10.5,3.8,21.0,7.6,13.4
4481,102728,20260629,2055,3,8,1,2,1,8.5,3.2,8.5,3.2,5.3
4482,102728,20260629,2055,3,21,1,2,1,9.0,3.2,9.0,3.2,5.8
4483,102728,20260629,2055,3,4,1,2,1,4.5,1.9,4.5,1.9,2.6
4484,102729,20260615,2057,1,25,2,2,1,8.5,3.2,8.5,3.2,5.3
4485,102729,20260615,2057,1,1,2,2,1,3.5,1.4,3.5,1.4,2.1
4486,102729,20260615,2057,1,21,2,2,1,9.0,3.2,9.0,3.2,5.8
4487,102730,20260323,1104,4,24,2,1,1,8.0,3.0,8.0,3.0,5.0
4488,102731,20260719,1257,1,15,2,2,1,11.0,4.0,11.0,4.0,7.0
4489,102731,20260719,1257,1,3,2,2,1,3.8,1.5,3.8,1.5,2.3
4490,102732,20260817,1024,3,7,4,4,1,4.3,1.8,4.3,1.8,2.5
4491,102732,20260817,1024,3,5,4,4,1,4.8,2.0,4.8,2.0,2.8
4492,102733,20260913,1857,3,13,1,4,1,12.5,4.3,12.5,4.3,8.2
4493,102733,20260913,1857,3,10,1,4,1,8.0,3.0,8.0,3.0,5.0
4494,102734,20260624,1055,3,11,2,4,1,10.5,3.8,10.5,3.8,6.7
4495,102735,20260424,1810,2,25,1,1,1,8.5,3.2,8.5,3.2,5.3
4496,102735,20260424,1810,2,8,1,1,1,8.5,3.2,8.5,3.2,5.3
4497,102736,20260513,1658,3,21,4,2,1,9.0,3.2,9.0,3.2,5.8
4498,102736,20260513,1658,3,1,4,2,1,3.5,1.4,3.5,1.4,2.1
4499,102737,20260715,1843,3,8,1,3,1,8.5,3.2,8.5,3.2,5.3
4500,102737,20260715,1843,3,9,1,3,2,9.0,3.4,18.0,6.8,11.2
4501,102737,20260715,1843,3,9,1,3,1,9.0,3.4,9.0,3.4,5.6
4502,102738,20260531,1236,3,4,2,1,1,4.5,1.9,4.5,1.9,2.6
4503,102738,20260531,1236,3,5,2,1,1,4.8,2.0,4.8,2.0,2.8
4504,102739,20260802,1028,2,3,2,1,1,3.8,1.5,3.8,1.5,2.3
4505,102740,20260615,1715,1,10,1,2,1,8.0,3.0,8.0,3.0,5.0
4506,102741,20260712,2150,4,16,2,3,1,11.5,4.1,11.5,4.1,7.4
4507,102742,20260815,1917,4,15,2,3,1,11.0,4.0,11.0,4.0,7.0
4508,102743,20260618,1232,4,9,1,2,1,9.0,3.4,9.0,3.4,5.6
4509,102743,20260618,1232,4,5,1,2,1,4.8,2.0,4.8,2.0,2.8
4510,102744,20260415,1645,2,8,3,3,1,8.5,3.2,8.5,3.2,5.3
4511,102745,20260614,1442,4,20,1,1,1,6.5,2.4,6.5,2.4,4.1
4512,102746,20260831,1851,2,3,2,1,1,3.8,1.5,3.8,1.5,2.3
4513,102746,20260831,1851,2,23,2,1,1,9.0,3.4,9.0,3.4,5.6
4514,102747,20260823,851,3,18,1,4,2,5.0,1.8,10.0,3.6,6.4
4515,102748,20260701,835,2,19,1,2,1,5.5,2.0,5.5,2.0,3.5
4516,102748,20260701,835,2,20,1,2,2,6.5,2.4,13.0,4.8,8.2
4517,102749,20260409,908,1,2,1,1,1,4.0,1.6,4.0,1.6,2.4
4518,102750,20260707,952,4,2,4,1,1,4.0,1.6,4.0,1.6,2.4
4519,102751,20260801,1752,3,19,1,3,1,5.5,2.0,5.5,2.0,3.5
4520,102752,20260821,853,1,7,4,1,1,4.3,1.8,4.3,1.8,2.5
4521,102753,20260526,2037,3,22,1,2,2,9.5,3.6,19.0,7.2,11.8
4522,102753,20260526,2037,3,2,1,2,1,4.0,1.6,4.0,1.6,2.4
4523,102754,20260528,1807,4,15,2,3,1,11.0,4.0,11.0,4.0,7.0
4524,102754,20260528,1807,4,13,2,3,2,12.5,4.3,25.0,8.6,16.4
4525,102754,20260528,1807,4,14,2,3,1,13.5,4.6,13.5,4.6,8.9
4526,102755,20260912,1637,2,11,3,3,1,10.5,3.8,10.5,3.8,6.7
4527,102756,20260827,1907,1,19,1,1,1,5.5,2.0,5.5,2.0,3.5
4528,102757,20260420,1051,2,3,2,4,2,3.8,1.5,7.6,3.0,4.6
4529,102757,20260420,1051,2,10,2,4,1,8.0,3.0,8.0,3.0,5.0
4530,102758,20260903,1659,2,15,2,3,1,11.0,4.0,11.0,4.0,7.0
4531,102759,20260613,1132,4,20,2,1,1,6.5,2.4,6.5,2.4,4.1
4532,102760,20260819,1811,2,11,4,3,1,10.5,3.8,10.5,3.8,6.7
4533,102761,20260419,1242,3,21,1,1,2,9.0,3.2,18.0,6.4,11.6
4534,102761,20260419,1242,3,16,1,1,1,11.5,4.1,11.5,4.1,7.4
4535,102762,20260702,1226,1,12,1,1,1,12.0,4.2,12.0,4.2,7.8
4536,102762,20260702,1226,1,22,1,1,1,9.5,3.6,9.5,3.6,5.9
4537,102763,20260407,1219,1,7,3,3,1,4.3,1.8,4.3,1.8,2.5
4538,102764,20260508,1621,1,6,1,1,2,5.0,2.1,10.0,4.2,5.8
4539,102764,20260508,1621,1,19,1,1,1,5.5,2.0,5.5,2.0,3.5
4540,102765,20260429,1605,1,2,1,2,1,4.0,1.6,4.0,1.6,2.4
4541,102766,20260530,927,2,4,4,2,1,4.5,1.9,4.5,1.9,2.6
4542,102766,20260530,927,2,5,4,2,1,4.8,2.0,4.8,2.0,2.8
4543,102767,20260719,947,1,1,1,1,1,3.5,1.4,3.5,1.4,2.1
4544,102767,20260719,947,1,5,1,1,1,4.8,2.0,4.8,2.0,2.8
4545,102768,20260416,1008,3,7,1,1,1,4.3,1.8,4.3,1.8,2.5
4546,102768,20260416,1008,3,19,1,1,2,5.5,2.0,11.0,4.0,7.0
4547,102769,20260725,919,1,1,3,3,1,3.5,1.4,3.5,1.4,2.1
4548,102770,20260711,1021,2,2,1,1,2,4.0,1.6,8.0,3.2,4.8
4549,102771,20260625,1906,3,10,4,1,1,8.0,3.0,8.0,3.0,5.0
4550,102771,20260625,1906,3,21,4,1,1,9.0,3.2,9.0,3.2,5.8
4551,102771,20260625,1906,3,18,4,1,1,5.0,1.8,5.0,1.8,3.2
4552,102772,20260717,1852,3,5,2,1,1,4.8,2.0,4.8,2.0,2.8
4553,102773,20260512,1837,3,15,1,3,1,11.0,4.0,11.0,4.0,7.0
4554,102773,20260512,1837,3,3,1,3,1,3.8,1.5,3.8,1.5,2.3
4555,102773,20260512,1837,3,15,1,3,2,11.0,4.0,22.0,8.0,14.0
4556,102774,20260713,1259,1,7,2,1,2,4.3,1.8,8.6,3.6,5.0
4557,102775,20260321,2055,3,13,1,1,1,12.5,4.3,12.5,4.3,8.2
4558,102776,20260616,802,1,17,2,4,2,4.5,1.6,9.0,3.2,5.8
4559,102777,20260429,1327,3,1,4,2,1,3.5,1.4,3.5,1.4,2.1
4560,102777,20260429,1327,3,14,4,2,1,13.5,4.6,13.5,4.6,8.9
4561,102778,20260409,956,1,1,1,2,1,3.5,1.4,3.5,1.4,2.1
4562,102779,20260527,1319,4,20,1,2,1,6.5,2.4,6.5,2.4,4.1
4563,102780,20260328,803,4,11,2,2,1,10.5,3.8,10.5,3.8,6.7
4564,102780,20260328,803,4,7,2,2,1,4.3,1.8,4.3,1.8,2.5
4565,102781,20260403,858,2,4,3,1,1,4.5,1.9,4.5,1.9,2.6
4566,102781,20260403,858,2,1,3,1,1,3.5,1.4,3.5,1.4,2.1
4567,102782,20260420,803,2,5,1,3,1,4.8,2.0,4.8,2.0,2.8
4568,102783,20260320,1010,3,24,2,1,1,8.0,3.0,8.0,3.0,5.0
4569,102784,20260509,1045,1,9,2,4,1,9.0,3.4,9.0,3.4,5.6
4570,102784,20260509,1045,1,25,2,4,2,8.5,3.2,17.0,6.4,10.6
4571,102784,20260509,1045,1,13,2,4,1,12.5,4.3,12.5,4.3,8.2
4572,102785,20260713,854,1,6,2,1,2,5.0,2.1,10.0,4.2,5.8
4573,102786,20260628,943,3,14,2,2,1,13.5,4.6,13.5,4.6,8.9
4574,102786,20260628,943,3,4,2,2,1,4.5,1.9,4.5,1.9,2.6
4575,102787,20260321,915,1,3,2,3,1,3.8,1.5,3.8,1.5,2.3
4576,102787,20260321,915,1,23,2,3,1,9.0,3.4,9.0,3.4,5.6
4577,102787,20260321,915,1,3,2,3,1,3.8,1.5,3.8,1.5,2.3
4578,102788,20260829,1746,4,15,1,3,1,11.0,4.0,11.0,4.0,7.0
4579,102788,20260829,1746,4,16,1,3,1,11.5,4.1,11.5,4.1,7.4
4580,102789,20260402,1915,2,9,4,2,1,9.0,3.4,9.0,3.4,5.6
4581,102790,20260530,1557,4,25,1,1,1,8.5,3.2,8.5,3.2,5.3
4582,102791,20260507,853,3,18,1,1,1,5.0,1.8,5.0,1.8,3.2
4583,102791,20260507,853,3,2,1,1,1,4.0,1.6,4.0,1.6,2.4
4584,102792,20260822,1636,1,16,4,3,1,11.5,4.1,11.5,4.1,7.4
4585,102793,20260817,1310,1,6,2,3,1,5.0,2.1,5.0,2.1,2.9
4586,102794,20260608,1011,3,18,1,1,1,5.0,1.8,5.0,1.8,3.2
4587,102794,20260608,1011,3,24,1,1,1,8.0,3.0,8.0,3.0,5.0
4588,102795,20260411,911,2,1,1,1,2,3.5,1.4,7.0,2.8,4.2
4589,102795,20260411,911,2,1,1,1,1,3.5,1.4,3.5,1.4,2.1
4590,102796,20260404,1855,2,16,1,1,1,11.5,4.1,11.5,4.1,7.4
4591,102797,20260913,1850,4,8,1,3,1,8.5,3.2,8.5,3.2,5.3
4592,102798,20260830,1132,1,5,2,1,1,4.8,2.0,4.8,2.0,2.8
4593,102799,20260526,1359,1,11,1,1,1,10.5,3.8,10.5,3.8,6.7
4594,102799,20260526,1359,1,19,1,1,1,5.5,2.0,5.5,2.0,3.5
4595,102800,20260824,845,3,25,1,1,1,8.5,3.2,8.5,3.2,5.3
4596,102801,20260403,2155,1,3,1,1,1,3.8,1.5,3.8,1.5,2.3
4597,102801,20260403,2155,1,1,1,1,1,3.5,1.4,3.5,1.4,2.1
4598,102802,20260910,814,4,6,2,3,1,5.0,2.1,5.0,2.1,2.9
4599,102802,20260910,814,4,2,2,3,1,4.0,1.6,4.0,1.6,2.4
4600,102802,20260910,814,4,20,2,3,1,6.5,2.4,6.5,2.4,4.1
4601,102803,20260501,1810,4,11,1,1,2,10.5,3.8,21.0,7.6,13.4
4602,102803,20260501,1810,4,14,1,1,1,13.5,4.6,13.5,4.6,8.9
4603,102804,20260519,926,4,7,4,1,2,4.3,1.8,8.6,3.6,5.0
4604,102805,20260518,1445,2,20,2,1,1,6.5,2.4,6.5,2.4,4.1
4605,102805,20260518,1445,2,11,2,1,1,10.5,3.8,10.5,3.8,6.7
4606,102806,20260810,1757,1,4,2,3,1,4.5,1.9,4.5,1.9,2.6
4607,102807,20260320,909,2,22,3,1,1,9.5,3.6,9.5,3.6,5.9
4608,102807,20260320,909,2,3,3,1,1,3.8,1.5,3.8,1.5,2.3
4609,102808,20260825,1927,1,5,1,1,1,4.8,2.0,4.8,2.0,2.8
4610,102808,20260825,1927,1,5,1,1,2,4.8,2.0,9.6,4.0,5.6
4611,102808,20260825,1927,1,19,1,1,1,5.5,2.0,5.5,2.0,3.5
4612,102809,20260905,931,2,5,1,1,1,4.8,2.0,4.8,2.0,2.8
4613,102809,20260905,931,2,7,1,1,1,4.3,1.8,4.3,1.8,2.5
4614,102810,20260511,1347,4,6,2,3,1,5.0,2.1,5.0,2.1,2.9
4615,102811,20260619,1824,1,12,1,4,1,12.0,4.2,12.0,4.2,7.8
4616,102811,20260619,1824,1,20,1,4,1,6.5,2.4,6.5,2.4,4.1
4617,102812,20260316,1722,1,10,1,1,1,8.0,3.0,8.0,3.0,5.0
4618,102813,20260604,732,1,14,1,2,1,13.5,4.6,13.5,4.6,8.9
4619,102813,20260604,732,1,20,1,2,1,6.5,2.4,6.5,2.4,4.1
4620,102814,20260828,1058,4,17,2,1,1,4.5,1.6,4.5,1.6,2.9
4621,102815,20260401,1123,4,2,2,1,1,4.0,1.6,4.0,1.6,2.4
4622,102815,20260401,1123,4,3,2,1,1,3.8,1.5,3.8,1.5,2.3
4623,102816,20260419,1359,1,6,1,2,1,5.0,2.1,5.0,2.1,2.9
4624,102816,20260419,1359,1,5,1,2,1,4.8,2.0,4.8,2.0,2.8
4625,102817,20260728,1652,2,8,2,4,1,8.5,3.2,8.5,3.2,5.3
4626,102817,20260728,1652,2,6,2,4,1,5.0,2.1,5.0,2.1,2.9
4627,102817,20260728,1652,2,24,2,4,1,8.0,3.0,8.0,3.0,5.0
4628,102818,20260624,1756,4,1,3,3,1,3.5,1.4,3.5,1.4,2.1
4629,102818,20260624,1756,4,13,3,3,1,12.5,4.3,12.5,4.3,8.2
4630,102819,20260713,859,3,19,1,1,1,5.5,2.0,5.5,2.0,3.5
4631,102820,20260826,1228,2,4,4,1,1,4.5,1.9,4.5,1.9,2.6
4632,102820,20260826,1228,2,9,4,1,1,9.0,3.4,9.0,3.4,5.6
4633,102820,20260826,1228,2,20,4,1,1,6.5,2.4,6.5,2.4,4.1
4634,102821,20260724,1348,2,11,1,1,1,10.5,3.8,10.5,3.8,6.7
4635,102821,20260724,1348,2,23,1,1,1,9.0,3.4,9.0,3.4,5.6
4636,102821,20260724,1348,2,3,1,1,1,3.8,1.5,3.8,1.5,2.3
4637,102822,20260401,1020,2,4,1,1,1,4.5,1.9,4.5,1.9,2.6
4638,102822,20260401,1020,2,20,1,1,1,6.5,2.4,6.5,2.4,4.1
4639,102823,20260828,1019,1,1,1,4,1,3.5,1.4,3.5,1.4,2.1
4640,102824,20260515,1132,1,7,2,1,1,4.3,1.8,4.3,1.8,2.5
4641,102825,20260826,918,4,2,1,3,1,4.0,1.6,4.0,1.6,2.4
4642,102826,20260402,1028,1,1,1,1,1,3.5,1.4,3.5,1.4,2.1
4643,102827,20260910,905,2,12,1,2,2,12.0,4.2,24.0,8.4,15.6
4644,102827,20260910,905,2,3,1,2,2,3.8,1.5,7.6,3.0,4.6
4645,102828,20260620,1733,2,10,1,1,1,8.0,3.0,8.0,3.0,5.0
4646,102829,20260715,1019,1,14,2,3,1,13.5,4.6,13.5,4.6,8.9
4647,102830,20260717,1846,3,13,1,1,1,12.5,4.3,12.5,4.3,8.2
4648,102831,20260908,2200,4,24,1,1,2,8.0,3.0,16.0,6.0,10.0
4649,102832,20260406,1738,2,10,2,4,1,8.0,3.0,8.0,3.0,5.0
4650,102832,20260406,1738,2,11,2,4,1,10.5,3.8,10.5,3.8,6.7
4651,102833,20260424,714,2,17,4,3,1,4.5,1.6,4.5,1.6,2.9
4652,102833,20260424,714,2,9,4,3,1,9.0,3.4,9.0,3.4,5.6
4653,102834,20260501,2031,4,18,2,1,2,5.0,1.8,10.0,3.6,6.4
4654,102835,20260513,828,1,7,1,1,2,4.3,1.8,8.6,3.6,5.0
4655,102836,20260430,1812,4,11,3,4,1,10.5,3.8,10.5,3.8,6.7
4656,102836,20260430,1812,4,10,3,4,1,8.0,3.0,8.0,3.0,5.0
4657,102837,20260322,959,4,7,1,1,1,4.3,1.8,4.3,1.8,2.5
4658,102838,20260907,1753,2,8,2,3,1,8.5,3.2,8.5,3.2,5.3
4659,102839,20260401,1900,3,17,3,4,1,4.5,1.6,4.5,1.6,2.9
4660,102840,20260829,830,4,19,1,2,2,5.5,2.0,11.0,4.0,7.0
4661,102840,20260829,830,4,17,1,2,2,4.5,1.6,9.0,3.2,5.8
4662,102841,20260417,1213,4,24,1,2,1,8.0,3.0,8.0,3.0,5.0
4663,102842,20260420,1736,1,10,1,2,1,8.0,3.0,8.0,3.0,5.0
4664,102842,20260420,1736,1,15,1,2,1,11.0,4.0,11.0,4.0,7.0
4665,102843,20260914,1908,2,12,1,3,1,12.0,4.2,12.0,4.2,7.8
4666,102843,20260914,1908,2,11,1,3,1,10.5,3.8,10.5,3.8,6.7
4667,102844,20260823,1805,4,4,2,1,1,4.5,1.9,4.5,1.9,2.6
4668,102845,20260626,1742,4,9,1,4,1,9.0,3.4,9.0,3.4,5.6
4669,102845,20260626,1742,4,24,1,4,1,8.0,3.0,8.0,3.0,5.0
4670,102845,20260626,1742,4,12,1,4,2,12.0,4.2,24.0,8.4,15.6
4671,102846,20260404,1844,3,14,4,1,1,13.5,4.6,13.5,4.6,8.9
4672,102847,20260810,1336,1,2,1,3,1,4.0,1.6,4.0,1.6,2.4
4673,102848,20260613,1709,1,15,2,1,1,11.0,4.0,11.0,4.0,7.0
4674,102849,20260325,1855,3,25,3,2,1,8.5,3.2,8.5,3.2,5.3
4675,102849,20260325,1855,3,2,3,2,1,4.0,1.6,4.0,1.6,2.4
4676,102850,20260904,1253,3,1,2,2,1,3.5,1.4,3.5,1.4,2.1
4677,102851,20260430,1312,1,21,2,1,1,9.0,3.2,9.0,3.2,5.8
4678,102852,20260704,1659,2,11,3,3,1,10.5,3.8,10.5,3.8,6.7
4679,102852,20260704,1659,2,18,3,3,1,5.0,1.8,5.0,1.8,3.2
4680,102852,20260704,1659,2,13,3,3,1,12.5,4.3,12.5,4.3,8.2
4681,102853,20260629,2005,4,3,2,3,1,3.8,1.5,3.8,1.5,2.3
4682,102854,20260705,825,2,20,4,2,1,6.5,2.4,6.5,2.4,4.1
4683,102855,20260507,1739,4,11,2,4,1,10.5,3.8,10.5,3.8,6.7
4684,102856,20260816,1006,1,14,4,1,1,13.5,4.6,13.5,4.6,8.9
4685,102856,20260816,1006,1,17,4,1,1,4.5,1.6,4.5,1.6,2.9
4686,102857,20260702,1837,3,3,3,3,1,3.8,1.5,3.8,1.5,2.3
4687,102858,20260527,928,4,4,3,1,1,4.5,1.9,4.5,1.9,2.6
4688,102859,20260716,1715,1,9,4,4,1,9.0,3.4,9.0,3.4,5.6
4689,102859,20260716,1715,1,12,4,4,1,12.0,4.2,12.0,4.2,7.8
4690,102860,20260712,1826,1,10,1,4,2,8.0,3.0,16.0,6.0,10.0
4691,102860,20260712,1826,1,8,1,4,1,8.5,3.2,8.5,3.2,5.3
4692,102860,20260712,1826,1,24,1,4,1,8.0,3.0,8.0,3.0,5.0
4693,102861,20260824,1647,4,14,2,1,1,13.5,4.6,13.5,4.6,8.9
4694,102862,20260415,954,4,20,2,1,1,6.5,2.4,6.5,2.4,4.1
4695,102863,20260530,1643,4,20,1,3,1,6.5,2.4,6.5,2.4,4.1
4696,102863,20260530,1643,4,14,1,3,1,13.5,4.6,13.5,4.6,8.9
4697,102864,20260404,1942,4,2,2,1,1,4.0,1.6,4.0,1.6,2.4
4698,102865,20260707,811,4,21,1,1,2,9.0,3.2,18.0,6.4,11.6
4699,102866,20260421,1036,1,7,2,4,2,4.3,1.8,8.6,3.6,5.0
4700,102866,20260421,1036,1,5,2,4,1,4.8,2.0,4.8,2.0,2.8
4701,102867,20260517,1654,1,4,4,1,1,4.5,1.9,4.5,1.9,2.6
4702,102867,20260517,1654,1,7,4,1,1,4.3,1.8,4.3,1.8,2.5
4703,102868,20260710,1119,1,17,1,3,1,4.5,1.6,4.5,1.6,2.9
4704,102868,20260710,1119,1,9,1,3,1,9.0,3.4,9.0,3.4,5.6
4705,102868,20260710,1119,1,16,1,3,1,11.5,4.1,11.5,4.1,7.4
4706,102869,20260502,951,2,21,1,1,1,9.0,3.2,9.0,3.2,5.8
4707,102869,20260502,951,2,21,1,1,2,9.0,3.2,18.0,6.4,11.6
4708,102869,20260502,951,2,3,1,1,1,3.8,1.5,3.8,1.5,2.3
4709,102870,20260423,1352,2,2,2,4,1,4.0,1.6,4.0,1.6,2.4
4710,102870,20260423,1352,2,4,2,4,1,4.5,1.9,4.5,1.9,2.6
4711,102871,20260807,1739,4,22,1,1,1,9.5,3.6,9.5,3.6,5.9
4712,102871,20260807,1739,4,11,1,1,1,10.5,3.8,10.5,3.8,6.7
4713,102872,20260411,1834,2,10,2,1,1,8.0,3.0,8.0,3.0,5.0
4714,102873,20260807,1006,4,7,2,3,1,4.3,1.8,4.3,1.8,2.5
4715,102873,20260807,1006,4,4,2,3,1,4.5,1.9,4.5,1.9,2.6
4716,102874,20260625,1634,1,11,1,4,1,10.5,3.8,10.5,3.8,6.7
4717,102875,20260630,1810,4,10,2,2,1,8.0,3.0,8.0,3.0,5.0
4718,102876,20260904,1700,2,4,1,1,1,4.5,1.9,4.5,1.9,2.6
4719,102876,20260904,1700,2,22,1,1,1,9.5,3.6,9.5,3.6,5.9
4720,102877,20260514,806,1,5,1,2,1,4.8,2.0,4.8,2.0,2.8
4721,102877,20260514,806,1,4,1,2,1,4.5,1.9,4.5,1.9,2.6
4722,102878,20260608,1024,4,22,4,3,1,9.5,3.6,9.5,3.6,5.9
4723,102878,20260608,1024,4,7,4,3,1,4.3,1.8,4.3,1.8,2.5
4724,102878,20260608,1024,4,17,4,3,1,4.5,1.6,4.5,1.6,2.9
4725,102879,20260406,1932,4,14,1,2,1,13.5,4.6,13.5,4.6,8.9
4726,102879,20260406,1932,4,2,1,2,1,4.0,1.6,4.0,1.6,2.4
4727,102880,20260516,929,1,18,3,1,1,5.0,1.8,5.0,1.8,3.2
4728,102881,20260610,1606,3,19,1,1,1,5.5,2.0,5.5,2.0,3.5
4729,102882,20260729,1547,2,5,3,3,1,4.8,2.0,4.8,2.0,2.8
4730,102882,20260729,1547,2,16,3,3,1,11.5,4.1,11.5,4.1,7.4
4731,102883,20260721,1325,1,6,1,1,2,5.0,2.1,10.0,4.2,5.8
4732,102884,20260322,1852,1,24,2,1,1,8.0,3.0,8.0,3.0,5.0
4733,102884,20260322,1852,1,13,2,1,1,12.5,4.3,12.5,4.3,8.2
4734,102884,20260322,1852,1,12,2,1,1,12.0,4.2,12.0,4.2,7.8
4735,102885,20260415,924,4,10,1,1,1,8.0,3.0,8.0,3.0,5.0
4736,102886,20260527,1621,1,14,1,3,1,13.5,4.6,13.5,4.6,8.9
4737,102887,20260515,1706,2,16,2,3,2,11.5,4.1,23.0,8.2,14.8
4738,102888,20260607,852,1,3,1,1,2,3.8,1.5,7.6,3.0,4.6
4739,102888,20260607,852,1,3,1,1,2,3.8,1.5,7.6,3.0,4.6
4740,102888,20260607,852,1,19,1,1,1,5.5,2.0,5.5,2.0,3.5
4741,102889,20260522,1657,3,19,1,3,1,5.5,2.0,5.5,2.0,3.5
4742,102890,20260707,839,2,5,1,2,1,4.8,2.0,4.8,2.0,2.8
4743,102890,20260707,839,2,8,1,2,1,8.5,3.2,8.5,3.2,5.3
4744,102891,20260701,1959,3,12,1,1,1,12.0,4.2,12.0,4.2,7.8
4745,102891,20260701,1959,3,21,1,1,1,9.0,3.2,9.0,3.2,5.8
4746,102892,20260617,834,4,7,2,4,1,4.3,1.8,4.3,1.8,2.5
4747,102892,20260617,834,4,5,2,4,1,4.8,2.0,4.8,2.0,2.8
4748,102893,20260428,1811,4,16,3,3,1,11.5,4.1,11.5,4.1,7.4
4749,102893,20260428,1811,4,12,3,3,1,12.0,4.2,12.0,4.2,7.8
4750,102893,20260428,1811,4,20,3,3,1,6.5,2.4,6.5,2.4,4.1
4751,102894,20260618,903,2,1,1,2,1,3.5,1.4,3.5,1.4,2.1
4752,102894,20260618,903,2,7,1,2,2,4.3,1.8,8.6,3.6,5.0
4753,102894,20260618,903,2,25,1,2,1,8.5,3.2,8.5,3.2,5.3
4754,102895,20260511,1917,1,16,1,2,1,11.5,4.1,11.5,4.1,7.4
4755,102896,20260904,951,1,19,1,2,1,5.5,2.0,5.5,2.0,3.5
4756,102896,20260904,951,1,6,1,2,1,5.0,2.1,5.0,2.1,2.9
4757,102897,20260324,1145,3,5,1,3,1,4.8,2.0,4.8,2.0,2.8
4758,102897,20260324,1145,3,15,1,3,1,11.0,4.0,11.0,4.0,7.0
4759,102898,20260727,1240,3,12,1,1,1,12.0,4.2,12.0,4.2,7.8
4760,102898,20260727,1240,3,17,1,1,1,4.5,1.6,4.5,1.6,2.9
4761,102899,20260508,828,2,5,1,2,1,4.8,2.0,4.8,2.0,2.8
4762,102900,20260810,915,3,6,2,1,1,5.0,2.1,5.0,2.1,2.9
4763,102900,20260810,915,3,3,2,1,1,3.8,1.5,3.8,1.5,2.3
4764,102901,20260828,1852,3,11,1,1,1,10.5,3.8,10.5,3.8,6.7
4765,102901,20260828,1852,3,12,1,1,1,12.0,4.2,12.0,4.2,7.8
4766,102902,20260720,1257,4,11,2,3,1,10.5,3.8,10.5,3.8,6.7
4767,102903,20260807,1840,4,9,1,4,2,9.0,3.4,18.0,6.8,11.2
4768,102903,20260807,1840,4,24,1,4,1,8.0,3.0,8.0,3.0,5.0
4769,102904,20260418,1920,4,12,3,3,2,12.0,4.2,24.0,8.4,15.6
4770,102905,20260608,1027,3,17,2,1,2,4.5,1.6,9.0,3.2,5.8
4771,102905,20260608,1027,3,1,2,1,1,3.5,1.4,3.5,1.4,2.1
4772,102906,20260713,1813,4,9,1,3,1,9.0,3.4,9.0,3.4,5.6
4773,102906,20260713,1813,4,9,1,3,1,9.0,3.4,9.0,3.4,5.6
4774,102907,20260621,949,2,5,1,3,1,4.8,2.0,4.8,2.0,2.8
4775,102908,20260603,1637,2,13,1,4,1,12.5,4.3,12.5,4.3,8.2
4776,102909,20260613,1911,4,16,1,4,1,11.5,4.1,11.5,4.1,7.4
4777,102910,20260616,915,2,3,4,1,1,3.8,1.5,3.8,1.5,2.3
4778,102910,20260616,915,2,17,4,1,1,4.5,1.6,4.5,1.6,2.9
4779,102911,20260409,1054,2,9,2,1,1,9.0,3.4,9.0,3.4,5.6
4780,102911,20260409,1054,2,15,2,1,1,11.0,4.0,11.0,4.0,7.0
4781,102912,20260514,1545,2,16,2,1,2,11.5,4.1,23.0,8.2,14.8
4782,102912,20260514,1545,2,3,2,1,1,3.8,1.5,3.8,1.5,2.3
4783,102913,20260515,846,2,17,2,1,2,4.5,1.6,9.0,3.2,5.8
4784,102914,20260528,812,1,2,1,1,1,4.0,1.6,4.0,1.6,2.4
4785,102914,20260528,812,1,14,1,1,1,13.5,4.6,13.5,4.6,8.9
4786,102915,20260531,2139,4,1,3,1,1,3.5,1.4,3.5,1.4,2.1
4787,102916,20260812,2146,4,20,2,1,1,6.5,2.4,6.5,2.4,4.1
4788,102916,20260812,2146,4,17,2,1,1,4.5,1.6,4.5,1.6,2.9
4789,102917,20260610,1024,2,3,2,1,1,3.8,1.5,3.8,1.5,2.3
4790,102917,20260610,1024,2,5,2,1,2,4.8,2.0,9.6,4.0,5.6
4791,102917,20260610,1024,2,5,2,1,1,4.8,2.0,4.8,2.0,2.8
4792,102918,20260803,1714,3,11,1,4,1,10.5,3.8,10.5,3.8,6.7
4793,102919,20260914,908,2,7,1,1,1,4.3,1.8,4.3,1.8,2.5
4794,102920,20260530,740,1,10,2,3,1,8.0,3.0,8.0,3.0,5.0
4795,102920,20260530,740,1,3,2,3,1,3.8,1.5,3.8,1.5,2.3
4796,102921,20260801,1014,3,21,2,1,2,9.0,3.2,18.0,6.4,11.6
4797,102921,20260801,1014,3,2,2,1,1,4.0,1.6,4.0,1.6,2.4
4798,102922,20260419,1812,4,4,2,4,1,4.5,1.9,4.5,1.9,2.6
4799,102922,20260419,1812,4,14,2,4,1,13.5,4.6,13.5,4.6,8.9
4800,102922,20260419,1812,4,16,2,4,1,11.5,4.1,11.5,4.1,7.4
4801,102923,20260427,1844,3,13,1,2,2,12.5,4.3,25.0,8.6,16.4
4802,102924,20260320,1351,2,17,2,1,1,4.5,1.6,4.5,1.6,2.9
4803,102925,20260418,1735,3,13,4,3,1,12.5,4.3,12.5,4.3,8.2
4804,102926,20260527,824,4,20,1,1,1,6.5,2.4,6.5,2.4,4.1
4805,102926,20260527,824,4,1,1,1,1,3.5,1.4,3.5,1.4,2.1
4806,102927,20260903,1734,3,14,4,2,1,13.5,4.6,13.5,4.6,8.9
4807,102928,20260813,1705,2,9,2,1,1,9.0,3.4,9.0,3.4,5.6
4808,102928,20260813,1705,2,13,2,1,1,12.5,4.3,12.5,4.3,8.2
4809,102929,20260519,1011,1,5,4,2,1,4.8,2.0,4.8,2.0,2.8
4810,102930,20260429,1916,2,19,2,1,2,5.5,2.0,11.0,4.0,7.0
4811,102930,20260429,1916,2,16,2,1,1,11.5,4.1,11.5,4.1,7.4
4812,102931,20260528,1741,2,13,1,3,1,12.5,4.3,12.5,4.3,8.2
4813,102931,20260528,1741,2,8,1,3,1,8.5,3.2,8.5,3.2,5.3
4814,102932,20260625,1722,1,5,1,1,2,4.8,2.0,9.6,4.0,5.6
4815,102933,20260912,1742,4,11,2,3,1,10.5,3.8,10.5,3.8,6.7
4816,102934,20260802,2104,1,6,1,1,1,5.0,2.1,5.0,2.1,2.9
4817,102935,20260430,818,1,1,3,1,1,3.5,1.4,3.5,1.4,2.1
4818,102935,20260430,818,1,21,3,1,1,9.0,3.2,9.0,3.2,5.8
4819,102935,20260430,818,1,11,3,1,2,10.5,3.8,21.0,7.6,13.4
4820,102936,20260731,1706,2,12,1,1,1,12.0,4.2,12.0,4.2,7.8
4821,102936,20260731,1706,2,8,1,1,1,8.5,3.2,8.5,3.2,5.3
4822,102936,20260731,1706,2,8,1,1,1,8.5,3.2,8.5,3.2,5.3
4823,102937,20260619,833,4,4,1,2,1,4.5,1.9,4.5,1.9,2.6
4824,102937,20260619,833,4,10,1,2,1,8.0,3.0,8.0,3.0,5.0
4825,102938,20260512,1038,2,3,1,1,1,3.8,1.5,3.8,1.5,2.3
4826,102939,20260708,1738,1,15,2,4,1,11.0,4.0,11.0,4.0,7.0
4827,102939,20260708,1738,1,17,2,4,1,4.5,1.6,4.5,1.6,2.9
4828,102940,20260624,1821,2,16,1,1,1,11.5,4.1,11.5,4.1,7.4
4829,102940,20260624,1821,2,1,1,1,2,3.5,1.4,7.0,2.8,4.2
4830,102940,20260624,1821,2,17,1,1,1,4.5,1.6,4.5,1.6,2.9
4831,102941,20260608,1859,4,14,1,1,1,13.5,4.6,13.5,4.6,8.9
4832,102942,20260611,1021,3,6,1,2,1,5.0,2.1,5.0,2.1,2.9
4833,102942,20260611,1021,3,14,1,2,1,13.5,4.6,13.5,4.6,8.9
4834,102943,20260318,1822,1,15,1,4,1,11.0,4.0,11.0,4.0,7.0
4835,102943,20260318,1822,1,8,1,4,1,8.5,3.2,8.5,3.2,5.3
4836,102943,20260318,1822,1,23,1,4,1,9.0,3.4,9.0,3.4,5.6
4837,102944,20260901,1628,2,10,3,2,1,8.0,3.0,8.0,3.0,5.0
4838,102944,20260901,1628,2,16,3,2,2,11.5,4.1,23.0,8.2,14.8
4839,102945,20260811,1903,3,24,2,1,1,8.0,3.0,8.0,3.0,5.0
4840,102945,20260811,1903,3,21,2,1,1,9.0,3.2,9.0,3.2,5.8
4841,102946,20260512,1529,1,6,1,1,1,5.0,2.1,5.0,2.1,2.9
4842,102947,20260717,1832,1,8,1,1,1,8.5,3.2,8.5,3.2,5.3
4843,102948,20260814,808,3,21,1,3,1,9.0,3.2,9.0,3.2,5.8
4844,102949,20260707,1935,1,5,2,1,1,4.8,2.0,4.8,2.0,2.8
4845,102949,20260707,1935,1,7,2,1,1,4.3,1.8,4.3,1.8,2.5
4846,102949,20260707,1935,1,23,2,1,1,9.0,3.4,9.0,3.4,5.6
4847,102950,20260618,842,2,19,1,1,1,5.5,2.0,5.5,2.0,3.5
4848,102951,20260911,815,3,4,1,3,1,4.5,1.9,4.5,1.9,2.6
4849,102951,20260911,815,3,7,1,3,1,4.3,1.8,4.3,1.8,2.5
4850,102952,20260828,1118,1,17,3,1,1,4.5,1.6,4.5,1.6,2.9
4851,102953,20260407,1633,2,10,1,2,1,8.0,3.0,8.0,3.0,5.0
4852,102954,20260724,1822,1,11,1,3,1,10.5,3.8,10.5,3.8,6.7
4853,102955,20260816,1331,4,23,1,1,1,9.0,3.4,9.0,3.4,5.6
4854,102956,20260823,1901,2,24,2,4,1,8.0,3.0,8.0,3.0,5.0
4855,102956,20260823,1901,2,10,2,4,2,8.0,3.0,16.0,6.0,10.0
4856,102956,20260823,1901,2,14,2,4,2,13.5,4.6,27.0,9.2,17.8
4857,102957,20260715,1349,1,19,1,4,1,5.5,2.0,5.5,2.0,3.5
4858,102958,20260913,1646,2,6,1,4,1,5.0,2.1,5.0,2.1,2.9
4859,102959,20260524,1138,3,1,2,1,1,3.5,1.4,3.5,1.4,2.1
4860,102959,20260524,1138,3,11,2,1,1,10.5,3.8,10.5,3.8,6.7
4861,102959,20260524,1138,3,24,2,1,1,8.0,3.0,8.0,3.0,5.0
4862,102960,20260821,1708,3,13,2,3,2,12.5,4.3,25.0,8.6,16.4
4863,102961,20260624,1633,2,14,2,3,1,13.5,4.6,13.5,4.6,8.9
4864,102962,20260402,856,2,24,1,2,1,8.0,3.0,8.0,3.0,5.0
4865,102963,20260628,1908,2,16,3,3,1,11.5,4.1,11.5,4.1,7.4
4866,102964,20260317,1130,1,4,1,2,1,4.5,1.9,4.5,1.9,2.6
4867,102964,20260317,1130,1,5,1,2,1,4.8,2.0,4.8,2.0,2.8
4868,102965,20260806,1639,3,17,1,1,1,4.5,1.6,4.5,1.6,2.9
4869,102965,20260806,1639,3,4,1,1,1,4.5,1.9,4.5,1.9,2.6
4870,102966,20260421,1148,2,13,1,1,1,12.5,4.3,12.5,4.3,8.2
4871,102966,20260421,1148,2,16,1,1,1,11.5,4.1,11.5,4.1,7.4
4872,102966,20260421,1148,2,11,1,1,1,10.5,3.8,10.5,3.8,6.7
4873,102967,20260622,1916,4,17,1,4,2,4.5,1.6,9.0,3.2,5.8
4874,102967,20260622,1916,4,11,1,4,2,10.5,3.8,21.0,7.6,13.4
4875,102967,20260622,1916,4,14,1,4,1,13.5,4.6,13.5,4.6,8.9
4876,102968,20260812,1718,1,13,4,4,1,12.5,4.3,12.5,4.3,8.2
4877,102969,20260731,1022,4,17,1,1,1,4.5,1.6,4.5,1.6,2.9
4878,102970,20260503,808,1,19,1,4,1,5.5,2.0,5.5,2.0,3.5
4879,102971,20260809,913,3,18,1,1,1,5.0,1.8,5.0,1.8,3.2
4880,102972,20260617,1745,3,4,1,3,1,4.5,1.9,4.5,1.9,2.6
4881,102972,20260617,1745,3,2,1,3,1,4.0,1.6,4.0,1.6,2.4
4882,102973,20260813,948,3,21,1,4,1,9.0,3.2,9.0,3.2,5.8
4883,102974,20260827,1347,1,1,1,3,1,3.5,1.4,3.5,1.4,2.1
4884,102975,20260806,1803,1,20,1,1,1,6.5,2.4,6.5,2.4,4.1
4885,102976,20260524,705,2,18,1,1,2,5.0,1.8,10.0,3.6,6.4
4886,102977,20260830,1009,2,5,1,1,1,4.8,2.0,4.8,2.0,2.8
4887,102977,20260830,1009,2,5,1,1,1,4.8,2.0,4.8,2.0,2.8
4888,102977,20260830,1009,2,3,1,1,1,3.8,1.5,3.8,1.5,2.3
4889,102978,20260717,1709,2,22,1,1,1,9.5,3.6,9.5,3.6,5.9
4890,102978,20260717,1709,2,8,1,1,1,8.5,3.2,8.5,3.2,5.3
4891,102979,20260531,1800,4,1,1,1,2,3.5,1.4,7.0,2.8,4.2
4892,102980,20260726,1143,1,14,1,1,1,13.5,4.6,13.5,4.6,8.9
4893,102980,20260726,1143,1,18,1,1,2,5.0,1.8,10.0,3.6,6.4
4894,102981,20260730,814,1,5,1,2,1,4.8,2.0,4.8,2.0,2.8
4895,102981,20260730,814,1,9,1,2,1,9.0,3.4,9.0,3.4,5.6
4896,102982,20260401,1723,3,22,2,4,1,9.5,3.6,9.5,3.6,5.9
4897,102982,20260401,1723,3,12,2,4,1,12.0,4.2,12.0,4.2,7.8
4898,102982,20260401,1723,3,13,2,4,2,12.5,4.3,25.0,8.6,16.4
4899,102983,20260905,2126,4,21,1,1,1,9.0,3.2,9.0,3.2,5.8
4900,102983,20260905,2126,4,4,1,1,1,4.5,1.9,4.5,1.9,2.6
4901,102984,20260725,1909,3,8,3,3,1,8.5,3.2,8.5,3.2,5.3
4902,102985,20260819,2131,1,3,1,2,1,3.8,1.5,3.8,1.5,2.3
4903,102986,20260823,819,2,3,2,2,2,3.8,1.5,7.6,3.0,4.6
4904,102987,20260328,1921,1,7,2,3,1,4.3,1.8,4.3,1.8,2.5
4905,102987,20260328,1921,1,8,2,3,1,8.5,3.2,8.5,3.2,5.3
4906,102988,20260625,1218,4,8,3,1,1,8.5,3.2,8.5,3.2,5.3
4907,102988,20260625,1218,4,3,3,1,1,3.8,1.5,3.8,1.5,2.3
4908,102989,20260621,1253,3,10,1,1,2,8.0,3.0,16.0,6.0,10.0
4909,102990,20260821,1647,4,5,1,1,1,4.8,2.0,4.8,2.0,2.8
4910,102990,20260821,1647,4,9,1,1,1,9.0,3.4,9.0,3.4,5.6
4911,102991,20260504,1420,2,2,2,2,1,4.0,1.6,4.0,1.6,2.4
4912,102991,20260504,1420,2,6,2,2,2,5.0,2.1,10.0,4.2,5.8
4913,102991,20260504,1420,2,15,2,2,1,11.0,4.0,11.0,4.0,7.0
4914,102992,20260320,1747,4,10,2,3,2,8.0,3.0,16.0,6.0,10.0
4915,102992,20260320,1747,4,17,2,3,1,4.5,1.6,4.5,1.6,2.9
4916,102993,20260506,1630,1,19,1,1,1,5.5,2.0,5.5,2.0,3.5
4917,102994,20260322,812,3,1,1,1,2,3.5,1.4,7.0,2.8,4.2
4918,102994,20260322,812,3,8,1,1,1,8.5,3.2,8.5,3.2,5.3
4919,102995,20260624,1000,1,8,1,1,1,8.5,3.2,8.5,3.2,5.3
4920,102996,20260811,1705,4,13,1,1,1,12.5,4.3,12.5,4.3,8.2
4921,102997,20260703,1646,3,22,1,1,1,9.5,3.6,9.5,3.6,5.9
4922,102997,20260703,1646,3,10,1,1,1,8.0,3.0,8.0,3.0,5.0
4923,102997,20260703,1646,3,8,1,1,1,8.5,3.2,8.5,3.2,5.3
4924,102998,20260831,1033,2,8,1,1,1,8.5,3.2,8.5,3.2,5.3
4925,102999,20260320,1903,1,5,1,3,1,4.8,2.0,4.8,2.0,2.8
4926,102999,20260320,1903,1,9,1,3,1,9.0,3.4,9.0,3.4,5.6
4927,103000,20260705,1032,2,22,1,2,1,9.5,3.6,9.5,3.6,5.9
4928,103000,20260705,1032,2,16,1,2,2,11.5,4.1,23.0,8.2,14.8
4929,103001,20260614,1013,4,18,2,3,1,5.0,1.8,5.0,1.8,3.2
4930,103001,20260614,1013,4,1,2,3,1,3.5,1.4,3.5,1.4,2.1
4931,103002,20260518,1047,3,12,2,1,1,12.0,4.2,12.0,4.2,7.8
4932,103003,20260501,1710,4,10,1,3,1,8.0,3.0,8.0,3.0,5.0
4933,103003,20260501,1710,4,12,1,3,1,12.0,4.2,12.0,4.2,7.8
4934,103004,20260527,1202,1,5,1,3,1,4.8,2.0,4.8,2.0,2.8
4935,103005,20260831,1233,3,4,1,3,1,4.5,1.9,4.5,1.9,2.6
4936,103005,20260831,1233,3,9,1,3,1,9.0,3.4,9.0,3.4,5.6
4937,103006,20260517,1733,2,16,2,1,1,11.5,4.1,11.5,4.1,7.4
4938,103007,20260423,901,1,5,2,2,1,4.8,2.0,4.8,2.0,2.8
4939,103007,20260423,901,1,2,2,2,1,4.0,1.6,4.0,1.6,2.4
4940,103007,20260423,901,1,18,2,2,1,5.0,1.8,5.0,1.8,3.2
4941,103008,20260602,1747,1,8,2,2,1,8.5,3.2,8.5,3.2,5.3
4942,103008,20260602,1747,1,13,2,2,2,12.5,4.3,25.0,8.6,16.4
4943,103009,20260629,1417,1,11,4,3,1,10.5,3.8,10.5,3.8,6.7
4944,103009,20260629,1417,1,14,4,3,1,13.5,4.6,13.5,4.6,8.9
4945,103010,20260417,1756,2,7,1,3,1,4.3,1.8,4.3,1.8,2.5
4946,103010,20260417,1756,2,25,1,3,1,8.5,3.2,8.5,3.2,5.3
4947,103011,20260613,913,1,25,2,1,1,8.5,3.2,8.5,3.2,5.3
4948,103011,20260613,913,1,24,2,1,2,8.0,3.0,16.0,6.0,10.0
4949,103012,20260722,1731,1,12,2,4,2,12.0,4.2,24.0,8.4,15.6
4950,103013,20260816,1104,2,13,1,1,1,12.5,4.3,12.5,4.3,8.2
4951,103014,20260423,1753,3,25,2,1,1,8.5,3.2,8.5,3.2,5.3
4952,103015,20260904,1853,4,25,1,1,1,8.5,3.2,8.5,3.2,5.3
4953,103016,20260319,830,3,19,1,1,1,5.5,2.0,5.5,2.0,3.5
4954,103017,20260718,1820,3,24,4,2,1,8.0,3.0,8.0,3.0,5.0
4955,103018,20260803,2134,3,16,2,1,2,11.5,4.1,23.0,8.2,14.8
4956,103019,20260424,1816,2,11,3,3,1,10.5,3.8,10.5,3.8,6.7
4957,103020,20260614,814,1,7,2,1,1,4.3,1.8,4.3,1.8,2.5
4958,103020,20260614,814,1,4,2,1,1,4.5,1.9,4.5,1.9,2.6
4959,103021,20260505,1254,4,21,1,2,2,9.0,3.2,18.0,6.4,11.6
4960,103022,20260327,1033,1,19,1,1,1,5.5,2.0,5.5,2.0,3.5
4961,103022,20260327,1033,1,4,1,1,1,4.5,1.9,4.5,1.9,2.6
4962,103023,20260703,1647,2,16,1,2,1,11.5,4.1,11.5,4.1,7.4
4963,103024,20260723,1710,3,12,2,1,1,12.0,4.2,12.0,4.2,7.8
4964,103024,20260723,1710,3,9,2,1,1,9.0,3.4,9.0,3.4,5.6
4965,103025,20260813,936,4,17,2,2,1,4.5,1.6,4.5,1.6,2.9
4966,103025,20260813,936,4,22,2,2,1,9.5,3.6,9.5,3.6,5.9
4967,103026,20260512,1812,4,18,1,1,2,5.0,1.8,10.0,3.6,6.4
4968,103027,20260825,852,2,3,1,4,1,3.8,1.5,3.8,1.5,2.3
4969,103027,20260825,852,2,21,1,4,2,9.0,3.2,18.0,6.4,11.6
4970,103028,20260909,1820,2,14,1,1,2,13.5,4.6,27.0,9.2,17.8
4971,103029,20260604,1642,2,14,2,4,1,13.5,4.6,13.5,4.6,8.9
4972,103030,20260520,1830,2,13,1,1,1,12.5,4.3,12.5,4.3,8.2
4973,103031,20260812,904,3,2,1,2,1,4.0,1.6,4.0,1.6,2.4
4974,103032,20260829,1804,2,8,1,4,1,8.5,3.2,8.5,3.2,5.3
4975,103032,20260829,1804,2,13,1,4,1,12.5,4.3,12.5,4.3,8.2
4976,103033,20260611,1656,1,16,2,3,1,11.5,4.1,11.5,4.1,7.4
4977,103033,20260611,1656,1,12,2,3,1,12.0,4.2,12.0,4.2,7.8
4978,103034,20260724,1717,2,6,2,4,1,5.0,2.1,5.0,2.1,2.9
4979,103034,20260724,1717,2,9,2,4,1,9.0,3.4,9.0,3.4,5.6
4980,103035,20260508,1126,2,23,1,1,1,9.0,3.4,9.0,3.4,5.6
4981,103035,20260508,1126,2,24,1,1,1,8.0,3.0,8.0,3.0,5.0
4982,103036,20260721,2149,3,16,2,1,1,11.5,4.1,11.5,4.1,7.4
4983,103037,20260825,900,4,1,1,3,1,3.5,1.4,3.5,1.4,2.1
4984,103038,20260525,1731,1,8,4,2,1,8.5,3.2,8.5,3.2,5.3
4985,103039,20260529,1908,3,15,1,1,1,11.0,4.0,11.0,4.0,7.0
4986,103040,20260909,1905,1,17,1,3,1,4.5,1.6,4.5,1.6,2.9
4987,103041,20260507,1816,2,20,2,4,1,6.5,2.4,6.5,2.4,4.1
4988,103042,20260910,1355,3,19,1,1,1,5.5,2.0,5.5,2.0,3.5
4989,103042,20260910,1355,3,18,1,1,1,5.0,1.8,5.0,1.8,3.2
4990,103043,20260507,1059,1,14,2,1,1,13.5,4.6,13.5,4.6,8.9
4991,103044,20260420,856,2,4,2,1,1,4.5,1.9,4.5,1.9,2.6
4992,103045,20260412,1917,2,4,3,2,1,4.5,1.9,4.5,1.9,2.6
4993,103045,20260412,1917,2,9,3,2,2,9.0,3.4,18.0,6.8,11.2
4994,103046,20260902,1734,2,14,4,3,1,13.5,4.6,13.5,4.6,8.9
4995,103047,20260904,838,3,7,2,1,1,4.3,1.8,4.3,1.8,2.5
4996,103047,20260904,838,3,17,2,1,2,4.5,1.6,9.0,3.2,5.8
4997,103047,20260904,838,3,19,2,1,2,5.5,2.0,11.0,4.0,7.0
4998,103048,20260815,1259,3,20,3,4,1,6.5,2.4,6.5,2.4,4.1
4999,103049,20260403,1358,4,25,2,1,2,8.5,3.2,17.0,6.4,10.6
5000,103049,20260403,1358,4,23,2,1,1,9.0,3.4,9.0,3.4,5.6
5001,103050,20260501,1704,2,15,1,2,1,11.0,4.0,11.0,4.0,7.0
5002,103050,20260501,1704,2,25,1,2,1,8.5,3.2,8.5,3.2,5.3
5003,103051,20260503,920,4,6,1,3,1,5.0,2.1,5.0,2.1,2.9
5004,103051,20260503,920,4,20,1,3,1,6.5,2.4,6.5,2.4,4.1
5005,103052,20260904,801,1,15,4,4,1,11.0,4.0,11.0,4.0,7.0
5006,103053,20260528,2006,2,15,1,1,1,11.0,4.0,11.0,4.0,7.0
5007,103053,20260528,2006,2,7,1,1,1,4.3,1.8,4.3,1.8,2.5
5008,103054,20260423,1427,4,18,1,3,1,5.0,1.8,5.0,1.8,3.2
5009,103055,20260320,1333,2,5,2,3,1,4.8,2.0,4.8,2.0,2.8
5010,103055,20260320,1333,2,11,2,3,1,10.5,3.8,10.5,3.8,6.7
5011,103056,20260323,1637,1,12,2,4,1,12.0,4.2,12.0,4.2,7.8
5012,103057,20260725,1033,2,9,2,1,1,9.0,3.4,9.0,3.4,5.6
5013,103058,20260719,745,4,25,1,1,1,8.5,3.2,8.5,3.2,5.3
5014,103059,20260421,1220,4,1,4,2,1,3.5,1.4,3.5,1.4,2.1
5015,103060,20260531,1020,2,21,2,2,1,9.0,3.2,9.0,3.2,5.8
5016,103060,20260531,1020,2,2,2,2,1,4.0,1.6,4.0,1.6,2.4
5017,103061,20260728,1805,1,16,2,4,1,11.5,4.1,11.5,4.1,7.4
5018,103062,20260521,931,3,9,2,2,2,9.0,3.4,18.0,6.8,11.2
5019,103062,20260521,931,3,2,2,2,1,4.0,1.6,4.0,1.6,2.4
5020,103063,20260507,852,1,6,3,1,1,5.0,2.1,5.0,2.1,2.9
5021,103063,20260507,852,1,6,3,1,1,5.0,2.1,5.0,2.1,2.9
5022,103064,20260501,1550,1,10,4,3,1,8.0,3.0,8.0,3.0,5.0
5023,103064,20260501,1550,1,22,4,3,1,9.5,3.6,9.5,3.6,5.9
5024,103065,20260602,1800,2,10,2,1,2,8.0,3.0,16.0,6.0,10.0
5025,103065,20260602,1800,2,10,2,1,1,8.0,3.0,8.0,3.0,5.0
5026,103066,20260524,938,1,2,3,1,1,4.0,1.6,4.0,1.6,2.4
5027,103067,20260319,1853,1,6,1,4,2,5.0,2.1,10.0,4.2,5.8
5028,103067,20260319,1853,1,9,1,4,1,9.0,3.4,9.0,3.4,5.6
5029,103068,20260530,906,3,7,2,4,1,4.3,1.8,4.3,1.8,2.5
5030,103068,20260530,906,3,2,2,4,2,4.0,1.6,8.0,3.2,4.8
5031,103069,20260515,1326,1,9,1,1,1,9.0,3.4,9.0,3.4,5.6
5032,103069,20260515,1326,1,3,1,1,1,3.8,1.5,3.8,1.5,2.3
5033,103069,20260515,1326,1,16,1,1,1,11.5,4.1,11.5,4.1,7.4
5034,103070,20260707,1636,4,1,1,1,1,3.5,1.4,3.5,1.4,2.1
5035,103070,20260707,1636,4,23,1,1,1,9.0,3.4,9.0,3.4,5.6
5036,103071,20260727,904,1,18,2,2,1,5.0,1.8,5.0,1.8,3.2
5037,103071,20260727,904,1,7,2,2,1,4.3,1.8,4.3,1.8,2.5
5038,103072,20260422,1802,1,18,3,2,2,5.0,1.8,10.0,3.6,6.4
5039,103072,20260422,1802,1,8,3,2,1,8.5,3.2,8.5,3.2,5.3
5040,103073,20260318,1927,2,3,1,1,1,3.8,1.5,3.8,1.5,2.3
5041,103073,20260318,1927,2,9,1,1,2,9.0,3.4,18.0,6.8,11.2
5042,103074,20260730,848,4,19,1,1,2,5.5,2.0,11.0,4.0,7.0
5043,103074,20260730,848,4,3,1,1,1,3.8,1.5,3.8,1.5,2.3
5044,103075,20260910,1712,1,16,2,3,2,11.5,4.1,23.0,8.2,14.8
5045,103076,20260328,852,4,20,1,1,2,6.5,2.4,13.0,4.8,8.2
5046,103077,20260817,758,3,3,1,1,1,3.8,1.5,3.8,1.5,2.3
5047,103078,20260909,916,3,1,2,1,1,3.5,1.4,3.5,1.4,2.1
5048,103079,20260619,1002,4,5,1,1,1,4.8,2.0,4.8,2.0,2.8
5049,103079,20260619,1002,4,25,1,1,1,8.5,3.2,8.5,3.2,5.3
5050,103079,20260619,1002,4,5,1,1,1,4.8,2.0,4.8,2.0,2.8
5051,103080,20260416,1844,2,19,1,4,1,5.5,2.0,5.5,2.0,3.5
5052,103081,20260409,737,3,10,2,1,1,8.0,3.0,8.0,3.0,5.0
5053,103082,20260416,804,2,7,1,1,1,4.3,1.8,4.3,1.8,2.5
5054,103082,20260416,804,2,7,1,1,2,4.3,1.8,8.6,3.6,5.0
5055,103083,20260514,2124,1,24,1,1,1,8.0,3.0,8.0,3.0,5.0
5056,103083,20260514,2124,1,23,1,1,1,9.0,3.4,9.0,3.4,5.6
5057,103083,20260514,2124,1,8,1,1,1,8.5,3.2,8.5,3.2,5.3
5058,103084,20260513,1429,1,4,1,4,1,4.5,1.9,4.5,1.9,2.6
5059,103084,20260513,1429,1,13,1,4,1,12.5,4.3,12.5,4.3,8.2
5060,103085,20260427,943,1,18,1,1,1,5.0,1.8,5.0,1.8,3.2
5061,103085,20260427,943,1,19,1,1,1,5.5,2.0,5.5,2.0,3.5
5062,103086,20260704,1645,3,15,1,1,1,11.0,4.0,11.0,4.0,7.0
5063,103086,20260704,1645,3,13,1,1,1,12.5,4.3,12.5,4.3,8.2
5064,103087,20260626,1648,2,9,1,1,1,9.0,3.4,9.0,3.4,5.6
5065,103087,20260626,1648,2,17,1,1,1,4.5,1.6,4.5,1.6,2.9
5066,103088,20260709,916,3,3,1,1,1,3.8,1.5,3.8,1.5,2.3
5067,103088,20260709,916,3,21,1,1,1,9.0,3.2,9.0,3.2,5.8
5068,103088,20260709,916,3,20,1,1,1,6.5,2.4,6.5,2.4,4.1
5069,103089,20260722,1740,2,4,2,1,1,4.5,1.9,4.5,1.9,2.6
5070,103089,20260722,1740,2,1,2,1,1,3.5,1.4,3.5,1.4,2.1
5071,103089,20260722,1740,2,8,2,1,2,8.5,3.2,17.0,6.4,10.6
5072,103090,20260530,838,2,25,2,3,1,8.5,3.2,8.5,3.2,5.3
5073,103091,20260606,1834,2,11,2,4,1,10.5,3.8,10.5,3.8,6.7
5074,103091,20260606,1834,2,25,2,4,2,8.5,3.2,17.0,6.4,10.6
5075,103092,20260414,1205,3,3,2,1,1,3.8,1.5,3.8,1.5,2.3
5076,103093,20260914,1034,3,11,1,3,1,10.5,3.8,10.5,3.8,6.7
5077,103093,20260914,1034,3,13,1,3,1,12.5,4.3,12.5,4.3,8.2
5078,103094,20260425,1641,1,12,1,1,2,12.0,4.2,24.0,8.4,15.6
5079,103095,20260425,849,4,12,1,2,1,12.0,4.2,12.0,4.2,7.8
5080,103096,20260422,1814,2,20,3,1,2,6.5,2.4,13.0,4.8,8.2
5081,103096,20260422,1814,2,7,3,1,1,4.3,1.8,4.3,1.8,2.5
5082,103096,20260422,1814,2,1,3,1,1,3.5,1.4,3.5,1.4,2.1
5083,103097,20260517,1106,1,19,2,1,1,5.5,2.0,5.5,2.0,3.5
5084,103097,20260517,1106,1,11,2,1,2,10.5,3.8,21.0,7.6,13.4
5085,103098,20260906,854,2,19,1,1,1,5.5,2.0,5.5,2.0,3.5
5086,103098,20260906,854,2,20,1,1,1,6.5,2.4,6.5,2.4,4.1
5087,103098,20260906,854,2,2,1,1,2,4.0,1.6,8.0,3.2,4.8
5088,103099,20260703,928,4,18,2,1,1,5.0,1.8,5.0,1.8,3.2
5089,103099,20260703,928,4,3,2,1,1,3.8,1.5,3.8,1.5,2.3
5090,103100,20260714,907,1,6,2,1,1,5.0,2.1,5.0,2.1,2.9
5091,103101,20260712,2044,1,20,1,3,1,6.5,2.4,6.5,2.4,4.1
5092,103101,20260712,2044,1,7,1,3,1,4.3,1.8,4.3,1.8,2.5
5093,103102,20260727,1715,2,15,1,1,1,11.0,4.0,11.0,4.0,7.0
5094,103102,20260727,1715,2,20,1,1,2,6.5,2.4,13.0,4.8,8.2
5095,103103,20260405,1732,3,15,2,1,1,11.0,4.0,11.0,4.0,7.0
5096,103104,20260729,913,1,19,1,2,1,5.5,2.0,5.5,2.0,3.5
5097,103105,20260907,1721,1,13,1,1,1,12.5,4.3,12.5,4.3,8.2
5098,103106,20260403,1035,2,20,1,1,1,6.5,2.4,6.5,2.4,4.1
5099,103107,20260606,1815,3,18,1,1,2,5.0,1.8,10.0,3.6,6.4
5100,103107,20260606,1815,3,5,1,1,1,4.8,2.0,4.8,2.0,2.8
5101,103107,20260606,1815,3,24,1,1,1,8.0,3.0,8.0,3.0,5.0
5102,103108,20260530,810,4,3,2,3,1,3.8,1.5,3.8,1.5,2.3
5103,103109,20260721,2018,1,3,4,1,1,3.8,1.5,3.8,1.5,2.3
5104,103109,20260721,2018,1,1,4,1,1,3.5,1.4,3.5,1.4,2.1
5105,103109,20260721,2018,1,3,4,1,1,3.8,1.5,3.8,1.5,2.3
5106,103110,20260328,1516,1,2,2,1,2,4.0,1.6,8.0,3.2,4.8
5107,103111,20260728,936,3,20,1,2,1,6.5,2.4,6.5,2.4,4.1
5108,103112,20260728,2007,2,18,2,1,1,5.0,1.8,5.0,1.8,3.2
5109,103112,20260728,2007,2,8,2,1,1,8.5,3.2,8.5,3.2,5.3
5110,103113,20260727,1148,4,17,1,1,1,4.5,1.6,4.5,1.6,2.9
5111,103113,20260727,1148,4,18,1,1,1,5.0,1.8,5.0,1.8,3.2
5112,103114,20260708,1852,1,18,1,1,1,5.0,1.8,5.0,1.8,3.2
5113,103115,20260517,1245,2,6,3,1,1,5.0,2.1,5.0,2.1,2.9
5114,103115,20260517,1245,2,7,3,1,1,4.3,1.8,4.3,1.8,2.5
5115,103116,20260330,1827,2,6,2,1,2,5.0,2.1,10.0,4.2,5.8
5116,103117,20260526,1116,1,6,2,4,1,5.0,2.1,5.0,2.1,2.9
5117,103118,20260802,1929,4,6,2,4,1,5.0,2.1,5.0,2.1,2.9
5118,103119,20260530,1112,1,23,2,1,1,9.0,3.4,9.0,3.4,5.6
5119,103120,20260813,1707,3,22,1,1,1,9.5,3.6,9.5,3.6,5.9
5120,103120,20260813,1707,3,7,1,1,1,4.3,1.8,4.3,1.8,2.5
5121,103121,20260816,1716,3,15,1,4,2,11.0,4.0,22.0,8.0,14.0
5122,103121,20260816,1716,3,24,1,4,1,8.0,3.0,8.0,3.0,5.0
5123,103121,20260816,1716,3,9,1,4,1,9.0,3.4,9.0,3.4,5.6
5124,103122,20260406,1103,1,21,2,3,1,9.0,3.2,9.0,3.2,5.8
5125,103123,20260612,1743,4,10,1,1,1,8.0,3.0,8.0,3.0,5.0
5126,103124,20260716,1009,4,19,3,2,1,5.5,2.0,5.5,2.0,3.5
5127,103124,20260716,1009,4,14,3,2,1,13.5,4.6,13.5,4.6,8.9
5128,103125,20260821,1115,1,18,2,1,1,5.0,1.8,5.0,1.8,3.2
5129,103126,20260326,1757,2,6,2,2,1,5.0,2.1,5.0,2.1,2.9
5130,103126,20260326,1757,2,11,2,2,1,10.5,3.8,10.5,3.8,6.7
5131,103126,20260326,1757,2,9,2,2,1,9.0,3.4,9.0,3.4,5.6
5132,103127,20260425,918,4,2,2,1,1,4.0,1.6,4.0,1.6,2.4
5133,103127,20260425,918,4,22,2,1,1,9.5,3.6,9.5,3.6,5.9
5134,103127,20260425,918,4,6,2,1,1,5.0,2.1,5.0,2.1,2.9
5135,103128,20260525,1026,1,19,1,1,2,5.5,2.0,11.0,4.0,7.0
5136,103129,20260725,1850,4,5,4,3,1,4.8,2.0,4.8,2.0,2.8
5137,103129,20260725,1850,4,21,4,3,1,9.0,3.2,9.0,3.2,5.8
5138,103129,20260725,1850,4,6,4,3,2,5.0,2.1,10.0,4.2,5.8
5139,103130,20260811,931,1,4,1,1,1,4.5,1.9,4.5,1.9,2.6
5140,103131,20260523,947,2,7,2,1,1,4.3,1.8,4.3,1.8,2.5
5141,103131,20260523,947,2,5,2,1,1,4.8,2.0,4.8,2.0,2.8
5142,103132,20260626,1521,2,9,2,1,1,9.0,3.4,9.0,3.4,5.6
5143,103132,20260626,1521,2,1,2,1,1,3.5,1.4,3.5,1.4,2.1
5144,103133,20260609,1834,2,12,1,3,1,12.0,4.2,12.0,4.2,7.8
5145,103133,20260609,1834,2,16,1,3,1,11.5,4.1,11.5,4.1,7.4
5146,103134,20260317,1400,2,19,4,1,1,5.5,2.0,5.5,2.0,3.5
5147,103135,20260315,743,1,4,1,1,2,4.5,1.9,9.0,3.8,5.2
5148,103135,20260315,743,1,4,1,1,1,4.5,1.9,4.5,1.9,2.6
5149,103136,20260811,805,3,6,3,2,1,5.0,2.1,5.0,2.1,2.9
5150,103136,20260811,805,3,3,3,2,1,3.8,1.5,3.8,1.5,2.3
5151,103136,20260811,805,3,20,3,2,1,6.5,2.4,6.5,2.4,4.1
5152,103137,20260911,1759,3,4,1,1,1,4.5,1.9,4.5,1.9,2.6
5153,103138,20260330,940,4,13,1,4,1,12.5,4.3,12.5,4.3,8.2
5154,103138,20260330,940,4,24,1,4,1,8.0,3.0,8.0,3.0,5.0
5155,103139,20260804,1901,4,11,4,2,1,10.5,3.8,10.5,3.8,6.7
5156,103139,20260804,1901,4,25,4,2,1,8.5,3.2,8.5,3.2,5.3
5157,103140,20260708,1857,3,10,4,1,1,8.0,3.0,8.0,3.0,5.0
5158,103141,20260328,1040,2,3,4,2,1,3.8,1.5,3.8,1.5,2.3
5159,103142,20260905,1707,2,10,2,3,1,8.0,3.0,8.0,3.0,5.0
5160,103142,20260905,1707,2,10,2,3,1,8.0,3.0,8.0,3.0,5.0
5161,103143,20260814,821,1,17,1,1,1,4.5,1.6,4.5,1.6,2.9
5162,103143,20260814,821,1,3,1,1,1,3.8,1.5,3.8,1.5,2.3
5163,103144,20260617,1653,2,18,2,3,1,5.0,1.8,5.0,1.8,3.2
5164,103144,20260617,1653,2,5,2,3,1,4.8,2.0,4.8,2.0,2.8
5165,103145,20260315,1907,1,12,1,2,1,12.0,4.2,12.0,4.2,7.8
5166,103146,20260829,1837,4,15,4,3,1,11.0,4.0,11.0,4.0,7.0
5167,103147,20260529,715,1,11,4,1,1,10.5,3.8,10.5,3.8,6.7
5168,103147,20260529,715,1,8,4,1,1,8.5,3.2,8.5,3.2,5.3
5169,103148,20260325,1103,1,5,2,1,1,4.8,2.0,4.8,2.0,2.8
5170,103149,20260508,1831,1,22,2,1,1,9.5,3.6,9.5,3.6,5.9
5171,103149,20260508,1831,1,11,2,1,1,10.5,3.8,10.5,3.8,6.7
5172,103150,20260401,1849,1,25,2,3,1,8.5,3.2,8.5,3.2,5.3
5173,103151,20260705,2127,3,19,1,2,2,5.5,2.0,11.0,4.0,7.0
5174,103151,20260705,2127,3,3,1,2,1,3.8,1.5,3.8,1.5,2.3
5175,103152,20260715,1815,2,10,2,1,1,8.0,3.0,8.0,3.0,5.0
5176,103152,20260715,1815,2,8,2,1,1,8.5,3.2,8.5,3.2,5.3
5177,103152,20260715,1815,2,10,2,1,2,8.0,3.0,16.0,6.0,10.0
5178,103153,20260823,1024,3,7,1,1,1,4.3,1.8,4.3,1.8,2.5
5179,103153,20260823,1024,3,7,1,1,1,4.3,1.8,4.3,1.8,2.5
5180,103153,20260823,1024,3,7,1,1,1,4.3,1.8,4.3,1.8,2.5
5181,103154,20260412,1109,1,17,4,2,1,4.5,1.6,4.5,1.6,2.9
5182,103154,20260412,1109,1,12,4,2,1,12.0,4.2,12.0,4.2,7.8
5183,103155,20260406,1516,4,13,2,1,1,12.5,4.3,12.5,4.3,8.2
5184,103155,20260406,1516,4,18,2,1,1,5.0,1.8,5.0,1.8,3.2
5185,103156,20260902,1656,2,13,1,4,1,12.5,4.3,12.5,4.3,8.2
5186,103156,20260902,1656,2,19,1,4,2,5.5,2.0,11.0,4.0,7.0
5187,103157,20260802,1610,2,14,1,1,1,13.5,4.6,13.5,4.6,8.9
5188,103158,20260414,718,1,22,1,2,1,9.5,3.6,9.5,3.6,5.9
5189,103159,20260721,1541,1,23,1,3,1,9.0,3.4,9.0,3.4,5.6
5190,103159,20260721,1541,1,14,1,3,2,13.5,4.6,27.0,9.2,17.8
5191,103159,20260721,1541,1,6,1,3,1,5.0,2.1,5.0,2.1,2.9
5192,103160,20260818,2123,2,20,1,1,1,6.5,2.4,6.5,2.4,4.1
5193,103161,20260316,957,2,22,2,1,1,9.5,3.6,9.5,3.6,5.9
5194,103161,20260316,957,2,3,2,1,1,3.8,1.5,3.8,1.5,2.3
5195,103162,20260703,1232,1,1,1,1,1,3.5,1.4,3.5,1.4,2.1
5196,103162,20260703,1232,1,24,1,1,1,8.0,3.0,8.0,3.0,5.0
5197,103163,20260521,1917,1,5,1,1,1,4.8,2.0,4.8,2.0,2.8
5198,103163,20260521,1917,1,13,1,1,1,12.5,4.3,12.5,4.3,8.2
5199,103164,20260722,1026,2,18,2,1,1,5.0,1.8,5.0,1.8,3.2
5200,103165,20260710,1647,4,14,2,3,1,13.5,4.6,13.5,4.6,8.9
5201,103166,20260629,939,1,6,1,1,1,5.0,2.1,5.0,2.1,2.9
5202,103167,20260903,948,1,21,2,1,1,9.0,3.2,9.0,3.2,5.8
5203,103167,20260903,948,1,21,2,1,1,9.0,3.2,9.0,3.2,5.8
5204,103168,20260516,1920,2,10,1,1,1,8.0,3.0,8.0,3.0,5.0
5205,103168,20260516,1920,2,19,1,1,1,5.5,2.0,5.5,2.0,3.5
5206,103169,20260723,1859,1,7,1,3,1,4.3,1.8,4.3,1.8,2.5
5207,103169,20260723,1859,1,17,1,3,1,4.5,1.6,4.5,1.6,2.9
5208,103170,20260415,2012,2,2,2,2,1,4.0,1.6,4.0,1.6,2.4
5209,103170,20260415,2012,2,8,2,2,2,8.5,3.2,17.0,6.4,10.6
5210,103171,20260502,1815,2,20,2,1,1,6.5,2.4,6.5,2.4,4.1
5211,103171,20260502,1815,2,9,2,1,1,9.0,3.4,9.0,3.4,5.6
5212,103171,20260502,1815,2,8,2,1,1,8.5,3.2,8.5,3.2,5.3
5213,103172,20260524,1723,3,12,1,1,1,12.0,4.2,12.0,4.2,7.8
5214,103172,20260524,1723,3,11,1,1,1,10.5,3.8,10.5,3.8,6.7
5215,103173,20260601,1852,2,13,1,2,1,12.5,4.3,12.5,4.3,8.2
5216,103174,20260813,1851,3,5,3,3,1,4.8,2.0,4.8,2.0,2.8
5217,103175,20260809,1135,4,1,2,1,1,3.5,1.4,3.5,1.4,2.1
5218,103175,20260809,1135,4,19,2,1,2,5.5,2.0,11.0,4.0,7.0
5219,103176,20260426,1401,4,17,2,3,1,4.5,1.6,4.5,1.6,2.9
5220,103177,20260822,1218,3,1,1,1,1,3.5,1.4,3.5,1.4,2.1
5221,103177,20260822,1218,3,15,1,1,1,11.0,4.0,11.0,4.0,7.0
5222,103178,20260517,1449,1,5,2,2,1,4.8,2.0,4.8,2.0,2.8
5223,103179,20260723,1633,4,17,2,2,1,4.5,1.6,4.5,1.6,2.9
5224,103180,20260416,817,2,20,2,1,1,6.5,2.4,6.5,2.4,4.1
5225,103180,20260416,817,2,19,2,1,1,5.5,2.0,5.5,2.0,3.5
5226,103180,20260416,817,2,20,2,1,1,6.5,2.4,6.5,2.4,4.1
5227,103181,20260614,831,4,17,2,1,1,4.5,1.6,4.5,1.6,2.9
5228,103181,20260614,831,4,18,2,1,1,5.0,1.8,5.0,1.8,3.2
5229,103182,20260503,1355,2,10,2,1,1,8.0,3.0,8.0,3.0,5.0
5230,103182,20260503,1355,2,20,2,1,1,6.5,2.4,6.5,2.4,4.1
5231,103183,20260731,1707,1,5,1,3,1,4.8,2.0,4.8,2.0,2.8
5232,103184,20260315,1007,3,19,4,2,1,5.5,2.0,5.5,2.0,3.5
5233,103185,20260407,1348,4,12,4,3,1,12.0,4.2,12.0,4.2,7.8
5234,103185,20260407,1348,4,7,4,3,1,4.3,1.8,4.3,1.8,2.5
5235,103186,20260526,1905,1,25,2,4,1,8.5,3.2,8.5,3.2,5.3
5236,103186,20260526,1905,1,8,2,4,1,8.5,3.2,8.5,3.2,5.3
5237,103186,20260526,1905,1,9,2,4,1,9.0,3.4,9.0,3.4,5.6
5238,103187,20260324,802,4,4,1,1,1,4.5,1.9,4.5,1.9,2.6
5239,103188,20260905,1725,4,20,1,1,1,6.5,2.4,6.5,2.4,4.1
5240,103189,20260427,1109,1,18,1,1,1,5.0,1.8,5.0,1.8,3.2
5241,103190,20260701,1430,4,6,1,2,1,5.0,2.1,5.0,2.1,2.9
5242,103190,20260701,1430,4,8,1,2,1,8.5,3.2,8.5,3.2,5.3
5243,103190,20260701,1430,4,4,1,2,1,4.5,1.9,4.5,1.9,2.6
5244,103191,20260531,1403,1,16,1,1,1,11.5,4.1,11.5,4.1,7.4
5245,103191,20260531,1403,1,1,1,1,1,3.5,1.4,3.5,1.4,2.1
5246,103191,20260531,1403,1,4,1,1,1,4.5,1.9,4.5,1.9,2.6
5247,103192,20260606,1759,2,6,1,4,1,5.0,2.1,5.0,2.1,2.9
5248,103192,20260606,1759,2,6,1,4,1,5.0,2.1,5.0,2.1,2.9
5249,103192,20260606,1759,2,7,1,4,1,4.3,1.8,4.3,1.8,2.5
5250,103193,20260910,932,1,4,1,1,2,4.5,1.9,9.0,3.8,5.2
5251,103193,20260910,932,1,5,1,1,1,4.8,2.0,4.8,2.0,2.8
5252,103194,20260422,1158,1,14,2,2,1,13.5,4.6,13.5,4.6,8.9
5253,103194,20260422,1158,1,14,2,2,1,13.5,4.6,13.5,4.6,8.9
5254,103195,20260531,1902,3,5,4,3,1,4.8,2.0,4.8,2.0,2.8
5255,103195,20260531,1902,3,3,4,3,1,3.8,1.5,3.8,1.5,2.3
5256,103195,20260531,1902,3,13,4,3,1,12.5,4.3,12.5,4.3,8.2
5257,103196,20260729,1915,2,5,1,4,1,4.8,2.0,4.8,2.0,2.8
5258,103196,20260729,1915,2,13,1,4,1,12.5,4.3,12.5,4.3,8.2
5259,103197,20260704,1445,3,12,2,1,2,12.0,4.2,24.0,8.4,15.6
5260,103198,20260402,1657,2,14,1,3,2,13.5,4.6,27.0,9.2,17.8
5261,103199,20260819,1542,3,8,2,2,1,8.5,3.2,8.5,3.2,5.3
5262,103200,20260321,1901,2,16,3,3,1,11.5,4.1,11.5,4.1,7.4
5263,103200,20260321,1901,2,20,3,3,2,6.5,2.4,13.0,4.8,8.2
5264,103201,20260819,1635,4,11,3,4,1,10.5,3.8,10.5,3.8,6.7
5265,103202,20260721,2146,2,18,2,2,1,5.0,1.8,5.0,1.8,3.2
5266,103203,20260428,1700,1,13,2,1,1,12.5,4.3,12.5,4.3,8.2
5267,103204,20260527,1747,4,15,2,1,2,11.0,4.0,22.0,8.0,14.0
5268,103205,20260412,1005,4,4,1,1,1,4.5,1.9,4.5,1.9,2.6
5269,103205,20260412,1005,4,18,1,1,2,5.0,1.8,10.0,3.6,6.4
5270,103206,20260602,1019,3,4,1,1,2,4.5,1.9,9.0,3.8,5.2
5271,103207,20260810,855,1,1,2,1,1,3.5,1.4,3.5,1.4,2.1
5272,103207,20260810,855,1,20,2,1,1,6.5,2.4,6.5,2.4,4.1
5273,103208,20260409,1346,4,21,1,2,1,9.0,3.2,9.0,3.2,5.8
5274,103208,20260409,1346,4,23,1,2,1,9.0,3.4,9.0,3.4,5.6
5275,103208,20260409,1346,4,19,1,2,1,5.5,2.0,5.5,2.0,3.5
5276,103209,20260805,1921,1,2,1,3,1,4.0,1.6,4.0,1.6,2.4
5277,103209,20260805,1921,1,9,1,3,1,9.0,3.4,9.0,3.4,5.6
5278,103210,20260817,1856,4,17,2,3,1,4.5,1.6,4.5,1.6,2.9
5279,103211,20260525,1524,2,5,1,1,1,4.8,2.0,4.8,2.0,2.8
5280,103212,20260317,721,4,1,1,4,1,3.5,1.4,3.5,1.4,2.1
5281,103213,20260825,1812,3,13,1,1,1,12.5,4.3,12.5,4.3,8.2
5282,103213,20260825,1812,3,16,1,1,1,11.5,4.1,11.5,4.1,7.4
5283,103213,20260825,1812,3,15,1,1,1,11.0,4.0,11.0,4.0,7.0
5284,103214,20260403,1807,2,6,4,1,1,5.0,2.1,5.0,2.1,2.9
5285,103214,20260403,1807,2,8,4,1,1,8.5,3.2,8.5,3.2,5.3
5286,103214,20260403,1807,2,9,4,1,1,9.0,3.4,9.0,3.4,5.6
5287,103215,20260523,1651,3,9,1,4,1,9.0,3.4,9.0,3.4,5.6
5288,103215,20260523,1651,3,20,1,4,1,6.5,2.4,6.5,2.4,4.1
5289,103216,20260727,1016,1,21,1,1,2,9.0,3.2,18.0,6.4,11.6
5290,103217,20260901,1231,3,18,1,1,1,5.0,1.8,5.0,1.8,3.2
5291,103217,20260901,1231,3,20,1,1,1,6.5,2.4,6.5,2.4,4.1
5292,103218,20260326,957,1,21,1,1,1,9.0,3.2,9.0,3.2,5.8
5293,103219,20260406,1750,4,11,1,1,1,10.5,3.8,10.5,3.8,6.7
5294,103220,20260719,1030,1,8,2,1,1,8.5,3.2,8.5,3.2,5.3
5295,103220,20260719,1030,1,21,2,1,1,9.0,3.2,9.0,3.2,5.8
5296,103221,20260530,1852,3,11,2,1,1,10.5,3.8,10.5,3.8,6.7
5297,103221,20260530,1852,3,8,2,1,1,8.5,3.2,8.5,3.2,5.3
5298,103222,20260403,1147,1,5,1,1,1,4.8,2.0,4.8,2.0,2.8
5299,103223,20260531,1610,2,12,1,1,1,12.0,4.2,12.0,4.2,7.8
5300,103224,20260716,1136,3,25,1,1,1,8.5,3.2,8.5,3.2,5.3
5301,103224,20260716,1136,3,9,1,1,1,9.0,3.4,9.0,3.4,5.6
5302,103224,20260716,1136,3,22,1,1,1,9.5,3.6,9.5,3.6,5.9
5303,103225,20260525,1858,3,17,1,4,1,4.5,1.6,4.5,1.6,2.9
5304,103225,20260525,1858,3,12,1,4,2,12.0,4.2,24.0,8.4,15.6
5305,103225,20260525,1858,3,4,1,4,1,4.5,1.9,4.5,1.9,2.6
5306,103226,20260605,851,2,18,1,1,2,5.0,1.8,10.0,3.6,6.4
5307,103226,20260605,851,2,6,1,1,1,5.0,2.1,5.0,2.1,2.9
5308,103227,20260827,1814,4,16,3,1,1,11.5,4.1,11.5,4.1,7.4
5309,103227,20260827,1814,4,13,3,1,1,12.5,4.3,12.5,4.3,8.2
5310,103228,20260402,1723,4,1,2,3,1,3.5,1.4,3.5,1.4,2.1
5311,103228,20260402,1723,4,20,2,3,2,6.5,2.4,13.0,4.8,8.2
5312,103229,20260910,1936,3,24,2,1,1,8.0,3.0,8.0,3.0,5.0
5313,103229,20260910,1936,3,11,2,1,1,10.5,3.8,10.5,3.8,6.7
5314,103230,20260715,1631,1,23,1,4,1,9.0,3.4,9.0,3.4,5.6
5315,103231,20260404,1257,2,16,1,2,1,11.5,4.1,11.5,4.1,7.4
5316,103231,20260404,1257,2,10,1,2,1,8.0,3.0,8.0,3.0,5.0
5317,103231,20260404,1257,2,9,1,2,1,9.0,3.4,9.0,3.4,5.6
5318,103232,20260815,955,3,18,1,1,1,5.0,1.8,5.0,1.8,3.2
5319,103233,20260617,833,4,5,1,1,1,4.8,2.0,4.8,2.0,2.8
5320,103234,20260714,730,2,13,3,1,1,12.5,4.3,12.5,4.3,8.2
5321,103234,20260714,730,2,14,3,1,1,13.5,4.6,13.5,4.6,8.9
5322,103235,20260718,1236,1,15,1,1,1,11.0,4.0,11.0,4.0,7.0
5323,103235,20260718,1236,1,9,1,1,2,9.0,3.4,18.0,6.8,11.2
5324,103236,20260703,1724,1,14,2,1,1,13.5,4.6,13.5,4.6,8.9
5325,103236,20260703,1724,1,16,2,1,1,11.5,4.1,11.5,4.1,7.4
5326,103236,20260703,1724,1,21,2,1,1,9.0,3.2,9.0,3.2,5.8
5327,103237,20260728,1232,3,6,2,1,1,5.0,2.1,5.0,2.1,2.9
5328,103238,20260403,1801,2,10,2,4,1,8.0,3.0,8.0,3.0,5.0
5329,103239,20260707,845,2,18,1,2,1,5.0,1.8,5.0,1.8,3.2
5330,103239,20260707,845,2,16,1,2,2,11.5,4.1,23.0,8.2,14.8
5331,103239,20260707,845,2,2,1,2,2,4.0,1.6,8.0,3.2,4.8
5332,103240,20260408,733,2,4,2,2,1,4.5,1.9,4.5,1.9,2.6
5333,103240,20260408,733,2,22,2,2,1,9.5,3.6,9.5,3.6,5.9
5334,103240,20260408,733,2,25,2,2,1,8.5,3.2,8.5,3.2,5.3
5335,103241,20260322,1855,2,16,1,2,1,11.5,4.1,11.5,4.1,7.4
5336,103242,20260827,844,4,22,3,1,1,9.5,3.6,9.5,3.6,5.9
5337,103242,20260827,844,4,2,3,1,1,4.0,1.6,4.0,1.6,2.4
5338,103243,20260504,943,2,19,1,3,1,5.5,2.0,5.5,2.0,3.5
5339,103244,20260824,1745,2,10,4,4,1,8.0,3.0,8.0,3.0,5.0
5340,103245,20260802,1346,1,3,2,1,1,3.8,1.5,3.8,1.5,2.3
5341,103245,20260802,1346,1,18,2,1,1,5.0,1.8,5.0,1.8,3.2
5342,103246,20260714,1924,3,9,1,2,1,9.0,3.4,9.0,3.4,5.6
5343,103247,20260526,1905,4,18,1,3,1,5.0,1.8,5.0,1.8,3.2
5344,103247,20260526,1905,4,24,1,3,1,8.0,3.0,8.0,3.0,5.0
5345,103247,20260526,1905,4,6,1,3,1,5.0,2.1,5.0,2.1,2.9
5346,103248,20260905,1244,2,5,4,3,1,4.8,2.0,4.8,2.0,2.8
5347,103249,20260722,1811,2,23,1,2,1,9.0,3.4,9.0,3.4,5.6
5348,103250,20260410,954,2,21,3,2,1,9.0,3.2,9.0,3.2,5.8
5349,103251,20260825,954,4,24,4,1,2,8.0,3.0,16.0,6.0,10.0
5350,103251,20260825,954,4,20,4,1,1,6.5,2.4,6.5,2.4,4.1
5351,103252,20260501,1648,2,2,1,2,2,4.0,1.6,8.0,3.2,4.8
5352,103252,20260501,1648,2,15,1,2,1,11.0,4.0,11.0,4.0,7.0
5353,103252,20260501,1648,2,12,1,2,1,12.0,4.2,12.0,4.2,7.8
5354,103253,20260724,1750,2,19,2,2,1,5.5,2.0,5.5,2.0,3.5
5355,103253,20260724,1750,2,13,2,2,1,12.5,4.3,12.5,4.3,8.2
5356,103254,20260612,1003,2,13,1,3,1,12.5,4.3,12.5,4.3,8.2
5357,103255,20260908,948,3,14,1,2,1,13.5,4.6,13.5,4.6,8.9
5358,103255,20260908,948,3,7,1,2,1,4.3,1.8,4.3,1.8,2.5
5359,103256,20260323,1705,2,8,2,1,1,8.5,3.2,8.5,3.2,5.3
5360,103256,20260323,1705,2,21,2,1,1,9.0,3.2,9.0,3.2,5.8
5361,103257,20260725,926,1,23,1,3,1,9.0,3.4,9.0,3.4,5.6
5362,103258,20260509,942,2,1,1,2,1,3.5,1.4,3.5,1.4,2.1
5363,103258,20260509,942,2,15,1,2,1,11.0,4.0,11.0,4.0,7.0
5364,103259,20260323,901,2,24,1,2,1,8.0,3.0,8.0,3.0,5.0
5365,103260,20260317,841,2,7,1,2,1,4.3,1.8,4.3,1.8,2.5
5366,103261,20260526,2051,2,10,1,1,1,8.0,3.0,8.0,3.0,5.0
5367,103262,20260323,908,2,18,2,2,1,5.0,1.8,5.0,1.8,3.2
5368,103262,20260323,908,2,7,2,2,2,4.3,1.8,8.6,3.6,5.0
5369,103262,20260323,908,2,3,2,2,1,3.8,1.5,3.8,1.5,2.3
5370,103263,20260412,1749,4,11,1,1,1,10.5,3.8,10.5,3.8,6.7
5371,103263,20260412,1749,4,13,1,1,1,12.5,4.3,12.5,4.3,8.2
5372,103263,20260412,1749,4,4,1,1,1,4.5,1.9,4.5,1.9,2.6
5373,103264,20260720,1513,2,3,1,2,2,3.8,1.5,7.6,3.0,4.6
5374,103265,20260606,1748,4,7,1,1,1,4.3,1.8,4.3,1.8,2.5
5375,103266,20260731,858,3,10,1,1,1,8.0,3.0,8.0,3.0,5.0
5376,103267,20260411,1905,1,13,1,3,2,12.5,4.3,25.0,8.6,16.4
5377,103267,20260411,1905,1,8,1,3,2,8.5,3.2,17.0,6.4,10.6
5378,103268,20260627,837,4,18,1,1,1,5.0,1.8,5.0,1.8,3.2
5379,103268,20260627,837,4,1,1,1,1,3.5,1.4,3.5,1.4,2.1
5380,103269,20260801,725,1,7,1,1,1,4.3,1.8,4.3,1.8,2.5
5381,103269,20260801,725,1,21,1,1,1,9.0,3.2,9.0,3.2,5.8
5382,103269,20260801,725,1,6,1,1,1,5.0,2.1,5.0,2.1,2.9
5383,103270,20260721,831,1,20,2,3,2,6.5,2.4,13.0,4.8,8.2
5384,103271,20260726,1325,4,19,2,4,1,5.5,2.0,5.5,2.0,3.5
5385,103271,20260726,1325,4,20,2,4,1,6.5,2.4,6.5,2.4,4.1
5386,103271,20260726,1325,4,24,2,4,2,8.0,3.0,16.0,6.0,10.0
5387,103272,20260904,1704,4,18,1,2,1,5.0,1.8,5.0,1.8,3.2
5388,103273,20260702,827,3,18,1,2,1,5.0,1.8,5.0,1.8,3.2
5389,103273,20260702,827,3,3,1,2,1,3.8,1.5,3.8,1.5,2.3
5390,103274,20260718,706,2,2,2,3,1,4.0,1.6,4.0,1.6,2.4
5391,103275,20260412,1719,2,14,1,1,1,13.5,4.6,13.5,4.6,8.9
5392,103276,20260717,1003,2,20,1,2,2,6.5,2.4,13.0,4.8,8.2
5393,103276,20260717,1003,2,3,1,2,1,3.8,1.5,3.8,1.5,2.3
5394,103277,20260815,1759,1,17,1,4,1,4.5,1.6,4.5,1.6,2.9
5395,103277,20260815,1759,1,9,1,4,1,9.0,3.4,9.0,3.4,5.6
5396,103277,20260815,1759,1,25,1,4,1,8.5,3.2,8.5,3.2,5.3
5397,103278,20260803,2122,2,19,3,1,2,5.5,2.0,11.0,4.0,7.0
5398,103279,20260319,728,1,2,1,2,1,4.0,1.6,4.0,1.6,2.4
5399,103279,20260319,728,1,20,1,2,1,6.5,2.4,6.5,2.4,4.1
5400,103280,20260802,939,3,9,1,1,2,9.0,3.4,18.0,6.8,11.2
5401,103281,20260712,817,2,11,1,2,1,10.5,3.8,10.5,3.8,6.7
5402,103281,20260712,817,2,6,1,2,2,5.0,2.1,10.0,4.2,5.8
5403,103282,20260527,2048,2,14,4,1,1,13.5,4.6,13.5,4.6,8.9
5404,103283,20260809,1651,1,7,3,1,1,4.3,1.8,4.3,1.8,2.5
5405,103283,20260809,1651,1,3,3,1,1,3.8,1.5,3.8,1.5,2.3
5406,103284,20260501,1644,3,8,4,4,1,8.5,3.2,8.5,3.2,5.3
5407,103284,20260501,1644,3,21,4,4,2,9.0,3.2,18.0,6.4,11.6
5408,103284,20260501,1644,3,23,4,4,1,9.0,3.4,9.0,3.4,5.6
5409,103285,20260720,1346,2,13,2,1,1,12.5,4.3,12.5,4.3,8.2
5410,103285,20260720,1346,2,16,2,1,1,11.5,4.1,11.5,4.1,7.4
5411,103285,20260720,1346,2,2,2,1,2,4.0,1.6,8.0,3.2,4.8
5412,103286,20260907,1605,1,14,1,4,1,13.5,4.6,13.5,4.6,8.9
5413,103286,20260907,1605,1,15,1,4,1,11.0,4.0,11.0,4.0,7.0
5414,103287,20260617,1149,4,3,1,1,1,3.8,1.5,3.8,1.5,2.3
5415,103288,20260709,1300,2,17,2,1,1,4.5,1.6,4.5,1.6,2.9
5416,103289,20260901,921,1,17,2,1,1,4.5,1.6,4.5,1.6,2.9
5417,103290,20260705,1810,2,16,1,3,1,11.5,4.1,11.5,4.1,7.4
5418,103290,20260705,1810,2,22,1,3,1,9.5,3.6,9.5,3.6,5.9
5419,103291,20260901,1712,3,14,1,2,1,13.5,4.6,13.5,4.6,8.9
5420,103291,20260901,1712,3,9,1,2,1,9.0,3.4,9.0,3.4,5.6
5421,103292,20260722,1908,4,13,2,1,1,12.5,4.3,12.5,4.3,8.2
5422,103292,20260722,1908,4,21,2,1,1,9.0,3.2,9.0,3.2,5.8
5423,103293,20260825,1634,4,10,1,4,1,8.0,3.0,8.0,3.0,5.0
5424,103293,20260825,1634,4,11,1,4,1,10.5,3.8,10.5,3.8,6.7
5425,103294,20260907,1802,1,13,1,1,1,12.5,4.3,12.5,4.3,8.2
5426,103294,20260907,1802,1,25,1,1,1,8.5,3.2,8.5,3.2,5.3
5427,103295,20260521,1224,3,6,1,1,1,5.0,2.1,5.0,2.1,2.9
5428,103295,20260521,1224,3,17,1,1,1,4.5,1.6,4.5,1.6,2.9
5429,103296,20260820,805,2,2,3,2,1,4.0,1.6,4.0,1.6,2.4
5430,103296,20260820,805,2,21,3,2,1,9.0,3.2,9.0,3.2,5.8
5431,103297,20260617,940,1,7,1,1,1,4.3,1.8,4.3,1.8,2.5
5432,103298,20260715,1017,2,3,2,3,1,3.8,1.5,3.8,1.5,2.3
5433,103299,20260621,2049,3,22,1,1,1,9.5,3.6,9.5,3.6,5.9
5434,103299,20260621,2049,3,6,1,1,1,5.0,2.1,5.0,2.1,2.9
5435,103299,20260621,2049,3,10,1,1,1,8.0,3.0,8.0,3.0,5.0
5436,103300,20260528,1814,4,12,1,4,2,12.0,4.2,24.0,8.4,15.6
5437,103300,20260528,1814,4,9,1,4,1,9.0,3.4,9.0,3.4,5.6
5438,103301,20260817,1027,2,18,1,2,2,5.0,1.8,10.0,3.6,6.4
5439,103301,20260817,1027,2,19,1,2,1,5.5,2.0,5.5,2.0,3.5
5440,103301,20260817,1027,2,13,1,2,1,12.5,4.3,12.5,4.3,8.2
5441,103302,20260423,1633,2,12,1,3,1,12.0,4.2,12.0,4.2,7.8
5442,103303,20260727,1739,4,3,1,4,1,3.8,1.5,3.8,1.5,2.3
5443,103304,20260801,1819,1,6,4,3,1,5.0,2.1,5.0,2.1,2.9
5444,103305,20260612,1050,1,22,2,2,1,9.5,3.6,9.5,3.6,5.9
5445,103306,20260613,1005,2,18,1,1,2,5.0,1.8,10.0,3.6,6.4
5446,103306,20260613,1005,2,7,1,1,1,4.3,1.8,4.3,1.8,2.5
5447,103307,20260424,1011,3,17,1,1,1,4.5,1.6,4.5,1.6,2.9
5448,103308,20260615,1258,3,7,1,1,1,4.3,1.8,4.3,1.8,2.5
5449,103309,20260512,1632,2,12,1,1,1,12.0,4.2,12.0,4.2,7.8
5450,103310,20260613,953,1,12,3,1,1,12.0,4.2,12.0,4.2,7.8
5451,103311,20260820,1630,4,18,1,4,1,5.0,1.8,5.0,1.8,3.2
5452,103311,20260820,1630,4,16,1,4,1,11.5,4.1,11.5,4.1,7.4
5453,103312,20260721,1711,1,10,2,4,1,8.0,3.0,8.0,3.0,5.0
5454,103312,20260721,1711,1,3,2,4,1,3.8,1.5,3.8,1.5,2.3
5455,103313,20260410,904,4,5,2,4,1,4.8,2.0,4.8,2.0,2.8
5456,103313,20260410,904,4,2,2,4,1,4.0,1.6,4.0,1.6,2.4
5457,103314,20260801,1752,1,11,1,4,1,10.5,3.8,10.5,3.8,6.7
5458,103315,20260502,1721,3,8,1,1,1,8.5,3.2,8.5,3.2,5.3
5459,103316,20260628,1721,3,25,1,3,1,8.5,3.2,8.5,3.2,5.3
5460,103316,20260628,1721,3,17,1,3,1,4.5,1.6,4.5,1.6,2.9
5461,103317,20260810,1824,2,14,1,2,1,13.5,4.6,13.5,4.6,8.9
5462,103317,20260810,1824,2,13,1,2,1,12.5,4.3,12.5,4.3,8.2
5463,103318,20260804,931,4,6,4,3,1,5.0,2.1,5.0,2.1,2.9
5464,103319,20260405,1710,1,11,1,3,1,10.5,3.8,10.5,3.8,6.7
5465,103320,20260815,2113,2,22,3,1,1,9.5,3.6,9.5,3.6,5.9
5466,103320,20260815,2113,2,9,3,1,1,9.0,3.4,9.0,3.4,5.6
5467,103321,20260614,1710,1,13,1,1,1,12.5,4.3,12.5,4.3,8.2
5468,103321,20260614,1710,1,13,1,1,1,12.5,4.3,12.5,4.3,8.2
5469,103321,20260614,1710,1,16,1,1,1,11.5,4.1,11.5,4.1,7.4
5470,103322,20260316,1810,2,16,2,1,1,11.5,4.1,11.5,4.1,7.4
5471,103323,20260416,1025,1,18,1,3,1,5.0,1.8,5.0,1.8,3.2
5472,103324,20260908,952,4,12,1,1,1,12.0,4.2,12.0,4.2,7.8
5473,103324,20260908,952,4,19,1,1,1,5.5,2.0,5.5,2.0,3.5
5474,103324,20260908,952,4,20,1,1,1,6.5,2.4,6.5,2.4,4.1
5475,103325,20260410,1642,2,16,1,3,1,11.5,4.1,11.5,4.1,7.4
5476,103325,20260410,1642,2,13,1,3,1,12.5,4.3,12.5,4.3,8.2
5477,103325,20260410,1642,2,2,1,3,2,4.0,1.6,8.0,3.2,4.8
5478,103326,20260602,1911,1,8,3,1,1,8.5,3.2,8.5,3.2,5.3
5479,103326,20260602,1911,1,11,3,1,1,10.5,3.8,10.5,3.8,6.7
5480,103326,20260602,1911,1,25,3,1,1,8.5,3.2,8.5,3.2,5.3
5481,103327,20260327,2049,3,2,3,1,1,4.0,1.6,4.0,1.6,2.4
5482,103327,20260327,2049,3,24,3,1,1,8.0,3.0,8.0,3.0,5.0
5483,103328,20260716,1046,3,12,2,2,1,12.0,4.2,12.0,4.2,7.8
5484,103328,20260716,1046,3,18,2,2,1,5.0,1.8,5.0,1.8,3.2
5485,103329,20260317,1852,3,6,4,1,1,5.0,2.1,5.0,2.1,2.9
5486,103329,20260317,1852,3,10,4,1,1,8.0,3.0,8.0,3.0,5.0
5487,103330,20260602,2051,3,4,2,1,2,4.5,1.9,9.0,3.8,5.2
5488,103330,20260602,2051,3,3,2,1,1,3.8,1.5,3.8,1.5,2.3
5489,103331,20260327,1836,4,25,1,2,1,8.5,3.2,8.5,3.2,5.3
5490,103331,20260327,1836,4,22,1,2,2,9.5,3.6,19.0,7.2,11.8
5491,103332,20260712,1841,1,8,1,3,2,8.5,3.2,17.0,6.4,10.6
5492,103333,20260318,936,3,4,1,3,1,4.5,1.9,4.5,1.9,2.6
5493,103333,20260318,936,3,18,1,3,1,5.0,1.8,5.0,1.8,3.2
5494,103333,20260318,936,3,20,1,3,1,6.5,2.4,6.5,2.4,4.1
5495,103334,20260727,955,1,15,3,2,1,11.0,4.0,11.0,4.0,7.0
5496,103334,20260727,955,1,19,3,2,1,5.5,2.0,5.5,2.0,3.5
5497,103335,20260513,1958,1,16,1,1,1,11.5,4.1,11.5,4.1,7.4
5498,103335,20260513,1958,1,20,1,1,2,6.5,2.4,13.0,4.8,8.2
5499,103336,20260702,1804,4,23,2,2,1,9.0,3.4,9.0,3.4,5.6
5500,103337,20260713,1827,2,8,1,4,1,8.5,3.2,8.5,3.2,5.3
5501,103337,20260713,1827,2,7,1,4,1,4.3,1.8,4.3,1.8,2.5
5502,103338,20260820,730,1,12,3,1,1,12.0,4.2,12.0,4.2,7.8
5503,103339,20260709,1027,1,17,4,3,1,4.5,1.6,4.5,1.6,2.9
5504,103340,20260726,1925,4,14,2,1,1,13.5,4.6,13.5,4.6,8.9
5505,103340,20260726,1925,4,24,2,1,1,8.0,3.0,8.0,3.0,5.0
5506,103341,20260912,821,3,7,1,1,1,4.3,1.8,4.3,1.8,2.5
5507,103342,20260712,1633,1,25,2,1,1,8.5,3.2,8.5,3.2,5.3
5508,103343,20260617,1514,1,19,1,1,1,5.5,2.0,5.5,2.0,3.5
5509,103344,20260329,928,1,17,2,4,2,4.5,1.6,9.0,3.2,5.8
5510,103345,20260723,1735,1,9,2,1,1,9.0,3.4,9.0,3.4,5.6
5511,103346,20260819,1820,2,20,2,3,1,6.5,2.4,6.5,2.4,4.1
5512,103346,20260819,1820,2,13,2,3,2,12.5,4.3,25.0,8.6,16.4
5513,103347,20260811,1855,2,11,1,4,1,10.5,3.8,10.5,3.8,6.7
5514,103348,20260319,1836,4,8,1,4,1,8.5,3.2,8.5,3.2,5.3
5515,103348,20260319,1836,4,15,1,4,1,11.0,4.0,11.0,4.0,7.0
5516,103349,20260519,947,1,3,1,1,1,3.8,1.5,3.8,1.5,2.3
5517,103349,20260519,947,1,1,1,1,1,3.5,1.4,3.5,1.4,2.1
5518,103350,20260430,1033,3,11,1,1,1,10.5,3.8,10.5,3.8,6.7
5519,103350,20260430,1033,3,20,1,1,1,6.5,2.4,6.5,2.4,4.1
5520,103351,20260705,1901,3,14,2,3,1,13.5,4.6,13.5,4.6,8.9
5521,103352,20260327,1816,4,25,1,4,1,8.5,3.2,8.5,3.2,5.3
5522,103353,20260429,1811,3,23,2,1,1,9.0,3.4,9.0,3.4,5.6
5523,103354,20260618,902,1,19,1,1,1,5.5,2.0,5.5,2.0,3.5
5524,103355,20260402,1642,4,9,1,1,1,9.0,3.4,9.0,3.4,5.6
5525,103356,20260710,2054,1,24,1,2,1,8.0,3.0,8.0,3.0,5.0
5526,103356,20260710,2054,1,22,1,2,1,9.5,3.6,9.5,3.6,5.9
5527,103356,20260710,2054,1,18,1,2,1,5.0,1.8,5.0,1.8,3.2
5528,103357,20260913,1702,2,7,2,4,1,4.3,1.8,4.3,1.8,2.5
5529,103358,20260429,1022,1,4,1,1,2,4.5,1.9,9.0,3.8,5.2
5530,103358,20260429,1022,1,3,1,1,1,3.8,1.5,3.8,1.5,2.3
5531,103359,20260324,1908,1,12,1,1,2,12.0,4.2,24.0,8.4,15.6
5532,103359,20260324,1908,1,13,1,1,1,12.5,4.3,12.5,4.3,8.2
5533,103360,20260911,852,2,17,2,1,1,4.5,1.6,4.5,1.6,2.9
5534,103361,20260523,1605,2,3,1,3,1,3.8,1.5,3.8,1.5,2.3
5535,103361,20260523,1605,2,21,1,3,1,9.0,3.2,9.0,3.2,5.8
5536,103361,20260523,1605,2,21,1,3,1,9.0,3.2,9.0,3.2,5.8
5537,103362,20260607,1656,4,16,3,4,1,11.5,4.1,11.5,4.1,7.4
5538,103363,20260906,1123,1,21,1,4,2,9.0,3.2,18.0,6.4,11.6
5539,103363,20260906,1123,1,16,1,4,1,11.5,4.1,11.5,4.1,7.4
5540,103363,20260906,1123,1,5,1,4,1,4.8,2.0,4.8,2.0,2.8
5541,103364,20260705,1854,4,9,1,1,1,9.0,3.4,9.0,3.4,5.6
5542,103365,20260526,722,4,12,2,1,1,12.0,4.2,12.0,4.2,7.8
5543,103366,20260617,815,1,5,1,3,1,4.8,2.0,4.8,2.0,2.8
5544,103366,20260617,815,1,4,1,3,1,4.5,1.9,4.5,1.9,2.6
5545,103366,20260617,815,1,6,1,3,1,5.0,2.1,5.0,2.1,2.9
5546,103367,20260606,1857,1,20,2,1,1,6.5,2.4,6.5,2.4,4.1
5547,103367,20260606,1857,1,1,2,1,1,3.5,1.4,3.5,1.4,2.1
5548,103367,20260606,1857,1,1,2,1,1,3.5,1.4,3.5,1.4,2.1
5549,103368,20260626,1735,2,13,1,2,1,12.5,4.3,12.5,4.3,8.2
5550,103368,20260626,1735,2,13,1,2,1,12.5,4.3,12.5,4.3,8.2
5551,103368,20260626,1735,2,24,1,2,1,8.0,3.0,8.0,3.0,5.0
5552,103369,20260618,1759,3,8,2,1,1,8.5,3.2,8.5,3.2,5.3
5553,103369,20260618,1759,3,10,2,1,1,8.0,3.0,8.0,3.0,5.0
5554,103370,20260404,1818,4,4,2,1,2,4.5,1.9,9.0,3.8,5.2
5555,103370,20260404,1818,4,7,2,1,1,4.3,1.8,4.3,1.8,2.5
5556,103371,20260718,1331,1,16,2,1,2,11.5,4.1,23.0,8.2,14.8
5557,103372,20260813,852,1,6,4,1,1,5.0,2.1,5.0,2.1,2.9
5558,103372,20260813,852,1,25,4,1,2,8.5,3.2,17.0,6.4,10.6
5559,103373,20260821,1201,2,21,1,3,1,9.0,3.2,9.0,3.2,5.8
5560,103373,20260821,1201,2,7,1,3,2,4.3,1.8,8.6,3.6,5.0
5561,103374,20260822,1653,1,20,1,4,1,6.5,2.4,6.5,2.4,4.1
5562,103374,20260822,1653,1,21,1,4,1,9.0,3.2,9.0,3.2,5.8
5563,103375,20260522,730,2,6,1,1,1,5.0,2.1,5.0,2.1,2.9
5564,103376,20260701,1647,1,9,1,2,1,9.0,3.4,9.0,3.4,5.6
5565,103377,20260816,829,3,3,1,1,1,3.8,1.5,3.8,1.5,2.3
5566,103377,20260816,829,3,4,1,1,1,4.5,1.9,4.5,1.9,2.6
5567,103378,20260415,1734,2,12,1,1,1,12.0,4.2,12.0,4.2,7.8
5568,103378,20260415,1734,2,12,1,1,1,12.0,4.2,12.0,4.2,7.8
5569,103379,20260410,1007,1,23,3,4,1,9.0,3.4,9.0,3.4,5.6
5570,103379,20260410,1007,1,7,3,4,2,4.3,1.8,8.6,3.6,5.0
5571,103379,20260410,1007,1,20,3,4,1,6.5,2.4,6.5,2.4,4.1
5572,103380,20260713,1805,2,15,1,3,1,11.0,4.0,11.0,4.0,7.0
5573,103380,20260713,1805,2,25,1,3,1,8.5,3.2,8.5,3.2,5.3
5574,103381,20260817,810,2,17,1,3,1,4.5,1.6,4.5,1.6,2.9
5575,103382,20260616,1954,4,18,3,2,2,5.0,1.8,10.0,3.6,6.4
5576,103382,20260616,1954,4,19,3,2,1,5.5,2.0,5.5,2.0,3.5
5577,103383,20260713,1712,4,18,2,4,1,5.0,1.8,5.0,1.8,3.2
5578,103384,20260410,1837,4,22,1,1,1,9.5,3.6,9.5,3.6,5.9
5579,103384,20260410,1837,4,10,1,1,1,8.0,3.0,8.0,3.0,5.0
5580,103384,20260410,1837,4,10,1,1,1,8.0,3.0,8.0,3.0,5.0
5581,103385,20260724,1908,3,2,1,3,1,4.0,1.6,4.0,1.6,2.4
5582,103385,20260724,1908,3,12,1,3,1,12.0,4.2,12.0,4.2,7.8
5583,103386,20260627,821,4,5,1,1,1,4.8,2.0,4.8,2.0,2.8
5584,103387,20260421,1635,1,19,2,1,1,5.5,2.0,5.5,2.0,3.5
5585,103387,20260421,1635,1,8,2,1,1,8.5,3.2,8.5,3.2,5.3
5586,103388,20260628,1740,3,21,1,4,2,9.0,3.2,18.0,6.4,11.6
5587,103389,20260723,909,1,21,2,1,1,9.0,3.2,9.0,3.2,5.8
5588,103389,20260723,909,1,19,2,1,1,5.5,2.0,5.5,2.0,3.5
5589,103390,20260507,1701,1,11,1,4,1,10.5,3.8,10.5,3.8,6.7
5590,103391,20260709,1301,1,5,1,2,2,4.8,2.0,9.6,4.0,5.6
5591,103392,20260905,1830,3,24,1,2,1,8.0,3.0,8.0,3.0,5.0
5592,103393,20260702,1831,1,8,1,3,1,8.5,3.2,8.5,3.2,5.3
5593,103394,20260507,1758,1,24,1,3,1,8.0,3.0,8.0,3.0,5.0
5594,103395,20260613,1754,1,21,2,4,1,9.0,3.2,9.0,3.2,5.8
5595,103395,20260613,1754,1,18,2,4,1,5.0,1.8,5.0,1.8,3.2
5596,103396,20260812,856,4,16,4,4,1,11.5,4.1,11.5,4.1,7.4
5597,103397,20260512,818,4,15,2,3,2,11.0,4.0,22.0,8.0,14.0
5598,103398,20260829,1319,1,17,1,1,1,4.5,1.6,4.5,1.6,2.9
5599,103398,20260829,1319,1,1,1,1,1,3.5,1.4,3.5,1.4,2.1
5600,103399,20260629,2105,4,10,1,3,1,8.0,3.0,8.0,3.0,5.0
5601,103400,20260608,1030,2,7,1,4,1,4.3,1.8,4.3,1.8,2.5
5602,103400,20260608,1030,2,2,1,4,2,4.0,1.6,8.0,3.2,4.8
5603,103401,20260323,1103,2,18,2,2,2,5.0,1.8,10.0,3.6,6.4
5604,103401,20260323,1103,2,9,2,2,1,9.0,3.4,9.0,3.4,5.6
5605,103402,20260425,1327,1,21,4,2,1,9.0,3.2,9.0,3.2,5.8
5606,103403,20260911,1829,4,25,1,2,1,8.5,3.2,8.5,3.2,5.3
5607,103404,20260327,720,1,2,4,2,1,4.0,1.6,4.0,1.6,2.4
5608,103404,20260327,720,1,14,4,2,1,13.5,4.6,13.5,4.6,8.9
5609,103405,20260318,1645,4,22,1,4,1,9.5,3.6,9.5,3.6,5.9
5610,103405,20260318,1645,4,20,1,4,1,6.5,2.4,6.5,2.4,4.1
5611,103406,20260911,1719,1,21,1,4,1,9.0,3.2,9.0,3.2,5.8
5612,103407,20260513,957,3,1,1,2,1,3.5,1.4,3.5,1.4,2.1
5613,103408,20260725,809,2,2,1,1,1,4.0,1.6,4.0,1.6,2.4
5614,103409,20260717,1658,2,2,1,1,2,4.0,1.6,8.0,3.2,4.8
5615,103410,20260324,1917,1,7,1,1,2,4.3,1.8,8.6,3.6,5.0
5616,103410,20260324,1917,1,9,1,1,1,9.0,3.4,9.0,3.4,5.6
5617,103411,20260807,940,2,20,3,1,1,6.5,2.4,6.5,2.4,4.1
5618,103411,20260807,940,2,18,3,1,1,5.0,1.8,5.0,1.8,3.2
5619,103411,20260807,940,2,17,3,1,1,4.5,1.6,4.5,1.6,2.9
5620,103412,20260811,1822,4,6,1,4,1,5.0,2.1,5.0,2.1,2.9
5621,103413,20260616,1828,2,10,2,4,1,8.0,3.0,8.0,3.0,5.0
5622,103413,20260616,1828,2,6,2,4,1,5.0,2.1,5.0,2.1,2.9
5623,103414,20260409,753,2,13,3,1,1,12.5,4.3,12.5,4.3,8.2
5624,103414,20260409,753,2,2,3,1,1,4.0,1.6,4.0,1.6,2.4
5625,103414,20260409,753,2,4,3,1,1,4.5,1.9,4.5,1.9,2.6
5626,103415,20260429,1001,2,11,2,3,1,10.5,3.8,10.5,3.8,6.7
5627,103416,20260717,836,4,4,2,2,1,4.5,1.9,4.5,1.9,2.6
5628,103417,20260327,1020,1,19,3,1,1,5.5,2.0,5.5,2.0,3.5
5629,103418,20260519,1738,2,18,1,1,2,5.0,1.8,10.0,3.6,6.4
5630,103419,20260625,806,1,7,3,1,1,4.3,1.8,4.3,1.8,2.5
5631,103420,20260504,1256,1,20,1,1,1,6.5,2.4,6.5,2.4,4.1
5632,103421,20260725,1725,1,14,3,2,1,13.5,4.6,13.5,4.6,8.9
5633,103421,20260725,1725,1,3,3,2,1,3.8,1.5,3.8,1.5,2.3
5634,103422,20260411,1137,1,17,2,2,2,4.5,1.6,9.0,3.2,5.8
5635,103422,20260411,1137,1,20,2,2,1,6.5,2.4,6.5,2.4,4.1
5636,103422,20260411,1137,1,15,2,2,1,11.0,4.0,11.0,4.0,7.0
5637,103423,20260605,1542,3,6,4,2,1,5.0,2.1,5.0,2.1,2.9
5638,103423,20260605,1542,3,7,4,2,1,4.3,1.8,4.3,1.8,2.5
5639,103423,20260605,1542,3,17,4,2,1,4.5,1.6,4.5,1.6,2.9
5640,103424,20260429,1019,1,13,2,1,1,12.5,4.3,12.5,4.3,8.2
5641,103424,20260429,1019,1,6,2,1,1,5.0,2.1,5.0,2.1,2.9
5642,103424,20260429,1019,1,8,2,1,1,8.5,3.2,8.5,3.2,5.3
5643,103425,20260321,1605,2,8,1,2,1,8.5,3.2,8.5,3.2,5.3
5644,103425,20260321,1605,2,20,1,2,1,6.5,2.4,6.5,2.4,4.1
5645,103426,20260510,1725,1,8,1,2,1,8.5,3.2,8.5,3.2,5.3
5646,103427,20260424,932,2,20,1,2,1,6.5,2.4,6.5,2.4,4.1
5647,103427,20260424,932,2,9,1,2,1,9.0,3.4,9.0,3.4,5.6
5648,103427,20260424,932,2,16,1,2,1,11.5,4.1,11.5,4.1,7.4
5649,103428,20260914,956,1,10,1,1,1,8.0,3.0,8.0,3.0,5.0
5650,103429,20260613,750,1,10,1,3,1,8.0,3.0,8.0,3.0,5.0
5651,103429,20260613,750,1,16,1,3,1,11.5,4.1,11.5,4.1,7.4
5652,103430,20260412,2142,1,14,1,1,1,13.5,4.6,13.5,4.6,8.9
5653,103431,20260610,1747,4,14,3,2,2,13.5,4.6,27.0,9.2,17.8
5654,103432,20260704,1735,1,1,2,4,2,3.5,1.4,7.0,2.8,4.2
5655,103433,20260502,1652,4,14,2,3,1,13.5,4.6,13.5,4.6,8.9
5656,103434,20260514,1531,1,15,1,3,1,11.0,4.0,11.0,4.0,7.0
5657,103435,20260704,1322,4,7,2,1,1,4.3,1.8,4.3,1.8,2.5
5658,103436,20260610,815,2,6,2,2,1,5.0,2.1,5.0,2.1,2.9
5659,103437,20260904,1843,3,16,1,1,1,11.5,4.1,11.5,4.1,7.4
5660,103437,20260904,1843,3,17,1,1,1,4.5,1.6,4.5,1.6,2.9
5661,103438,20260409,1914,3,19,2,1,1,5.5,2.0,5.5,2.0,3.5
5662,103439,20260319,1043,2,4,2,1,1,4.5,1.9,4.5,1.9,2.6
5663,103440,20260601,1926,1,14,4,2,1,13.5,4.6,13.5,4.6,8.9
5664,103440,20260601,1926,1,16,4,2,1,11.5,4.1,11.5,4.1,7.4
5665,103441,20260517,1901,4,22,1,4,1,9.5,3.6,9.5,3.6,5.9
5666,103442,20260908,1229,4,7,2,1,2,4.3,1.8,8.6,3.6,5.0
5667,103443,20260324,924,3,18,2,3,1,5.0,1.8,5.0,1.8,3.2
5668,103444,20260324,824,3,7,1,2,1,4.3,1.8,4.3,1.8,2.5
5669,103445,20260627,1450,4,17,1,1,1,4.5,1.6,4.5,1.6,2.9
5670,103445,20260627,1450,4,24,1,1,1,8.0,3.0,8.0,3.0,5.0
5671,103445,20260627,1450,4,12,1,1,1,12.0,4.2,12.0,4.2,7.8
5672,103446,20260826,2000,1,12,1,1,1,12.0,4.2,12.0,4.2,7.8
5673,103447,20260427,1826,3,6,3,1,1,5.0,2.1,5.0,2.1,2.9
5674,103448,20260724,1653,4,8,1,3,1,8.5,3.2,8.5,3.2,5.3
5675,103448,20260724,1653,4,12,1,3,1,12.0,4.2,12.0,4.2,7.8
5676,103449,20260505,1720,1,12,3,1,1,12.0,4.2,12.0,4.2,7.8
5677,103449,20260505,1720,1,2,3,1,1,4.0,1.6,4.0,1.6,2.4
5678,103450,20260524,1414,2,1,3,2,1,3.5,1.4,3.5,1.4,2.1
5679,103451,20260330,950,2,2,1,2,1,4.0,1.6,4.0,1.6,2.4
5680,103452,20260406,1941,1,16,1,2,1,11.5,4.1,11.5,4.1,7.4
5681,103453,20260725,859,2,1,1,1,1,3.5,1.4,3.5,1.4,2.1
5682,103453,20260725,859,2,1,1,1,1,3.5,1.4,3.5,1.4,2.1
5683,103454,20260526,1830,2,10,1,3,2,8.0,3.0,16.0,6.0,10.0
5684,103454,20260526,1830,2,16,1,3,1,11.5,4.1,11.5,4.1,7.4
5685,103455,20260728,1704,2,11,2,2,1,10.5,3.8,10.5,3.8,6.7
5686,103456,20260912,914,1,17,3,1,1,4.5,1.6,4.5,1.6,2.9
5687,103457,20260530,1000,2,18,4,2,1,5.0,1.8,5.0,1.8,3.2
5688,103458,20260628,806,1,7,1,1,1,4.3,1.8,4.3,1.8,2.5
5689,103459,20260415,1004,3,1,2,4,1,3.5,1.4,3.5,1.4,2.1
5690,103460,20260321,1012,2,13,1,2,1,12.5,4.3,12.5,4.3,8.2
5691,103460,20260321,1012,2,3,1,2,1,3.8,1.5,3.8,1.5,2.3
5692,103461,20260711,1831,2,14,4,3,2,13.5,4.6,27.0,9.2,17.8
5693,103461,20260711,1831,2,6,4,3,1,5.0,2.1,5.0,2.1,2.9
5694,103461,20260711,1831,2,23,4,3,1,9.0,3.4,9.0,3.4,5.6
5695,103462,20260530,1026,3,20,1,2,1,6.5,2.4,6.5,2.4,4.1
5696,103462,20260530,1026,3,2,1,2,1,4.0,1.6,4.0,1.6,2.4
5697,103462,20260530,1026,3,20,1,2,1,6.5,2.4,6.5,2.4,4.1
5698,103463,20260325,1028,2,7,2,1,2,4.3,1.8,8.6,3.6,5.0
5699,103463,20260325,1028,2,17,2,1,1,4.5,1.6,4.5,1.6,2.9
5700,103464,20260608,817,2,3,1,1,1,3.8,1.5,3.8,1.5,2.3
5701,103464,20260608,817,2,14,1,1,1,13.5,4.6,13.5,4.6,8.9
5702,103464,20260608,817,2,18,1,1,2,5.0,1.8,10.0,3.6,6.4
5703,103465,20260408,1400,3,24,1,4,1,8.0,3.0,8.0,3.0,5.0
5704,103466,20260415,912,2,1,1,1,1,3.5,1.4,3.5,1.4,2.1
5705,103466,20260415,912,2,3,1,1,1,3.8,1.5,3.8,1.5,2.3
5706,103466,20260415,912,2,20,1,1,1,6.5,2.4,6.5,2.4,4.1
5707,103467,20260622,2011,4,18,1,4,1,5.0,1.8,5.0,1.8,3.2
5708,103467,20260622,2011,4,10,1,4,1,8.0,3.0,8.0,3.0,5.0
5709,103468,20260903,935,2,24,2,1,2,8.0,3.0,16.0,6.0,10.0
5710,103468,20260903,935,2,6,2,1,1,5.0,2.1,5.0,2.1,2.9
5711,103469,20260724,1818,4,13,1,4,1,12.5,4.3,12.5,4.3,8.2
5712,103469,20260724,1818,4,23,1,4,1,9.0,3.4,9.0,3.4,5.6
5713,103470,20260602,1654,4,5,1,1,1,4.8,2.0,4.8,2.0,2.8
5714,103470,20260602,1654,4,12,1,1,1,12.0,4.2,12.0,4.2,7.8
5715,103470,20260602,1654,4,9,1,1,1,9.0,3.4,9.0,3.4,5.6
5716,103471,20260808,1634,4,4,3,3,2,4.5,1.9,9.0,3.8,5.2
5717,103471,20260808,1634,4,17,3,3,1,4.5,1.6,4.5,1.6,2.9
5718,103472,20260828,1320,3,1,4,1,2,3.5,1.4,7.0,2.8,4.2
5719,103473,20260517,1116,1,7,1,1,2,4.3,1.8,8.6,3.6,5.0
5720,103473,20260517,1116,1,7,1,1,2,4.3,1.8,8.6,3.6,5.0
5721,103474,20260327,1856,2,13,1,4,1,12.5,4.3,12.5,4.3,8.2
5722,103474,20260327,1856,2,9,1,4,1,9.0,3.4,9.0,3.4,5.6
5723,103474,20260327,1856,2,1,1,4,1,3.5,1.4,3.5,1.4,2.1
5724,103475,20260708,1712,1,9,1,3,1,9.0,3.4,9.0,3.4,5.6
5725,103475,20260708,1712,1,15,1,3,1,11.0,4.0,11.0,4.0,7.0
5726,103476,20260618,828,2,13,2,4,1,12.5,4.3,12.5,4.3,8.2
5727,103476,20260618,828,2,7,2,4,1,4.3,1.8,4.3,1.8,2.5
5728,103477,20260614,1841,2,12,1,3,2,12.0,4.2,24.0,8.4,15.6
5729,103477,20260614,1841,2,1,1,3,1,3.5,1.4,3.5,1.4,2.1
5730,103478,20260912,1852,4,15,1,1,1,11.0,4.0,11.0,4.0,7.0
5731,103479,20260420,1010,2,17,1,2,1,4.5,1.6,4.5,1.6,2.9
5732,103479,20260420,1010,2,6,1,2,1,5.0,2.1,5.0,2.1,2.9
5733,103480,20260828,1916,1,2,3,1,1,4.0,1.6,4.0,1.6,2.4
5734,103481,20260504,1234,2,24,3,1,2,8.0,3.0,16.0,6.0,10.0
5735,103482,20260403,721,2,10,2,2,1,8.0,3.0,8.0,3.0,5.0
5736,103482,20260403,721,2,14,2,2,1,13.5,4.6,13.5,4.6,8.9
5737,103483,20260731,1259,1,9,2,1,1,9.0,3.4,9.0,3.4,5.6
5738,103484,20260515,1557,4,14,1,4,1,13.5,4.6,13.5,4.6,8.9
5739,103485,20260908,805,1,2,2,4,1,4.0,1.6,4.0,1.6,2.4
5740,103486,20260610,1653,2,11,1,2,1,10.5,3.8,10.5,3.8,6.7
5741,103487,20260911,724,2,1,1,2,1,3.5,1.4,3.5,1.4,2.1
5742,103487,20260911,724,2,17,1,2,1,4.5,1.6,4.5,1.6,2.9
5743,103488,20260729,1457,3,25,4,3,1,8.5,3.2,8.5,3.2,5.3
5744,103489,20260801,1006,1,17,1,2,2,4.5,1.6,9.0,3.2,5.8
5745,103489,20260801,1006,1,7,1,2,1,4.3,1.8,4.3,1.8,2.5
5746,103490,20260811,909,1,13,1,1,1,12.5,4.3,12.5,4.3,8.2
5747,103491,20260816,1914,1,13,1,4,2,12.5,4.3,25.0,8.6,16.4
5748,103492,20260413,1648,4,8,2,1,1,8.5,3.2,8.5,3.2,5.3
5749,103493,20260613,747,1,1,1,4,1,3.5,1.4,3.5,1.4,2.1
5750,103493,20260613,747,1,6,1,4,1,5.0,2.1,5.0,2.1,2.9
5751,103494,20260814,1632,2,3,1,2,1,3.8,1.5,3.8,1.5,2.3
5752,103495,20260405,1331,1,18,3,1,1,5.0,1.8,5.0,1.8,3.2
5753,103496,20260404,1842,2,11,1,2,1,10.5,3.8,10.5,3.8,6.7
5754,103497,20260419,2117,1,13,4,2,1,12.5,4.3,12.5,4.3,8.2
5755,103497,20260419,2117,1,7,4,2,1,4.3,1.8,4.3,1.8,2.5
5756,103498,20260404,1051,3,25,2,2,1,8.5,3.2,8.5,3.2,5.3
5757,103498,20260404,1051,3,9,2,2,1,9.0,3.4,9.0,3.4,5.6
5758,103498,20260404,1051,3,12,2,2,1,12.0,4.2,12.0,4.2,7.8
5759,103499,20260326,1651,3,14,3,3,1,13.5,4.6,13.5,4.6,8.9
5760,103500,20260326,1236,1,20,1,1,1,6.5,2.4,6.5,2.4,4.1
5761,103501,20260601,914,3,19,2,3,1,5.5,2.0,5.5,2.0,3.5
5762,103501,20260601,914,3,13,2,3,1,12.5,4.3,12.5,4.3,8.2
5763,103502,20260522,2027,1,22,2,2,2,9.5,3.6,19.0,7.2,11.8
5764,103503,20260613,1226,3,3,2,1,2,3.8,1.5,7.6,3.0,4.6
5765,103504,20260410,1059,2,11,1,1,1,10.5,3.8,10.5,3.8,6.7
5766,103505,20260525,1131,1,15,1,4,1,11.0,4.0,11.0,4.0,7.0
5767,103506,20260613,907,4,2,2,1,1,4.0,1.6,4.0,1.6,2.4
5768,103507,20260728,1028,1,3,1,2,1,3.8,1.5,3.8,1.5,2.3
5769,103507,20260728,1028,1,14,1,2,2,13.5,4.6,27.0,9.2,17.8
5770,103507,20260728,1028,1,10,1,2,1,8.0,3.0,8.0,3.0,5.0
5771,103508,20260506,1734,1,15,2,4,1,11.0,4.0,11.0,4.0,7.0
5772,103509,20260611,1723,1,25,2,4,1,8.5,3.2,8.5,3.2,5.3
5773,103510,20260328,1913,2,8,2,3,1,8.5,3.2,8.5,3.2,5.3
5774,103510,20260328,1913,2,11,2,3,1,10.5,3.8,10.5,3.8,6.7
5775,103511,20260518,1824,1,11,1,3,1,10.5,3.8,10.5,3.8,6.7
5776,103512,20260424,1827,1,1,1,1,2,3.5,1.4,7.0,2.8,4.2
5777,103513,20260828,1737,4,15,1,1,2,11.0,4.0,22.0,8.0,14.0
5778,103513,20260828,1737,4,9,1,1,2,9.0,3.4,18.0,6.8,11.2
5779,103513,20260828,1737,4,10,1,1,2,8.0,3.0,16.0,6.0,10.0
5780,103514,20260527,1919,4,5,1,4,1,4.8,2.0,4.8,2.0,2.8
5781,103514,20260527,1919,4,12,1,4,2,12.0,4.2,24.0,8.4,15.6
5782,103514,20260527,1919,4,8,1,4,1,8.5,3.2,8.5,3.2,5.3
5783,103515,20260713,1203,4,7,1,2,1,4.3,1.8,4.3,1.8,2.5
5784,103515,20260713,1203,4,16,1,2,2,11.5,4.1,23.0,8.2,14.8
5785,103516,20260608,1923,4,10,1,4,1,8.0,3.0,8.0,3.0,5.0
5786,103517,20260727,1915,4,1,1,1,1,3.5,1.4,3.5,1.4,2.1
5787,103518,20260401,740,1,3,1,1,1,3.8,1.5,3.8,1.5,2.3
5788,103519,20260815,1806,4,13,1,1,1,12.5,4.3,12.5,4.3,8.2
5789,103520,20260605,1818,4,12,2,3,1,12.0,4.2,12.0,4.2,7.8
5790,103521,20260410,1811,4,16,3,3,1,11.5,4.1,11.5,4.1,7.4
5791,103522,20260803,1852,2,12,3,4,1,12.0,4.2,12.0,4.2,7.8
5792,103522,20260803,1852,2,19,3,4,1,5.5,2.0,5.5,2.0,3.5
5793,103523,20260904,1950,3,17,1,1,1,4.5,1.6,4.5,1.6,2.9
5794,103524,20260511,1853,2,9,2,1,1,9.0,3.4,9.0,3.4,5.6
5795,103524,20260511,1853,2,2,2,1,1,4.0,1.6,4.0,1.6,2.4
5796,103524,20260511,1853,2,15,2,1,1,11.0,4.0,11.0,4.0,7.0
5797,103525,20260704,1648,1,9,1,3,1,9.0,3.4,9.0,3.4,5.6
5798,103526,20260601,1733,1,12,4,1,2,12.0,4.2,24.0,8.4,15.6
5799,103526,20260601,1733,1,10,4,1,1,8.0,3.0,8.0,3.0,5.0
5800,103526,20260601,1733,1,8,4,1,2,8.5,3.2,17.0,6.4,10.6
5801,103527,20260410,1724,3,13,2,3,1,12.5,4.3,12.5,4.3,8.2
5802,103528,20260624,1820,4,18,1,1,1,5.0,1.8,5.0,1.8,3.2
5803,103529,20260605,1615,2,7,2,4,1,4.3,1.8,4.3,1.8,2.5
5804,103530,20260621,1004,2,8,3,2,1,8.5,3.2,8.5,3.2,5.3
5805,103531,20260610,1835,3,8,2,1,2,8.5,3.2,17.0,6.4,10.6
5806,103531,20260610,1835,3,3,2,1,1,3.8,1.5,3.8,1.5,2.3
5807,103532,20260704,716,4,2,2,1,2,4.0,1.6,8.0,3.2,4.8
5808,103532,20260704,716,4,2,2,1,2,4.0,1.6,8.0,3.2,4.8
5809,103533,20260811,1219,1,10,3,2,1,8.0,3.0,8.0,3.0,5.0
5810,103533,20260811,1219,1,5,3,2,1,4.8,2.0,4.8,2.0,2.8
5811,103534,20260814,1730,4,10,4,4,1,8.0,3.0,8.0,3.0,5.0
5812,103535,20260408,1641,1,10,1,3,1,8.0,3.0,8.0,3.0,5.0
5813,103535,20260408,1641,1,2,1,3,1,4.0,1.6,4.0,1.6,2.4
5814,103536,20260406,819,3,1,1,1,1,3.5,1.4,3.5,1.4,2.1
5815,103536,20260406,819,3,19,1,1,1,5.5,2.0,5.5,2.0,3.5
5816,103537,20260805,1738,1,14,2,1,1,13.5,4.6,13.5,4.6,8.9
5817,103537,20260805,1738,1,5,2,1,1,4.8,2.0,4.8,2.0,2.8
5818,103538,20260731,1153,3,2,1,1,1,4.0,1.6,4.0,1.6,2.4
5819,103538,20260731,1153,3,11,1,1,1,10.5,3.8,10.5,3.8,6.7
5820,103538,20260731,1153,3,3,1,1,1,3.8,1.5,3.8,1.5,2.3
5821,103539,20260317,1722,3,20,1,2,1,6.5,2.4,6.5,2.4,4.1
5822,103539,20260317,1722,3,8,1,2,1,8.5,3.2,8.5,3.2,5.3
5823,103540,20260508,2139,2,13,3,1,1,12.5,4.3,12.5,4.3,8.2
5824,103541,20260322,1149,2,4,2,4,1,4.5,1.9,4.5,1.9,2.6
5825,103541,20260322,1149,2,19,2,4,2,5.5,2.0,11.0,4.0,7.0
5826,103541,20260322,1149,2,7,2,4,1,4.3,1.8,4.3,1.8,2.5
5827,103542,20260425,1059,2,6,1,2,1,5.0,2.1,5.0,2.1,2.9
5828,103542,20260425,1059,2,4,1,2,2,4.5,1.9,9.0,3.8,5.2
5829,103542,20260425,1059,2,8,1,2,1,8.5,3.2,8.5,3.2,5.3
5830,103543,20260519,944,3,15,1,1,2,11.0,4.0,22.0,8.0,14.0
5831,103543,20260519,944,3,6,1,1,1,5.0,2.1,5.0,2.1,2.9
5832,103544,20260412,940,3,3,2,2,1,3.8,1.5,3.8,1.5,2.3
5833,103545,20260904,1727,3,8,2,3,1,8.5,3.2,8.5,3.2,5.3
5834,103545,20260904,1727,3,12,2,3,1,12.0,4.2,12.0,4.2,7.8
5835,103545,20260904,1727,3,14,2,3,1,13.5,4.6,13.5,4.6,8.9
5836,103546,20260609,855,3,16,2,1,2,11.5,4.1,23.0,8.2,14.8
5837,103546,20260609,855,3,17,2,1,1,4.5,1.6,4.5,1.6,2.9
5838,103547,20260320,1711,2,3,2,1,1,3.8,1.5,3.8,1.5,2.3
5839,103547,20260320,1711,2,10,2,1,1,8.0,3.0,8.0,3.0,5.0
5840,103548,20260901,1732,2,5,1,2,1,4.8,2.0,4.8,2.0,2.8
5841,103549,20260424,912,1,1,1,4,1,3.5,1.4,3.5,1.4,2.1
5842,103550,20260910,1702,1,14,1,3,2,13.5,4.6,27.0,9.2,17.8
5843,103550,20260910,1702,1,9,1,3,1,9.0,3.4,9.0,3.4,5.6
5844,103550,20260910,1702,1,15,1,3,1,11.0,4.0,11.0,4.0,7.0
5845,103551,20260618,856,4,5,1,1,1,4.8,2.0,4.8,2.0,2.8
5846,103552,20260613,813,2,1,2,1,1,3.5,1.4,3.5,1.4,2.1
5847,103553,20260729,1610,4,15,1,1,1,11.0,4.0,11.0,4.0,7.0
5848,103554,20260814,1842,2,12,2,3,1,12.0,4.2,12.0,4.2,7.8
5849,103554,20260814,1842,2,9,2,3,2,9.0,3.4,18.0,6.8,11.2
5850,103555,20260426,2032,1,9,1,2,1,9.0,3.4,9.0,3.4,5.6
5851,103556,20260801,1646,1,15,2,2,2,11.0,4.0,22.0,8.0,14.0
5852,103557,20260525,1642,2,6,1,1,1,5.0,2.1,5.0,2.1,2.9
5853,103558,20260806,1858,1,1,1,3,2,3.5,1.4,7.0,2.8,4.2
5854,103558,20260806,1858,1,16,1,3,1,11.5,4.1,11.5,4.1,7.4
5855,103559,20260404,1728,1,2,3,2,1,4.0,1.6,4.0,1.6,2.4
5856,103559,20260404,1728,1,3,3,2,1,3.8,1.5,3.8,1.5,2.3
5857,103560,20260904,1731,1,20,1,1,1,6.5,2.4,6.5,2.4,4.1
5858,103560,20260904,1731,1,5,1,1,1,4.8,2.0,4.8,2.0,2.8
5859,103560,20260904,1731,1,13,1,1,1,12.5,4.3,12.5,4.3,8.2
5860,103561,20260317,1755,1,20,1,4,1,6.5,2.4,6.5,2.4,4.1
5861,103562,20260618,1923,4,9,2,1,1,9.0,3.4,9.0,3.4,5.6
5862,103562,20260618,1923,4,10,2,1,1,8.0,3.0,8.0,3.0,5.0
5863,103562,20260618,1923,4,19,2,1,1,5.5,2.0,5.5,2.0,3.5
5864,103563,20260815,922,1,13,1,1,1,12.5,4.3,12.5,4.3,8.2
5865,103564,20260406,1032,2,20,2,1,1,6.5,2.4,6.5,2.4,4.1
5866,103565,20260708,1818,4,7,1,2,1,4.3,1.8,4.3,1.8,2.5
5867,103566,20260720,1108,4,25,1,1,1,8.5,3.2,8.5,3.2,5.3
5868,103567,20260728,1128,2,20,1,1,1,6.5,2.4,6.5,2.4,4.1
5869,103567,20260728,1128,2,16,1,1,1,11.5,4.1,11.5,4.1,7.4
5870,103568,20260331,1034,2,6,1,1,1,5.0,2.1,5.0,2.1,2.9
5871,103569,20260805,921,3,2,1,1,1,4.0,1.6,4.0,1.6,2.4
5872,103570,20260420,1700,1,7,1,1,1,4.3,1.8,4.3,1.8,2.5
5873,103570,20260420,1700,1,12,1,1,1,12.0,4.2,12.0,4.2,7.8
5874,103571,20260721,1132,4,16,1,4,1,11.5,4.1,11.5,4.1,7.4
5875,103572,20260624,1115,2,16,1,1,1,11.5,4.1,11.5,4.1,7.4
5876,103572,20260624,1115,2,10,1,1,2,8.0,3.0,16.0,6.0,10.0
5877,103573,20260528,1347,4,16,2,2,1,11.5,4.1,11.5,4.1,7.4
5878,103573,20260528,1347,4,21,2,2,2,9.0,3.2,18.0,6.4,11.6
5879,103573,20260528,1347,4,22,2,2,1,9.5,3.6,9.5,3.6,5.9
5880,103574,20260817,1653,2,4,1,3,1,4.5,1.9,4.5,1.9,2.6
5881,103574,20260817,1653,2,21,1,3,1,9.0,3.2,9.0,3.2,5.8
5882,103574,20260817,1653,2,9,1,3,1,9.0,3.4,9.0,3.4,5.6
5883,103575,20260419,1805,1,15,1,1,1,11.0,4.0,11.0,4.0,7.0
5884,103576,20260405,1639,4,12,2,3,1,12.0,4.2,12.0,4.2,7.8
5885,103576,20260405,1639,4,3,2,3,1,3.8,1.5,3.8,1.5,2.3
5886,103577,20260508,959,2,19,1,1,1,5.5,2.0,5.5,2.0,3.5
5887,103577,20260508,959,2,11,1,1,1,10.5,3.8,10.5,3.8,6.7
5888,103578,20260822,837,4,5,1,3,1,4.8,2.0,4.8,2.0,2.8
5889,103578,20260822,837,4,3,1,3,1,3.8,1.5,3.8,1.5,2.3
5890,103579,20260818,951,4,10,1,2,1,8.0,3.0,8.0,3.0,5.0
5891,103580,20260820,906,4,1,3,4,1,3.5,1.4,3.5,1.4,2.1
5892,103580,20260820,906,4,4,3,4,1,4.5,1.9,4.5,1.9,2.6
5893,103581,20260620,1210,2,13,1,1,1,12.5,4.3,12.5,4.3,8.2
5894,103581,20260620,1210,2,9,1,1,1,9.0,3.4,9.0,3.4,5.6
5895,103582,20260501,830,4,4,1,1,1,4.5,1.9,4.5,1.9,2.6
5896,103583,20260703,1837,1,13,2,1,1,12.5,4.3,12.5,4.3,8.2
5897,103583,20260703,1837,1,5,2,1,1,4.8,2.0,4.8,2.0,2.8
5898,103584,20260914,1643,3,8,1,4,1,8.5,3.2,8.5,3.2,5.3
5899,103585,20260505,1908,4,20,4,3,1,6.5,2.4,6.5,2.4,4.1
5900,103586,20260613,1821,4,13,2,3,1,12.5,4.3,12.5,4.3,8.2
5901,103587,20260619,1926,1,14,1,3,1,13.5,4.6,13.5,4.6,8.9
5902,103588,20260416,807,1,7,2,1,1,4.3,1.8,4.3,1.8,2.5
5903,103589,20260616,1731,3,23,2,3,1,9.0,3.4,9.0,3.4,5.6
5904,103590,20260527,2047,4,21,4,1,1,9.0,3.2,9.0,3.2,5.8
5905,103590,20260527,2047,4,5,4,1,1,4.8,2.0,4.8,2.0,2.8
5906,103591,20260328,712,3,3,1,2,1,3.8,1.5,3.8,1.5,2.3
5907,103592,20260406,1843,2,15,1,1,1,11.0,4.0,11.0,4.0,7.0
5908,103592,20260406,1843,2,1,1,1,1,3.5,1.4,3.5,1.4,2.1
5909,103593,20260913,1903,3,16,1,1,1,11.5,4.1,11.5,4.1,7.4
5910,103594,20260824,1557,2,19,1,4,1,5.5,2.0,5.5,2.0,3.5
5911,103594,20260824,1557,2,20,1,4,1,6.5,2.4,6.5,2.4,4.1
5912,103595,20260418,1902,4,15,1,1,1,11.0,4.0,11.0,4.0,7.0
5913,103596,20260329,1903,4,16,1,2,1,11.5,4.1,11.5,4.1,7.4
5914,103596,20260329,1903,4,23,1,2,1,9.0,3.4,9.0,3.4,5.6
5915,103597,20260318,1730,1,6,1,3,1,5.0,2.1,5.0,2.1,2.9
5916,103597,20260318,1730,1,15,1,3,2,11.0,4.0,22.0,8.0,14.0
5917,103598,20260911,912,3,3,2,1,2,3.8,1.5,7.6,3.0,4.6
5918,103599,20260710,1721,4,7,1,1,1,4.3,1.8,4.3,1.8,2.5
5919,103599,20260710,1721,4,11,1,1,1,10.5,3.8,10.5,3.8,6.7
5920,103599,20260710,1721,4,22,1,1,1,9.5,3.6,9.5,3.6,5.9
5921,103600,20260824,1057,4,20,1,1,1,6.5,2.4,6.5,2.4,4.1
5922,103601,20260413,819,4,5,3,3,1,4.8,2.0,4.8,2.0,2.8
5923,103601,20260413,819,4,18,3,3,1,5.0,1.8,5.0,1.8,3.2
5924,103601,20260413,819,4,19,3,3,1,5.5,2.0,5.5,2.0,3.5
5925,103602,20260705,936,4,25,1,2,1,8.5,3.2,8.5,3.2,5.3
5926,103603,20260608,2142,1,6,2,2,1,5.0,2.1,5.0,2.1,2.9
5927,103603,20260608,2142,1,20,2,2,1,6.5,2.4,6.5,2.4,4.1
5928,103603,20260608,2142,1,11,2,2,1,10.5,3.8,10.5,3.8,6.7
5929,103604,20260510,1806,2,7,2,1,1,4.3,1.8,4.3,1.8,2.5
5930,103604,20260510,1806,2,15,2,1,2,11.0,4.0,22.0,8.0,14.0
5931,103605,20260623,1007,3,20,2,1,1,6.5,2.4,6.5,2.4,4.1
5932,103605,20260623,1007,3,7,2,1,1,4.3,1.8,4.3,1.8,2.5
5933,103606,20260417,1837,4,3,1,3,1,3.8,1.5,3.8,1.5,2.3
5934,103606,20260417,1837,4,2,1,3,1,4.0,1.6,4.0,1.6,2.4
5935,103607,20260516,844,4,2,2,4,1,4.0,1.6,4.0,1.6,2.4
5936,103607,20260516,844,4,20,2,4,1,6.5,2.4,6.5,2.4,4.1
5937,103607,20260516,844,4,6,2,4,1,5.0,2.1,5.0,2.1,2.9
5938,103608,20260807,1021,1,3,2,2,1,3.8,1.5,3.8,1.5,2.3
5939,103609,20260809,1320,4,8,1,1,2,8.5,3.2,17.0,6.4,10.6
5940,103610,20260412,937,4,6,2,1,1,5.0,2.1,5.0,2.1,2.9
5941,103610,20260412,937,4,4,2,1,1,4.5,1.9,4.5,1.9,2.6
5942,103611,20260906,728,1,23,2,3,1,9.0,3.4,9.0,3.4,5.6
5943,103612,20260904,1831,1,22,2,4,1,9.5,3.6,9.5,3.6,5.9
5944,103613,20260803,1234,4,17,1,3,1,4.5,1.6,4.5,1.6,2.9
5945,103614,20260709,1819,1,14,1,3,2,13.5,4.6,27.0,9.2,17.8
5946,103615,20260316,927,1,6,1,1,2,5.0,2.1,10.0,4.2,5.8
5947,103616,20260604,1849,1,21,2,4,1,9.0,3.2,9.0,3.2,5.8
5948,103617,20260807,1317,3,22,1,1,1,9.5,3.6,9.5,3.6,5.9
5949,103618,20260823,1702,2,24,1,3,1,8.0,3.0,8.0,3.0,5.0
5950,103619,20260413,958,1,4,2,1,1,4.5,1.9,4.5,1.9,2.6
5951,103619,20260413,958,1,7,2,1,2,4.3,1.8,8.6,3.6,5.0
5952,103620,20260503,940,1,17,1,1,1,4.5,1.6,4.5,1.6,2.9
5953,103621,20260409,825,1,2,1,1,1,4.0,1.6,4.0,1.6,2.4
5954,103622,20260401,1857,4,10,2,3,1,8.0,3.0,8.0,3.0,5.0
5955,103622,20260401,1857,4,11,2,3,1,10.5,3.8,10.5,3.8,6.7
5956,103623,20260811,959,2,3,1,2,1,3.8,1.5,3.8,1.5,2.3
5957,103623,20260811,959,2,25,1,2,2,8.5,3.2,17.0,6.4,10.6
5958,103623,20260811,959,2,5,1,2,1,4.8,2.0,4.8,2.0,2.8
5959,103624,20260719,1840,1,8,1,3,1,8.5,3.2,8.5,3.2,5.3
5960,103624,20260719,1840,1,21,1,3,1,9.0,3.2,9.0,3.2,5.8
5961,103625,20260322,2051,4,20,1,1,1,6.5,2.4,6.5,2.4,4.1
5962,103626,20260424,1953,4,20,1,1,1,6.5,2.4,6.5,2.4,4.1
5963,103626,20260424,1953,4,2,1,1,1,4.0,1.6,4.0,1.6,2.4
5964,103627,20260914,1909,2,16,1,1,1,11.5,4.1,11.5,4.1,7.4
5965,103628,20260719,1550,3,23,1,2,1,9.0,3.4,9.0,3.4,5.6
5966,103629,20260806,1829,2,16,1,1,1,11.5,4.1,11.5,4.1,7.4
5967,103630,20260803,2041,3,23,1,1,2,9.0,3.4,18.0,6.8,11.2
5968,103630,20260803,2041,3,5,1,1,1,4.8,2.0,4.8,2.0,2.8
5969,103631,20260726,848,4,19,1,4,1,5.5,2.0,5.5,2.0,3.5
5970,103631,20260726,848,4,21,1,4,1,9.0,3.2,9.0,3.2,5.8
5971,103632,20260822,1855,3,10,2,2,1,8.0,3.0,8.0,3.0,5.0
5972,103633,20260606,1251,2,15,1,4,1,11.0,4.0,11.0,4.0,7.0
5973,103633,20260606,1251,2,17,1,4,1,4.5,1.6,4.5,1.6,2.9
5974,103634,20260721,1504,2,9,1,1,1,9.0,3.4,9.0,3.4,5.6
5975,103635,20260804,930,1,24,2,1,2,8.0,3.0,16.0,6.0,10.0
5976,103635,20260804,930,1,2,2,1,1,4.0,1.6,4.0,1.6,2.4
5977,103636,20260416,830,1,21,2,4,1,9.0,3.2,9.0,3.2,5.8
5978,103637,20260503,1000,2,19,2,4,2,5.5,2.0,11.0,4.0,7.0
5979,103637,20260503,1000,2,8,2,4,1,8.5,3.2,8.5,3.2,5.3
5980,103638,20260607,1134,2,19,2,1,1,5.5,2.0,5.5,2.0,3.5
5981,103638,20260607,1134,2,3,2,1,1,3.8,1.5,3.8,1.5,2.3
5982,103638,20260607,1134,2,8,2,1,1,8.5,3.2,8.5,3.2,5.3
5983,103639,20260324,1805,4,23,3,2,2,9.0,3.4,18.0,6.8,11.2
5984,103640,20260622,749,3,24,2,1,1,8.0,3.0,8.0,3.0,5.0
5985,103640,20260622,749,3,2,2,1,1,4.0,1.6,4.0,1.6,2.4
5986,103641,20260809,834,4,1,2,1,1,3.5,1.4,3.5,1.4,2.1
5987,103642,20260912,1706,3,12,1,1,1,12.0,4.2,12.0,4.2,7.8
5988,103642,20260912,1706,3,21,1,1,1,9.0,3.2,9.0,3.2,5.8
5989,103642,20260912,1706,3,9,1,1,1,9.0,3.4,9.0,3.4,5.6
5990,103643,20260825,1003,2,20,2,2,1,6.5,2.4,6.5,2.4,4.1
5991,103644,20260626,1815,1,7,1,1,2,4.3,1.8,8.6,3.6,5.0
5992,103645,20260615,1112,1,1,4,2,1,3.5,1.4,3.5,1.4,2.1
5993,103645,20260615,1112,1,4,4,2,1,4.5,1.9,4.5,1.9,2.6
5994,103646,20260616,1753,2,9,1,2,1,9.0,3.4,9.0,3.4,5.6
5995,103647,20260531,1847,1,16,2,1,2,11.5,4.1,23.0,8.2,14.8
5996,103648,20260801,1003,1,13,1,1,1,12.5,4.3,12.5,4.3,8.2
5997,103649,20260730,1250,3,16,1,4,2,11.5,4.1,23.0,8.2,14.8
5998,103649,20260730,1250,3,2,1,4,1,4.0,1.6,4.0,1.6,2.4
5999,103650,20260327,1537,1,8,1,1,2,8.5,3.2,17.0,6.4,10.6
6000,103651,20260411,2037,1,6,1,1,1,5.0,2.1,5.0,2.1,2.9
6001,103652,20260520,1917,1,6,1,3,1,5.0,2.1,5.0,2.1,2.9
6002,103652,20260520,1917,1,19,1,3,1,5.5,2.0,5.5,2.0,3.5
6003,103653,20260504,1024,4,25,4,1,1,8.5,3.2,8.5,3.2,5.3
6004,103653,20260504,1024,4,4,4,1,2,4.5,1.9,9.0,3.8,5.2
6005,103654,20260408,1831,1,13,1,4,1,12.5,4.3,12.5,4.3,8.2
6006,103655,20260825,1716,3,12,2,1,1,12.0,4.2,12.0,4.2,7.8
6007,103655,20260825,1716,3,11,2,1,1,10.5,3.8,10.5,3.8,6.7
6008,103655,20260825,1716,3,15,2,1,1,11.0,4.0,11.0,4.0,7.0
6009,103656,20260814,907,4,7,2,2,1,4.3,1.8,4.3,1.8,2.5
6010,103656,20260814,907,4,7,2,2,1,4.3,1.8,4.3,1.8,2.5
6011,103656,20260814,907,4,17,2,2,1,4.5,1.6,4.5,1.6,2.9
6012,103657,20260620,826,2,5,1,4,1,4.8,2.0,4.8,2.0,2.8
6013,103657,20260620,826,2,3,1,4,1,3.8,1.5,3.8,1.5,2.3
6014,103658,20260701,1812,3,15,1,3,1,11.0,4.0,11.0,4.0,7.0
6015,103658,20260701,1812,3,16,1,3,1,11.5,4.1,11.5,4.1,7.4
6016,103658,20260701,1812,3,8,1,3,1,8.5,3.2,8.5,3.2,5.3
6017,103659,20260707,1806,1,8,1,3,1,8.5,3.2,8.5,3.2,5.3
6018,103660,20260609,1902,4,21,1,3,1,9.0,3.2,9.0,3.2,5.8
6019,103660,20260609,1902,4,17,1,3,1,4.5,1.6,4.5,1.6,2.9
6020,103661,20260630,921,1,3,1,2,2,3.8,1.5,7.6,3.0,4.6
6021,103661,20260630,921,1,21,1,2,1,9.0,3.2,9.0,3.2,5.8
6022,103662,20260506,1708,2,3,1,3,1,3.8,1.5,3.8,1.5,2.3
6023,103663,20260323,1440,2,18,2,1,1,5.0,1.8,5.0,1.8,3.2
6024,103664,20260326,2110,1,8,1,2,1,8.5,3.2,8.5,3.2,5.3
6025,103664,20260326,2110,1,25,1,2,1,8.5,3.2,8.5,3.2,5.3
6026,103665,20260521,1142,1,12,2,1,1,12.0,4.2,12.0,4.2,7.8
6027,103665,20260521,1142,1,2,2,1,1,4.0,1.6,4.0,1.6,2.4
6028,103666,20260329,1000,4,18,3,1,1,5.0,1.8,5.0,1.8,3.2
6029,103666,20260329,1000,4,16,3,1,1,11.5,4.1,11.5,4.1,7.4
6030,103667,20260317,1310,2,6,1,1,2,5.0,2.1,10.0,4.2,5.8
6031,103668,20260523,1819,3,1,1,3,1,3.5,1.4,3.5,1.4,2.1
6032,103668,20260523,1819,3,15,1,3,2,11.0,4.0,22.0,8.0,14.0
6033,103669,20260731,1802,2,4,1,3,1,4.5,1.9,4.5,1.9,2.6
6034,103669,20260731,1802,2,15,1,3,1,11.0,4.0,11.0,4.0,7.0
6035,103670,20260816,2051,2,20,1,2,1,6.5,2.4,6.5,2.4,4.1
6036,103671,20260508,852,2,21,4,1,1,9.0,3.2,9.0,3.2,5.8
6037,103671,20260508,852,2,5,4,1,2,4.8,2.0,9.6,4.0,5.6
6038,103671,20260508,852,2,21,4,1,2,9.0,3.2,18.0,6.4,11.6
6039,103672,20260626,1004,2,4,3,4,1,4.5,1.9,4.5,1.9,2.6
6040,103673,20260816,1939,4,20,2,2,1,6.5,2.4,6.5,2.4,4.1
6041,103673,20260816,1939,4,6,2,2,1,5.0,2.1,5.0,2.1,2.9
6042,103674,20260903,1201,2,8,1,1,1,8.5,3.2,8.5,3.2,5.3
6043,103674,20260903,1201,2,11,1,1,2,10.5,3.8,21.0,7.6,13.4
6044,103675,20260801,803,2,5,2,2,1,4.8,2.0,4.8,2.0,2.8
6045,103675,20260801,803,2,7,2,2,1,4.3,1.8,4.3,1.8,2.5
6046,103676,20260809,1145,3,12,2,1,1,12.0,4.2,12.0,4.2,7.8
6047,103677,20260327,954,3,17,1,4,1,4.5,1.6,4.5,1.6,2.9
6048,103677,20260327,954,3,21,1,4,2,9.0,3.2,18.0,6.4,11.6
6049,103678,20260425,837,1,19,3,4,2,5.5,2.0,11.0,4.0,7.0
6050,103678,20260425,837,1,21,3,4,1,9.0,3.2,9.0,3.2,5.8
6051,103678,20260425,837,1,25,3,4,1,8.5,3.2,8.5,3.2,5.3
6052,103679,20260506,1453,3,9,1,1,1,9.0,3.4,9.0,3.4,5.6
6053,103680,20260318,1820,3,4,2,3,1,4.5,1.9,4.5,1.9,2.6
6054,103681,20260506,1123,4,13,2,2,1,12.5,4.3,12.5,4.3,8.2
6055,103681,20260506,1123,4,21,2,2,1,9.0,3.2,9.0,3.2,5.8
6056,103682,20260422,1507,2,3,1,1,1,3.8,1.5,3.8,1.5,2.3
6057,103682,20260422,1507,2,24,1,1,2,8.0,3.0,16.0,6.0,10.0
6058,103683,20260829,1530,3,7,1,2,1,4.3,1.8,4.3,1.8,2.5
6059,103683,20260829,1530,3,19,1,2,1,5.5,2.0,5.5,2.0,3.5
6060,103684,20260523,1653,4,23,1,1,1,9.0,3.4,9.0,3.4,5.6
6061,103685,20260725,1706,2,18,2,4,1,5.0,1.8,5.0,1.8,3.2
6062,103686,20260328,944,1,17,4,1,2,4.5,1.6,9.0,3.2,5.8
6063,103686,20260328,944,1,4,4,1,1,4.5,1.9,4.5,1.9,2.6
6064,103686,20260328,944,1,6,4,1,1,5.0,2.1,5.0,2.1,2.9
6065,103687,20260404,944,1,4,4,4,1,4.5,1.9,4.5,1.9,2.6
6066,103688,20260413,905,1,25,1,2,1,8.5,3.2,8.5,3.2,5.3
6067,103689,20260518,938,1,4,1,2,2,4.5,1.9,9.0,3.8,5.2
6068,103690,20260805,1853,4,9,1,4,2,9.0,3.4,18.0,6.8,11.2
6069,103690,20260805,1853,4,9,1,4,1,9.0,3.4,9.0,3.4,5.6
6070,103690,20260805,1853,4,19,1,4,2,5.5,2.0,11.0,4.0,7.0
6071,103691,20260731,703,2,15,1,3,1,11.0,4.0,11.0,4.0,7.0
6072,103691,20260731,703,2,16,1,3,1,11.5,4.1,11.5,4.1,7.4
6073,103692,20260331,1825,3,2,3,3,1,4.0,1.6,4.0,1.6,2.4
6074,103693,20260606,810,4,18,2,2,1,5.0,1.8,5.0,1.8,3.2
6075,103693,20260606,810,4,1,2,2,2,3.5,1.4,7.0,2.8,4.2
6076,103694,20260429,1333,1,8,2,1,1,8.5,3.2,8.5,3.2,5.3
6077,103695,20260809,1017,4,4,1,2,1,4.5,1.9,4.5,1.9,2.6
6078,103695,20260809,1017,4,1,1,2,1,3.5,1.4,3.5,1.4,2.1
6079,103695,20260809,1017,4,20,1,2,1,6.5,2.4,6.5,2.4,4.1
6080,103696,20260508,1815,1,2,2,2,1,4.0,1.6,4.0,1.6,2.4
6081,103696,20260508,1815,1,17,2,2,1,4.5,1.6,4.5,1.6,2.9
6082,103696,20260508,1815,1,17,2,2,1,4.5,1.6,4.5,1.6,2.9
6083,103697,20260830,1854,2,13,2,1,1,12.5,4.3,12.5,4.3,8.2
6084,103698,20260501,826,2,1,4,1,1,3.5,1.4,3.5,1.4,2.1
6085,103699,20260824,1227,4,17,1,1,1,4.5,1.6,4.5,1.6,2.9
6086,103700,20260804,1836,3,10,1,1,1,8.0,3.0,8.0,3.0,5.0
6087,103701,20260720,916,4,7,2,1,2,4.3,1.8,8.6,3.6,5.0
6088,103701,20260720,916,4,5,2,1,1,4.8,2.0,4.8,2.0,2.8
6089,103702,20260801,1311,1,5,1,4,1,4.8,2.0,4.8,2.0,2.8
6090,103702,20260801,1311,1,17,1,4,1,4.5,1.6,4.5,1.6,2.9
6091,103703,20260320,1026,2,7,4,4,1,4.3,1.8,4.3,1.8,2.5
6092,103703,20260320,1026,2,11,4,4,2,10.5,3.8,21.0,7.6,13.4
6093,103704,20260424,1027,2,22,3,1,1,9.5,3.6,9.5,3.6,5.9
6094,103704,20260424,1027,2,7,3,1,1,4.3,1.8,4.3,1.8,2.5
6095,103705,20260531,1807,1,6,1,1,1,5.0,2.1,5.0,2.1,2.9
6096,103705,20260531,1807,1,11,1,1,1,10.5,3.8,10.5,3.8,6.7
6097,103705,20260531,1807,1,1,1,1,1,3.5,1.4,3.5,1.4,2.1
6098,103706,20260720,850,2,18,2,1,1,5.0,1.8,5.0,1.8,3.2
6099,103706,20260720,850,2,6,2,1,1,5.0,2.1,5.0,2.1,2.9
6100,103707,20260625,1813,3,9,1,3,1,9.0,3.4,9.0,3.4,5.6
6101,103708,20260504,1522,1,13,1,1,2,12.5,4.3,25.0,8.6,16.4
6102,103708,20260504,1522,1,11,1,1,2,10.5,3.8,21.0,7.6,13.4
6103,103708,20260504,1522,1,4,1,1,1,4.5,1.9,4.5,1.9,2.6
6104,103709,20260905,1815,1,14,4,1,1,13.5,4.6,13.5,4.6,8.9
6105,103710,20260703,2015,3,8,1,2,1,8.5,3.2,8.5,3.2,5.3
6106,103711,20260517,932,4,6,2,2,1,5.0,2.1,5.0,2.1,2.9
6107,103712,20260914,1237,3,7,1,3,1,4.3,1.8,4.3,1.8,2.5
6108,103713,20260428,1639,4,7,1,1,2,4.3,1.8,8.6,3.6,5.0
6109,103714,20260727,903,2,1,2,1,1,3.5,1.4,3.5,1.4,2.1
6110,103714,20260727,903,2,3,2,1,1,3.8,1.5,3.8,1.5,2.3
6111,103715,20260617,1910,2,8,1,3,1,8.5,3.2,8.5,3.2,5.3
6112,103715,20260617,1910,2,13,1,3,1,12.5,4.3,12.5,4.3,8.2
6113,103715,20260617,1910,2,19,1,3,1,5.5,2.0,5.5,2.0,3.5
6114,103716,20260320,1009,2,7,4,1,1,4.3,1.8,4.3,1.8,2.5
6115,103716,20260320,1009,2,19,4,1,1,5.5,2.0,5.5,2.0,3.5
6116,103716,20260320,1009,2,21,4,1,1,9.0,3.2,9.0,3.2,5.8
6117,103717,20260723,1045,4,6,1,3,1,5.0,2.1,5.0,2.1,2.9
6118,103718,20260609,1207,3,14,2,1,1,13.5,4.6,13.5,4.6,8.9
6119,103718,20260609,1207,3,8,2,1,1,8.5,3.2,8.5,3.2,5.3
6120,103718,20260609,1207,3,15,2,1,1,11.0,4.0,11.0,4.0,7.0
6121,103719,20260519,1837,4,6,2,4,1,5.0,2.1,5.0,2.1,2.9
6122,103719,20260519,1837,4,13,2,4,1,12.5,4.3,12.5,4.3,8.2
6123,103720,20260326,1749,2,25,3,4,1,8.5,3.2,8.5,3.2,5.3
6124,103721,20260418,1441,2,18,1,1,1,5.0,1.8,5.0,1.8,3.2
6125,103722,20260816,1619,4,1,1,2,1,3.5,1.4,3.5,1.4,2.1
6126,103722,20260816,1619,4,18,1,2,1,5.0,1.8,5.0,1.8,3.2
6127,103723,20260426,1830,2,12,3,4,1,12.0,4.2,12.0,4.2,7.8
6128,103723,20260426,1830,2,10,3,4,1,8.0,3.0,8.0,3.0,5.0
6129,103723,20260426,1830,2,18,3,4,1,5.0,1.8,5.0,1.8,3.2
6130,103724,20260509,1028,3,3,1,2,1,3.8,1.5,3.8,1.5,2.3
6131,103724,20260509,1028,3,7,1,2,1,4.3,1.8,4.3,1.8,2.5
6132,103725,20260725,1724,1,13,1,4,1,12.5,4.3,12.5,4.3,8.2
6133,103725,20260725,1724,1,25,1,4,1,8.5,3.2,8.5,3.2,5.3
6134,103726,20260501,1444,2,1,4,1,1,3.5,1.4,3.5,1.4,2.1
6135,103726,20260501,1444,2,16,4,1,1,11.5,4.1,11.5,4.1,7.4
6136,103727,20260715,1236,2,8,1,2,1,8.5,3.2,8.5,3.2,5.3
6137,103727,20260715,1236,2,16,1,2,2,11.5,4.1,23.0,8.2,14.8
6138,103727,20260715,1236,2,24,1,2,1,8.0,3.0,8.0,3.0,5.0
6139,103728,20260524,1413,1,2,2,1,1,4.0,1.6,4.0,1.6,2.4
6140,103729,20260430,1904,1,4,1,1,2,4.5,1.9,9.0,3.8,5.2
6141,103729,20260430,1904,1,9,1,1,1,9.0,3.4,9.0,3.4,5.6
6142,103729,20260430,1904,1,6,1,1,1,5.0,2.1,5.0,2.1,2.9
6143,103730,20260526,1204,4,16,1,2,1,11.5,4.1,11.5,4.1,7.4
6144,103731,20260822,830,2,5,1,4,2,4.8,2.0,9.6,4.0,5.6
6145,103732,20260324,1028,3,3,1,3,2,3.8,1.5,7.6,3.0,4.6
6146,103732,20260324,1028,3,20,1,3,2,6.5,2.4,13.0,4.8,8.2
6147,103732,20260324,1028,3,18,1,3,1,5.0,1.8,5.0,1.8,3.2
6148,103733,20260713,915,3,23,2,2,1,9.0,3.4,9.0,3.4,5.6
6149,103733,20260713,915,3,4,2,2,1,4.5,1.9,4.5,1.9,2.6
6150,103734,20260826,1649,4,19,1,4,1,5.5,2.0,5.5,2.0,3.5
6151,103734,20260826,1649,4,12,1,4,2,12.0,4.2,24.0,8.4,15.6
6152,103735,20260429,1121,1,4,1,4,1,4.5,1.9,4.5,1.9,2.6
6153,103736,20260702,1838,2,18,2,1,1,5.0,1.8,5.0,1.8,3.2
6154,103737,20260814,930,4,21,2,3,1,9.0,3.2,9.0,3.2,5.8
6155,103737,20260814,930,4,7,2,3,1,4.3,1.8,4.3,1.8,2.5
6156,103737,20260814,930,4,18,2,3,2,5.0,1.8,10.0,3.6,6.4
6157,103738,20260423,941,1,3,2,1,1,3.8,1.5,3.8,1.5,2.3
6158,103739,20260727,907,2,2,1,1,1,4.0,1.6,4.0,1.6,2.4
6159,103740,20260416,1713,1,22,4,4,1,9.5,3.6,9.5,3.6,5.9
6160,103740,20260416,1713,1,8,4,4,1,8.5,3.2,8.5,3.2,5.3
6161,103741,20260329,923,1,14,1,1,1,13.5,4.6,13.5,4.6,8.9
6162,103741,20260329,923,1,16,1,1,1,11.5,4.1,11.5,4.1,7.4
6163,103741,20260329,923,1,7,1,1,1,4.3,1.8,4.3,1.8,2.5
6164,103742,20260522,1017,3,4,1,1,1,4.5,1.9,4.5,1.9,2.6
6165,103743,20260721,957,2,17,2,2,1,4.5,1.6,4.5,1.6,2.9
6166,103744,20260426,1113,2,24,1,4,1,8.0,3.0,8.0,3.0,5.0
6167,103745,20260612,858,3,24,1,4,1,8.0,3.0,8.0,3.0,5.0
6168,103746,20260625,1707,3,10,2,1,1,8.0,3.0,8.0,3.0,5.0
6169,103747,20260824,939,2,1,1,1,2,3.5,1.4,7.0,2.8,4.2
6170,103748,20260712,816,4,15,1,1,1,11.0,4.0,11.0,4.0,7.0
6171,103749,20260416,1707,1,19,1,4,2,5.5,2.0,11.0,4.0,7.0
6172,103750,20260713,1551,2,1,2,1,2,3.5,1.4,7.0,2.8,4.2
6173,103750,20260713,1551,2,15,2,1,1,11.0,4.0,11.0,4.0,7.0
6174,103751,20260526,1326,4,8,2,1,2,8.5,3.2,17.0,6.4,10.6
6175,103752,20260707,2026,1,4,1,1,1,4.5,1.9,4.5,1.9,2.6
6176,103752,20260707,2026,1,13,1,1,1,12.5,4.3,12.5,4.3,8.2
6177,103753,20260614,1242,2,11,1,3,1,10.5,3.8,10.5,3.8,6.7
6178,103754,20260815,1205,4,10,2,2,2,8.0,3.0,16.0,6.0,10.0
6179,103754,20260815,1205,4,11,2,2,1,10.5,3.8,10.5,3.8,6.7
6180,103755,20260721,1658,1,1,1,4,1,3.5,1.4,3.5,1.4,2.1
6181,103756,20260407,1215,2,25,1,2,2,8.5,3.2,17.0,6.4,10.6
6182,103756,20260407,1215,2,13,1,2,1,12.5,4.3,12.5,4.3,8.2
6183,103757,20260320,1425,4,11,1,1,1,10.5,3.8,10.5,3.8,6.7
6184,103758,20260616,1025,4,19,1,1,2,5.5,2.0,11.0,4.0,7.0
6185,103758,20260616,1025,4,2,1,1,1,4.0,1.6,4.0,1.6,2.4
6186,103758,20260616,1025,4,6,1,1,1,5.0,2.1,5.0,2.1,2.9
6187,103759,20260707,1913,1,14,1,3,1,13.5,4.6,13.5,4.6,8.9
6188,103760,20260528,828,3,12,2,1,2,12.0,4.2,24.0,8.4,15.6
6189,103761,20260605,923,1,3,1,1,2,3.8,1.5,7.6,3.0,4.6
6190,103762,20260814,826,4,2,1,1,1,4.0,1.6,4.0,1.6,2.4
6191,103762,20260814,826,4,3,1,1,1,3.8,1.5,3.8,1.5,2.3
6192,103762,20260814,826,4,20,1,1,1,6.5,2.4,6.5,2.4,4.1
6193,103763,20260323,1038,3,4,2,2,1,4.5,1.9,4.5,1.9,2.6
6194,103763,20260323,1038,3,23,2,2,1,9.0,3.4,9.0,3.4,5.6
6195,103764,20260430,1820,2,12,1,1,1,12.0,4.2,12.0,4.2,7.8
6196,103765,20260821,1720,4,11,1,1,1,10.5,3.8,10.5,3.8,6.7
6197,103766,20260807,1641,1,8,2,4,1,8.5,3.2,8.5,3.2,5.3
6198,103767,20260819,1755,2,2,2,4,1,4.0,1.6,4.0,1.6,2.4
6199,103768,20260729,901,2,11,2,1,1,10.5,3.8,10.5,3.8,6.7
6200,103769,20260914,1853,2,8,2,4,1,8.5,3.2,8.5,3.2,5.3
6201,103769,20260914,1853,2,10,2,4,1,8.0,3.0,8.0,3.0,5.0
6202,103770,20260723,1829,4,12,2,2,1,12.0,4.2,12.0,4.2,7.8
6203,103771,20260317,2018,1,22,4,3,1,9.5,3.6,9.5,3.6,5.9
6204,103771,20260317,2018,1,8,4,3,1,8.5,3.2,8.5,3.2,5.3
6205,103772,20260720,1053,4,2,2,3,1,4.0,1.6,4.0,1.6,2.4
6206,103772,20260720,1053,4,10,2,3,1,8.0,3.0,8.0,3.0,5.0
6207,103773,20260711,1027,4,4,1,2,2,4.5,1.9,9.0,3.8,5.2
6208,103773,20260711,1027,4,16,1,2,1,11.5,4.1,11.5,4.1,7.4
6209,103773,20260711,1027,4,21,1,2,1,9.0,3.2,9.0,3.2,5.8
6210,103774,20260415,1835,4,22,4,1,1,9.5,3.6,9.5,3.6,5.9
6211,103775,20260709,1925,4,16,1,3,1,11.5,4.1,11.5,4.1,7.4
6212,103775,20260709,1925,4,25,1,3,1,8.5,3.2,8.5,3.2,5.3
6213,103775,20260709,1925,4,23,1,3,1,9.0,3.4,9.0,3.4,5.6
6214,103776,20260708,809,1,19,1,2,1,5.5,2.0,5.5,2.0,3.5
6215,103777,20260714,1737,4,3,1,1,2,3.8,1.5,7.6,3.0,4.6
6216,103777,20260714,1737,4,10,1,1,1,8.0,3.0,8.0,3.0,5.0
6217,103778,20260714,1347,1,15,4,1,1,11.0,4.0,11.0,4.0,7.0
6218,103779,20260518,714,2,24,1,3,1,8.0,3.0,8.0,3.0,5.0
6219,103779,20260518,714,2,2,1,3,2,4.0,1.6,8.0,3.2,4.8
6220,103779,20260518,714,2,1,1,3,1,3.5,1.4,3.5,1.4,2.1
6221,103780,20260802,1809,2,10,1,1,1,8.0,3.0,8.0,3.0,5.0
6222,103780,20260802,1809,2,9,1,1,1,9.0,3.4,9.0,3.4,5.6
6223,103781,20260523,1833,2,14,2,2,1,13.5,4.6,13.5,4.6,8.9
6224,103781,20260523,1833,2,10,2,2,1,8.0,3.0,8.0,3.0,5.0
6225,103782,20260821,1243,3,8,4,1,1,8.5,3.2,8.5,3.2,5.3
6226,103782,20260821,1243,3,4,4,1,1,4.5,1.9,4.5,1.9,2.6
6227,103783,20260806,947,1,7,1,3,1,4.3,1.8,4.3,1.8,2.5
6228,103783,20260806,947,1,6,1,3,1,5.0,2.1,5.0,2.1,2.9
6229,103784,20260531,1648,3,8,1,1,1,8.5,3.2,8.5,3.2,5.3
6230,103785,20260428,818,1,4,4,1,2,4.5,1.9,9.0,3.8,5.2
6231,103785,20260428,818,1,1,4,1,1,3.5,1.4,3.5,1.4,2.1
6232,103785,20260428,818,1,5,4,1,1,4.8,2.0,4.8,2.0,2.8
6233,103786,20260519,839,2,2,1,1,1,4.0,1.6,4.0,1.6,2.4
6234,103787,20260516,800,1,7,1,1,1,4.3,1.8,4.3,1.8,2.5
6235,103788,20260530,1526,1,20,2,1,1,6.5,2.4,6.5,2.4,4.1
6236,103788,20260530,1526,1,5,2,1,1,4.8,2.0,4.8,2.0,2.8
6237,103788,20260530,1526,1,7,2,1,1,4.3,1.8,4.3,1.8,2.5
6238,103789,20260801,2118,4,5,1,1,1,4.8,2.0,4.8,2.0,2.8
6239,103790,20260624,1331,2,13,1,2,1,12.5,4.3,12.5,4.3,8.2
6240,103791,20260806,821,1,7,2,3,2,4.3,1.8,8.6,3.6,5.0
6241,103791,20260806,821,1,21,2,3,1,9.0,3.2,9.0,3.2,5.8
6242,103792,20260603,1823,4,15,1,4,2,11.0,4.0,22.0,8.0,14.0
6243,103793,20260425,1916,1,21,3,1,2,9.0,3.2,18.0,6.4,11.6
6244,103793,20260425,1916,1,14,3,1,2,13.5,4.6,27.0,9.2,17.8
6245,103794,20260515,922,1,18,1,1,1,5.0,1.8,5.0,1.8,3.2
6246,103795,20260317,1337,4,1,1,1,1,3.5,1.4,3.5,1.4,2.1
6247,103795,20260317,1337,4,4,1,1,1,4.5,1.9,4.5,1.9,2.6
6248,103796,20260327,806,1,21,1,2,2,9.0,3.2,18.0,6.4,11.6
6249,103797,20260619,1818,2,12,2,1,1,12.0,4.2,12.0,4.2,7.8
6250,103797,20260619,1818,2,14,2,1,1,13.5,4.6,13.5,4.6,8.9
6251,103797,20260619,1818,2,9,2,1,1,9.0,3.4,9.0,3.4,5.6
6252,103798,20260523,1845,1,10,2,4,1,8.0,3.0,8.0,3.0,5.0
6253,103799,20260416,2054,2,1,1,3,1,3.5,1.4,3.5,1.4,2.1
6254,103799,20260416,2054,2,14,1,3,1,13.5,4.6,13.5,4.6,8.9
6255,103799,20260416,2054,2,24,1,3,1,8.0,3.0,8.0,3.0,5.0
6256,103800,20260815,752,2,18,1,2,1,5.0,1.8,5.0,1.8,3.2
6257,103801,20260529,820,1,2,1,1,1,4.0,1.6,4.0,1.6,2.4
6258,103801,20260529,820,1,19,1,1,1,5.5,2.0,5.5,2.0,3.5
6259,103802,20260710,817,1,19,1,1,1,5.5,2.0,5.5,2.0,3.5
6260,103802,20260710,817,1,19,1,1,1,5.5,2.0,5.5,2.0,3.5
6261,103803,20260808,1615,1,4,1,2,1,4.5,1.9,4.5,1.9,2.6
6262,103804,20260802,1829,4,16,1,1,1,11.5,4.1,11.5,4.1,7.4
6263,103804,20260802,1829,4,16,1,1,1,11.5,4.1,11.5,4.1,7.4
6264,103805,20260724,1714,4,8,2,3,1,8.5,3.2,8.5,3.2,5.3
6265,103805,20260724,1714,4,5,2,3,1,4.8,2.0,4.8,2.0,2.8
6266,103806,20260319,1905,4,13,1,3,1,12.5,4.3,12.5,4.3,8.2
6267,103807,20260617,1234,3,6,1,1,1,5.0,2.1,5.0,2.1,2.9
6268,103807,20260617,1234,3,15,1,1,1,11.0,4.0,11.0,4.0,7.0
6269,103808,20260620,2033,4,19,1,1,1,5.5,2.0,5.5,2.0,3.5
6270,103809,20260904,1911,2,21,3,3,1,9.0,3.2,9.0,3.2,5.8
6271,103809,20260904,1911,2,24,3,3,1,8.0,3.0,8.0,3.0,5.0
6272,103810,20260513,1209,4,1,1,1,1,3.5,1.4,3.5,1.4,2.1
6273,103811,20260325,1136,3,25,2,3,1,8.5,3.2,8.5,3.2,5.3
6274,103812,20260526,1740,1,14,2,2,1,13.5,4.6,13.5,4.6,8.9
6275,103813,20260523,1719,3,9,1,2,1,9.0,3.4,9.0,3.4,5.6
6276,103813,20260523,1719,3,16,1,2,1,11.5,4.1,11.5,4.1,7.4
6277,103813,20260523,1719,3,13,1,2,1,12.5,4.3,12.5,4.3,8.2
6278,103814,20260325,1231,4,19,2,3,1,5.5,2.0,5.5,2.0,3.5
6279,103815,20260822,1752,2,8,2,1,1,8.5,3.2,8.5,3.2,5.3
6280,103816,20260903,1742,1,14,1,1,2,13.5,4.6,27.0,9.2,17.8
6281,103817,20260512,1028,2,21,1,1,1,9.0,3.2,9.0,3.2,5.8
6282,103818,20260424,1607,2,10,1,1,1,8.0,3.0,8.0,3.0,5.0
6283,103818,20260424,1607,2,6,1,1,1,5.0,2.1,5.0,2.1,2.9
6284,103819,20260617,1738,4,14,1,1,1,13.5,4.6,13.5,4.6,8.9
6285,103820,20260809,1850,2,20,4,3,1,6.5,2.4,6.5,2.4,4.1
6286,103820,20260809,1850,2,2,4,3,1,4.0,1.6,4.0,1.6,2.4
6287,103821,20260810,1207,3,8,1,3,2,8.5,3.2,17.0,6.4,10.6
6288,103822,20260804,1121,3,5,2,2,1,4.8,2.0,4.8,2.0,2.8
6289,103823,20260819,1731,2,11,4,4,2,10.5,3.8,21.0,7.6,13.4
6290,103824,20260805,818,4,5,1,1,1,4.8,2.0,4.8,2.0,2.8
6291,103825,20260402,1005,2,18,2,4,1,5.0,1.8,5.0,1.8,3.2
6292,103826,20260725,1943,2,15,4,2,1,11.0,4.0,11.0,4.0,7.0
6293,103827,20260713,1757,2,15,1,1,1,11.0,4.0,11.0,4.0,7.0
6294,103827,20260713,1757,2,7,1,1,1,4.3,1.8,4.3,1.8,2.5
6295,103827,20260713,1757,2,6,1,1,1,5.0,2.1,5.0,2.1,2.9
6296,103828,20260518,900,1,2,1,2,1,4.0,1.6,4.0,1.6,2.4
6297,103828,20260518,900,1,2,1,2,2,4.0,1.6,8.0,3.2,4.8
6298,103829,20260416,1924,1,10,2,1,1,8.0,3.0,8.0,3.0,5.0
6299,103829,20260416,1924,1,12,2,1,2,12.0,4.2,24.0,8.4,15.6
6300,103829,20260416,1924,1,16,2,1,2,11.5,4.1,23.0,8.2,14.8
6301,103830,20260908,939,1,14,2,2,1,13.5,4.6,13.5,4.6,8.9
6302,103831,20260718,1749,3,8,1,1,2,8.5,3.2,17.0,6.4,10.6
6303,103831,20260718,1749,3,11,1,1,1,10.5,3.8,10.5,3.8,6.7
6304,103832,20260713,1811,4,2,2,1,1,4.0,1.6,4.0,1.6,2.4
6305,103833,20260529,1718,4,14,1,3,1,13.5,4.6,13.5,4.6,8.9
6306,103834,20260519,1718,3,11,4,1,1,10.5,3.8,10.5,3.8,6.7
6307,103835,20260315,1928,3,16,1,3,1,11.5,4.1,11.5,4.1,7.4
6308,103835,20260315,1928,3,22,1,3,1,9.5,3.6,9.5,3.6,5.9
6309,103836,20260914,1906,1,9,2,3,1,9.0,3.4,9.0,3.4,5.6
6310,103836,20260914,1906,1,10,2,3,1,8.0,3.0,8.0,3.0,5.0
6311,103837,20260315,843,1,9,1,1,1,9.0,3.4,9.0,3.4,5.6
6312,103838,20260522,1827,1,3,2,3,1,3.8,1.5,3.8,1.5,2.3
6313,103838,20260522,1827,1,3,2,3,1,3.8,1.5,3.8,1.5,2.3
6314,103839,20260423,1742,2,12,2,1,1,12.0,4.2,12.0,4.2,7.8
6315,103840,20260703,1703,3,3,4,2,1,3.8,1.5,3.8,1.5,2.3
6316,103840,20260703,1703,3,9,4,2,1,9.0,3.4,9.0,3.4,5.6
6317,103841,20260511,1148,4,7,1,1,1,4.3,1.8,4.3,1.8,2.5
6318,103842,20260526,1831,1,17,1,4,1,4.5,1.6,4.5,1.6,2.9
6319,103842,20260526,1831,1,7,1,4,1,4.3,1.8,4.3,1.8,2.5
6320,103842,20260526,1831,1,17,1,4,1,4.5,1.6,4.5,1.6,2.9
6321,103843,20260406,1555,4,12,1,1,1,12.0,4.2,12.0,4.2,7.8
6322,103844,20260709,1228,2,7,1,3,1,4.3,1.8,4.3,1.8,2.5
6323,103844,20260709,1228,2,10,1,3,2,8.0,3.0,16.0,6.0,10.0
6324,103845,20260424,1658,2,2,1,2,1,4.0,1.6,4.0,1.6,2.4
6325,103846,20260614,942,1,1,1,1,2,3.5,1.4,7.0,2.8,4.2
6326,103847,20260423,849,3,16,2,1,1,11.5,4.1,11.5,4.1,7.4
6327,103847,20260423,849,3,2,2,1,1,4.0,1.6,4.0,1.6,2.4
6328,103848,20260530,1649,3,23,2,3,1,9.0,3.4,9.0,3.4,5.6
6329,103848,20260530,1649,3,2,2,3,1,4.0,1.6,4.0,1.6,2.4
6330,103849,20260515,2148,1,9,1,1,1,9.0,3.4,9.0,3.4,5.6
6331,103849,20260515,2148,1,14,1,1,1,13.5,4.6,13.5,4.6,8.9
6332,103849,20260515,2148,1,7,1,1,1,4.3,1.8,4.3,1.8,2.5
6333,103850,20260812,926,3,25,1,1,1,8.5,3.2,8.5,3.2,5.3
6334,103850,20260812,926,3,7,1,1,1,4.3,1.8,4.3,1.8,2.5
6335,103850,20260812,926,3,24,1,1,1,8.0,3.0,8.0,3.0,5.0
6336,103851,20260816,1229,1,10,1,1,1,8.0,3.0,8.0,3.0,5.0
6337,103852,20260905,936,1,7,3,1,1,4.3,1.8,4.3,1.8,2.5
6338,103852,20260905,936,1,4,3,1,1,4.5,1.9,4.5,1.9,2.6
6339,103853,20260508,1733,3,20,3,4,2,6.5,2.4,13.0,4.8,8.2
6340,103854,20260905,1910,1,20,3,1,1,6.5,2.4,6.5,2.4,4.1
6341,103855,20260820,1610,4,7,1,1,1,4.3,1.8,4.3,1.8,2.5
6342,103856,20260710,1012,1,21,1,4,1,9.0,3.2,9.0,3.2,5.8
6343,103857,20260401,1310,3,9,1,1,2,9.0,3.4,18.0,6.8,11.2
6344,103857,20260401,1310,3,13,1,1,1,12.5,4.3,12.5,4.3,8.2
6345,103858,20260731,1806,4,2,4,4,1,4.0,1.6,4.0,1.6,2.4
6346,103858,20260731,1806,4,4,4,4,1,4.5,1.9,4.5,1.9,2.6
6347,103859,20260705,1637,2,15,1,4,1,11.0,4.0,11.0,4.0,7.0
6348,103859,20260705,1637,2,25,1,4,1,8.5,3.2,8.5,3.2,5.3
6349,103860,20260328,1831,2,8,1,2,1,8.5,3.2,8.5,3.2,5.3
6350,103860,20260328,1831,2,7,1,2,1,4.3,1.8,4.3,1.8,2.5
6351,103861,20260427,1813,2,15,2,3,1,11.0,4.0,11.0,4.0,7.0
6352,103861,20260427,1813,2,16,2,3,1,11.5,4.1,11.5,4.1,7.4
6353,103861,20260427,1813,2,13,2,3,1,12.5,4.3,12.5,4.3,8.2
6354,103862,20260815,1716,1,23,4,2,1,9.0,3.4,9.0,3.4,5.6
6355,103862,20260815,1716,1,10,4,2,1,8.0,3.0,8.0,3.0,5.0
6356,103863,20260709,933,2,5,2,1,1,4.8,2.0,4.8,2.0,2.8
6357,103864,20260731,900,4,17,1,3,1,4.5,1.6,4.5,1.6,2.9
6358,103865,20260406,1547,3,4,1,4,1,4.5,1.9,4.5,1.9,2.6
6359,103865,20260406,1547,3,5,1,4,1,4.8,2.0,4.8,2.0,2.8
6360,103865,20260406,1547,3,5,1,4,1,4.8,2.0,4.8,2.0,2.8
6361,103866,20260327,904,3,19,2,1,1,5.5,2.0,5.5,2.0,3.5
6362,103866,20260327,904,3,18,2,1,1,5.0,1.8,5.0,1.8,3.2
6363,103867,20260528,735,4,21,1,1,1,9.0,3.2,9.0,3.2,5.8
6364,103868,20260412,1244,2,19,1,2,1,5.5,2.0,5.5,2.0,3.5
6365,103869,20260405,829,3,20,1,1,1,6.5,2.4,6.5,2.4,4.1
6366,103869,20260405,829,3,19,1,1,1,5.5,2.0,5.5,2.0,3.5
6367,103870,20260429,1726,2,16,1,1,1,11.5,4.1,11.5,4.1,7.4
6368,103870,20260429,1726,2,17,1,1,1,4.5,1.6,4.5,1.6,2.9
6369,103870,20260429,1726,2,14,1,1,1,13.5,4.6,13.5,4.6,8.9
6370,103871,20260810,1917,2,13,2,4,1,12.5,4.3,12.5,4.3,8.2
6371,103872,20260609,807,2,20,2,1,1,6.5,2.4,6.5,2.4,4.1
6372,103872,20260609,807,2,21,2,1,1,9.0,3.2,9.0,3.2,5.8
6373,103873,20260419,1828,2,13,1,4,1,12.5,4.3,12.5,4.3,8.2
6374,103874,20260319,1714,2,2,1,4,1,4.0,1.6,4.0,1.6,2.4
6375,103874,20260319,1714,2,23,1,4,1,9.0,3.4,9.0,3.4,5.6
6376,103875,20260317,1639,3,25,1,3,1,8.5,3.2,8.5,3.2,5.3
6377,103876,20260807,1303,2,21,1,2,1,9.0,3.2,9.0,3.2,5.8
6378,103876,20260807,1303,2,1,1,2,1,3.5,1.4,3.5,1.4,2.1
6379,103877,20260411,1014,3,9,2,2,1,9.0,3.4,9.0,3.4,5.6
6380,103877,20260411,1014,3,20,2,2,1,6.5,2.4,6.5,2.4,4.1
6381,103877,20260411,1014,3,25,2,2,1,8.5,3.2,8.5,3.2,5.3
6382,103878,20260329,1820,2,9,1,4,1,9.0,3.4,9.0,3.4,5.6
6383,103878,20260329,1820,2,12,1,4,1,12.0,4.2,12.0,4.2,7.8
6384,103879,20260815,808,3,7,1,2,1,4.3,1.8,4.3,1.8,2.5
6385,103879,20260815,808,3,4,1,2,1,4.5,1.9,4.5,1.9,2.6
6386,103880,20260714,956,1,14,2,4,1,13.5,4.6,13.5,4.6,8.9
6387,103881,20260531,1026,2,13,2,1,1,12.5,4.3,12.5,4.3,8.2
6388,103881,20260531,1026,2,13,2,1,1,12.5,4.3,12.5,4.3,8.2
6389,103881,20260531,1026,2,3,2,1,1,3.8,1.5,3.8,1.5,2.3
6390,103882,20260719,1738,2,20,2,4,2,6.5,2.4,13.0,4.8,8.2
6391,103882,20260719,1738,2,20,2,4,1,6.5,2.4,6.5,2.4,4.1
6392,103883,20260619,1758,4,12,1,2,1,12.0,4.2,12.0,4.2,7.8
6393,103884,20260410,1128,2,5,1,1,1,4.8,2.0,4.8,2.0,2.8
6394,103884,20260410,1128,2,16,1,1,1,11.5,4.1,11.5,4.1,7.4
6395,103885,20260413,902,2,4,2,2,2,4.5,1.9,9.0,3.8,5.2
6396,103885,20260413,902,2,2,2,2,2,4.0,1.6,8.0,3.2,4.8
6397,103885,20260413,902,2,4,2,2,1,4.5,1.9,4.5,1.9,2.6
6398,103886,20260908,1425,1,3,1,2,1,3.8,1.5,3.8,1.5,2.3
6399,103887,20260806,1015,2,4,1,1,2,4.5,1.9,9.0,3.8,5.2
6400,103888,20260515,947,1,21,1,3,1,9.0,3.2,9.0,3.2,5.8
6401,103889,20260415,1656,2,14,1,3,1,13.5,4.6,13.5,4.6,8.9
6402,103890,20260323,1907,4,6,1,4,1,5.0,2.1,5.0,2.1,2.9
6403,103890,20260323,1907,4,17,1,4,1,4.5,1.6,4.5,1.6,2.9
6404,103890,20260323,1907,4,7,1,4,1,4.3,1.8,4.3,1.8,2.5
6405,103891,20260908,830,1,4,1,1,1,4.5,1.9,4.5,1.9,2.6
6406,103891,20260908,830,1,10,1,1,2,8.0,3.0,16.0,6.0,10.0
6407,103892,20260321,1558,1,8,1,1,1,8.5,3.2,8.5,3.2,5.3
6408,103893,20260616,1128,1,20,1,2,1,6.5,2.4,6.5,2.4,4.1
6409,103893,20260616,1128,1,16,1,2,1,11.5,4.1,11.5,4.1,7.4
6410,103893,20260616,1128,1,6,1,2,1,5.0,2.1,5.0,2.1,2.9
6411,103894,20260630,1316,2,21,1,3,1,9.0,3.2,9.0,3.2,5.8
6412,103894,20260630,1316,2,1,1,3,1,3.5,1.4,3.5,1.4,2.1
6413,103895,20260822,1646,2,13,2,4,1,12.5,4.3,12.5,4.3,8.2
6414,103896,20260327,1943,1,10,1,3,1,8.0,3.0,8.0,3.0,5.0
6415,103896,20260327,1943,1,3,1,3,1,3.8,1.5,3.8,1.5,2.3
6416,103896,20260327,1943,1,25,1,3,1,8.5,3.2,8.5,3.2,5.3
6417,103897,20260620,1727,3,16,2,3,1,11.5,4.1,11.5,4.1,7.4
6418,103897,20260620,1727,3,25,2,3,1,8.5,3.2,8.5,3.2,5.3
6419,103898,20260905,1059,1,9,2,1,1,9.0,3.4,9.0,3.4,5.6
6420,103899,20260410,1718,4,8,1,1,1,8.5,3.2,8.5,3.2,5.3
6421,103900,20260519,959,2,19,1,1,1,5.5,2.0,5.5,2.0,3.5
6422,103900,20260519,959,2,5,1,1,1,4.8,2.0,4.8,2.0,2.8
6423,103901,20260429,1027,2,21,2,2,1,9.0,3.2,9.0,3.2,5.8
6424,103901,20260429,1027,2,17,2,2,1,4.5,1.6,4.5,1.6,2.9
6425,103901,20260429,1027,2,2,2,2,1,4.0,1.6,4.0,1.6,2.4
6426,103902,20260601,1833,2,10,2,4,1,8.0,3.0,8.0,3.0,5.0
6427,103902,20260601,1833,2,16,2,4,1,11.5,4.1,11.5,4.1,7.4
6428,103902,20260601,1833,2,11,2,4,1,10.5,3.8,10.5,3.8,6.7
6429,103903,20260524,1834,4,17,1,1,1,4.5,1.6,4.5,1.6,2.9
6430,103903,20260524,1834,4,10,1,1,1,8.0,3.0,8.0,3.0,5.0
6431,103903,20260524,1834,4,20,1,1,1,6.5,2.4,6.5,2.4,4.1
6432,103904,20260421,807,1,17,1,1,1,4.5,1.6,4.5,1.6,2.9
6433,103905,20260325,944,1,11,2,1,1,10.5,3.8,10.5,3.8,6.7
6434,103905,20260325,944,1,25,2,1,1,8.5,3.2,8.5,3.2,5.3
6435,103906,20260402,1331,3,5,2,1,2,4.8,2.0,9.6,4.0,5.6
6436,103906,20260402,1331,3,1,2,1,1,3.5,1.4,3.5,1.4,2.1
6437,103907,20260414,1325,4,12,1,1,1,12.0,4.2,12.0,4.2,7.8
6438,103907,20260414,1325,4,16,1,1,1,11.5,4.1,11.5,4.1,7.4
6439,103908,20260714,1906,3,4,1,1,1,4.5,1.9,4.5,1.9,2.6
6440,103908,20260714,1906,3,24,1,1,1,8.0,3.0,8.0,3.0,5.0
6441,103909,20260321,903,1,1,2,2,1,3.5,1.4,3.5,1.4,2.1
6442,103909,20260321,903,1,21,2,2,1,9.0,3.2,9.0,3.2,5.8
6443,103910,20260315,1028,1,6,1,2,1,5.0,2.1,5.0,2.1,2.9
6444,103911,20260510,922,4,18,2,1,2,5.0,1.8,10.0,3.6,6.4
6445,103912,20260504,1712,2,17,2,2,1,4.5,1.6,4.5,1.6,2.9
6446,103912,20260504,1712,2,19,2,2,1,5.5,2.0,5.5,2.0,3.5
6447,103912,20260504,1712,2,8,2,2,1,8.5,3.2,8.5,3.2,5.3
6448,103913,20260828,849,1,16,4,1,1,11.5,4.1,11.5,4.1,7.4
6449,103913,20260828,849,1,23,4,1,1,9.0,3.4,9.0,3.4,5.6
6450,103914,20260320,1410,4,10,4,3,1,8.0,3.0,8.0,3.0,5.0
6451,103915,20260609,2051,3,8,1,3,1,8.5,3.2,8.5,3.2,5.3
6452,103915,20260609,2051,3,5,1,3,1,4.8,2.0,4.8,2.0,2.8
6453,103916,20260625,1528,1,8,2,2,2,8.5,3.2,17.0,6.4,10.6
6454,103916,20260625,1528,1,18,2,2,2,5.0,1.8,10.0,3.6,6.4
6455,103917,20260428,1717,4,4,1,2,1,4.5,1.9,4.5,1.9,2.6
6456,103917,20260428,1717,4,20,1,2,1,6.5,2.4,6.5,2.4,4.1
6457,103918,20260507,906,1,17,1,1,1,4.5,1.6,4.5,1.6,2.9
6458,103918,20260507,906,1,17,1,1,1,4.5,1.6,4.5,1.6,2.9
6459,103919,20260315,1303,3,2,2,1,1,4.0,1.6,4.0,1.6,2.4
6460,103920,20260529,1324,2,3,2,1,1,3.8,1.5,3.8,1.5,2.3
6461,103921,20260501,1051,2,15,2,1,2,11.0,4.0,22.0,8.0,14.0
6462,103921,20260501,1051,2,10,2,1,1,8.0,3.0,8.0,3.0,5.0
6463,103922,20260516,1349,2,6,1,1,1,5.0,2.1,5.0,2.1,2.9
6464,103923,20260820,929,4,20,2,4,1,6.5,2.4,6.5,2.4,4.1
6465,103923,20260820,929,4,6,2,4,1,5.0,2.1,5.0,2.1,2.9
6466,103924,20260328,1020,4,4,2,2,1,4.5,1.9,4.5,1.9,2.6
6467,103924,20260328,1020,4,17,2,2,2,4.5,1.6,9.0,3.2,5.8
6468,103925,20260909,1922,1,12,2,3,1,12.0,4.2,12.0,4.2,7.8
6469,103925,20260909,1922,1,7,2,3,1,4.3,1.8,4.3,1.8,2.5
6470,103926,20260628,918,2,4,1,4,2,4.5,1.9,9.0,3.8,5.2
6471,103926,20260628,918,2,4,1,4,1,4.5,1.9,4.5,1.9,2.6
6472,103927,20260629,1829,1,2,1,1,1,4.0,1.6,4.0,1.6,2.4
6473,103927,20260629,1829,1,24,1,1,1,8.0,3.0,8.0,3.0,5.0
6474,103927,20260629,1829,1,16,1,1,1,11.5,4.1,11.5,4.1,7.4
6475,103928,20260829,1315,1,8,2,1,1,8.5,3.2,8.5,3.2,5.3
6476,103928,20260829,1315,1,6,2,1,1,5.0,2.1,5.0,2.1,2.9
6477,103929,20260713,1746,1,4,1,3,2,4.5,1.9,9.0,3.8,5.2
6478,103930,20260415,1756,1,7,2,2,2,4.3,1.8,8.6,3.6,5.0
6479,103930,20260415,1756,1,15,2,2,1,11.0,4.0,11.0,4.0,7.0
6480,103931,20260516,1649,4,20,1,3,1,6.5,2.4,6.5,2.4,4.1
6481,103932,20260804,1908,1,7,4,4,1,4.3,1.8,4.3,1.8,2.5
6482,103933,20260804,2157,4,9,1,1,1,9.0,3.4,9.0,3.4,5.6
6483,103933,20260804,2157,4,6,1,1,1,5.0,2.1,5.0,2.1,2.9
6484,103934,20260822,1702,3,10,1,1,1,8.0,3.0,8.0,3.0,5.0
6485,103934,20260822,1702,3,12,1,1,1,12.0,4.2,12.0,4.2,7.8
6486,103935,20260727,1526,2,18,1,1,1,5.0,1.8,5.0,1.8,3.2
6487,103936,20260823,1854,1,5,4,1,2,4.8,2.0,9.6,4.0,5.6
6488,103937,20260602,829,1,4,2,1,1,4.5,1.9,4.5,1.9,2.6
6489,103937,20260602,829,1,1,2,1,1,3.5,1.4,3.5,1.4,2.1
6490,103938,20260427,1908,3,3,1,1,1,3.8,1.5,3.8,1.5,2.3
6491,103939,20260526,1021,2,3,2,1,1,3.8,1.5,3.8,1.5,2.3
6492,103940,20260903,1015,2,4,1,2,1,4.5,1.9,4.5,1.9,2.6
6493,103940,20260903,1015,2,12,1,2,1,12.0,4.2,12.0,4.2,7.8
6494,103940,20260903,1015,2,20,1,2,2,6.5,2.4,13.0,4.8,8.2
6495,103941,20260429,1808,3,16,1,2,2,11.5,4.1,23.0,8.2,14.8
6496,103941,20260429,1808,3,9,1,2,1,9.0,3.4,9.0,3.4,5.6
6497,103941,20260429,1808,3,10,1,2,2,8.0,3.0,16.0,6.0,10.0
6498,103942,20260605,913,4,19,3,1,1,5.5,2.0,5.5,2.0,3.5
6499,103943,20260501,1009,2,18,3,2,1,5.0,1.8,5.0,1.8,3.2
6500,103944,20260526,1729,4,1,1,3,1,3.5,1.4,3.5,1.4,2.1
6501,103945,20260819,1244,4,1,2,1,1,3.5,1.4,3.5,1.4,2.1
6502,103946,20260502,825,2,20,4,2,1,6.5,2.4,6.5,2.4,4.1
6503,103946,20260502,825,2,8,4,2,1,8.5,3.2,8.5,3.2,5.3
6504,103947,20260729,1032,4,10,2,1,2,8.0,3.0,16.0,6.0,10.0
6505,103947,20260729,1032,4,24,2,1,1,8.0,3.0,8.0,3.0,5.0
6506,103948,20260506,706,1,7,2,1,1,4.3,1.8,4.3,1.8,2.5
6507,103949,20260720,1740,2,25,1,4,1,8.5,3.2,8.5,3.2,5.3
6508,103949,20260720,1740,2,22,1,4,2,9.5,3.6,19.0,7.2,11.8
6509,103950,20260913,1730,1,14,3,1,2,13.5,4.6,27.0,9.2,17.8
6510,103950,20260913,1730,1,16,3,1,1,11.5,4.1,11.5,4.1,7.4
6511,103950,20260913,1730,1,12,3,1,1,12.0,4.2,12.0,4.2,7.8
6512,103951,20260703,1025,4,7,3,1,1,4.3,1.8,4.3,1.8,2.5
6513,103951,20260703,1025,4,1,3,1,1,3.5,1.4,3.5,1.4,2.1
6514,103952,20260612,1749,2,2,1,2,1,4.0,1.6,4.0,1.6,2.4
6515,103953,20260819,1716,3,18,3,4,2,5.0,1.8,10.0,3.6,6.4
6516,103953,20260819,1716,3,8,3,4,1,8.5,3.2,8.5,3.2,5.3
6517,103954,20260909,1010,1,6,3,1,2,5.0,2.1,10.0,4.2,5.8
6518,103955,20260826,1749,3,8,1,2,1,8.5,3.2,8.5,3.2,5.3
6519,103956,20260731,1625,1,10,1,1,1,8.0,3.0,8.0,3.0,5.0
6520,103957,20260408,1751,2,10,1,2,1,8.0,3.0,8.0,3.0,5.0
6521,103957,20260408,1751,2,8,1,2,1,8.5,3.2,8.5,3.2,5.3
6522,103958,20260710,914,1,9,2,1,1,9.0,3.4,9.0,3.4,5.6
6523,103959,20260325,1730,4,14,2,4,1,13.5,4.6,13.5,4.6,8.9
6524,103960,20260618,2108,3,12,1,2,1,12.0,4.2,12.0,4.2,7.8
6525,103961,20260410,1756,4,11,2,4,1,10.5,3.8,10.5,3.8,6.7
6526,103962,20260619,1912,1,3,1,3,1,3.8,1.5,3.8,1.5,2.3
6527,103962,20260619,1912,1,12,1,3,1,12.0,4.2,12.0,4.2,7.8
6528,103962,20260619,1912,1,18,1,3,1,5.0,1.8,5.0,1.8,3.2
6529,103963,20260712,1721,1,10,1,4,1,8.0,3.0,8.0,3.0,5.0
6530,103964,20260909,1548,2,10,1,1,1,8.0,3.0,8.0,3.0,5.0
6531,103964,20260909,1548,2,15,1,1,1,11.0,4.0,11.0,4.0,7.0
6532,103965,20260504,1133,1,24,2,2,1,8.0,3.0,8.0,3.0,5.0
6533,103965,20260504,1133,1,5,2,2,1,4.8,2.0,4.8,2.0,2.8
6534,103966,20260720,1856,1,19,2,4,1,5.5,2.0,5.5,2.0,3.5
6535,103967,20260526,919,1,3,1,3,1,3.8,1.5,3.8,1.5,2.3
6536,103967,20260526,919,1,7,1,3,1,4.3,1.8,4.3,1.8,2.5
6537,103968,20260501,948,4,20,1,1,1,6.5,2.4,6.5,2.4,4.1
6538,103968,20260501,948,4,6,1,1,1,5.0,2.1,5.0,2.1,2.9
6539,103969,20260731,1543,2,20,1,1,1,6.5,2.4,6.5,2.4,4.1
6540,103970,20260322,1827,2,19,1,2,1,5.5,2.0,5.5,2.0,3.5
6541,103970,20260322,1827,2,5,1,2,1,4.8,2.0,4.8,2.0,2.8
6542,103971,20260818,1936,2,20,2,1,1,6.5,2.4,6.5,2.4,4.1
6543,103972,20260911,1301,2,6,2,1,1,5.0,2.1,5.0,2.1,2.9
6544,103972,20260911,1301,2,24,2,1,1,8.0,3.0,8.0,3.0,5.0
6545,103973,20260401,908,1,3,1,1,1,3.8,1.5,3.8,1.5,2.3
6546,103973,20260401,908,1,21,1,1,1,9.0,3.2,9.0,3.2,5.8
6547,103974,20260521,1123,3,7,1,1,1,4.3,1.8,4.3,1.8,2.5
6548,103974,20260521,1123,3,9,1,1,1,9.0,3.4,9.0,3.4,5.6
6549,103975,20260728,932,2,6,2,3,1,5.0,2.1,5.0,2.1,2.9
6550,103976,20260815,1656,1,15,1,2,1,11.0,4.0,11.0,4.0,7.0
6551,103976,20260815,1656,1,14,1,2,1,13.5,4.6,13.5,4.6,8.9
6552,103977,20260416,1750,3,22,1,1,1,9.5,3.6,9.5,3.6,5.9
6553,103977,20260416,1750,3,15,1,1,1,11.0,4.0,11.0,4.0,7.0
6554,103977,20260416,1750,3,13,1,1,1,12.5,4.3,12.5,4.3,8.2
6555,103978,20260807,1635,2,16,1,3,1,11.5,4.1,11.5,4.1,7.4
6556,103979,20260911,922,4,22,3,1,1,9.5,3.6,9.5,3.6,5.9
6557,103980,20260512,1932,1,5,2,1,2,4.8,2.0,9.6,4.0,5.6
6558,103980,20260512,1932,1,18,2,1,1,5.0,1.8,5.0,1.8,3.2
6559,103980,20260512,1932,1,23,2,1,1,9.0,3.4,9.0,3.4,5.6
6560,103981,20260326,1925,4,12,1,2,2,12.0,4.2,24.0,8.4,15.6
6561,103981,20260326,1925,4,16,1,2,1,11.5,4.1,11.5,4.1,7.4
6562,103982,20260423,2119,1,19,1,1,2,5.5,2.0,11.0,4.0,7.0
6563,103982,20260423,2119,1,21,1,1,2,9.0,3.2,18.0,6.4,11.6
6564,103983,20260523,1634,1,15,1,1,1,11.0,4.0,11.0,4.0,7.0
6565,103983,20260523,1634,1,23,1,1,1,9.0,3.4,9.0,3.4,5.6
6566,103984,20260525,1205,1,7,1,1,1,4.3,1.8,4.3,1.8,2.5
6567,103985,20260531,2014,3,23,2,1,1,9.0,3.4,9.0,3.4,5.6
6568,103986,20260910,830,2,1,1,1,1,3.5,1.4,3.5,1.4,2.1
6569,103987,20260824,835,1,24,2,4,1,8.0,3.0,8.0,3.0,5.0
6570,103988,20260505,1217,3,5,4,4,1,4.8,2.0,4.8,2.0,2.8
6571,103988,20260505,1217,3,19,4,4,2,5.5,2.0,11.0,4.0,7.0
6572,103988,20260505,1217,3,11,4,4,1,10.5,3.8,10.5,3.8,6.7
6573,103989,20260317,1918,2,8,3,3,1,8.5,3.2,8.5,3.2,5.3
6574,103989,20260317,1918,2,24,3,3,1,8.0,3.0,8.0,3.0,5.0
6575,103990,20260418,2051,2,10,1,2,1,8.0,3.0,8.0,3.0,5.0
6576,103991,20260724,829,3,18,1,1,1,5.0,1.8,5.0,1.8,3.2
6577,103992,20260818,1245,1,24,4,1,2,8.0,3.0,16.0,6.0,10.0
6578,103993,20260502,1126,4,10,2,1,1,8.0,3.0,8.0,3.0,5.0
6579,103994,20260723,1754,2,22,2,4,2,9.5,3.6,19.0,7.2,11.8
6580,103995,20260914,1327,3,13,1,1,1,12.5,4.3,12.5,4.3,8.2
6581,103995,20260914,1327,3,11,1,1,1,10.5,3.8,10.5,3.8,6.7
6582,103996,20260725,1049,2,19,2,1,2,5.5,2.0,11.0,4.0,7.0
6583,103997,20260424,1230,1,8,1,1,2,8.5,3.2,17.0,6.4,10.6
6584,103997,20260424,1230,1,8,1,1,1,8.5,3.2,8.5,3.2,5.3
6585,103998,20260731,1737,4,8,2,3,1,8.5,3.2,8.5,3.2,5.3
6586,103999,20260514,1714,4,8,1,4,1,8.5,3.2,8.5,3.2,5.3
6587,104000,20260602,1724,1,11,1,1,1,10.5,3.8,10.5,3.8,6.7
6588,104001,20260625,1736,2,15,1,1,1,11.0,4.0,11.0,4.0,7.0
6589,104002,20260501,1234,2,1,2,1,1,3.5,1.4,3.5,1.4,2.1
6590,104003,20260701,708,3,6,1,1,2,5.0,2.1,10.0,4.2,5.8
6591,104004,20260709,955,2,3,1,1,1,3.8,1.5,3.8,1.5,2.3
6592,104004,20260709,955,2,3,1,1,1,3.8,1.5,3.8,1.5,2.3
6593,104005,20260913,1719,3,20,2,3,1,6.5,2.4,6.5,2.4,4.1
6594,104006,20260506,1921,1,10,3,1,1,8.0,3.0,8.0,3.0,5.0
6595,104007,20260515,841,3,2,2,1,1,4.0,1.6,4.0,1.6,2.4
6596,104007,20260515,841,3,24,2,1,1,8.0,3.0,8.0,3.0,5.0
6597,104008,20260406,952,4,3,2,3,1,3.8,1.5,3.8,1.5,2.3
6598,104008,20260406,952,4,1,2,3,1,3.5,1.4,3.5,1.4,2.1
6599,104009,20260704,929,2,5,4,2,1,4.8,2.0,4.8,2.0,2.8
6600,104009,20260704,929,2,1,4,2,1,3.5,1.4,3.5,1.4,2.1
6601,104010,20260510,1141,1,1,2,1,1,3.5,1.4,3.5,1.4,2.1
6602,104010,20260510,1141,1,2,2,1,1,4.0,1.6,4.0,1.6,2.4
6603,104010,20260510,1141,1,1,2,1,1,3.5,1.4,3.5,1.4,2.1
6604,104011,20260628,1522,1,23,1,1,1,9.0,3.4,9.0,3.4,5.6
6605,104011,20260628,1522,1,2,1,1,1,4.0,1.6,4.0,1.6,2.4
6606,104011,20260628,1522,1,10,1,1,1,8.0,3.0,8.0,3.0,5.0
6607,104012,20260629,1757,4,4,1,3,2,4.5,1.9,9.0,3.8,5.2
6608,104013,20260401,1237,3,6,1,4,1,5.0,2.1,5.0,2.1,2.9
6609,104014,20260806,1710,3,4,1,2,1,4.5,1.9,4.5,1.9,2.6
6610,104015,20260319,1309,3,12,1,1,1,12.0,4.2,12.0,4.2,7.8
6611,104016,20260625,818,1,7,1,1,1,4.3,1.8,4.3,1.8,2.5
6612,104016,20260625,818,1,1,1,1,1,3.5,1.4,3.5,1.4,2.1
6613,104017,20260628,1414,3,20,2,1,1,6.5,2.4,6.5,2.4,4.1
6614,104018,20260411,841,2,6,2,1,1,5.0,2.1,5.0,2.1,2.9
6615,104018,20260411,841,2,18,2,1,1,5.0,1.8,5.0,1.8,3.2
6616,104019,20260815,1027,2,5,3,1,1,4.8,2.0,4.8,2.0,2.8
6617,104019,20260815,1027,2,6,3,1,1,5.0,2.1,5.0,2.1,2.9
6618,104020,20260326,1017,1,17,2,1,2,4.5,1.6,9.0,3.2,5.8
6619,104021,20260703,1009,1,5,1,1,1,4.8,2.0,4.8,2.0,2.8
6620,104021,20260703,1009,1,20,1,1,1,6.5,2.4,6.5,2.4,4.1
6621,104021,20260703,1009,1,5,1,1,2,4.8,2.0,9.6,4.0,5.6
6622,104022,20260901,1637,2,13,1,1,1,12.5,4.3,12.5,4.3,8.2
6623,104023,20260609,1311,2,11,1,2,1,10.5,3.8,10.5,3.8,6.7
6624,104024,20260326,1901,2,15,1,3,1,11.0,4.0,11.0,4.0,7.0
6625,104024,20260326,1901,2,8,1,3,1,8.5,3.2,8.5,3.2,5.3
6626,104024,20260326,1901,2,13,1,3,2,12.5,4.3,25.0,8.6,16.4
6627,104025,20260317,1240,4,23,2,2,1,9.0,3.4,9.0,3.4,5.6
6628,104026,20260318,1747,4,12,1,3,1,12.0,4.2,12.0,4.2,7.8
6629,104026,20260318,1747,4,11,1,3,1,10.5,3.8,10.5,3.8,6.7
6630,104026,20260318,1747,4,15,1,3,1,11.0,4.0,11.0,4.0,7.0
6631,104027,20260513,924,2,19,2,1,1,5.5,2.0,5.5,2.0,3.5
6632,104027,20260513,924,2,21,2,1,1,9.0,3.2,9.0,3.2,5.8
6633,104028,20260322,817,2,4,4,2,1,4.5,1.9,4.5,1.9,2.6
6634,104029,20260330,1001,4,5,2,1,1,4.8,2.0,4.8,2.0,2.8
6635,104029,20260330,1001,4,21,2,1,1,9.0,3.2,9.0,3.2,5.8
6636,104030,20260709,2131,1,19,2,1,1,5.5,2.0,5.5,2.0,3.5
6637,104031,20260831,1855,2,9,1,3,1,9.0,3.4,9.0,3.4,5.6
6638,104032,20260430,1928,4,2,2,4,1,4.0,1.6,4.0,1.6,2.4
6639,104032,20260430,1928,4,6,2,4,1,5.0,2.1,5.0,2.1,2.9
6640,104033,20260506,1853,4,16,1,4,1,11.5,4.1,11.5,4.1,7.4
6641,104033,20260506,1853,4,17,1,4,1,4.5,1.6,4.5,1.6,2.9
6642,104034,20260608,839,2,21,2,1,1,9.0,3.2,9.0,3.2,5.8
6643,104034,20260608,839,2,21,2,1,1,9.0,3.2,9.0,3.2,5.8
6644,104034,20260608,839,2,1,2,1,1,3.5,1.4,3.5,1.4,2.1
6645,104035,20260404,1056,1,10,1,2,1,8.0,3.0,8.0,3.0,5.0
6646,104036,20260609,1601,4,19,2,1,2,5.5,2.0,11.0,4.0,7.0
6647,104037,20260428,1011,4,7,1,1,2,4.3,1.8,8.6,3.6,5.0
6648,104037,20260428,1011,4,4,1,1,1,4.5,1.9,4.5,1.9,2.6
6649,104037,20260428,1011,4,20,1,1,1,6.5,2.4,6.5,2.4,4.1
6650,104038,20260422,1342,2,3,2,1,1,3.8,1.5,3.8,1.5,2.3
6651,104039,20260417,1909,4,11,2,3,1,10.5,3.8,10.5,3.8,6.7
6652,104039,20260417,1909,4,9,2,3,2,9.0,3.4,18.0,6.8,11.2
6653,104039,20260417,1909,4,12,2,3,1,12.0,4.2,12.0,4.2,7.8
6654,104040,20260901,1114,3,10,3,3,1,8.0,3.0,8.0,3.0,5.0
6655,104040,20260901,1114,3,24,3,3,1,8.0,3.0,8.0,3.0,5.0
6656,104040,20260901,1114,3,20,3,3,2,6.5,2.4,13.0,4.8,8.2
6657,104041,20260323,1913,1,21,3,3,1,9.0,3.2,9.0,3.2,5.8
6658,104041,20260323,1913,1,10,3,3,2,8.0,3.0,16.0,6.0,10.0
6659,104041,20260323,1913,1,16,3,3,1,11.5,4.1,11.5,4.1,7.4
6660,104042,20260416,915,4,2,1,2,1,4.0,1.6,4.0,1.6,2.4
6661,104042,20260416,915,4,1,1,2,1,3.5,1.4,3.5,1.4,2.1
6662,104043,20260504,1740,1,9,4,1,1,9.0,3.4,9.0,3.4,5.6
6663,104044,20260731,1854,1,24,1,1,1,8.0,3.0,8.0,3.0,5.0
6664,104044,20260731,1854,1,14,1,1,1,13.5,4.6,13.5,4.6,8.9
6665,104045,20260716,1202,1,20,2,1,1,6.5,2.4,6.5,2.4,4.1
6666,104045,20260716,1202,1,25,2,1,1,8.5,3.2,8.5,3.2,5.3
6667,104046,20260522,1228,1,21,3,3,2,9.0,3.2,18.0,6.4,11.6
6668,104046,20260522,1228,1,21,3,3,2,9.0,3.2,18.0,6.4,11.6
6669,104046,20260522,1228,1,2,3,3,1,4.0,1.6,4.0,1.6,2.4
6670,104047,20260807,838,1,6,1,2,1,5.0,2.1,5.0,2.1,2.9
6671,104047,20260807,838,1,7,1,2,2,4.3,1.8,8.6,3.6,5.0
6672,104048,20260614,1721,4,9,4,1,1,9.0,3.4,9.0,3.4,5.6
6673,104049,20260517,1659,2,13,3,4,1,12.5,4.3,12.5,4.3,8.2
6674,104049,20260517,1659,2,14,3,4,1,13.5,4.6,13.5,4.6,8.9
6675,104049,20260517,1659,2,9,3,4,1,9.0,3.4,9.0,3.4,5.6
6676,104050,20260516,845,3,19,1,3,1,5.5,2.0,5.5,2.0,3.5
6677,104051,20260825,1233,4,16,3,1,1,11.5,4.1,11.5,4.1,7.4
6678,104051,20260825,1233,4,16,3,1,1,11.5,4.1,11.5,4.1,7.4
6679,104052,20260529,1005,2,1,1,2,1,3.5,1.4,3.5,1.4,2.1
6680,104053,20260318,1037,3,12,1,1,1,12.0,4.2,12.0,4.2,7.8
6681,104054,20260814,1717,3,3,1,3,1,3.8,1.5,3.8,1.5,2.3
6682,104055,20260706,1912,4,16,2,1,1,11.5,4.1,11.5,4.1,7.4
6683,104056,20260708,1350,3,20,2,2,1,6.5,2.4,6.5,2.4,4.1
6684,104056,20260708,1350,3,9,2,2,1,9.0,3.4,9.0,3.4,5.6
6685,104056,20260708,1350,3,13,2,2,1,12.5,4.3,12.5,4.3,8.2
6686,104057,20260530,1732,4,3,3,1,1,3.8,1.5,3.8,1.5,2.3
6687,104058,20260324,1635,2,16,1,3,2,11.5,4.1,23.0,8.2,14.8
6688,104059,20260815,1930,3,16,1,1,1,11.5,4.1,11.5,4.1,7.4
6689,104059,20260815,1930,3,7,1,1,1,4.3,1.8,4.3,1.8,2.5
6690,104060,20260428,1322,1,10,2,3,1,8.0,3.0,8.0,3.0,5.0
6691,104061,20260424,1404,4,4,1,1,1,4.5,1.9,4.5,1.9,2.6
6692,104061,20260424,1404,4,8,1,1,1,8.5,3.2,8.5,3.2,5.3
6693,104062,20260412,1017,3,20,1,4,1,6.5,2.4,6.5,2.4,4.1
6694,104062,20260412,1017,3,21,1,4,1,9.0,3.2,9.0,3.2,5.8
6695,104063,20260614,1632,3,11,1,3,1,10.5,3.8,10.5,3.8,6.7
6696,104063,20260614,1632,3,14,1,3,2,13.5,4.6,27.0,9.2,17.8
6697,104064,20260513,1218,4,21,1,2,2,9.0,3.2,18.0,6.4,11.6
6698,104065,20260517,1636,4,15,1,2,1,11.0,4.0,11.0,4.0,7.0
6699,104066,20260524,1012,3,7,4,1,1,4.3,1.8,4.3,1.8,2.5
6700,104066,20260524,1012,3,2,4,1,1,4.0,1.6,4.0,1.6,2.4
6701,104066,20260524,1012,3,6,4,1,1,5.0,2.1,5.0,2.1,2.9
6702,104067,20260715,909,3,19,1,3,1,5.5,2.0,5.5,2.0,3.5
6703,104068,20260831,1315,1,1,2,1,1,3.5,1.4,3.5,1.4,2.1
6704,104069,20260706,1727,1,22,1,4,1,9.5,3.6,9.5,3.6,5.9
6705,104070,20260809,1020,3,6,3,1,1,5.0,2.1,5.0,2.1,2.9
6706,104071,20260602,2048,2,11,1,1,1,10.5,3.8,10.5,3.8,6.7
6707,104071,20260602,2048,2,14,1,1,1,13.5,4.6,13.5,4.6,8.9
6708,104071,20260602,2048,2,25,1,1,1,8.5,3.2,8.5,3.2,5.3
6709,104072,20260718,836,2,7,2,2,1,4.3,1.8,4.3,1.8,2.5
6710,104073,20260706,1023,4,2,1,3,1,4.0,1.6,4.0,1.6,2.4
6711,104074,20260401,1133,3,24,1,2,2,8.0,3.0,16.0,6.0,10.0
6712,104074,20260401,1133,3,21,1,2,1,9.0,3.2,9.0,3.2,5.8
6713,104074,20260401,1133,3,8,1,2,1,8.5,3.2,8.5,3.2,5.3
6714,104075,20260701,1648,3,20,1,1,1,6.5,2.4,6.5,2.4,4.1
6715,104076,20260711,1211,1,2,2,1,1,4.0,1.6,4.0,1.6,2.4
6716,104076,20260711,1211,1,7,2,1,1,4.3,1.8,4.3,1.8,2.5
6717,104077,20260731,822,4,20,1,3,1,6.5,2.4,6.5,2.4,4.1
6718,104077,20260731,822,4,6,1,3,1,5.0,2.1,5.0,2.1,2.9
6719,104078,20260407,1450,3,15,3,4,1,11.0,4.0,11.0,4.0,7.0
6720,104078,20260407,1450,3,2,3,4,1,4.0,1.6,4.0,1.6,2.4
6721,104079,20260425,1359,4,24,1,4,1,8.0,3.0,8.0,3.0,5.0
6722,104080,20260625,2009,2,3,2,2,1,3.8,1.5,3.8,1.5,2.3
6723,104080,20260625,2009,2,1,2,2,1,3.5,1.4,3.5,1.4,2.1
6724,104081,20260512,1041,3,24,1,2,1,8.0,3.0,8.0,3.0,5.0
6725,104082,20260704,1327,1,18,2,1,1,5.0,1.8,5.0,1.8,3.2
6726,104082,20260704,1327,1,6,2,1,1,5.0,2.1,5.0,2.1,2.9
6727,104082,20260704,1327,1,19,2,1,1,5.5,2.0,5.5,2.0,3.5
6728,104083,20260730,1051,2,23,1,2,1,9.0,3.4,9.0,3.4,5.6
6729,104084,20260911,1013,2,1,1,1,1,3.5,1.4,3.5,1.4,2.1
6730,104085,20260711,1918,4,5,1,4,1,4.8,2.0,4.8,2.0,2.8
6731,104085,20260711,1918,4,25,1,4,2,8.5,3.2,17.0,6.4,10.6
6732,104085,20260711,1918,4,10,1,4,1,8.0,3.0,8.0,3.0,5.0
6733,104086,20260511,1115,2,9,4,1,1,9.0,3.4,9.0,3.4,5.6
6734,104087,20260420,1807,4,11,1,1,1,10.5,3.8,10.5,3.8,6.7
6735,104087,20260420,1807,4,11,1,1,2,10.5,3.8,21.0,7.6,13.4
6736,104087,20260420,1807,4,21,1,1,1,9.0,3.2,9.0,3.2,5.8
6737,104088,20260513,821,1,18,4,4,1,5.0,1.8,5.0,1.8,3.2
6738,104089,20260530,1309,2,7,1,4,2,4.3,1.8,8.6,3.6,5.0
6739,104090,20260517,903,1,17,1,1,1,4.5,1.6,4.5,1.6,2.9
6740,104090,20260517,903,1,14,1,1,2,13.5,4.6,27.0,9.2,17.8
6741,104091,20260320,833,1,18,4,3,1,5.0,1.8,5.0,1.8,3.2
6742,104091,20260320,833,1,21,4,3,2,9.0,3.2,18.0,6.4,11.6
6743,104092,20260827,1119,2,10,1,1,1,8.0,3.0,8.0,3.0,5.0
6744,104093,20260315,739,2,22,2,2,1,9.5,3.6,9.5,3.6,5.9
6745,104094,20260604,713,4,14,1,1,1,13.5,4.6,13.5,4.6,8.9
6746,104094,20260604,713,4,5,1,1,1,4.8,2.0,4.8,2.0,2.8
6747,104095,20260426,1643,4,13,2,2,2,12.5,4.3,25.0,8.6,16.4
6748,104095,20260426,1643,4,10,2,2,1,8.0,3.0,8.0,3.0,5.0
6749,104095,20260426,1643,4,20,2,2,1,6.5,2.4,6.5,2.4,4.1
6750,104096,20260818,1904,2,7,1,4,1,4.3,1.8,4.3,1.8,2.5
6751,104097,20260706,1116,4,9,4,1,1,9.0,3.4,9.0,3.4,5.6
6752,104097,20260706,1116,4,17,4,1,1,4.5,1.6,4.5,1.6,2.9
6753,104098,20260905,1659,4,12,2,3,2,12.0,4.2,24.0,8.4,15.6
6754,104099,20260606,1738,2,10,1,1,1,8.0,3.0,8.0,3.0,5.0
6755,104099,20260606,1738,2,13,1,1,1,12.5,4.3,12.5,4.3,8.2
6756,104100,20260407,1823,4,16,2,1,1,11.5,4.1,11.5,4.1,7.4
6757,104101,20260627,1145,2,16,2,1,1,11.5,4.1,11.5,4.1,7.4
6758,104102,20260709,1301,1,2,1,2,1,4.0,1.6,4.0,1.6,2.4
6759,104103,20260811,1825,2,12,1,2,1,12.0,4.2,12.0,4.2,7.8
6760,104103,20260811,1825,2,16,1,2,1,11.5,4.1,11.5,4.1,7.4
6761,104104,20260610,1702,3,20,1,4,1,6.5,2.4,6.5,2.4,4.1
6762,104105,20260723,1728,3,7,3,3,1,4.3,1.8,4.3,1.8,2.5
6763,104105,20260723,1728,3,23,3,3,1,9.0,3.4,9.0,3.4,5.6
6764,104106,20260820,839,4,6,1,1,1,5.0,2.1,5.0,2.1,2.9
6765,104107,20260530,1142,1,2,3,3,1,4.0,1.6,4.0,1.6,2.4
6766,104108,20260822,823,2,6,1,1,1,5.0,2.1,5.0,2.1,2.9
6767,104108,20260822,823,2,5,1,1,1,4.8,2.0,4.8,2.0,2.8
6768,104109,20260731,1114,4,4,2,2,1,4.5,1.9,4.5,1.9,2.6
6769,104109,20260731,1114,4,19,2,2,1,5.5,2.0,5.5,2.0,3.5
6770,104109,20260731,1114,4,13,2,2,1,12.5,4.3,12.5,4.3,8.2
6771,104110,20260406,1027,3,24,1,2,1,8.0,3.0,8.0,3.0,5.0
6772,104111,20260705,1811,2,8,1,3,1,8.5,3.2,8.5,3.2,5.3
6773,104111,20260705,1811,2,8,1,3,1,8.5,3.2,8.5,3.2,5.3
6774,104111,20260705,1811,2,4,1,3,1,4.5,1.9,4.5,1.9,2.6
6775,104112,20260408,851,4,4,2,1,1,4.5,1.9,4.5,1.9,2.6
6776,104112,20260408,851,4,3,2,1,1,3.8,1.5,3.8,1.5,2.3
6777,104113,20260619,958,4,1,1,2,2,3.5,1.4,7.0,2.8,4.2
6778,104113,20260619,958,4,25,1,2,1,8.5,3.2,8.5,3.2,5.3
6779,104113,20260619,958,4,25,1,2,1,8.5,3.2,8.5,3.2,5.3
6780,104114,20260328,1638,2,12,2,4,1,12.0,4.2,12.0,4.2,7.8
6781,104115,20260624,1611,1,9,1,1,1,9.0,3.4,9.0,3.4,5.6
6782,104116,20260423,1216,1,6,2,3,1,5.0,2.1,5.0,2.1,2.9
6783,104117,20260528,1918,2,9,1,3,1,9.0,3.4,9.0,3.4,5.6
6784,104117,20260528,1918,2,16,1,3,1,11.5,4.1,11.5,4.1,7.4
6785,104117,20260528,1918,2,24,1,3,1,8.0,3.0,8.0,3.0,5.0
6786,104118,20260908,1814,2,14,1,1,1,13.5,4.6,13.5,4.6,8.9
6787,104119,20260517,2148,4,7,1,2,1,4.3,1.8,4.3,1.8,2.5
6788,104119,20260517,2148,4,11,1,2,2,10.5,3.8,21.0,7.6,13.4
6789,104120,20260811,1226,2,9,2,1,1,9.0,3.4,9.0,3.4,5.6
6790,104121,20260507,734,2,17,1,4,1,4.5,1.6,4.5,1.6,2.9
6791,104122,20260415,1127,2,4,1,1,2,4.5,1.9,9.0,3.8,5.2
6792,104123,20260704,1754,1,8,1,1,1,8.5,3.2,8.5,3.2,5.3
6793,104124,20260718,1500,2,3,1,1,2,3.8,1.5,7.6,3.0,4.6
6794,104125,20260513,1144,3,9,2,1,1,9.0,3.4,9.0,3.4,5.6
6795,104126,20260529,1748,2,16,1,4,1,11.5,4.1,11.5,4.1,7.4
6796,104127,20260417,1944,4,10,1,1,1,8.0,3.0,8.0,3.0,5.0
6797,104127,20260417,1944,4,7,1,1,1,4.3,1.8,4.3,1.8,2.5
6798,104128,20260805,729,4,3,1,2,2,3.8,1.5,7.6,3.0,4.6
6799,104129,20260731,1728,2,15,2,1,1,11.0,4.0,11.0,4.0,7.0
6800,104129,20260731,1728,2,18,2,1,1,5.0,1.8,5.0,1.8,3.2
6801,104129,20260731,1728,2,5,2,1,1,4.8,2.0,4.8,2.0,2.8
6802,104130,20260602,906,1,1,1,1,2,3.5,1.4,7.0,2.8,4.2
6803,104130,20260602,906,1,16,1,1,1,11.5,4.1,11.5,4.1,7.4
6804,104131,20260522,1336,2,11,1,1,1,10.5,3.8,10.5,3.8,6.7
6805,104131,20260522,1336,2,14,1,1,1,13.5,4.6,13.5,4.6,8.9
6806,104131,20260522,1336,2,21,1,1,2,9.0,3.2,18.0,6.4,11.6
6807,104132,20260830,1747,3,14,3,1,1,13.5,4.6,13.5,4.6,8.9
6808,104132,20260830,1747,3,15,3,1,1,11.0,4.0,11.0,4.0,7.0
6809,104133,20260829,1844,1,9,2,1,1,9.0,3.4,9.0,3.4,5.6
6810,104134,20260410,1845,2,9,1,1,1,9.0,3.4,9.0,3.4,5.6
6811,104134,20260410,1845,2,1,1,1,1,3.5,1.4,3.5,1.4,2.1
6812,104134,20260410,1845,2,9,1,1,1,9.0,3.4,9.0,3.4,5.6
6813,104135,20260715,1300,4,13,3,1,1,12.5,4.3,12.5,4.3,8.2
6814,104135,20260715,1300,4,3,3,1,1,3.8,1.5,3.8,1.5,2.3
6815,104136,20260429,1255,3,17,1,1,2,4.5,1.6,9.0,3.2,5.8
6816,104137,20260728,1926,3,16,2,1,1,11.5,4.1,11.5,4.1,7.4
6817,104138,20260404,1828,2,13,1,4,1,12.5,4.3,12.5,4.3,8.2
6818,104138,20260404,1828,2,24,1,4,1,8.0,3.0,8.0,3.0,5.0
6819,104139,20260622,1004,3,19,2,1,1,5.5,2.0,5.5,2.0,3.5
6820,104140,20260406,945,1,1,1,1,1,3.5,1.4,3.5,1.4,2.1
6821,104140,20260406,945,1,1,1,1,1,3.5,1.4,3.5,1.4,2.1
6822,104140,20260406,945,1,19,1,1,1,5.5,2.0,5.5,2.0,3.5
6823,104141,20260618,1706,4,11,2,2,1,10.5,3.8,10.5,3.8,6.7
6824,104141,20260618,1706,4,24,2,2,1,8.0,3.0,8.0,3.0,5.0
6825,104142,20260521,808,1,20,2,3,1,6.5,2.4,6.5,2.4,4.1
6826,104142,20260521,808,1,3,2,3,1,3.8,1.5,3.8,1.5,2.3
6827,104143,20260425,721,2,6,1,1,1,5.0,2.1,5.0,2.1,2.9
6828,104144,20260402,928,2,3,1,1,1,3.8,1.5,3.8,1.5,2.3
6829,104144,20260402,928,2,2,1,1,1,4.0,1.6,4.0,1.6,2.4
6830,104144,20260402,928,2,17,1,1,1,4.5,1.6,4.5,1.6,2.9
6831,104145,20260729,937,3,1,1,1,1,3.5,1.4,3.5,1.4,2.1
6832,104146,20260322,822,2,17,4,1,2,4.5,1.6,9.0,3.2,5.8
6833,104146,20260322,822,2,18,4,1,1,5.0,1.8,5.0,1.8,3.2
6834,104146,20260322,822,2,2,4,1,1,4.0,1.6,4.0,1.6,2.4
6835,104147,20260913,1911,4,14,3,4,1,13.5,4.6,13.5,4.6,8.9
6836,104148,20260516,924,1,24,2,1,2,8.0,3.0,16.0,6.0,10.0
6837,104149,20260906,1016,4,10,2,4,1,8.0,3.0,8.0,3.0,5.0
6838,104150,20260322,1929,4,25,4,2,1,8.5,3.2,8.5,3.2,5.3
6839,104150,20260322,1929,4,9,4,2,1,9.0,3.4,9.0,3.4,5.6
6840,104150,20260322,1929,4,16,4,2,1,11.5,4.1,11.5,4.1,7.4
6841,104151,20260510,1237,4,2,4,4,1,4.0,1.6,4.0,1.6,2.4
6842,104152,20260504,1635,4,16,2,3,1,11.5,4.1,11.5,4.1,7.4
6843,104152,20260504,1635,4,17,2,3,1,4.5,1.6,4.5,1.6,2.9
6844,104153,20260501,746,1,11,2,2,1,10.5,3.8,10.5,3.8,6.7
6845,104153,20260501,746,1,4,2,2,1,4.5,1.9,4.5,1.9,2.6
6846,104154,20260627,1657,2,23,1,1,1,9.0,3.4,9.0,3.4,5.6
6847,104154,20260627,1657,2,2,1,1,1,4.0,1.6,4.0,1.6,2.4
6848,104155,20260827,1229,3,13,1,2,1,12.5,4.3,12.5,4.3,8.2
6849,104155,20260827,1229,3,7,1,2,1,4.3,1.8,4.3,1.8,2.5
6850,104155,20260827,1229,3,16,1,2,1,11.5,4.1,11.5,4.1,7.4
6851,104156,20260403,1805,1,21,1,2,1,9.0,3.2,9.0,3.2,5.8
6852,104156,20260403,1805,1,11,1,2,1,10.5,3.8,10.5,3.8,6.7
6853,104156,20260403,1805,1,15,1,2,2,11.0,4.0,22.0,8.0,14.0
6854,104157,20260821,1924,4,2,1,1,1,4.0,1.6,4.0,1.6,2.4
6855,104157,20260821,1924,4,24,1,1,1,8.0,3.0,8.0,3.0,5.0
6856,104158,20260524,933,3,20,4,2,1,6.5,2.4,6.5,2.4,4.1
6857,104158,20260524,933,3,2,4,2,2,4.0,1.6,8.0,3.2,4.8
6858,104159,20260320,950,1,20,3,2,1,6.5,2.4,6.5,2.4,4.1
6859,104159,20260320,950,1,5,3,2,1,4.8,2.0,4.8,2.0,2.8
6860,104160,20260718,1018,2,5,1,4,1,4.8,2.0,4.8,2.0,2.8
6861,104160,20260718,1018,2,20,1,4,1,6.5,2.4,6.5,2.4,4.1
6862,104161,20260813,731,4,15,2,1,1,11.0,4.0,11.0,4.0,7.0
6863,104162,20260716,2004,2,21,1,3,1,9.0,3.2,9.0,3.2,5.8
6864,104162,20260716,2004,2,5,1,3,1,4.8,2.0,4.8,2.0,2.8
6865,104162,20260716,2004,2,15,1,3,1,11.0,4.0,11.0,4.0,7.0
6866,104163,20260413,739,4,17,1,1,1,4.5,1.6,4.5,1.6,2.9
6867,104163,20260413,739,4,5,1,1,2,4.8,2.0,9.6,4.0,5.6
6868,104164,20260703,919,2,4,1,2,1,4.5,1.9,4.5,1.9,2.6
6869,104164,20260703,919,2,25,1,2,1,8.5,3.2,8.5,3.2,5.3
6870,104165,20260624,1951,1,8,1,1,1,8.5,3.2,8.5,3.2,5.3
6871,104165,20260624,1951,1,10,1,1,1,8.0,3.0,8.0,3.0,5.0
6872,104166,20260831,1004,1,4,1,3,1,4.5,1.9,4.5,1.9,2.6
6873,104166,20260831,1004,1,12,1,3,1,12.0,4.2,12.0,4.2,7.8
6874,104167,20260831,1925,2,12,1,1,1,12.0,4.2,12.0,4.2,7.8
6875,104168,20260813,810,3,6,1,1,1,5.0,2.1,5.0,2.1,2.9
6876,104168,20260813,810,3,4,1,1,1,4.5,1.9,4.5,1.9,2.6
6877,104169,20260511,1107,1,1,3,2,1,3.5,1.4,3.5,1.4,2.1
6878,104170,20260627,906,1,18,2,2,1,5.0,1.8,5.0,1.8,3.2
6879,104170,20260627,906,1,17,2,2,1,4.5,1.6,4.5,1.6,2.9
6880,104171,20260420,1829,4,24,3,4,1,8.0,3.0,8.0,3.0,5.0
6881,104172,20260408,1835,4,13,3,3,1,12.5,4.3,12.5,4.3,8.2
6882,104172,20260408,1835,4,3,3,3,1,3.8,1.5,3.8,1.5,2.3
6883,104173,20260420,1826,3,2,2,1,1,4.0,1.6,4.0,1.6,2.4
6884,104173,20260420,1826,3,5,2,1,1,4.8,2.0,4.8,2.0,2.8
6885,104173,20260420,1826,3,9,2,1,2,9.0,3.4,18.0,6.8,11.2
6886,104174,20260525,1644,1,8,2,4,1,8.5,3.2,8.5,3.2,5.3
6887,104174,20260525,1644,1,21,2,4,1,9.0,3.2,9.0,3.2,5.8
6888,104175,20260523,1921,2,4,2,1,1,4.5,1.9,4.5,1.9,2.6
6889,104175,20260523,1921,2,10,2,1,1,8.0,3.0,8.0,3.0,5.0
6890,104175,20260523,1921,2,24,2,1,1,8.0,3.0,8.0,3.0,5.0
6891,104176,20260619,925,3,7,3,4,1,4.3,1.8,4.3,1.8,2.5
6892,104177,20260418,2012,4,14,1,3,2,13.5,4.6,27.0,9.2,17.8
6893,104177,20260418,2012,4,18,1,3,1,5.0,1.8,5.0,1.8,3.2
6894,104177,20260418,2012,4,19,1,3,2,5.5,2.0,11.0,4.0,7.0
6895,104178,20260620,1552,1,20,4,2,1,6.5,2.4,6.5,2.4,4.1
6896,104179,20260731,900,3,17,3,1,2,4.5,1.6,9.0,3.2,5.8
6897,104179,20260731,900,3,20,3,1,1,6.5,2.4,6.5,2.4,4.1
6898,104180,20260619,901,3,7,1,2,1,4.3,1.8,4.3,1.8,2.5
6899,104180,20260619,901,3,8,1,2,1,8.5,3.2,8.5,3.2,5.3
6900,104181,20260406,836,1,6,1,1,1,5.0,2.1,5.0,2.1,2.9
6901,104182,20260413,712,2,6,3,1,1,5.0,2.1,5.0,2.1,2.9
6902,104183,20260321,1350,4,25,1,1,1,8.5,3.2,8.5,3.2,5.3
6903,104183,20260321,1350,4,10,1,1,1,8.0,3.0,8.0,3.0,5.0
6904,104184,20260610,1518,2,8,2,1,1,8.5,3.2,8.5,3.2,5.3
6905,104184,20260610,1518,2,5,2,1,1,4.8,2.0,4.8,2.0,2.8
6906,104185,20260704,1514,4,6,1,1,1,5.0,2.1,5.0,2.1,2.9
6907,104185,20260704,1514,4,11,1,1,1,10.5,3.8,10.5,3.8,6.7
6908,104186,20260521,1029,4,21,3,1,1,9.0,3.2,9.0,3.2,5.8
6909,104186,20260521,1029,4,7,3,1,1,4.3,1.8,4.3,1.8,2.5
6910,104186,20260521,1029,4,16,3,1,1,11.5,4.1,11.5,4.1,7.4
6911,104187,20260801,1334,1,21,3,1,1,9.0,3.2,9.0,3.2,5.8
6912,104188,20260614,1306,2,11,1,1,2,10.5,3.8,21.0,7.6,13.4
6913,104188,20260614,1306,2,3,1,1,1,3.8,1.5,3.8,1.5,2.3
6914,104189,20260914,819,1,20,1,4,1,6.5,2.4,6.5,2.4,4.1
6915,104189,20260914,819,1,10,1,4,1,8.0,3.0,8.0,3.0,5.0
6916,104190,20260809,1026,2,5,2,1,1,4.8,2.0,4.8,2.0,2.8
6917,104190,20260809,1026,2,18,2,1,1,5.0,1.8,5.0,1.8,3.2
6918,104191,20260416,1751,4,14,1,1,2,13.5,4.6,27.0,9.2,17.8
6919,104191,20260416,1751,4,9,1,1,2,9.0,3.4,18.0,6.8,11.2
6920,104192,20260627,958,3,2,1,3,1,4.0,1.6,4.0,1.6,2.4
6921,104192,20260627,958,3,24,1,3,1,8.0,3.0,8.0,3.0,5.0
6922,104193,20260821,1909,1,11,2,1,2,10.5,3.8,21.0,7.6,13.4
6923,104194,20260818,1123,2,3,1,3,1,3.8,1.5,3.8,1.5,2.3
6924,104195,20260320,1850,1,11,2,1,2,10.5,3.8,21.0,7.6,13.4
6925,104196,20260414,1719,1,4,1,1,1,4.5,1.9,4.5,1.9,2.6
6926,104196,20260414,1719,1,6,1,1,1,5.0,2.1,5.0,2.1,2.9
6927,104197,20260416,1059,2,18,1,2,1,5.0,1.8,5.0,1.8,3.2
6928,104198,20260801,1738,1,20,1,4,1,6.5,2.4,6.5,2.4,4.1
6929,104198,20260801,1738,1,22,1,4,1,9.5,3.6,9.5,3.6,5.9
6930,104198,20260801,1738,1,10,1,4,1,8.0,3.0,8.0,3.0,5.0
6931,104199,20260515,2136,3,2,2,2,1,4.0,1.6,4.0,1.6,2.4
6932,104199,20260515,2136,3,18,2,2,1,5.0,1.8,5.0,1.8,3.2
6933,104199,20260515,2136,3,19,2,2,2,5.5,2.0,11.0,4.0,7.0
6934,104200,20260320,1813,2,12,2,1,1,12.0,4.2,12.0,4.2,7.8
6935,104200,20260320,1813,2,18,2,1,2,5.0,1.8,10.0,3.6,6.4
6936,104201,20260529,1107,1,12,1,1,1,12.0,4.2,12.0,4.2,7.8
6937,104202,20260501,959,1,25,3,1,1,8.5,3.2,8.5,3.2,5.3
6938,104203,20260819,934,3,4,2,1,1,4.5,1.9,4.5,1.9,2.6
6939,104204,20260411,1515,1,15,1,1,1,11.0,4.0,11.0,4.0,7.0
6940,104205,20260411,1841,1,17,1,1,1,4.5,1.6,4.5,1.6,2.9
6941,104205,20260411,1841,1,24,1,1,2,8.0,3.0,16.0,6.0,10.0
6942,104206,20260515,838,4,5,1,2,1,4.8,2.0,4.8,2.0,2.8
6943,104206,20260515,838,4,3,1,2,1,3.8,1.5,3.8,1.5,2.3
6944,104207,20260506,1546,2,18,1,3,1,5.0,1.8,5.0,1.8,3.2
6945,104207,20260506,1546,2,15,1,3,1,11.0,4.0,11.0,4.0,7.0
6946,104208,20260626,1618,1,24,2,4,1,8.0,3.0,8.0,3.0,5.0
6947,104208,20260626,1618,1,23,2,4,1,9.0,3.4,9.0,3.4,5.6
6948,104208,20260626,1618,1,10,2,4,1,8.0,3.0,8.0,3.0,5.0
6949,104209,20260608,1805,4,12,1,3,1,12.0,4.2,12.0,4.2,7.8
6950,104210,20260820,1121,1,17,2,2,1,4.5,1.6,4.5,1.6,2.9
6951,104211,20260724,1805,2,24,4,4,1,8.0,3.0,8.0,3.0,5.0
6952,104212,20260816,1820,1,23,1,3,2,9.0,3.4,18.0,6.8,11.2
6953,104213,20260809,1023,4,22,1,2,1,9.5,3.6,9.5,3.6,5.9
6954,104214,20260731,813,4,1,3,2,1,3.5,1.4,3.5,1.4,2.1
6955,104215,20260507,807,1,19,1,1,1,5.5,2.0,5.5,2.0,3.5
6956,104216,20260322,1335,2,4,1,2,1,4.5,1.9,4.5,1.9,2.6
6957,104216,20260322,1335,2,21,1,2,1,9.0,3.2,9.0,3.2,5.8
6958,104216,20260322,1335,2,12,1,2,1,12.0,4.2,12.0,4.2,7.8
6959,104217,20260914,2103,3,21,1,1,2,9.0,3.2,18.0,6.4,11.6
6960,104217,20260914,2103,3,4,1,1,1,4.5,1.9,4.5,1.9,2.6
6961,104218,20260405,1913,1,11,1,4,1,10.5,3.8,10.5,3.8,6.7
6962,104219,20260516,1849,3,9,1,1,1,9.0,3.4,9.0,3.4,5.6
6963,104220,20260630,1612,4,24,1,1,1,8.0,3.0,8.0,3.0,5.0
6964,104221,20260321,1814,2,9,4,3,1,9.0,3.4,9.0,3.4,5.6
6965,104222,20260328,1700,2,20,1,1,1,6.5,2.4,6.5,2.4,4.1
6966,104222,20260328,1700,2,6,1,1,1,5.0,2.1,5.0,2.1,2.9
6967,104223,20260425,1858,1,11,2,3,1,10.5,3.8,10.5,3.8,6.7
6968,104223,20260425,1858,1,23,2,3,2,9.0,3.4,18.0,6.8,11.2
6969,104224,20260404,842,2,17,1,1,1,4.5,1.6,4.5,1.6,2.9
6970,104225,20260727,1651,3,15,3,3,2,11.0,4.0,22.0,8.0,14.0
6971,104225,20260727,1651,3,8,3,3,1,8.5,3.2,8.5,3.2,5.3
6972,104226,20260625,1818,3,9,1,3,1,9.0,3.4,9.0,3.4,5.6
6973,104227,20260529,844,1,17,1,2,1,4.5,1.6,4.5,1.6,2.9
6974,104228,20260607,804,1,6,2,2,1,5.0,2.1,5.0,2.1,2.9
6975,104229,20260601,721,3,1,1,1,1,3.5,1.4,3.5,1.4,2.1
6976,104230,20260320,1651,1,24,1,4,1,8.0,3.0,8.0,3.0,5.0
6977,104231,20260425,1807,3,13,1,2,2,12.5,4.3,25.0,8.6,16.4
6978,104232,20260426,1919,4,21,1,1,1,9.0,3.2,9.0,3.2,5.8
6979,104232,20260426,1919,4,14,1,1,1,13.5,4.6,13.5,4.6,8.9
6980,104233,20260709,1321,1,3,4,3,2,3.8,1.5,7.6,3.0,4.6
6981,104233,20260709,1321,1,4,4,3,1,4.5,1.9,4.5,1.9,2.6
6982,104233,20260709,1321,1,2,4,3,1,4.0,1.6,4.0,1.6,2.4
6983,104234,20260610,1639,4,7,1,3,2,4.3,1.8,8.6,3.6,5.0
6984,104234,20260610,1639,4,10,1,3,1,8.0,3.0,8.0,3.0,5.0
6985,104235,20260622,900,2,1,1,2,1,3.5,1.4,3.5,1.4,2.1
6986,104236,20260614,1819,1,13,2,1,1,12.5,4.3,12.5,4.3,8.2
6987,104237,20260403,1109,4,6,4,1,1,5.0,2.1,5.0,2.1,2.9
6988,104237,20260403,1109,4,12,4,1,1,12.0,4.2,12.0,4.2,7.8
6989,104238,20260913,1319,3,18,1,1,2,5.0,1.8,10.0,3.6,6.4
6990,104239,20260614,855,1,14,2,1,2,13.5,4.6,27.0,9.2,17.8
6991,104239,20260614,855,1,1,2,1,1,3.5,1.4,3.5,1.4,2.1
6992,104240,20260421,1514,2,4,2,1,2,4.5,1.9,9.0,3.8,5.2
6993,104240,20260421,1514,2,3,2,1,1,3.8,1.5,3.8,1.5,2.3
6994,104241,20260723,1354,4,1,1,1,1,3.5,1.4,3.5,1.4,2.1
6995,104241,20260723,1354,4,5,1,1,1,4.8,2.0,4.8,2.0,2.8
6996,104241,20260723,1354,4,11,1,1,1,10.5,3.8,10.5,3.8,6.7
6997,104242,20260820,949,2,3,1,1,1,3.8,1.5,3.8,1.5,2.3
6998,104242,20260820,949,2,4,1,1,1,4.5,1.9,4.5,1.9,2.6
6999,104243,20260322,1911,3,10,1,1,1,8.0,3.0,8.0,3.0,5.0
7000,104243,20260322,1911,3,13,1,1,1,12.5,4.3,12.5,4.3,8.2
7001,104243,20260322,1911,3,10,1,1,2,8.0,3.0,16.0,6.0,10.0
7002,104244,20260903,1857,1,5,1,1,2,4.8,2.0,9.6,4.0,5.6
7003,104245,20260717,1630,4,11,1,4,1,10.5,3.8,10.5,3.8,6.7
7004,104246,20260822,1722,1,20,1,1,1,6.5,2.4,6.5,2.4,4.1
7005,104247,20260514,1745,2,13,2,2,2,12.5,4.3,25.0,8.6,16.4
7006,104247,20260514,1745,2,20,2,2,1,6.5,2.4,6.5,2.4,4.1
7007,104247,20260514,1745,2,5,2,2,1,4.8,2.0,4.8,2.0,2.8
7008,104248,20260515,1857,1,13,2,1,1,12.5,4.3,12.5,4.3,8.2
7009,104248,20260515,1857,1,17,2,1,1,4.5,1.6,4.5,1.6,2.9
7010,104249,20260407,1923,3,9,1,4,1,9.0,3.4,9.0,3.4,5.6
7011,104250,20260420,839,4,5,1,1,1,4.8,2.0,4.8,2.0,2.8
7012,104251,20260609,1340,1,14,2,1,1,13.5,4.6,13.5,4.6,8.9
7013,104252,20260528,1730,3,18,2,3,1,5.0,1.8,5.0,1.8,3.2
7014,104252,20260528,1730,3,12,2,3,1,12.0,4.2,12.0,4.2,7.8
7015,104253,20260527,844,1,2,2,1,1,4.0,1.6,4.0,1.6,2.4
7016,104253,20260527,844,1,22,2,1,1,9.5,3.6,9.5,3.6,5.9
7017,104254,20260519,920,1,24,1,1,1,8.0,3.0,8.0,3.0,5.0
7018,104255,20260327,1825,2,19,3,1,1,5.5,2.0,5.5,2.0,3.5
7019,104255,20260327,1825,2,12,3,1,1,12.0,4.2,12.0,4.2,7.8
7020,104255,20260327,1825,2,4,3,1,1,4.5,1.9,4.5,1.9,2.6
7021,104256,20260516,1312,2,20,1,4,1,6.5,2.4,6.5,2.4,4.1
7022,104257,20260403,1006,2,18,1,2,1,5.0,1.8,5.0,1.8,3.2
7023,104258,20260508,1541,1,14,2,1,1,13.5,4.6,13.5,4.6,8.9
7024,104258,20260508,1541,1,11,2,1,2,10.5,3.8,21.0,7.6,13.4
7025,104259,20260719,1528,4,11,2,1,1,10.5,3.8,10.5,3.8,6.7
7026,104259,20260719,1528,4,6,2,1,1,5.0,2.1,5.0,2.1,2.9
7027,104260,20260626,810,4,15,1,4,1,11.0,4.0,11.0,4.0,7.0
7028,104260,20260626,810,4,7,1,4,2,4.3,1.8,8.6,3.6,5.0
7029,104261,20260526,2016,2,7,1,1,1,4.3,1.8,4.3,1.8,2.5
7030,104262,20260610,1839,4,17,1,3,1,4.5,1.6,4.5,1.6,2.9
7031,104263,20260904,856,3,22,3,1,2,9.5,3.6,19.0,7.2,11.8
7032,104264,20260524,1848,3,15,2,4,1,11.0,4.0,11.0,4.0,7.0
7033,104265,20260404,1054,4,9,1,2,1,9.0,3.4,9.0,3.4,5.6
7034,104265,20260404,1054,4,15,1,2,1,11.0,4.0,11.0,4.0,7.0
7035,104266,20260423,1320,2,22,1,2,1,9.5,3.6,9.5,3.6,5.9
7036,104267,20260411,942,2,6,2,3,2,5.0,2.1,10.0,4.2,5.8
7037,104268,20260515,1800,3,8,2,3,2,8.5,3.2,17.0,6.4,10.6
7038,104268,20260515,1800,3,19,2,3,1,5.5,2.0,5.5,2.0,3.5
7039,104269,20260410,935,3,2,3,2,1,4.0,1.6,4.0,1.6,2.4
7040,104269,20260410,935,3,20,3,2,2,6.5,2.4,13.0,4.8,8.2
7041,104269,20260410,935,3,2,3,2,1,4.0,1.6,4.0,1.6,2.4
7042,104270,20260713,941,2,1,1,2,2,3.5,1.4,7.0,2.8,4.2
7043,104270,20260713,941,2,23,1,2,1,9.0,3.4,9.0,3.4,5.6
7044,104271,20260411,1824,1,10,1,4,1,8.0,3.0,8.0,3.0,5.0
7045,104271,20260411,1824,1,11,1,4,1,10.5,3.8,10.5,3.8,6.7
7046,104272,20260624,1731,2,10,1,1,1,8.0,3.0,8.0,3.0,5.0
7047,104273,20260821,1646,1,21,4,4,1,9.0,3.2,9.0,3.2,5.8
7048,104274,20260413,1749,3,12,3,1,2,12.0,4.2,24.0,8.4,15.6
7049,104275,20260815,1924,2,18,1,1,1,5.0,1.8,5.0,1.8,3.2
7050,104275,20260815,1924,2,10,1,1,2,8.0,3.0,16.0,6.0,10.0
7051,104275,20260815,1924,2,12,1,1,1,12.0,4.2,12.0,4.2,7.8
7052,104276,20260606,1921,3,1,1,1,1,3.5,1.4,3.5,1.4,2.1
7053,104276,20260606,1921,3,18,1,1,1,5.0,1.8,5.0,1.8,3.2
7054,104277,20260725,1518,3,23,1,1,1,9.0,3.4,9.0,3.4,5.6
7055,104278,20260531,1854,4,13,1,3,1,12.5,4.3,12.5,4.3,8.2
7056,104278,20260531,1854,4,8,1,3,1,8.5,3.2,8.5,3.2,5.3
7057,104279,20260523,1759,2,5,1,4,1,4.8,2.0,4.8,2.0,2.8
7058,104279,20260523,1759,2,11,1,4,2,10.5,3.8,21.0,7.6,13.4
7059,104280,20260814,1235,2,7,1,1,1,4.3,1.8,4.3,1.8,2.5
7060,104280,20260814,1235,2,1,1,1,1,3.5,1.4,3.5,1.4,2.1
7061,104281,20260417,1718,2,10,1,3,2,8.0,3.0,16.0,6.0,10.0
7062,104281,20260417,1718,2,14,1,3,2,13.5,4.6,27.0,9.2,17.8
7063,104282,20260318,1833,1,15,1,1,1,11.0,4.0,11.0,4.0,7.0
7064,104282,20260318,1833,1,14,1,1,1,13.5,4.6,13.5,4.6,8.9
7065,104283,20260621,842,2,23,1,4,1,9.0,3.4,9.0,3.4,5.6
7066,104283,20260621,842,2,10,1,4,1,8.0,3.0,8.0,3.0,5.0
7067,104284,20260413,1920,1,15,1,3,1,11.0,4.0,11.0,4.0,7.0
7068,104284,20260413,1920,1,12,1,3,2,12.0,4.2,24.0,8.4,15.6
7069,104285,20260902,1004,1,3,1,1,1,3.8,1.5,3.8,1.5,2.3
7070,104285,20260902,1004,1,4,1,1,1,4.5,1.9,4.5,1.9,2.6
7071,104285,20260902,1004,1,17,1,1,1,4.5,1.6,4.5,1.6,2.9
7072,104286,20260614,1806,3,3,1,4,1,3.8,1.5,3.8,1.5,2.3
7073,104286,20260614,1806,3,15,1,4,1,11.0,4.0,11.0,4.0,7.0
7074,104287,20260830,1014,3,17,2,4,1,4.5,1.6,4.5,1.6,2.9
7075,104287,20260830,1014,3,4,2,4,1,4.5,1.9,4.5,1.9,2.6
7076,104287,20260830,1014,3,6,2,4,1,5.0,2.1,5.0,2.1,2.9
7077,104288,20260518,1631,1,14,1,1,1,13.5,4.6,13.5,4.6,8.9
7078,104289,20260423,1635,4,4,2,1,2,4.5,1.9,9.0,3.8,5.2
7079,104290,20260808,1615,2,8,1,1,1,8.5,3.2,8.5,3.2,5.3
7080,104290,20260808,1615,2,17,1,1,1,4.5,1.6,4.5,1.6,2.9
7081,104291,20260507,1017,3,19,1,1,2,5.5,2.0,11.0,4.0,7.0
7082,104291,20260507,1017,3,19,1,1,1,5.5,2.0,5.5,2.0,3.5
7083,104292,20260620,1445,1,19,4,1,1,5.5,2.0,5.5,2.0,3.5
7084,104292,20260620,1445,1,15,4,1,1,11.0,4.0,11.0,4.0,7.0
7085,104292,20260620,1445,1,1,4,1,1,3.5,1.4,3.5,1.4,2.1
7086,104293,20260831,1641,4,18,4,4,2,5.0,1.8,10.0,3.6,6.4
7087,104293,20260831,1641,4,3,4,4,1,3.8,1.5,3.8,1.5,2.3
7088,104294,20260430,1655,1,10,1,3,1,8.0,3.0,8.0,3.0,5.0
7089,104295,20260624,2031,1,13,1,3,1,12.5,4.3,12.5,4.3,8.2
7090,104296,20260602,1018,2,12,2,1,1,12.0,4.2,12.0,4.2,7.8
7091,104296,20260602,1018,2,16,2,1,1,11.5,4.1,11.5,4.1,7.4
7092,104297,20260630,1712,3,23,1,1,1,9.0,3.4,9.0,3.4,5.6
7093,104298,20260801,1706,4,16,1,2,1,11.5,4.1,11.5,4.1,7.4
7094,104299,20260722,1704,3,22,1,3,1,9.5,3.6,9.5,3.6,5.9
7095,104299,20260722,1704,3,10,1,3,1,8.0,3.0,8.0,3.0,5.0
7096,104300,20260407,1057,2,4,2,3,1,4.5,1.9,4.5,1.9,2.6
7097,104300,20260407,1057,2,3,2,3,1,3.8,1.5,3.8,1.5,2.3
7098,104301,20260606,1021,3,7,1,1,1,4.3,1.8,4.3,1.8,2.5
7099,104301,20260606,1021,3,18,1,1,1,5.0,1.8,5.0,1.8,3.2
7100,104301,20260606,1021,3,1,1,1,2,3.5,1.4,7.0,2.8,4.2
7101,104302,20260508,1659,1,1,2,3,1,3.5,1.4,3.5,1.4,2.1
7102,104302,20260508,1659,1,13,2,3,2,12.5,4.3,25.0,8.6,16.4
7103,104303,20260801,1739,4,25,2,1,1,8.5,3.2,8.5,3.2,5.3
7104,104303,20260801,1739,4,10,2,1,1,8.0,3.0,8.0,3.0,5.0
7105,104304,20260423,1624,2,10,1,1,1,8.0,3.0,8.0,3.0,5.0
7106,104304,20260423,1624,2,6,1,1,1,5.0,2.1,5.0,2.1,2.9
7107,104305,20260626,1717,1,8,1,4,1,8.5,3.2,8.5,3.2,5.3
7108,104306,20260905,1226,2,2,2,1,2,4.0,1.6,8.0,3.2,4.8
7109,104307,20260321,1518,4,6,1,1,2,5.0,2.1,10.0,4.2,5.8
7110,104307,20260321,1518,4,4,1,1,1,4.5,1.9,4.5,1.9,2.6
7111,104308,20260902,825,2,19,1,2,1,5.5,2.0,5.5,2.0,3.5
7112,104308,20260902,825,2,19,1,2,2,5.5,2.0,11.0,4.0,7.0
7113,104309,20260506,951,2,2,1,2,1,4.0,1.6,4.0,1.6,2.4
7114,104309,20260506,951,2,6,1,2,1,5.0,2.1,5.0,2.1,2.9
7115,104309,20260506,951,2,4,1,2,1,4.5,1.9,4.5,1.9,2.6
7116,104310,20260328,805,2,1,4,1,1,3.5,1.4,3.5,1.4,2.1
7117,104310,20260328,805,2,4,4,1,1,4.5,1.9,4.5,1.9,2.6
7118,104311,20260607,748,2,7,1,1,2,4.3,1.8,8.6,3.6,5.0
7119,104312,20260831,1833,2,7,2,3,2,4.3,1.8,8.6,3.6,5.0
7120,104313,20260427,856,2,24,1,3,2,8.0,3.0,16.0,6.0,10.0
7121,104314,20260606,957,3,19,2,1,1,5.5,2.0,5.5,2.0,3.5
7122,104314,20260606,957,3,18,2,1,1,5.0,1.8,5.0,1.8,3.2
7123,104315,20260621,1112,2,10,1,1,1,8.0,3.0,8.0,3.0,5.0
7124,104315,20260621,1112,2,12,1,1,1,12.0,4.2,12.0,4.2,7.8
7125,104316,20260720,1423,3,8,1,4,1,8.5,3.2,8.5,3.2,5.3
7126,104316,20260720,1423,3,10,1,4,1,8.0,3.0,8.0,3.0,5.0
7127,104317,20260529,1913,3,12,1,1,1,12.0,4.2,12.0,4.2,7.8
7128,104318,20260607,1004,1,5,3,2,1,4.8,2.0,4.8,2.0,2.8
7129,104319,20260816,935,4,4,1,3,2,4.5,1.9,9.0,3.8,5.2
7130,104320,20260909,1720,1,20,2,3,2,6.5,2.4,13.0,4.8,8.2
7131,104320,20260909,1720,1,14,2,3,1,13.5,4.6,13.5,4.6,8.9
7132,104321,20260513,1717,4,2,1,1,1,4.0,1.6,4.0,1.6,2.4
7133,104321,20260513,1717,4,2,1,1,1,4.0,1.6,4.0,1.6,2.4
7134,104322,20260403,1118,1,10,1,2,1,8.0,3.0,8.0,3.0,5.0
7135,104323,20260906,1339,2,10,1,2,1,8.0,3.0,8.0,3.0,5.0
7136,104324,20260326,1038,1,20,2,2,1,6.5,2.4,6.5,2.4,4.1
7137,104325,20260502,1656,2,5,1,4,1,4.8,2.0,4.8,2.0,2.8
7138,104326,20260419,1634,3,5,1,1,1,4.8,2.0,4.8,2.0,2.8
7139,104327,20260323,1753,3,16,2,2,1,11.5,4.1,11.5,4.1,7.4
7140,104327,20260323,1753,3,11,2,2,1,10.5,3.8,10.5,3.8,6.7
7141,104328,20260508,1853,4,20,2,1,1,6.5,2.4,6.5,2.4,4.1
7142,104329,20260726,1015,3,7,1,2,1,4.3,1.8,4.3,1.8,2.5
7143,104329,20260726,1015,3,5,1,2,1,4.8,2.0,4.8,2.0,2.8
7144,104330,20260508,2052,3,8,1,3,1,8.5,3.2,8.5,3.2,5.3
7145,104331,20260328,1232,3,10,1,1,1,8.0,3.0,8.0,3.0,5.0
7146,104331,20260328,1232,3,2,1,1,1,4.0,1.6,4.0,1.6,2.4
7147,104332,20260611,958,2,24,1,1,1,8.0,3.0,8.0,3.0,5.0
7148,104333,20260707,1844,3,11,1,1,1,10.5,3.8,10.5,3.8,6.7
7149,104333,20260707,1844,3,14,1,1,1,13.5,4.6,13.5,4.6,8.9
7150,104333,20260707,1844,3,16,1,1,1,11.5,4.1,11.5,4.1,7.4
7151,104334,20260508,1850,2,23,2,3,1,9.0,3.4,9.0,3.4,5.6
7152,104334,20260508,1850,2,11,2,3,1,10.5,3.8,10.5,3.8,6.7
7153,104335,20260714,1655,4,11,1,1,1,10.5,3.8,10.5,3.8,6.7
7154,104336,20260401,844,1,5,2,1,1,4.8,2.0,4.8,2.0,2.8
7155,104336,20260401,844,1,21,2,1,1,9.0,3.2,9.0,3.2,5.8
7156,104337,20260812,1159,3,17,2,1,2,4.5,1.6,9.0,3.2,5.8
7157,104337,20260812,1159,3,16,2,1,1,11.5,4.1,11.5,4.1,7.4
7158,104337,20260812,1159,3,8,2,1,1,8.5,3.2,8.5,3.2,5.3
7159,104338,20260524,1828,2,4,2,1,2,4.5,1.9,9.0,3.8,5.2
7160,104338,20260524,1828,2,1,2,1,1,3.5,1.4,3.5,1.4,2.1
7161,104338,20260524,1828,2,14,2,1,1,13.5,4.6,13.5,4.6,8.9
7162,104339,20260328,1815,3,8,3,3,1,8.5,3.2,8.5,3.2,5.3
7163,104340,20260404,1553,4,14,1,1,1,13.5,4.6,13.5,4.6,8.9
7164,104341,20260419,906,1,9,2,1,1,9.0,3.4,9.0,3.4,5.6
7165,104342,20260608,1810,3,13,1,2,1,12.5,4.3,12.5,4.3,8.2
7166,104342,20260608,1810,3,15,1,2,1,11.0,4.0,11.0,4.0,7.0
7167,104343,20260317,920,4,6,1,2,1,5.0,2.1,5.0,2.1,2.9
7168,104344,20260517,908,4,4,1,3,1,4.5,1.9,4.5,1.9,2.6
7169,104344,20260517,908,4,17,1,3,1,4.5,1.6,4.5,1.6,2.9
7170,104345,20260319,720,2,6,1,1,2,5.0,2.1,10.0,4.2,5.8
7171,104345,20260319,720,2,7,1,1,1,4.3,1.8,4.3,1.8,2.5
7172,104346,20260909,1140,3,25,4,1,1,8.5,3.2,8.5,3.2,5.3
7173,104347,20260831,929,4,17,1,1,1,4.5,1.6,4.5,1.6,2.9
7174,104347,20260831,929,4,5,1,1,1,4.8,2.0,4.8,2.0,2.8
7175,104348,20260821,930,2,17,1,1,1,4.5,1.6,4.5,1.6,2.9
7176,104349,20260530,2103,4,6,2,2,1,5.0,2.1,5.0,2.1,2.9
7177,104350,20260322,814,1,17,1,2,1,4.5,1.6,4.5,1.6,2.9
7178,104351,20260614,1050,4,6,1,2,1,5.0,2.1,5.0,2.1,2.9
7179,104351,20260614,1050,4,6,1,2,1,5.0,2.1,5.0,2.1,2.9
7180,104352,20260404,952,3,10,1,3,1,8.0,3.0,8.0,3.0,5.0
7181,104353,20260423,1719,4,14,1,3,1,13.5,4.6,13.5,4.6,8.9
7182,104353,20260423,1719,4,10,1,3,1,8.0,3.0,8.0,3.0,5.0
7183,104353,20260423,1719,4,9,1,3,1,9.0,3.4,9.0,3.4,5.6
7184,104354,20260430,1343,4,17,2,3,1,4.5,1.6,4.5,1.6,2.9
7185,104354,20260430,1343,4,14,2,3,1,13.5,4.6,13.5,4.6,8.9
7186,104355,20260811,1920,4,11,1,4,1,10.5,3.8,10.5,3.8,6.7
7187,104356,20260620,2108,1,8,1,1,1,8.5,3.2,8.5,3.2,5.3
7188,104356,20260620,2108,1,21,1,1,1,9.0,3.2,9.0,3.2,5.8
7189,104356,20260620,2108,1,5,1,1,1,4.8,2.0,4.8,2.0,2.8
7190,104357,20260602,1650,1,9,1,3,1,9.0,3.4,9.0,3.4,5.6
7191,104357,20260602,1650,1,11,1,3,1,10.5,3.8,10.5,3.8,6.7
7192,104358,20260331,804,1,2,4,4,2,4.0,1.6,8.0,3.2,4.8
7193,104359,20260723,829,2,6,1,4,1,5.0,2.1,5.0,2.1,2.9
7194,104360,20260707,1935,4,17,1,2,1,4.5,1.6,4.5,1.6,2.9
7195,104361,20260406,1018,2,2,2,1,1,4.0,1.6,4.0,1.6,2.4
7196,104362,20260905,839,3,1,1,1,2,3.5,1.4,7.0,2.8,4.2
7197,104363,20260429,1637,2,16,1,4,1,11.5,4.1,11.5,4.1,7.4
7198,104363,20260429,1637,2,11,1,4,1,10.5,3.8,10.5,3.8,6.7
7199,104364,20260605,1201,4,18,2,2,1,5.0,1.8,5.0,1.8,3.2
7200,104365,20260425,927,3,19,1,3,1,5.5,2.0,5.5,2.0,3.5
7201,104366,20260707,1858,3,20,2,2,1,6.5,2.4,6.5,2.4,4.1
7202,104366,20260707,1858,3,10,2,2,1,8.0,3.0,8.0,3.0,5.0
7203,104367,20260403,1921,1,9,1,4,1,9.0,3.4,9.0,3.4,5.6
7204,104368,20260421,1631,2,8,2,2,1,8.5,3.2,8.5,3.2,5.3
7205,104369,20260821,1049,3,19,1,1,1,5.5,2.0,5.5,2.0,3.5
7206,104369,20260821,1049,3,3,1,1,1,3.8,1.5,3.8,1.5,2.3
7207,104370,20260826,1757,3,24,1,4,1,8.0,3.0,8.0,3.0,5.0
7208,104371,20260530,1919,2,11,4,1,2,10.5,3.8,21.0,7.6,13.4
7209,104371,20260530,1919,2,9,4,1,1,9.0,3.4,9.0,3.4,5.6
7210,104372,20260515,1731,3,15,4,1,2,11.0,4.0,22.0,8.0,14.0
7211,104373,20260727,1626,3,12,1,1,1,12.0,4.2,12.0,4.2,7.8
7212,104374,20260903,1929,2,13,2,2,1,12.5,4.3,12.5,4.3,8.2
7213,104374,20260903,1929,2,10,2,2,1,8.0,3.0,8.0,3.0,5.0
7214,104375,20260722,1149,2,11,1,4,1,10.5,3.8,10.5,3.8,6.7
7215,104376,20260326,2120,4,15,2,1,1,11.0,4.0,11.0,4.0,7.0
7216,104377,20260420,2120,1,10,1,2,1,8.0,3.0,8.0,3.0,5.0
7217,104377,20260420,2120,1,12,1,2,1,12.0,4.2,12.0,4.2,7.8
7218,104378,20260425,1304,1,16,1,4,1,11.5,4.1,11.5,4.1,7.4
7219,104378,20260425,1304,1,3,1,4,2,3.8,1.5,7.6,3.0,4.6
7220,104378,20260425,1304,1,5,1,4,1,4.8,2.0,4.8,2.0,2.8
7221,104379,20260802,1705,3,14,1,1,2,13.5,4.6,27.0,9.2,17.8
7222,104379,20260802,1705,3,2,1,1,1,4.0,1.6,4.0,1.6,2.4
7223,104379,20260802,1705,3,17,1,1,1,4.5,1.6,4.5,1.6,2.9
7224,104380,20260410,1726,4,8,3,1,1,8.5,3.2,8.5,3.2,5.3
7225,104380,20260410,1726,4,19,3,1,1,5.5,2.0,5.5,2.0,3.5
7226,104381,20260906,1840,2,8,3,2,1,8.5,3.2,8.5,3.2,5.3
7227,104381,20260906,1840,2,16,3,2,2,11.5,4.1,23.0,8.2,14.8
7228,104382,20260318,1731,1,8,1,3,1,8.5,3.2,8.5,3.2,5.3
7229,104382,20260318,1731,1,22,1,3,1,9.5,3.6,9.5,3.6,5.9
7230,104382,20260318,1731,1,4,1,3,1,4.5,1.9,4.5,1.9,2.6
7231,104383,20260403,1310,2,11,4,3,1,10.5,3.8,10.5,3.8,6.7
7232,104383,20260403,1310,2,9,4,3,1,9.0,3.4,9.0,3.4,5.6
7233,104384,20260831,944,3,19,2,1,1,5.5,2.0,5.5,2.0,3.5
7234,104385,20260528,713,1,15,1,2,1,11.0,4.0,11.0,4.0,7.0
7235,104385,20260528,713,1,17,1,2,1,4.5,1.6,4.5,1.6,2.9
7236,104386,20260815,1840,1,20,1,2,1,6.5,2.4,6.5,2.4,4.1
7237,104386,20260815,1840,1,15,1,2,1,11.0,4.0,11.0,4.0,7.0
7238,104387,20260909,750,4,4,1,4,2,4.5,1.9,9.0,3.8,5.2
7239,104387,20260909,750,4,24,1,4,2,8.0,3.0,16.0,6.0,10.0
7240,104387,20260909,750,4,9,1,4,1,9.0,3.4,9.0,3.4,5.6
7241,104388,20260324,1001,2,21,1,1,1,9.0,3.2,9.0,3.2,5.8
7242,104389,20260725,808,1,9,2,1,1,9.0,3.4,9.0,3.4,5.6
7243,104389,20260725,808,1,21,2,1,1,9.0,3.2,9.0,3.2,5.8
7244,104390,20260816,2145,3,19,3,2,1,5.5,2.0,5.5,2.0,3.5
7245,104390,20260816,2145,3,7,3,2,1,4.3,1.8,4.3,1.8,2.5
7246,104391,20260706,945,2,7,2,1,1,4.3,1.8,4.3,1.8,2.5
7247,104391,20260706,945,2,2,2,1,1,4.0,1.6,4.0,1.6,2.4
7248,104392,20260425,1733,4,17,2,3,1,4.5,1.6,4.5,1.6,2.9
7249,104392,20260425,1733,4,15,2,3,1,11.0,4.0,11.0,4.0,7.0
7250,104393,20260321,916,2,18,1,1,1,5.0,1.8,5.0,1.8,3.2
7251,104393,20260321,916,2,1,1,1,1,3.5,1.4,3.5,1.4,2.1
7252,104394,20260507,1233,4,5,3,2,2,4.8,2.0,9.6,4.0,5.6
7253,104395,20260605,847,3,2,2,1,1,4.0,1.6,4.0,1.6,2.4
7254,104395,20260605,847,3,24,2,1,1,8.0,3.0,8.0,3.0,5.0
7255,104396,20260706,1158,3,12,2,2,1,12.0,4.2,12.0,4.2,7.8
7256,104396,20260706,1158,3,23,2,2,1,9.0,3.4,9.0,3.4,5.6
7257,104397,20260325,907,4,12,1,1,1,12.0,4.2,12.0,4.2,7.8
7258,104398,20260611,922,3,11,2,1,1,10.5,3.8,10.5,3.8,6.7
7259,104398,20260611,922,3,17,2,1,1,4.5,1.6,4.5,1.6,2.9
7260,104399,20260628,1353,1,16,1,1,1,11.5,4.1,11.5,4.1,7.4
7261,104400,20260427,1726,1,6,1,3,1,5.0,2.1,5.0,2.1,2.9
7262,104401,20260906,1639,4,18,1,3,2,5.0,1.8,10.0,3.6,6.4
7263,104402,20260905,1712,4,20,1,3,1,6.5,2.4,6.5,2.4,4.1
7264,104402,20260905,1712,4,11,1,3,1,10.5,3.8,10.5,3.8,6.7
7265,104403,20260911,933,3,20,3,1,1,6.5,2.4,6.5,2.4,4.1
7266,104403,20260911,933,3,4,3,1,1,4.5,1.9,4.5,1.9,2.6
7267,104404,20260910,1659,2,24,2,2,1,8.0,3.0,8.0,3.0,5.0
7268,104405,20260512,1853,3,11,1,3,1,10.5,3.8,10.5,3.8,6.7
7269,104406,20260503,959,3,7,2,1,1,4.3,1.8,4.3,1.8,2.5
7270,104406,20260503,959,3,19,2,1,1,5.5,2.0,5.5,2.0,3.5
7271,104407,20260724,1713,3,13,1,3,1,12.5,4.3,12.5,4.3,8.2
7272,104408,20260729,920,3,5,2,1,1,4.8,2.0,4.8,2.0,2.8
7273,104409,20260505,1826,1,12,1,4,1,12.0,4.2,12.0,4.2,7.8
7274,104410,20260908,1939,1,20,3,1,1,6.5,2.4,6.5,2.4,4.1
7275,104411,20260827,1035,2,8,2,1,1,8.5,3.2,8.5,3.2,5.3
7276,104412,20260516,1037,4,23,2,1,1,9.0,3.4,9.0,3.4,5.6
7277,104413,20260819,1739,1,2,1,4,1,4.0,1.6,4.0,1.6,2.4
7278,104413,20260819,1739,1,12,1,4,2,12.0,4.2,24.0,8.4,15.6
7279,104414,20260827,1611,1,11,2,1,1,10.5,3.8,10.5,3.8,6.7
7280,104414,20260827,1611,1,1,2,1,1,3.5,1.4,3.5,1.4,2.1
7281,104414,20260827,1611,1,5,2,1,1,4.8,2.0,4.8,2.0,2.8
7282,104415,20260516,1129,1,18,1,1,1,5.0,1.8,5.0,1.8,3.2
7283,104416,20260728,1942,3,6,2,1,2,5.0,2.1,10.0,4.2,5.8
7284,104417,20260518,2013,4,7,2,1,1,4.3,1.8,4.3,1.8,2.5
7285,104418,20260802,1922,4,14,1,2,1,13.5,4.6,13.5,4.6,8.9
7286,104418,20260802,1922,4,3,1,2,2,3.8,1.5,7.6,3.0,4.6
7287,104419,20260824,903,3,18,1,4,1,5.0,1.8,5.0,1.8,3.2
7288,104419,20260824,903,3,25,1,4,1,8.5,3.2,8.5,3.2,5.3
7289,104420,20260516,1645,3,9,1,1,1,9.0,3.4,9.0,3.4,5.6
7290,104420,20260516,1645,3,19,1,1,1,5.5,2.0,5.5,2.0,3.5
7291,104421,20260820,830,1,2,4,2,1,4.0,1.6,4.0,1.6,2.4
7292,104421,20260820,830,1,6,4,2,2,5.0,2.1,10.0,4.2,5.8
7293,104422,20260724,1016,3,3,1,3,2,3.8,1.5,7.6,3.0,4.6
7294,104422,20260724,1016,3,21,1,3,1,9.0,3.2,9.0,3.2,5.8
7295,104423,20260529,804,1,18,2,2,1,5.0,1.8,5.0,1.8,3.2
7296,104423,20260529,804,1,7,2,2,1,4.3,1.8,4.3,1.8,2.5
7297,104423,20260529,804,1,18,2,2,2,5.0,1.8,10.0,3.6,6.4
7298,104424,20260801,1747,3,23,1,3,1,9.0,3.4,9.0,3.4,5.6
7299,104425,20260329,847,2,21,2,3,1,9.0,3.2,9.0,3.2,5.8
7300,104425,20260329,847,2,7,2,3,1,4.3,1.8,4.3,1.8,2.5
7301,104425,20260329,847,2,20,2,3,2,6.5,2.4,13.0,4.8,8.2
7302,104426,20260606,857,1,3,2,2,1,3.8,1.5,3.8,1.5,2.3
7303,104427,20260610,1812,2,15,1,1,2,11.0,4.0,22.0,8.0,14.0
7304,104428,20260407,807,2,7,1,2,1,4.3,1.8,4.3,1.8,2.5
7305,104429,20260826,912,2,5,1,2,1,4.8,2.0,4.8,2.0,2.8
7306,104430,20260720,1511,3,12,1,1,1,12.0,4.2,12.0,4.2,7.8
7307,104430,20260720,1511,3,9,1,1,1,9.0,3.4,9.0,3.4,5.6
7308,104431,20260828,849,4,16,2,4,1,11.5,4.1,11.5,4.1,7.4
7309,104432,20260701,948,4,2,2,1,1,4.0,1.6,4.0,1.6,2.4
7310,104432,20260701,948,4,3,2,1,1,3.8,1.5,3.8,1.5,2.3
7311,104433,20260524,1614,1,7,2,2,1,4.3,1.8,4.3,1.8,2.5
7312,104434,20260507,1020,3,25,2,1,1,8.5,3.2,8.5,3.2,5.3
7313,104434,20260507,1020,3,21,2,1,2,9.0,3.2,18.0,6.4,11.6
7314,104435,20260809,1000,1,3,1,1,1,3.8,1.5,3.8,1.5,2.3
7315,104436,20260525,1904,1,3,2,2,1,3.8,1.5,3.8,1.5,2.3
7316,104436,20260525,1904,1,2,2,2,1,4.0,1.6,4.0,1.6,2.4
7317,104437,20260506,1011,1,5,1,1,1,4.8,2.0,4.8,2.0,2.8
7318,104438,20260325,1520,3,25,4,1,1,8.5,3.2,8.5,3.2,5.3
7319,104438,20260325,1520,3,25,4,1,2,8.5,3.2,17.0,6.4,10.6
7320,104438,20260325,1520,3,16,4,1,1,11.5,4.1,11.5,4.1,7.4
7321,104439,20260827,1404,3,15,2,1,1,11.0,4.0,11.0,4.0,7.0
7322,104440,20260629,1817,3,8,1,2,1,8.5,3.2,8.5,3.2,5.3
7323,104440,20260629,1817,3,3,1,2,1,3.8,1.5,3.8,1.5,2.3
7324,104440,20260629,1817,3,13,1,2,2,12.5,4.3,25.0,8.6,16.4
7325,104441,20260803,1105,4,2,2,1,2,4.0,1.6,8.0,3.2,4.8
7326,104441,20260803,1105,4,1,2,1,1,3.5,1.4,3.5,1.4,2.1
7327,104442,20260401,837,3,17,2,1,1,4.5,1.6,4.5,1.6,2.9
7328,104443,20260604,904,1,3,1,3,1,3.8,1.5,3.8,1.5,2.3
7329,104443,20260604,904,1,20,1,3,1,6.5,2.4,6.5,2.4,4.1
7330,104444,20260325,1815,3,11,2,1,2,10.5,3.8,21.0,7.6,13.4
7331,104445,20260622,1908,1,15,3,1,1,11.0,4.0,11.0,4.0,7.0
7332,104446,20260725,2125,3,17,2,2,1,4.5,1.6,4.5,1.6,2.9
7333,104447,20260906,1816,1,10,1,1,2,8.0,3.0,16.0,6.0,10.0
7334,104447,20260906,1816,1,10,1,1,1,8.0,3.0,8.0,3.0,5.0
7335,104447,20260906,1816,1,16,1,1,1,11.5,4.1,11.5,4.1,7.4
7336,104448,20260728,1822,2,7,1,1,1,4.3,1.8,4.3,1.8,2.5
7337,104449,20260620,1037,2,7,2,1,1,4.3,1.8,4.3,1.8,2.5
7338,104449,20260620,1037,2,4,2,1,1,4.5,1.9,4.5,1.9,2.6
7339,104450,20260709,819,1,4,2,2,1,4.5,1.9,4.5,1.9,2.6
7340,104451,20260604,1653,2,24,1,2,1,8.0,3.0,8.0,3.0,5.0
7341,104451,20260604,1653,2,1,1,2,1,3.5,1.4,3.5,1.4,2.1
7342,104451,20260604,1653,2,8,1,2,1,8.5,3.2,8.5,3.2,5.3
7343,104452,20260812,2151,4,4,1,1,2,4.5,1.9,9.0,3.8,5.2
7344,104453,20260715,2043,4,6,1,2,1,5.0,2.1,5.0,2.1,2.9
7345,104453,20260715,2043,4,7,1,2,1,4.3,1.8,4.3,1.8,2.5
7346,104453,20260715,2043,4,18,1,2,1,5.0,1.8,5.0,1.8,3.2
7347,104454,20260529,1021,1,20,1,1,1,6.5,2.4,6.5,2.4,4.1
7348,104454,20260529,1021,1,5,1,1,2,4.8,2.0,9.6,4.0,5.6
7349,104454,20260529,1021,1,3,1,1,1,3.8,1.5,3.8,1.5,2.3
7350,104455,20260531,856,1,5,1,3,1,4.8,2.0,4.8,2.0,2.8
7351,104455,20260531,856,1,5,1,3,1,4.8,2.0,4.8,2.0,2.8
7352,104456,20260625,1642,1,22,1,3,2,9.5,3.6,19.0,7.2,11.8
7353,104457,20260728,810,1,18,2,1,2,5.0,1.8,10.0,3.6,6.4
7354,104458,20260428,1821,1,9,4,1,1,9.0,3.4,9.0,3.4,5.6
7355,104458,20260428,1821,1,8,4,1,1,8.5,3.2,8.5,3.2,5.3
7356,104459,20260524,1649,4,16,1,3,1,11.5,4.1,11.5,4.1,7.4
7357,104460,20260404,1838,4,8,2,1,1,8.5,3.2,8.5,3.2,5.3
7358,104461,20260617,904,2,5,2,2,1,4.8,2.0,4.8,2.0,2.8
7359,104461,20260617,904,2,19,2,2,1,5.5,2.0,5.5,2.0,3.5
7360,104461,20260617,904,2,8,2,2,1,8.5,3.2,8.5,3.2,5.3
7361,104462,20260818,1604,3,17,1,2,1,4.5,1.6,4.5,1.6,2.9
7362,104463,20260901,822,1,5,1,1,1,4.8,2.0,4.8,2.0,2.8
7363,104464,20260326,1352,1,3,1,1,2,3.8,1.5,7.6,3.0,4.6
7364,104465,20260524,915,3,3,1,1,1,3.8,1.5,3.8,1.5,2.3
7365,104466,20260713,950,1,5,3,1,1,4.8,2.0,4.8,2.0,2.8
7366,104467,20260323,1519,1,2,1,1,1,4.0,1.6,4.0,1.6,2.4
7367,104467,20260323,1519,1,8,1,1,2,8.5,3.2,17.0,6.4,10.6
7368,104467,20260323,1519,1,21,1,1,1,9.0,3.2,9.0,3.2,5.8
7369,104468,20260627,1009,1,4,1,1,1,4.5,1.9,4.5,1.9,2.6
7370,104469,20260618,1716,1,14,2,4,1,13.5,4.6,13.5,4.6,8.9
7371,104469,20260618,1716,1,11,2,4,1,10.5,3.8,10.5,3.8,6.7
7372,104469,20260618,1716,1,9,2,4,1,9.0,3.4,9.0,3.4,5.6
7373,104470,20260512,1012,4,6,1,1,1,5.0,2.1,5.0,2.1,2.9
7374,104470,20260512,1012,4,11,1,1,1,10.5,3.8,10.5,3.8,6.7
7375,104471,20260703,1916,3,18,1,3,1,5.0,1.8,5.0,1.8,3.2
7376,104471,20260703,1916,3,15,1,3,2,11.0,4.0,22.0,8.0,14.0
7377,104471,20260703,1916,3,9,1,3,1,9.0,3.4,9.0,3.4,5.6
7378,104472,20260530,1636,4,16,3,3,2,11.5,4.1,23.0,8.2,14.8
7379,104473,20260731,1311,4,18,1,1,1,5.0,1.8,5.0,1.8,3.2
7380,104474,20260814,1836,2,20,1,3,1,6.5,2.4,6.5,2.4,4.1
7381,104474,20260814,1836,2,13,1,3,1,12.5,4.3,12.5,4.3,8.2
7382,104475,20260823,1126,3,24,1,3,1,8.0,3.0,8.0,3.0,5.0
7383,104475,20260823,1126,3,25,1,3,1,8.5,3.2,8.5,3.2,5.3
7384,104476,20260716,1404,3,1,1,1,1,3.5,1.4,3.5,1.4,2.1
7385,104476,20260716,1404,3,6,1,1,1,5.0,2.1,5.0,2.1,2.9
7386,104477,20260629,1728,2,16,1,3,1,11.5,4.1,11.5,4.1,7.4
7387,104478,20260501,1757,4,22,4,3,1,9.5,3.6,9.5,3.6,5.9
7388,104479,20260620,1355,4,18,1,2,1,5.0,1.8,5.0,1.8,3.2
7389,104479,20260620,1355,4,6,1,2,1,5.0,2.1,5.0,2.1,2.9
7390,104479,20260620,1355,4,12,1,2,1,12.0,4.2,12.0,4.2,7.8
7391,104480,20260410,1858,3,10,1,3,1,8.0,3.0,8.0,3.0,5.0
7392,104480,20260410,1858,3,1,1,3,1,3.5,1.4,3.5,1.4,2.1
7393,104481,20260802,914,4,3,3,4,1,3.8,1.5,3.8,1.5,2.3
7394,104482,20260718,1501,1,4,1,1,1,4.5,1.9,4.5,1.9,2.6
7395,104482,20260718,1501,1,3,1,1,1,3.8,1.5,3.8,1.5,2.3
7396,104482,20260718,1501,1,15,1,1,1,11.0,4.0,11.0,4.0,7.0
7397,104483,20260328,1825,4,7,4,3,1,4.3,1.8,4.3,1.8,2.5
7398,104483,20260328,1825,4,1,4,3,1,3.5,1.4,3.5,1.4,2.1
7399,104484,20260719,1857,2,23,3,1,1,9.0,3.4,9.0,3.4,5.6
7400,104484,20260719,1857,2,12,3,1,1,12.0,4.2,12.0,4.2,7.8
7401,104485,20260416,1607,3,4,1,4,1,4.5,1.9,4.5,1.9,2.6
7402,104485,20260416,1607,3,15,1,4,1,11.0,4.0,11.0,4.0,7.0
7403,104486,20260422,1519,1,19,1,4,2,5.5,2.0,11.0,4.0,7.0
7404,104487,20260819,1637,1,11,1,2,1,10.5,3.8,10.5,3.8,6.7
7405,104487,20260819,1637,1,19,1,2,1,5.5,2.0,5.5,2.0,3.5
7406,104487,20260819,1637,1,15,1,2,1,11.0,4.0,11.0,4.0,7.0
7407,104488,20260805,1809,4,21,2,4,1,9.0,3.2,9.0,3.2,5.8
7408,104488,20260805,1809,4,9,2,4,1,9.0,3.4,9.0,3.4,5.6
7409,104489,20260331,1839,1,14,4,4,1,13.5,4.6,13.5,4.6,8.9
7410,104490,20260322,1823,1,4,1,1,1,4.5,1.9,4.5,1.9,2.6
7411,104491,20260419,1755,2,25,2,4,1,8.5,3.2,8.5,3.2,5.3
7412,104491,20260419,1755,2,17,2,4,2,4.5,1.6,9.0,3.2,5.8
7413,104492,20260914,817,4,20,1,1,1,6.5,2.4,6.5,2.4,4.1
7414,104493,20260406,1803,2,20,2,1,1,6.5,2.4,6.5,2.4,4.1
7415,104493,20260406,1803,2,1,2,1,2,3.5,1.4,7.0,2.8,4.2
7416,104494,20260625,1431,1,6,2,2,1,5.0,2.1,5.0,2.1,2.9
7417,104495,20260727,2102,1,1,2,1,1,3.5,1.4,3.5,1.4,2.1
7418,104495,20260727,2102,1,4,2,1,1,4.5,1.9,4.5,1.9,2.6
7419,104496,20260316,1006,2,7,2,3,1,4.3,1.8,4.3,1.8,2.5
7420,104497,20260410,849,1,24,1,3,1,8.0,3.0,8.0,3.0,5.0
7421,104498,20260906,735,1,7,2,1,2,4.3,1.8,8.6,3.6,5.0
7422,104498,20260906,735,1,17,2,1,1,4.5,1.6,4.5,1.6,2.9
7423,104499,20260601,1647,2,1,1,3,1,3.5,1.4,3.5,1.4,2.1
7424,104499,20260601,1647,2,25,1,3,1,8.5,3.2,8.5,3.2,5.3
7425,104500,20260731,1847,2,25,1,1,1,8.5,3.2,8.5,3.2,5.3
7426,104501,20260706,1558,2,2,2,2,1,4.0,1.6,4.0,1.6,2.4
7427,104502,20260710,1702,3,10,1,4,1,8.0,3.0,8.0,3.0,5.0
7428,104502,20260710,1702,3,10,1,4,1,8.0,3.0,8.0,3.0,5.0
7429,104503,20260808,714,1,13,3,4,1,12.5,4.3,12.5,4.3,8.2
7430,104504,20260514,1729,4,8,2,1,1,8.5,3.2,8.5,3.2,5.3
7431,104505,20260806,1953,2,14,2,1,1,13.5,4.6,13.5,4.6,8.9
7432,104506,20260617,1359,2,9,1,1,1,9.0,3.4,9.0,3.4,5.6
7433,104506,20260617,1359,2,20,1,1,1,6.5,2.4,6.5,2.4,4.1
7434,104507,20260323,1135,1,6,3,1,1,5.0,2.1,5.0,2.1,2.9
7435,104507,20260323,1135,1,6,3,1,1,5.0,2.1,5.0,2.1,2.9
7436,104508,20260730,832,4,5,2,3,1,4.8,2.0,4.8,2.0,2.8
7437,104508,20260730,832,4,22,2,3,1,9.5,3.6,9.5,3.6,5.9
7438,104509,20260629,1825,1,11,3,4,1,10.5,3.8,10.5,3.8,6.7
7439,104510,20260618,1708,4,10,2,4,1,8.0,3.0,8.0,3.0,5.0
7440,104510,20260618,1708,4,14,2,4,1,13.5,4.6,13.5,4.6,8.9
7441,104510,20260618,1708,4,8,2,4,2,8.5,3.2,17.0,6.4,10.6
7442,104511,20260422,1844,1,8,2,4,1,8.5,3.2,8.5,3.2,5.3
7443,104512,20260416,805,2,1,2,1,1,3.5,1.4,3.5,1.4,2.1
7444,104512,20260416,805,2,7,2,1,1,4.3,1.8,4.3,1.8,2.5
7445,104513,20260513,1916,1,25,2,3,1,8.5,3.2,8.5,3.2,5.3
7446,104514,20260330,852,4,6,1,1,1,5.0,2.1,5.0,2.1,2.9
7447,104515,20260501,1224,4,5,2,1,1,4.8,2.0,4.8,2.0,2.8
7448,104515,20260501,1224,4,4,2,1,2,4.5,1.9,9.0,3.8,5.2
7449,104516,20260527,958,1,2,1,2,1,4.0,1.6,4.0,1.6,2.4
7450,104517,20260510,813,1,3,2,1,1,3.8,1.5,3.8,1.5,2.3
7451,104517,20260510,813,1,13,2,1,1,12.5,4.3,12.5,4.3,8.2
7452,104518,20260509,1809,2,15,2,1,1,11.0,4.0,11.0,4.0,7.0
7453,104519,20260830,1302,4,24,3,1,1,8.0,3.0,8.0,3.0,5.0
7454,104520,20260816,858,3,1,1,1,1,3.5,1.4,3.5,1.4,2.1
7455,104521,20260813,904,1,3,1,2,1,3.8,1.5,3.8,1.5,2.3
7456,104521,20260813,904,1,4,1,2,1,4.5,1.9,4.5,1.9,2.6
7457,104521,20260813,904,1,8,1,2,1,8.5,3.2,8.5,3.2,5.3
7458,104522,20260408,1857,4,23,1,1,2,9.0,3.4,18.0,6.8,11.2
7459,104523,20260506,1842,1,9,2,4,1,9.0,3.4,9.0,3.4,5.6
7460,104524,20260522,945,2,2,1,1,1,4.0,1.6,4.0,1.6,2.4
7461,104524,20260522,945,2,7,1,1,2,4.3,1.8,8.6,3.6,5.0
7462,104525,20260729,2119,1,15,1,1,1,11.0,4.0,11.0,4.0,7.0
7463,104525,20260729,2119,1,3,1,1,1,3.8,1.5,3.8,1.5,2.3
7464,104526,20260615,2116,1,13,1,1,1,12.5,4.3,12.5,4.3,8.2
7465,104526,20260615,2116,1,13,1,1,1,12.5,4.3,12.5,4.3,8.2
7466,104526,20260615,2116,1,7,1,1,1,4.3,1.8,4.3,1.8,2.5
7467,104527,20260421,917,2,2,1,2,1,4.0,1.6,4.0,1.6,2.4
7468,104527,20260421,917,2,5,1,2,1,4.8,2.0,4.8,2.0,2.8
7469,104527,20260421,917,2,23,1,2,1,9.0,3.4,9.0,3.4,5.6
7470,104528,20260802,919,3,15,2,4,2,11.0,4.0,22.0,8.0,14.0
7471,104528,20260802,919,3,1,2,4,1,3.5,1.4,3.5,1.4,2.1
7472,104529,20260507,1153,2,5,1,1,1,4.8,2.0,4.8,2.0,2.8
7473,104529,20260507,1153,2,5,1,1,1,4.8,2.0,4.8,2.0,2.8
7474,104530,20260501,1058,2,3,2,1,1,3.8,1.5,3.8,1.5,2.3
7475,104531,20260620,1007,3,2,1,1,1,4.0,1.6,4.0,1.6,2.4
7476,104531,20260620,1007,3,3,1,1,1,3.8,1.5,3.8,1.5,2.3
7477,104532,20260718,1717,4,12,1,3,1,12.0,4.2,12.0,4.2,7.8
7478,104532,20260718,1717,4,13,1,3,1,12.5,4.3,12.5,4.3,8.2
7479,104532,20260718,1717,4,12,1,3,2,12.0,4.2,24.0,8.4,15.6
7480,104533,20260530,903,3,2,4,1,1,4.0,1.6,4.0,1.6,2.4
7481,104533,20260530,903,3,20,4,1,1,6.5,2.4,6.5,2.4,4.1
7482,104534,20260616,906,1,19,1,4,1,5.5,2.0,5.5,2.0,3.5
7483,104534,20260616,906,1,3,1,4,1,3.8,1.5,3.8,1.5,2.3
7484,104534,20260616,906,1,23,1,4,1,9.0,3.4,9.0,3.4,5.6
7485,104535,20260428,857,3,18,2,3,1,5.0,1.8,5.0,1.8,3.2
7486,104536,20260318,807,3,20,1,2,2,6.5,2.4,13.0,4.8,8.2
7487,104536,20260318,807,3,4,1,2,1,4.5,1.9,4.5,1.9,2.6
7488,104537,20260726,1228,2,10,1,3,1,8.0,3.0,8.0,3.0,5.0
7489,104538,20260725,1331,2,24,2,4,1,8.0,3.0,8.0,3.0,5.0
7490,104539,20260328,1540,4,23,1,1,1,9.0,3.4,9.0,3.4,5.6
7491,104539,20260328,1540,4,8,1,1,1,8.5,3.2,8.5,3.2,5.3
7492,104539,20260328,1540,4,13,1,1,1,12.5,4.3,12.5,4.3,8.2
7493,104540,20260806,1644,4,10,1,3,1,8.0,3.0,8.0,3.0,5.0
7494,104541,20260531,1713,1,8,1,3,1,8.5,3.2,8.5,3.2,5.3
7495,104541,20260531,1713,1,21,1,3,1,9.0,3.2,9.0,3.2,5.8
7496,104542,20260404,1634,1,1,1,1,1,3.5,1.4,3.5,1.4,2.1
7497,104543,20260515,1614,4,23,1,1,1,9.0,3.4,9.0,3.4,5.6
7498,104544,20260824,1556,3,17,2,2,1,4.5,1.6,4.5,1.6,2.9
7499,104544,20260824,1556,3,15,2,2,1,11.0,4.0,11.0,4.0,7.0
7500,104545,20260410,955,4,15,1,1,1,11.0,4.0,11.0,4.0,7.0
7501,104546,20260827,1805,3,11,1,1,1,10.5,3.8,10.5,3.8,6.7
7502,104546,20260827,1805,3,11,1,1,1,10.5,3.8,10.5,3.8,6.7
7503,104547,20260728,1018,2,1,1,1,1,3.5,1.4,3.5,1.4,2.1
7504,104548,20260802,1028,1,11,1,1,2,10.5,3.8,21.0,7.6,13.4
7505,104548,20260802,1028,1,19,1,1,1,5.5,2.0,5.5,2.0,3.5
7506,104549,20260723,1059,4,2,1,2,1,4.0,1.6,4.0,1.6,2.4
7507,104550,20260725,823,2,21,1,1,1,9.0,3.2,9.0,3.2,5.8
7508,104551,20260729,1133,2,9,3,2,1,9.0,3.4,9.0,3.4,5.6
7509,104551,20260729,1133,2,19,3,2,1,5.5,2.0,5.5,2.0,3.5
7510,104552,20260423,1154,4,19,1,1,1,5.5,2.0,5.5,2.0,3.5
7511,104553,20260514,901,3,5,2,1,1,4.8,2.0,4.8,2.0,2.8
7512,104553,20260514,901,3,20,2,1,1,6.5,2.4,6.5,2.4,4.1
7513,104554,20260606,940,4,5,1,4,1,4.8,2.0,4.8,2.0,2.8
7514,104555,20260806,2003,3,20,2,1,1,6.5,2.4,6.5,2.4,4.1
7515,104555,20260806,2003,3,1,2,1,1,3.5,1.4,3.5,1.4,2.1
7516,104556,20260701,1750,1,10,1,4,1,8.0,3.0,8.0,3.0,5.0
7517,104557,20260708,953,1,20,1,1,1,6.5,2.4,6.5,2.4,4.1
7518,104558,20260812,1345,2,21,3,4,1,9.0,3.2,9.0,3.2,5.8
7519,104559,20260828,1914,1,12,1,1,1,12.0,4.2,12.0,4.2,7.8
7520,104559,20260828,1914,1,21,1,1,1,9.0,3.2,9.0,3.2,5.8
7521,104559,20260828,1914,1,11,1,1,1,10.5,3.8,10.5,3.8,6.7
7522,104560,20260730,1010,2,18,2,1,1,5.0,1.8,5.0,1.8,3.2
7523,104560,20260730,1010,2,17,2,1,2,4.5,1.6,9.0,3.2,5.8
7524,104561,20260513,1919,4,2,1,1,1,4.0,1.6,4.0,1.6,2.4
7525,104561,20260513,1919,4,15,1,1,1,11.0,4.0,11.0,4.0,7.0
7526,104562,20260412,1903,3,12,1,3,2,12.0,4.2,24.0,8.4,15.6
7527,104563,20260707,1335,3,15,3,1,1,11.0,4.0,11.0,4.0,7.0
7528,104563,20260707,1335,3,24,3,1,1,8.0,3.0,8.0,3.0,5.0
7529,104564,20260821,1908,3,23,1,1,1,9.0,3.4,9.0,3.4,5.6
7530,104565,20260908,1412,3,4,2,2,1,4.5,1.9,4.5,1.9,2.6
7531,104566,20260415,948,4,17,1,2,1,4.5,1.6,4.5,1.6,2.9
7532,104566,20260415,948,4,22,1,2,1,9.5,3.6,9.5,3.6,5.9
7533,104567,20260423,1821,1,14,3,1,2,13.5,4.6,27.0,9.2,17.8
7534,104567,20260423,1821,1,17,3,1,1,4.5,1.6,4.5,1.6,2.9
7535,104568,20260725,1131,1,25,4,1,1,8.5,3.2,8.5,3.2,5.3
7536,104568,20260725,1131,1,6,4,1,1,5.0,2.1,5.0,2.1,2.9
7537,104568,20260725,1131,1,2,4,1,2,4.0,1.6,8.0,3.2,4.8
7538,104569,20260429,930,3,5,1,1,1,4.8,2.0,4.8,2.0,2.8
7539,104570,20260817,953,2,2,1,1,2,4.0,1.6,8.0,3.2,4.8
7540,104571,20260913,729,2,22,1,1,1,9.5,3.6,9.5,3.6,5.9
7541,104571,20260913,729,2,2,1,1,1,4.0,1.6,4.0,1.6,2.4
7542,104571,20260913,729,2,21,1,1,1,9.0,3.2,9.0,3.2,5.8
7543,104572,20260714,933,3,3,4,2,1,3.8,1.5,3.8,1.5,2.3
7544,104573,20260520,1806,1,12,2,4,1,12.0,4.2,12.0,4.2,7.8
7545,104573,20260520,1806,1,19,2,4,1,5.5,2.0,5.5,2.0,3.5
7546,104574,20260517,1155,4,3,2,2,1,3.8,1.5,3.8,1.5,2.3
7547,104575,20260412,1058,1,11,3,1,1,10.5,3.8,10.5,3.8,6.7
7548,104575,20260412,1058,1,18,3,1,1,5.0,1.8,5.0,1.8,3.2
7549,104576,20260603,1835,1,3,3,3,1,3.8,1.5,3.8,1.5,2.3
7550,104577,20260502,1013,4,7,1,3,1,4.3,1.8,4.3,1.8,2.5
7551,104578,20260527,1526,1,21,1,1,1,9.0,3.2,9.0,3.2,5.8
7552,104579,20260627,1630,3,18,4,1,1,5.0,1.8,5.0,1.8,3.2
7553,104580,20260612,948,2,17,4,1,1,4.5,1.6,4.5,1.6,2.9
7554,104581,20260425,1211,2,6,1,2,1,5.0,2.1,5.0,2.1,2.9
7555,104581,20260425,1211,2,7,1,2,2,4.3,1.8,8.6,3.6,5.0
7556,104582,20260906,1853,2,11,2,1,1,10.5,3.8,10.5,3.8,6.7
7557,104582,20260906,1853,2,8,2,1,1,8.5,3.2,8.5,3.2,5.3
7558,104583,20260605,1723,4,14,4,1,1,13.5,4.6,13.5,4.6,8.9
7559,104584,20260913,859,1,5,1,1,1,4.8,2.0,4.8,2.0,2.8
7560,104584,20260913,859,1,2,1,1,1,4.0,1.6,4.0,1.6,2.4
7561,104585,20260426,1705,1,18,4,3,1,5.0,1.8,5.0,1.8,3.2
7562,104585,20260426,1705,1,9,4,3,1,9.0,3.4,9.0,3.4,5.6
7563,104586,20260509,1001,2,2,1,1,1,4.0,1.6,4.0,1.6,2.4
7564,104586,20260509,1001,2,12,1,1,1,12.0,4.2,12.0,4.2,7.8
7565,104587,20260404,712,1,1,1,4,1,3.5,1.4,3.5,1.4,2.1
7566,104588,20260808,1010,1,7,1,1,1,4.3,1.8,4.3,1.8,2.5
7567,104589,20260319,917,4,2,3,2,1,4.0,1.6,4.0,1.6,2.4
7568,104590,20260413,1838,1,12,1,2,1,12.0,4.2,12.0,4.2,7.8
7569,104591,20260609,1957,2,17,2,3,1,4.5,1.6,4.5,1.6,2.9
7570,104592,20260328,1707,4,2,1,4,1,4.0,1.6,4.0,1.6,2.4
7571,104593,20260819,1831,2,13,1,4,1,12.5,4.3,12.5,4.3,8.2
7572,104593,20260819,1831,2,13,1,4,1,12.5,4.3,12.5,4.3,8.2
7573,104594,20260816,1834,3,22,1,4,1,9.5,3.6,9.5,3.6,5.9
7574,104595,20260405,1022,1,7,4,1,1,4.3,1.8,4.3,1.8,2.5
7575,104595,20260405,1022,1,5,4,1,1,4.8,2.0,4.8,2.0,2.8
7576,104596,20260526,1027,1,17,2,1,1,4.5,1.6,4.5,1.6,2.9
7577,104597,20260912,2200,2,11,1,2,1,10.5,3.8,10.5,3.8,6.7
7578,104598,20260731,950,2,7,1,1,1,4.3,1.8,4.3,1.8,2.5
7579,104599,20260825,1828,2,23,1,1,1,9.0,3.4,9.0,3.4,5.6
7580,104600,20260331,1924,1,12,1,1,1,12.0,4.2,12.0,4.2,7.8
7581,104601,20260523,1148,1,7,1,3,1,4.3,1.8,4.3,1.8,2.5
7582,104601,20260523,1148,1,9,1,3,1,9.0,3.4,9.0,3.4,5.6
7583,104602,20260516,1331,1,1,3,3,1,3.5,1.4,3.5,1.4,2.1
7584,104602,20260516,1331,1,24,3,3,2,8.0,3.0,16.0,6.0,10.0
7585,104603,20260516,1807,3,13,3,4,1,12.5,4.3,12.5,4.3,8.2
7586,104603,20260516,1807,3,8,3,4,1,8.5,3.2,8.5,3.2,5.3
7587,104604,20260522,1554,3,21,1,3,1,9.0,3.2,9.0,3.2,5.8
7588,104604,20260522,1554,3,24,1,3,2,8.0,3.0,16.0,6.0,10.0
7589,104605,20260913,1250,4,24,1,1,1,8.0,3.0,8.0,3.0,5.0
7590,104605,20260913,1250,4,12,1,1,1,12.0,4.2,12.0,4.2,7.8
7591,104606,20260618,1138,2,16,1,2,1,11.5,4.1,11.5,4.1,7.4
7592,104606,20260618,1138,2,2,1,2,1,4.0,1.6,4.0,1.6,2.4
7593,104606,20260618,1138,2,18,1,2,1,5.0,1.8,5.0,1.8,3.2
7594,104607,20260428,959,4,6,2,1,2,5.0,2.1,10.0,4.2,5.8
7595,104608,20260822,721,2,21,2,2,1,9.0,3.2,9.0,3.2,5.8
7596,104609,20260601,1715,1,14,4,2,1,13.5,4.6,13.5,4.6,8.9
7597,104610,20260523,1829,2,16,3,1,1,11.5,4.1,11.5,4.1,7.4
7598,104611,20260630,1825,2,20,1,1,1,6.5,2.4,6.5,2.4,4.1
7599,104612,20260603,1703,1,14,1,2,1,13.5,4.6,13.5,4.6,8.9
7600,104612,20260603,1703,1,12,1,2,2,12.0,4.2,24.0,8.4,15.6
7601,104613,20260818,801,2,19,1,2,1,5.5,2.0,5.5,2.0,3.5
7602,104613,20260818,801,2,4,1,2,1,4.5,1.9,4.5,1.9,2.6
7603,104614,20260418,1907,2,15,1,3,2,11.0,4.0,22.0,8.0,14.0
7604,104615,20260723,1703,1,12,1,2,1,12.0,4.2,12.0,4.2,7.8
7605,104615,20260723,1703,1,10,1,2,1,8.0,3.0,8.0,3.0,5.0
7606,104616,20260819,901,1,4,1,4,1,4.5,1.9,4.5,1.9,2.6
7607,104617,20260826,915,1,12,2,3,1,12.0,4.2,12.0,4.2,7.8
7608,104617,20260826,915,1,7,2,3,1,4.3,1.8,4.3,1.8,2.5
7609,104618,20260406,850,4,7,1,1,1,4.3,1.8,4.3,1.8,2.5
7610,104618,20260406,850,4,14,1,1,1,13.5,4.6,13.5,4.6,8.9
7611,104618,20260406,850,4,6,1,1,1,5.0,2.1,5.0,2.1,2.9
7612,104619,20260530,1207,3,3,2,1,2,3.8,1.5,7.6,3.0,4.6
7613,104619,20260530,1207,3,19,2,1,1,5.5,2.0,5.5,2.0,3.5
7614,104619,20260530,1207,3,5,2,1,1,4.8,2.0,4.8,2.0,2.8
7615,104620,20260328,923,3,4,1,2,1,4.5,1.9,4.5,1.9,2.6
7616,104620,20260328,923,3,20,1,2,1,6.5,2.4,6.5,2.4,4.1
7617,104621,20260801,1801,2,9,1,1,1,9.0,3.4,9.0,3.4,5.6
7618,104621,20260801,1801,2,2,1,1,2,4.0,1.6,8.0,3.2,4.8
7619,104622,20260412,1908,1,16,2,1,1,11.5,4.1,11.5,4.1,7.4
7620,104622,20260412,1908,1,17,2,1,1,4.5,1.6,4.5,1.6,2.9
7621,104623,20260710,1845,2,4,2,4,1,4.5,1.9,4.5,1.9,2.6
7622,104623,20260710,1845,2,9,2,4,2,9.0,3.4,18.0,6.8,11.2
7623,104624,20260908,1246,4,19,1,1,1,5.5,2.0,5.5,2.0,3.5
7624,104624,20260908,1246,4,18,1,1,1,5.0,1.8,5.0,1.8,3.2
7625,104625,20260907,1325,1,5,1,4,1,4.8,2.0,4.8,2.0,2.8
7626,104626,20260725,1107,3,7,1,1,2,4.3,1.8,8.6,3.6,5.0
7627,104626,20260725,1107,3,7,1,1,1,4.3,1.8,4.3,1.8,2.5
7628,104626,20260725,1107,3,4,1,1,1,4.5,1.9,4.5,1.9,2.6
7629,104627,20260808,2029,1,18,1,1,1,5.0,1.8,5.0,1.8,3.2
7630,104628,20260726,1834,4,11,2,1,2,10.5,3.8,21.0,7.6,13.4
7631,104628,20260726,1834,4,8,2,1,1,8.5,3.2,8.5,3.2,5.3
7632,104628,20260726,1834,4,9,2,1,1,9.0,3.4,9.0,3.4,5.6
7633,104629,20260408,833,4,17,3,4,1,4.5,1.6,4.5,1.6,2.9
7634,104630,20260418,1838,1,19,1,3,1,5.5,2.0,5.5,2.0,3.5
7635,104630,20260418,1838,1,24,1,3,2,8.0,3.0,16.0,6.0,10.0
7636,104630,20260418,1838,1,12,1,3,1,12.0,4.2,12.0,4.2,7.8
7637,104631,20260905,901,4,6,2,1,1,5.0,2.1,5.0,2.1,2.9
7638,104632,20260913,1646,3,23,1,1,1,9.0,3.4,9.0,3.4,5.6
7639,104632,20260913,1646,3,14,1,1,1,13.5,4.6,13.5,4.6,8.9
7640,104633,20260408,1925,1,16,1,4,2,11.5,4.1,23.0,8.2,14.8
7641,104633,20260408,1925,1,11,1,4,2,10.5,3.8,21.0,7.6,13.4
7642,104634,20260510,1749,2,3,1,4,1,3.8,1.5,3.8,1.5,2.3
7643,104634,20260510,1749,2,23,1,4,1,9.0,3.4,9.0,3.4,5.6
7644,104635,20260801,1354,2,14,1,1,1,13.5,4.6,13.5,4.6,8.9
7645,104635,20260801,1354,2,9,1,1,1,9.0,3.4,9.0,3.4,5.6
7646,104636,20260803,1029,2,7,2,1,1,4.3,1.8,4.3,1.8,2.5
7647,104637,20260903,919,4,3,3,1,1,3.8,1.5,3.8,1.5,2.3
7648,104638,20260501,1009,3,5,3,4,1,4.8,2.0,4.8,2.0,2.8
7649,104639,20260320,1824,4,13,1,1,1,12.5,4.3,12.5,4.3,8.2
7650,104640,20260718,1721,4,4,1,1,1,4.5,1.9,4.5,1.9,2.6
7651,104640,20260718,1721,4,2,1,1,1,4.0,1.6,4.0,1.6,2.4
7652,104641,20260914,828,1,21,1,2,1,9.0,3.2,9.0,3.2,5.8
7653,104642,20260403,931,2,3,2,1,1,3.8,1.5,3.8,1.5,2.3
7654,104643,20260315,1919,3,3,2,4,1,3.8,1.5,3.8,1.5,2.3
7655,104643,20260315,1919,3,21,2,4,1,9.0,3.2,9.0,3.2,5.8
7656,104644,20260530,1655,2,11,2,1,1,10.5,3.8,10.5,3.8,6.7
7657,104644,20260530,1655,2,9,2,1,1,9.0,3.4,9.0,3.4,5.6
7658,104645,20260802,727,3,14,2,1,1,13.5,4.6,13.5,4.6,8.9
7659,104645,20260802,727,3,10,2,1,1,8.0,3.0,8.0,3.0,5.0
7660,104646,20260609,811,3,4,2,1,1,4.5,1.9,4.5,1.9,2.6
7661,104646,20260609,811,3,20,2,1,1,6.5,2.4,6.5,2.4,4.1
7662,104647,20260605,1127,4,2,1,1,1,4.0,1.6,4.0,1.6,2.4
7663,104648,20260822,1621,1,15,1,2,1,11.0,4.0,11.0,4.0,7.0
7664,104648,20260822,1621,1,3,1,2,1,3.8,1.5,3.8,1.5,2.3
7665,104648,20260822,1621,1,2,1,2,1,4.0,1.6,4.0,1.6,2.4
7666,104649,20260705,837,4,3,3,1,1,3.8,1.5,3.8,1.5,2.3
7667,104650,20260624,1017,1,1,1,1,1,3.5,1.4,3.5,1.4,2.1
7668,104650,20260624,1017,1,6,1,1,2,5.0,2.1,10.0,4.2,5.8
7669,104651,20260716,1816,1,16,1,1,1,11.5,4.1,11.5,4.1,7.4
7670,104651,20260716,1816,1,15,1,1,1,11.0,4.0,11.0,4.0,7.0
7671,104652,20260507,1301,3,11,2,2,1,10.5,3.8,10.5,3.8,6.7
7672,104653,20260529,1553,4,10,4,1,1,8.0,3.0,8.0,3.0,5.0
7673,104653,20260529,1553,4,11,4,1,1,10.5,3.8,10.5,3.8,6.7
7674,104653,20260529,1553,4,7,4,1,1,4.3,1.8,4.3,1.8,2.5
7675,104654,20260726,951,2,5,2,1,1,4.8,2.0,4.8,2.0,2.8
7676,104655,20260410,1003,2,24,2,1,2,8.0,3.0,16.0,6.0,10.0
7677,104656,20260822,1127,1,12,1,1,1,12.0,4.2,12.0,4.2,7.8
7678,104656,20260822,1127,1,12,1,1,1,12.0,4.2,12.0,4.2,7.8
7679,104657,20260408,1315,4,11,1,1,2,10.5,3.8,21.0,7.6,13.4
7680,104658,20260329,1029,1,2,2,1,1,4.0,1.6,4.0,1.6,2.4
7681,104658,20260329,1029,1,21,2,1,1,9.0,3.2,9.0,3.2,5.8
7682,104659,20260910,1855,4,14,2,4,1,13.5,4.6,13.5,4.6,8.9
7683,104659,20260910,1855,4,17,2,4,1,4.5,1.6,4.5,1.6,2.9
7684,104660,20260716,1804,4,18,1,4,1,5.0,1.8,5.0,1.8,3.2
7685,104660,20260716,1804,4,8,1,4,1,8.5,3.2,8.5,3.2,5.3
7686,104660,20260716,1804,4,13,1,4,1,12.5,4.3,12.5,4.3,8.2
7687,104661,20260529,1256,3,6,2,1,1,5.0,2.1,5.0,2.1,2.9
7688,104661,20260529,1256,3,4,2,1,1,4.5,1.9,4.5,1.9,2.6
7689,104662,20260516,1204,1,25,1,1,1,8.5,3.2,8.5,3.2,5.3
7690,104663,20260522,913,3,3,2,1,2,3.8,1.5,7.6,3.0,4.6
7691,104663,20260522,913,3,1,2,1,1,3.5,1.4,3.5,1.4,2.1
7692,104664,20260716,1720,2,11,2,4,1,10.5,3.8,10.5,3.8,6.7
7693,104665,20260514,1029,3,8,2,2,1,8.5,3.2,8.5,3.2,5.3
7694,104665,20260514,1029,3,7,2,2,1,4.3,1.8,4.3,1.8,2.5
7695,104666,20260627,1011,3,1,1,1,1,3.5,1.4,3.5,1.4,2.1
7696,104667,20260822,1902,2,11,2,4,1,10.5,3.8,10.5,3.8,6.7
7697,104668,20260901,943,1,4,3,2,1,4.5,1.9,4.5,1.9,2.6
7698,104668,20260901,943,1,19,3,2,1,5.5,2.0,5.5,2.0,3.5
7699,104669,20260814,1746,2,14,1,3,1,13.5,4.6,13.5,4.6,8.9
7700,104670,20260630,1751,4,17,2,2,1,4.5,1.6,4.5,1.6,2.9
7701,104671,20260405,757,2,6,2,1,1,5.0,2.1,5.0,2.1,2.9
7702,104671,20260405,757,2,15,2,1,1,11.0,4.0,11.0,4.0,7.0
7703,104671,20260405,757,2,14,2,1,1,13.5,4.6,13.5,4.6,8.9
7704,104672,20260524,1252,3,10,2,1,1,8.0,3.0,8.0,3.0,5.0
7705,104673,20260902,1709,3,11,1,4,1,10.5,3.8,10.5,3.8,6.7
7706,104673,20260902,1709,3,10,1,4,1,8.0,3.0,8.0,3.0,5.0
7707,104674,20260426,1908,2,14,1,3,1,13.5,4.6,13.5,4.6,8.9
7708,104674,20260426,1908,2,25,1,3,1,8.5,3.2,8.5,3.2,5.3
7709,104675,20260608,1919,1,5,1,1,1,4.8,2.0,4.8,2.0,2.8
7710,104676,20260409,1824,4,10,3,1,1,8.0,3.0,8.0,3.0,5.0
7711,104676,20260409,1824,4,22,3,1,1,9.5,3.6,9.5,3.6,5.9
7712,104677,20260415,1650,1,10,1,3,1,8.0,3.0,8.0,3.0,5.0
7713,104678,20260518,1831,2,14,1,3,1,13.5,4.6,13.5,4.6,8.9
7714,104679,20260615,852,4,20,2,1,1,6.5,2.4,6.5,2.4,4.1
7715,104680,20260816,1655,1,16,1,3,2,11.5,4.1,23.0,8.2,14.8
7716,104681,20260603,1802,3,20,1,4,1,6.5,2.4,6.5,2.4,4.1
7717,104681,20260603,1802,3,22,1,4,1,9.5,3.6,9.5,3.6,5.9
7718,104681,20260603,1802,3,7,1,4,1,4.3,1.8,4.3,1.8,2.5
7719,104682,20260501,1341,2,2,1,1,2,4.0,1.6,8.0,3.2,4.8
7720,104683,20260612,1231,4,12,2,1,1,12.0,4.2,12.0,4.2,7.8
7721,104684,20260620,2136,1,18,2,1,1,5.0,1.8,5.0,1.8,3.2
7722,104685,20260705,1309,2,18,1,4,1,5.0,1.8,5.0,1.8,3.2
7723,104685,20260705,1309,2,15,1,4,2,11.0,4.0,22.0,8.0,14.0
7724,104686,20260415,1157,2,13,1,1,1,12.5,4.3,12.5,4.3,8.2
7725,104686,20260415,1157,2,10,1,1,1,8.0,3.0,8.0,3.0,5.0
7726,104687,20260419,902,2,4,1,1,1,4.5,1.9,4.5,1.9,2.6
7727,104688,20260409,1236,4,13,4,2,1,12.5,4.3,12.5,4.3,8.2
7728,104689,20260327,1706,3,12,1,1,1,12.0,4.2,12.0,4.2,7.8
7729,104689,20260327,1706,3,9,1,1,1,9.0,3.4,9.0,3.4,5.6
7730,104690,20260701,1801,4,9,2,4,1,9.0,3.4,9.0,3.4,5.6
7731,104690,20260701,1801,4,15,2,4,1,11.0,4.0,11.0,4.0,7.0
7732,104691,20260516,1718,3,9,2,1,2,9.0,3.4,18.0,6.8,11.2
7733,104691,20260516,1718,3,10,2,1,1,8.0,3.0,8.0,3.0,5.0
7734,104692,20260619,1316,2,1,1,1,1,3.5,1.4,3.5,1.4,2.1
7735,104693,20260912,1728,3,11,1,3,1,10.5,3.8,10.5,3.8,6.7
7736,104693,20260912,1728,3,12,1,3,2,12.0,4.2,24.0,8.4,15.6
7737,104694,20260408,1823,2,7,2,3,1,4.3,1.8,4.3,1.8,2.5
7738,104694,20260408,1823,2,8,2,3,1,8.5,3.2,8.5,3.2,5.3
7739,104695,20260610,1730,4,13,1,4,1,12.5,4.3,12.5,4.3,8.2
7740,104695,20260610,1730,4,22,1,4,1,9.5,3.6,9.5,3.6,5.9
7741,104696,20260810,849,1,7,2,1,1,4.3,1.8,4.3,1.8,2.5
7742,104697,20260708,1912,1,5,1,2,1,4.8,2.0,4.8,2.0,2.8
7743,104698,20260717,1652,1,14,1,4,1,13.5,4.6,13.5,4.6,8.9
7744,104699,20260524,1222,2,18,4,1,1,5.0,1.8,5.0,1.8,3.2
7745,104700,20260904,1750,2,11,2,4,1,10.5,3.8,10.5,3.8,6.7
7746,104700,20260904,1750,2,15,2,4,2,11.0,4.0,22.0,8.0,14.0
7747,104700,20260904,1750,2,22,2,4,1,9.5,3.6,9.5,3.6,5.9
7748,104701,20260421,947,3,20,1,4,2,6.5,2.4,13.0,4.8,8.2
7749,104702,20260615,1858,3,11,2,4,1,10.5,3.8,10.5,3.8,6.7
7750,104703,20260322,831,3,2,2,2,2,4.0,1.6,8.0,3.2,4.8
7751,104703,20260322,831,3,1,2,2,2,3.5,1.4,7.0,2.8,4.2
7752,104704,20260806,2155,2,7,1,1,1,4.3,1.8,4.3,1.8,2.5
7753,104705,20260428,914,2,19,2,2,1,5.5,2.0,5.5,2.0,3.5
7754,104705,20260428,914,2,25,2,2,1,8.5,3.2,8.5,3.2,5.3
7755,104706,20260329,1928,1,9,2,2,1,9.0,3.4,9.0,3.4,5.6
7756,104706,20260329,1928,1,23,2,2,1,9.0,3.4,9.0,3.4,5.6
7757,104706,20260329,1928,1,11,2,2,1,10.5,3.8,10.5,3.8,6.7
7758,104707,20260621,1717,1,4,4,4,1,4.5,1.9,4.5,1.9,2.6
7759,104707,20260621,1717,1,6,4,4,1,5.0,2.1,5.0,2.1,2.9
7760,104708,20260719,2031,3,8,3,3,1,8.5,3.2,8.5,3.2,5.3
7761,104708,20260719,2031,3,10,3,3,2,8.0,3.0,16.0,6.0,10.0
7762,104709,20260328,933,3,6,1,1,1,5.0,2.1,5.0,2.1,2.9
7763,104710,20260711,1644,1,9,2,3,1,9.0,3.4,9.0,3.4,5.6
7764,104711,20260507,1010,3,21,1,1,1,9.0,3.2,9.0,3.2,5.8
7765,104711,20260507,1010,3,2,1,1,1,4.0,1.6,4.0,1.6,2.4
7766,104711,20260507,1010,3,24,1,1,1,8.0,3.0,8.0,3.0,5.0
7767,104712,20260823,918,2,19,1,2,1,5.5,2.0,5.5,2.0,3.5
7768,104713,20260630,1632,2,23,2,1,1,9.0,3.4,9.0,3.4,5.6
7769,104714,20260502,1017,3,21,1,1,1,9.0,3.2,9.0,3.2,5.8
7770,104714,20260502,1017,3,24,1,1,1,8.0,3.0,8.0,3.0,5.0
7771,104715,20260805,955,4,22,2,1,1,9.5,3.6,9.5,3.6,5.9
7772,104715,20260805,955,4,6,2,1,1,5.0,2.1,5.0,2.1,2.9
7773,104715,20260805,955,4,4,2,1,1,4.5,1.9,4.5,1.9,2.6
7774,104716,20260824,1650,3,1,4,1,1,3.5,1.4,3.5,1.4,2.1
7775,104717,20260530,1016,4,7,1,2,1,4.3,1.8,4.3,1.8,2.5
7776,104718,20260322,1925,2,23,1,1,2,9.0,3.4,18.0,6.8,11.2
7777,104719,20260909,1859,2,7,2,4,1,4.3,1.8,4.3,1.8,2.5
7778,104720,20260326,1656,2,3,1,4,1,3.8,1.5,3.8,1.5,2.3
7779,104720,20260326,1656,2,25,1,4,1,8.5,3.2,8.5,3.2,5.3
7780,104720,20260326,1656,2,12,1,4,1,12.0,4.2,12.0,4.2,7.8
7781,104721,20260728,1128,4,2,2,1,1,4.0,1.6,4.0,1.6,2.4
7782,104721,20260728,1128,4,7,2,1,1,4.3,1.8,4.3,1.8,2.5
7783,104722,20260808,1745,4,24,2,2,2,8.0,3.0,16.0,6.0,10.0
7784,104723,20260625,910,4,19,2,2,1,5.5,2.0,5.5,2.0,3.5
7785,104723,20260625,910,4,7,2,2,1,4.3,1.8,4.3,1.8,2.5
7786,104723,20260625,910,4,18,2,2,1,5.0,1.8,5.0,1.8,3.2
7787,104724,20260421,1806,4,15,1,1,1,11.0,4.0,11.0,4.0,7.0
7788,104724,20260421,1806,4,22,1,1,1,9.5,3.6,9.5,3.6,5.9
7789,104724,20260421,1806,4,16,1,1,2,11.5,4.1,23.0,8.2,14.8
7790,104725,20260325,1629,4,1,2,2,1,3.5,1.4,3.5,1.4,2.1
7791,104725,20260325,1629,4,15,2,2,1,11.0,4.0,11.0,4.0,7.0
7792,104726,20260814,1337,2,24,4,4,1,8.0,3.0,8.0,3.0,5.0
7793,104726,20260814,1337,2,16,4,4,1,11.5,4.1,11.5,4.1,7.4
7794,104727,20260621,1802,2,8,1,1,1,8.5,3.2,8.5,3.2,5.3
7795,104728,20260605,1012,1,17,1,1,2,4.5,1.6,9.0,3.2,5.8
7796,104728,20260605,1012,1,17,1,1,2,4.5,1.6,9.0,3.2,5.8
7797,104729,20260502,1826,1,14,2,2,1,13.5,4.6,13.5,4.6,8.9
7798,104730,20260430,934,1,24,1,1,1,8.0,3.0,8.0,3.0,5.0
7799,104730,20260430,934,1,3,1,1,1,3.8,1.5,3.8,1.5,2.3
7800,104731,20260401,834,3,1,2,1,2,3.5,1.4,7.0,2.8,4.2
7801,104732,20260420,1832,3,24,3,4,2,8.0,3.0,16.0,6.0,10.0
7802,104732,20260420,1832,3,8,3,4,2,8.5,3.2,17.0,6.4,10.6
7803,104733,20260727,951,4,21,1,2,1,9.0,3.2,9.0,3.2,5.8
7804,104734,20260827,959,4,6,2,3,1,5.0,2.1,5.0,2.1,2.9
7805,104734,20260827,959,4,4,2,3,1,4.5,1.9,4.5,1.9,2.6
7806,104735,20260731,1018,1,5,3,1,1,4.8,2.0,4.8,2.0,2.8
7807,104736,20260828,1818,4,15,1,3,1,11.0,4.0,11.0,4.0,7.0
7808,104736,20260828,1818,4,14,1,3,1,13.5,4.6,13.5,4.6,8.9
7809,104737,20260624,1749,1,7,1,1,1,4.3,1.8,4.3,1.8,2.5
7810,104737,20260624,1749,1,9,1,1,2,9.0,3.4,18.0,6.8,11.2
7811,104737,20260624,1749,1,13,1,1,1,12.5,4.3,12.5,4.3,8.2
7812,104738,20260730,1018,4,21,3,1,1,9.0,3.2,9.0,3.2,5.8
7813,104739,20260522,1349,1,3,4,1,1,3.8,1.5,3.8,1.5,2.3
7814,104740,20260324,947,3,6,1,2,1,5.0,2.1,5.0,2.1,2.9
7815,104740,20260324,947,3,20,1,2,2,6.5,2.4,13.0,4.8,8.2
7816,104740,20260324,947,3,6,1,2,1,5.0,2.1,5.0,2.1,2.9
7817,104741,20260706,1850,2,15,1,3,1,11.0,4.0,11.0,4.0,7.0
7818,104741,20260706,1850,2,9,1,3,1,9.0,3.4,9.0,3.4,5.6
7819,104741,20260706,1850,2,3,1,3,1,3.8,1.5,3.8,1.5,2.3
7820,104742,20260829,1043,2,7,2,1,1,4.3,1.8,4.3,1.8,2.5
7821,104742,20260829,1043,2,18,2,1,1,5.0,1.8,5.0,1.8,3.2
7822,104743,20260811,1652,1,7,1,2,1,4.3,1.8,4.3,1.8,2.5
7823,104743,20260811,1652,1,18,1,2,1,5.0,1.8,5.0,1.8,3.2
7824,104744,20260821,1108,1,13,2,1,2,12.5,4.3,25.0,8.6,16.4
7825,104744,20260821,1108,1,21,2,1,2,9.0,3.2,18.0,6.4,11.6
7826,104744,20260821,1108,1,14,2,1,1,13.5,4.6,13.5,4.6,8.9
7827,104745,20260727,1923,2,4,1,2,1,4.5,1.9,4.5,1.9,2.6
7828,104746,20260527,1840,1,15,1,3,1,11.0,4.0,11.0,4.0,7.0
7829,104747,20260417,1847,3,16,1,1,1,11.5,4.1,11.5,4.1,7.4
7830,104747,20260417,1847,3,11,1,1,1,10.5,3.8,10.5,3.8,6.7
7831,104747,20260417,1847,3,2,1,1,2,4.0,1.6,8.0,3.2,4.8
7832,104748,20260702,1643,1,10,2,3,1,8.0,3.0,8.0,3.0,5.0
7833,104748,20260702,1643,1,7,2,3,1,4.3,1.8,4.3,1.8,2.5
7834,104748,20260702,1643,1,5,2,3,1,4.8,2.0,4.8,2.0,2.8
7835,104749,20260614,1233,2,14,1,1,1,13.5,4.6,13.5,4.6,8.9
7836,104750,20260829,1211,4,25,1,1,1,8.5,3.2,8.5,3.2,5.3
7837,104751,20260614,1148,3,22,1,1,1,9.5,3.6,9.5,3.6,5.9
7838,104751,20260614,1148,3,17,1,1,2,4.5,1.6,9.0,3.2,5.8
7839,104751,20260614,1148,3,23,1,1,1,9.0,3.4,9.0,3.4,5.6
7840,104752,20260710,923,3,4,1,1,1,4.5,1.9,4.5,1.9,2.6
7841,104752,20260710,923,3,7,1,1,1,4.3,1.8,4.3,1.8,2.5
7842,104753,20260331,2128,4,13,1,1,1,12.5,4.3,12.5,4.3,8.2
7843,104753,20260331,2128,4,14,1,1,1,13.5,4.6,13.5,4.6,8.9
7844,104754,20260829,1020,2,5,2,1,1,4.8,2.0,4.8,2.0,2.8
7845,104755,20260618,1922,1,13,3,4,1,12.5,4.3,12.5,4.3,8.2
7846,104756,20260527,952,2,11,1,1,2,10.5,3.8,21.0,7.6,13.4
7847,104757,20260819,1807,3,3,1,3,1,3.8,1.5,3.8,1.5,2.3
7848,104758,20260518,1143,4,18,2,2,1,5.0,1.8,5.0,1.8,3.2
7849,104759,20260325,1523,1,13,1,3,1,12.5,4.3,12.5,4.3,8.2
7850,104759,20260325,1523,1,4,1,3,1,4.5,1.9,4.5,1.9,2.6
7851,104760,20260515,846,1,19,2,1,1,5.5,2.0,5.5,2.0,3.5
7852,104761,20260614,954,2,19,1,1,1,5.5,2.0,5.5,2.0,3.5
7853,104762,20260320,1445,2,17,1,2,1,4.5,1.6,4.5,1.6,2.9
7854,104763,20260623,1638,4,4,2,3,1,4.5,1.9,4.5,1.9,2.6
7855,104764,20260627,1357,4,8,1,1,2,8.5,3.2,17.0,6.4,10.6
7856,104765,20260804,1026,3,19,1,4,1,5.5,2.0,5.5,2.0,3.5
7857,104766,20260910,915,3,19,1,1,2,5.5,2.0,11.0,4.0,7.0
7858,104766,20260910,915,3,2,1,1,1,4.0,1.6,4.0,1.6,2.4
7859,104766,20260910,915,3,17,1,1,1,4.5,1.6,4.5,1.6,2.9
7860,104767,20260509,1613,3,24,1,3,1,8.0,3.0,8.0,3.0,5.0
7861,104767,20260509,1613,3,25,1,3,1,8.5,3.2,8.5,3.2,5.3
7862,104768,20260429,1836,1,21,2,1,1,9.0,3.2,9.0,3.2,5.8
7863,104769,20260718,1904,3,19,2,1,1,5.5,2.0,5.5,2.0,3.5
7864,104769,20260718,1904,3,15,2,1,1,11.0,4.0,11.0,4.0,7.0
7865,104770,20260626,1645,1,21,1,1,1,9.0,3.2,9.0,3.2,5.8
7866,104771,20260523,1035,1,20,1,4,1,6.5,2.4,6.5,2.4,4.1
7867,104771,20260523,1035,1,11,1,4,1,10.5,3.8,10.5,3.8,6.7
7868,104772,20260330,1919,3,7,1,2,1,4.3,1.8,4.3,1.8,2.5
7869,104772,20260330,1919,3,11,1,2,2,10.5,3.8,21.0,7.6,13.4
7870,104773,20260609,944,3,7,3,3,1,4.3,1.8,4.3,1.8,2.5
7871,104774,20260619,819,1,1,3,1,1,3.5,1.4,3.5,1.4,2.1
7872,104774,20260619,819,1,14,3,1,2,13.5,4.6,27.0,9.2,17.8
7873,104775,20260513,1847,2,23,1,3,1,9.0,3.4,9.0,3.4,5.6
7874,104775,20260513,1847,2,5,1,3,1,4.8,2.0,4.8,2.0,2.8
7875,104776,20260320,828,3,3,1,3,1,3.8,1.5,3.8,1.5,2.3
7876,104777,20260417,953,2,7,3,2,1,4.3,1.8,4.3,1.8,2.5
7877,104778,20260528,901,3,21,1,3,2,9.0,3.2,18.0,6.4,11.6
7878,104779,20260502,913,1,8,1,3,1,8.5,3.2,8.5,3.2,5.3
7879,104779,20260502,913,1,6,1,3,1,5.0,2.1,5.0,2.1,2.9
7880,104779,20260502,913,1,5,1,3,1,4.8,2.0,4.8,2.0,2.8
7881,104780,20260820,1754,1,7,1,2,2,4.3,1.8,8.6,3.6,5.0
7882,104780,20260820,1754,1,16,1,2,1,11.5,4.1,11.5,4.1,7.4
7883,104781,20260626,817,1,3,2,4,1,3.8,1.5,3.8,1.5,2.3
7884,104781,20260626,817,1,5,2,4,1,4.8,2.0,4.8,2.0,2.8
7885,104782,20260403,1914,2,15,1,3,1,11.0,4.0,11.0,4.0,7.0
7886,104782,20260403,1914,2,9,1,3,1,9.0,3.4,9.0,3.4,5.6
7887,104783,20260416,1756,4,12,1,3,1,12.0,4.2,12.0,4.2,7.8
7888,104784,20260425,904,2,6,3,1,1,5.0,2.1,5.0,2.1,2.9
7889,104785,20260408,856,1,20,3,1,1,6.5,2.4,6.5,2.4,4.1
7890,104785,20260408,856,1,3,3,1,1,3.8,1.5,3.8,1.5,2.3
7891,104786,20260912,1022,2,7,1,1,1,4.3,1.8,4.3,1.8,2.5
7892,104787,20260627,1850,4,12,2,1,2,12.0,4.2,24.0,8.4,15.6
7893,104787,20260627,1850,4,16,2,1,1,11.5,4.1,11.5,4.1,7.4
7894,104787,20260627,1850,4,10,2,1,1,8.0,3.0,8.0,3.0,5.0
7895,104788,20260812,1329,3,22,1,1,1,9.5,3.6,9.5,3.6,5.9
7896,104789,20260717,902,3,2,2,1,1,4.0,1.6,4.0,1.6,2.4
7897,104789,20260717,902,3,14,2,1,1,13.5,4.6,13.5,4.6,8.9
7898,104789,20260717,902,3,6,2,1,1,5.0,2.1,5.0,2.1,2.9
7899,104790,20260523,1127,4,14,2,4,1,13.5,4.6,13.5,4.6,8.9
7900,104790,20260523,1127,4,5,2,4,2,4.8,2.0,9.6,4.0,5.6
7901,104791,20260717,850,2,3,2,2,1,3.8,1.5,3.8,1.5,2.3
7902,104792,20260320,942,1,12,3,3,1,12.0,4.2,12.0,4.2,7.8
7903,104792,20260320,942,1,3,3,3,1,3.8,1.5,3.8,1.5,2.3
7904,104793,20260811,1827,1,18,2,3,1,5.0,1.8,5.0,1.8,3.2
7905,104793,20260811,1827,1,9,2,3,1,9.0,3.4,9.0,3.4,5.6
7906,104793,20260811,1827,1,17,2,3,1,4.5,1.6,4.5,1.6,2.9
7907,104794,20260315,1024,4,5,1,4,1,4.8,2.0,4.8,2.0,2.8
7908,104794,20260315,1024,4,4,1,4,1,4.5,1.9,4.5,1.9,2.6
7909,104795,20260623,852,4,2,2,1,1,4.0,1.6,4.0,1.6,2.4
7910,104795,20260623,852,4,19,2,1,1,5.5,2.0,5.5,2.0,3.5
7911,104796,20260316,949,1,2,1,1,1,4.0,1.6,4.0,1.6,2.4
7912,104797,20260804,913,4,21,2,1,1,9.0,3.2,9.0,3.2,5.8
7913,104798,20260824,802,2,11,2,1,1,10.5,3.8,10.5,3.8,6.7
7914,104799,20260509,1046,1,9,1,4,1,9.0,3.4,9.0,3.4,5.6
7915,104800,20260529,904,3,13,2,1,1,12.5,4.3,12.5,4.3,8.2
7916,104800,20260529,904,3,2,2,1,1,4.0,1.6,4.0,1.6,2.4
7917,104801,20260704,844,1,20,1,4,1,6.5,2.4,6.5,2.4,4.1
7918,104802,20260509,1344,2,2,1,2,1,4.0,1.6,4.0,1.6,2.4
7919,104802,20260509,1344,2,23,1,2,2,9.0,3.4,18.0,6.8,11.2
7920,104802,20260509,1344,2,5,1,2,1,4.8,2.0,4.8,2.0,2.8
7921,104803,20260805,1011,1,7,1,2,1,4.3,1.8,4.3,1.8,2.5
7922,104803,20260805,1011,1,6,1,2,1,5.0,2.1,5.0,2.1,2.9
7923,104803,20260805,1011,1,17,1,2,1,4.5,1.6,4.5,1.6,2.9
7924,104804,20260905,1744,1,11,1,4,1,10.5,3.8,10.5,3.8,6.7
7925,104804,20260905,1744,1,13,1,4,1,12.5,4.3,12.5,4.3,8.2
7926,104805,20260911,1158,4,4,1,1,1,4.5,1.9,4.5,1.9,2.6
7927,104805,20260911,1158,4,9,1,1,1,9.0,3.4,9.0,3.4,5.6
7928,104806,20260606,1854,4,15,3,3,1,11.0,4.0,11.0,4.0,7.0
7929,104807,20260624,1352,2,19,2,1,2,5.5,2.0,11.0,4.0,7.0
7930,104808,20260405,1908,2,10,1,1,1,8.0,3.0,8.0,3.0,5.0
7931,104809,20260820,1959,2,12,2,2,1,12.0,4.2,12.0,4.2,7.8
7932,104810,20260729,745,1,5,4,2,1,4.8,2.0,4.8,2.0,2.8
7933,104810,20260729,745,1,6,4,2,1,5.0,2.1,5.0,2.1,2.9
7934,104811,20260619,1130,4,12,2,2,1,12.0,4.2,12.0,4.2,7.8
7935,104812,20260429,1024,1,6,1,2,1,5.0,2.1,5.0,2.1,2.9
7936,104813,20260511,1408,2,24,1,2,1,8.0,3.0,8.0,3.0,5.0
7937,104814,20260912,1757,1,5,2,1,1,4.8,2.0,4.8,2.0,2.8
7938,104815,20260628,1812,2,11,3,3,1,10.5,3.8,10.5,3.8,6.7
7939,104816,20260523,1640,1,10,2,4,1,8.0,3.0,8.0,3.0,5.0
7940,104816,20260523,1640,1,21,2,4,1,9.0,3.2,9.0,3.2,5.8
7941,104816,20260523,1640,1,23,2,4,1,9.0,3.4,9.0,3.4,5.6
7942,104817,20260624,1330,4,4,2,2,1,4.5,1.9,4.5,1.9,2.6
7943,104818,20260410,1821,1,13,1,1,1,12.5,4.3,12.5,4.3,8.2
7944,104818,20260410,1821,1,10,1,1,1,8.0,3.0,8.0,3.0,5.0
7945,104818,20260410,1821,1,11,1,1,1,10.5,3.8,10.5,3.8,6.7
7946,104819,20260725,918,1,12,1,2,1,12.0,4.2,12.0,4.2,7.8
7947,104820,20260623,1833,2,8,2,2,1,8.5,3.2,8.5,3.2,5.3
7948,104820,20260623,1833,2,22,2,2,1,9.5,3.6,9.5,3.6,5.9
7949,104821,20260524,1718,3,25,1,4,1,8.5,3.2,8.5,3.2,5.3
7950,104821,20260524,1718,3,18,1,4,1,5.0,1.8,5.0,1.8,3.2
7951,104821,20260524,1718,3,23,1,4,1,9.0,3.4,9.0,3.4,5.6
7952,104822,20260323,1826,1,5,2,1,1,4.8,2.0,4.8,2.0,2.8
7953,104822,20260323,1826,1,17,2,1,2,4.5,1.6,9.0,3.2,5.8
7954,104823,20260405,2141,3,15,2,1,1,11.0,4.0,11.0,4.0,7.0
7955,104823,20260405,2141,3,16,2,1,1,11.5,4.1,11.5,4.1,7.4
7956,104824,20260825,1712,2,21,2,2,1,9.0,3.2,9.0,3.2,5.8
7957,104824,20260825,1712,2,17,2,2,2,4.5,1.6,9.0,3.2,5.8
7958,104825,20260404,1757,1,7,2,4,1,4.3,1.8,4.3,1.8,2.5
7959,104826,20260814,2105,1,19,3,1,1,5.5,2.0,5.5,2.0,3.5
7960,104827,20260414,943,4,1,1,1,1,3.5,1.4,3.5,1.4,2.1
7961,104828,20260714,931,3,21,1,1,1,9.0,3.2,9.0,3.2,5.8
7962,104829,20260822,1358,1,11,1,1,1,10.5,3.8,10.5,3.8,6.7
7963,104830,20260727,911,1,17,1,1,1,4.5,1.6,4.5,1.6,2.9
7964,104831,20260614,1313,2,16,1,3,1,11.5,4.1,11.5,4.1,7.4
7965,104831,20260614,1313,2,9,1,3,2,9.0,3.4,18.0,6.8,11.2
7966,104832,20260706,1156,2,10,3,1,1,8.0,3.0,8.0,3.0,5.0
7967,104832,20260706,1156,2,15,3,1,1,11.0,4.0,11.0,4.0,7.0
7968,104833,20260902,1320,1,25,2,1,1,8.5,3.2,8.5,3.2,5.3
7969,104833,20260902,1320,1,5,2,1,1,4.8,2.0,4.8,2.0,2.8
7970,104834,20260818,2011,1,14,1,2,1,13.5,4.6,13.5,4.6,8.9
7971,104835,20260419,1641,1,4,1,1,2,4.5,1.9,9.0,3.8,5.2
7972,104836,20260404,1006,3,25,1,3,1,8.5,3.2,8.5,3.2,5.3
7973,104837,20260822,1912,2,13,2,3,1,12.5,4.3,12.5,4.3,8.2
7974,104838,20260602,1919,3,18,2,4,1,5.0,1.8,5.0,1.8,3.2
7975,104838,20260602,1919,3,9,2,4,1,9.0,3.4,9.0,3.4,5.6
7976,104839,20260525,2028,3,18,1,1,1,5.0,1.8,5.0,1.8,3.2
7977,104840,20260528,1010,1,19,1,1,1,5.5,2.0,5.5,2.0,3.5
7978,104841,20260606,820,1,20,2,3,2,6.5,2.4,13.0,4.8,8.2
7979,104842,20260423,907,4,4,3,1,2,4.5,1.9,9.0,3.8,5.2
7980,104842,20260423,907,4,18,3,1,1,5.0,1.8,5.0,1.8,3.2
7981,104843,20260524,921,1,17,2,1,1,4.5,1.6,4.5,1.6,2.9
7982,104843,20260524,921,1,5,2,1,2,4.8,2.0,9.6,4.0,5.6
7983,104844,20260602,1710,4,24,1,4,1,8.0,3.0,8.0,3.0,5.0
7984,104845,20260408,910,2,20,2,1,1,6.5,2.4,6.5,2.4,4.1
7985,104845,20260408,910,2,7,2,1,2,4.3,1.8,8.6,3.6,5.0
7986,104846,20260618,930,2,6,1,4,1,5.0,2.1,5.0,2.1,2.9
7987,104846,20260618,930,2,1,1,4,1,3.5,1.4,3.5,1.4,2.1
7988,104846,20260618,930,2,7,1,4,1,4.3,1.8,4.3,1.8,2.5
7989,104847,20260907,2055,3,10,3,2,1,8.0,3.0,8.0,3.0,5.0
7990,104848,20260823,802,4,21,1,1,1,9.0,3.2,9.0,3.2,5.8
7991,104849,20260524,813,2,7,3,1,2,4.3,1.8,8.6,3.6,5.0
7992,104849,20260524,813,2,1,3,1,1,3.5,1.4,3.5,1.4,2.1
7993,104850,20260505,1801,2,8,1,1,1,8.5,3.2,8.5,3.2,5.3
7994,104851,20260529,1634,4,4,4,1,1,4.5,1.9,4.5,1.9,2.6
7995,104852,20260526,1245,4,8,2,3,1,8.5,3.2,8.5,3.2,5.3
7996,104852,20260526,1245,4,24,2,3,1,8.0,3.0,8.0,3.0,5.0
7997,104853,20260729,829,3,6,1,2,1,5.0,2.1,5.0,2.1,2.9
7998,104854,20260413,1657,3,25,1,1,1,8.5,3.2,8.5,3.2,5.3
7999,104855,20260712,1248,1,3,1,1,1,3.8,1.5,3.8,1.5,2.3
8000,104856,20260713,815,4,5,1,4,1,4.8,2.0,4.8,2.0,2.8
8001,104856,20260713,815,4,6,1,4,1,5.0,2.1,5.0,2.1,2.9
8002,104857,20260624,1135,3,7,2,3,2,4.3,1.8,8.6,3.6,5.0
8003,104857,20260624,1135,3,8,2,3,1,8.5,3.2,8.5,3.2,5.3
8004,104858,20260427,1731,4,13,1,1,1,12.5,4.3,12.5,4.3,8.2
8005,104859,20260724,906,2,8,2,1,1,8.5,3.2,8.5,3.2,5.3
8006,104859,20260724,906,2,18,2,1,1,5.0,1.8,5.0,1.8,3.2
8007,104860,20260401,1738,2,19,2,2,2,5.5,2.0,11.0,4.0,7.0
8008,104861,20260613,1106,4,11,1,3,1,10.5,3.8,10.5,3.8,6.7
8009,104861,20260613,1106,4,6,1,3,1,5.0,2.1,5.0,2.1,2.9
8010,104862,20260813,2159,4,16,1,1,1,11.5,4.1,11.5,4.1,7.4
8011,104863,20260607,834,2,13,2,1,1,12.5,4.3,12.5,4.3,8.2
8012,104863,20260607,834,2,21,2,1,2,9.0,3.2,18.0,6.4,11.6
8013,104864,20260518,1025,4,21,1,1,1,9.0,3.2,9.0,3.2,5.8
8014,104864,20260518,1025,4,18,1,1,2,5.0,1.8,10.0,3.6,6.4
8015,104865,20260709,1607,2,4,1,3,1,4.5,1.9,4.5,1.9,2.6
8016,104866,20260826,1709,2,12,1,3,1,12.0,4.2,12.0,4.2,7.8
8017,104866,20260826,1709,2,9,1,3,1,9.0,3.4,9.0,3.4,5.6
8018,104867,20260423,1804,3,16,1,3,1,11.5,4.1,11.5,4.1,7.4
8019,104868,20260730,1718,1,24,1,3,1,8.0,3.0,8.0,3.0,5.0
8020,104869,20260417,925,3,2,2,4,2,4.0,1.6,8.0,3.2,4.8
8021,104869,20260417,925,3,1,2,4,1,3.5,1.4,3.5,1.4,2.1
8022,104869,20260417,925,3,3,2,4,1,3.8,1.5,3.8,1.5,2.3
8023,104870,20260715,829,4,21,1,1,1,9.0,3.2,9.0,3.2,5.8
8024,104871,20260803,903,2,7,4,1,1,4.3,1.8,4.3,1.8,2.5
8025,104871,20260803,903,2,3,4,1,1,3.8,1.5,3.8,1.5,2.3
8026,104871,20260803,903,2,17,4,1,1,4.5,1.6,4.5,1.6,2.9
8027,104872,20260818,1141,2,6,1,2,1,5.0,2.1,5.0,2.1,2.9
8028,104872,20260818,1141,2,15,1,2,1,11.0,4.0,11.0,4.0,7.0
8029,104873,20260724,1010,2,7,1,1,2,4.3,1.8,8.6,3.6,5.0
8030,104874,20260521,1714,1,25,2,3,1,8.5,3.2,8.5,3.2,5.3
8031,104875,20260821,822,1,15,1,2,1,11.0,4.0,11.0,4.0,7.0
8032,104876,20260821,1602,3,7,1,1,1,4.3,1.8,4.3,1.8,2.5
8033,104877,20260523,1908,4,9,2,4,1,9.0,3.4,9.0,3.4,5.6
8034,104877,20260523,1908,4,5,2,4,1,4.8,2.0,4.8,2.0,2.8
8035,104878,20260326,1250,3,13,1,2,1,12.5,4.3,12.5,4.3,8.2
8036,104878,20260326,1250,3,7,1,2,1,4.3,1.8,4.3,1.8,2.5
8037,104878,20260326,1250,3,11,1,2,1,10.5,3.8,10.5,3.8,6.7
8038,104879,20260719,1846,1,9,3,4,1,9.0,3.4,9.0,3.4,5.6
8039,104880,20260416,1731,3,14,4,4,1,13.5,4.6,13.5,4.6,8.9
8040,104880,20260416,1731,3,23,4,4,1,9.0,3.4,9.0,3.4,5.6
8041,104881,20260613,813,3,2,1,1,2,4.0,1.6,8.0,3.2,4.8
8042,104881,20260613,813,3,6,1,1,1,5.0,2.1,5.0,2.1,2.9
8043,104882,20260606,1852,1,8,1,2,2,8.5,3.2,17.0,6.4,10.6
8044,104883,20260524,1737,2,24,1,1,1,8.0,3.0,8.0,3.0,5.0
8045,104884,20260904,1738,3,11,2,2,1,10.5,3.8,10.5,3.8,6.7
8046,104885,20260411,1758,2,11,1,4,1,10.5,3.8,10.5,3.8,6.7
8047,104885,20260411,1758,2,7,1,4,1,4.3,1.8,4.3,1.8,2.5
8048,104885,20260411,1758,2,3,1,4,1,3.8,1.5,3.8,1.5,2.3
8049,104886,20260611,938,2,18,1,1,1,5.0,1.8,5.0,1.8,3.2
8050,104886,20260611,938,2,16,1,1,1,11.5,4.1,11.5,4.1,7.4
8051,104887,20260517,2200,1,18,1,4,1,5.0,1.8,5.0,1.8,3.2
8052,104888,20260910,1726,1,10,2,1,1,8.0,3.0,8.0,3.0,5.0
8053,104888,20260910,1726,1,14,2,1,1,13.5,4.6,13.5,4.6,8.9
8054,104888,20260910,1726,1,7,2,1,1,4.3,1.8,4.3,1.8,2.5
8055,104889,20260403,2041,2,16,1,3,1,11.5,4.1,11.5,4.1,7.4
8056,104890,20260604,821,3,5,2,1,1,4.8,2.0,4.8,2.0,2.8
8057,104890,20260604,821,3,21,2,1,1,9.0,3.2,9.0,3.2,5.8
8058,104891,20260726,1908,4,3,3,1,2,3.8,1.5,7.6,3.0,4.6
8059,104892,20260509,1853,2,13,1,4,1,12.5,4.3,12.5,4.3,8.2
8060,104892,20260509,1853,2,14,1,4,1,13.5,4.6,13.5,4.6,8.9
8061,104893,20260615,1702,2,9,2,1,1,9.0,3.4,9.0,3.4,5.6
8062,104894,20260427,1724,3,22,1,1,1,9.5,3.6,9.5,3.6,5.9
8063,104894,20260427,1724,3,11,1,1,1,10.5,3.8,10.5,3.8,6.7
8064,104895,20260703,1848,4,8,1,2,1,8.5,3.2,8.5,3.2,5.3
8065,104896,20260605,1742,2,13,2,1,1,12.5,4.3,12.5,4.3,8.2
8066,104896,20260605,1742,2,11,2,1,2,10.5,3.8,21.0,7.6,13.4
8067,104897,20260323,936,1,19,2,1,1,5.5,2.0,5.5,2.0,3.5
8068,104897,20260323,936,1,16,2,1,1,11.5,4.1,11.5,4.1,7.4
8069,104898,20260412,2016,3,16,1,3,1,11.5,4.1,11.5,4.1,7.4
8070,104898,20260412,2016,3,6,1,3,1,5.0,2.1,5.0,2.1,2.9
8071,104898,20260412,2016,3,9,1,3,1,9.0,3.4,9.0,3.4,5.6
8072,104899,20260617,1837,1,10,1,3,1,8.0,3.0,8.0,3.0,5.0
8073,104900,20260509,1013,1,18,3,1,1,5.0,1.8,5.0,1.8,3.2
8074,104901,20260413,1840,2,16,1,1,1,11.5,4.1,11.5,4.1,7.4
8075,104902,20260601,1140,2,14,1,1,1,13.5,4.6,13.5,4.6,8.9
8076,104903,20260611,831,3,7,1,2,1,4.3,1.8,4.3,1.8,2.5
8077,104903,20260611,831,3,2,1,2,1,4.0,1.6,4.0,1.6,2.4
8078,104903,20260611,831,3,4,1,2,1,4.5,1.9,4.5,1.9,2.6
8079,104904,20260324,1013,3,4,1,1,1,4.5,1.9,4.5,1.9,2.6
8080,104904,20260324,1013,3,7,1,1,1,4.3,1.8,4.3,1.8,2.5
8081,104905,20260430,854,2,3,1,1,2,3.8,1.5,7.6,3.0,4.6
8082,104905,20260430,854,2,21,1,1,1,9.0,3.2,9.0,3.2,5.8
8083,104906,20260620,1314,2,13,4,1,1,12.5,4.3,12.5,4.3,8.2
8084,104907,20260829,1704,3,7,1,2,1,4.3,1.8,4.3,1.8,2.5
8085,104907,20260829,1704,3,10,1,2,1,8.0,3.0,8.0,3.0,5.0
8086,104908,20260622,1005,1,17,3,2,1,4.5,1.6,4.5,1.6,2.9
8087,104909,20260630,1903,2,8,3,4,2,8.5,3.2,17.0,6.4,10.6
8088,104910,20260408,1637,3,11,2,3,2,10.5,3.8,21.0,7.6,13.4
8089,104910,20260408,1637,3,9,2,3,1,9.0,3.4,9.0,3.4,5.6
8090,104910,20260408,1637,3,11,2,3,1,10.5,3.8,10.5,3.8,6.7
8091,104911,20260521,1848,1,10,1,4,1,8.0,3.0,8.0,3.0,5.0
8092,104911,20260521,1848,1,8,1,4,1,8.5,3.2,8.5,3.2,5.3
8093,104912,20260505,1855,1,20,1,1,1,6.5,2.4,6.5,2.4,4.1
8094,104913,20260724,1053,2,24,1,1,1,8.0,3.0,8.0,3.0,5.0
8095,104914,20260815,1654,2,20,1,4,2,6.5,2.4,13.0,4.8,8.2
8096,104915,20260410,1017,3,17,1,1,1,4.5,1.6,4.5,1.6,2.9
8097,104916,20260621,1906,3,9,1,4,1,9.0,3.4,9.0,3.4,5.6
8098,104916,20260621,1906,3,22,1,4,1,9.5,3.6,9.5,3.6,5.9
8099,104917,20260415,1503,1,11,1,1,1,10.5,3.8,10.5,3.8,6.7
8100,104918,20260410,1008,1,3,1,4,1,3.8,1.5,3.8,1.5,2.3
8101,104919,20260816,910,4,19,3,1,1,5.5,2.0,5.5,2.0,3.5
8102,104919,20260816,910,4,3,3,1,1,3.8,1.5,3.8,1.5,2.3
8103,104919,20260816,910,4,5,3,1,1,4.8,2.0,4.8,2.0,2.8
8104,104920,20260628,1354,3,6,2,1,1,5.0,2.1,5.0,2.1,2.9
8105,104920,20260628,1354,3,23,2,1,1,9.0,3.4,9.0,3.4,5.6
8106,104921,20260806,811,2,5,1,1,1,4.8,2.0,4.8,2.0,2.8
8107,104922,20260630,1924,2,4,2,1,1,4.5,1.9,4.5,1.9,2.6
8108,104922,20260630,1924,2,23,2,1,1,9.0,3.4,9.0,3.4,5.6
8109,104923,20260406,1654,2,19,1,2,1,5.5,2.0,5.5,2.0,3.5
8110,104923,20260406,1654,2,10,1,2,1,8.0,3.0,8.0,3.0,5.0
8111,104924,20260813,1007,3,21,2,1,2,9.0,3.2,18.0,6.4,11.6
8112,104924,20260813,1007,3,5,2,1,1,4.8,2.0,4.8,2.0,2.8
8113,104925,20260505,752,1,8,1,4,1,8.5,3.2,8.5,3.2,5.3
8114,104926,20260614,952,2,2,4,1,1,4.0,1.6,4.0,1.6,2.4
8115,104927,20260711,1834,1,4,2,2,1,4.5,1.9,4.5,1.9,2.6
8116,104927,20260711,1834,1,17,2,2,1,4.5,1.6,4.5,1.6,2.9
8117,104928,20260409,817,2,7,1,1,1,4.3,1.8,4.3,1.8,2.5
8118,104929,20260416,1946,1,10,2,1,2,8.0,3.0,16.0,6.0,10.0
8119,104929,20260416,1946,1,10,2,1,1,8.0,3.0,8.0,3.0,5.0
8120,104930,20260829,805,3,2,3,3,1,4.0,1.6,4.0,1.6,2.4
8121,104931,20260913,1919,2,13,1,1,1,12.5,4.3,12.5,4.3,8.2
8122,104931,20260913,1919,2,17,1,1,2,4.5,1.6,9.0,3.2,5.8
8123,104932,20260405,2129,1,7,2,1,1,4.3,1.8,4.3,1.8,2.5
8124,104932,20260405,2129,1,3,2,1,1,3.8,1.5,3.8,1.5,2.3
8125,104933,20260613,1652,3,16,1,1,2,11.5,4.1,23.0,8.2,14.8
8126,104934,20260411,843,1,10,1,2,2,8.0,3.0,16.0,6.0,10.0
8127,104934,20260411,843,1,17,1,2,2,4.5,1.6,9.0,3.2,5.8
8128,104934,20260411,843,1,4,1,2,1,4.5,1.9,4.5,1.9,2.6
8129,104935,20260317,951,3,25,3,4,1,8.5,3.2,8.5,3.2,5.3
8130,104935,20260317,951,3,1,3,4,1,3.5,1.4,3.5,1.4,2.1
8131,104936,20260820,1814,4,25,1,1,1,8.5,3.2,8.5,3.2,5.3
8132,104936,20260820,1814,4,12,1,1,1,12.0,4.2,12.0,4.2,7.8
8133,104937,20260901,1820,2,23,1,4,1,9.0,3.4,9.0,3.4,5.6
8134,104938,20260618,903,3,2,1,1,1,4.0,1.6,4.0,1.6,2.4
8135,104939,20260505,849,1,7,2,1,1,4.3,1.8,4.3,1.8,2.5
8136,104939,20260505,849,1,5,2,1,1,4.8,2.0,4.8,2.0,2.8
8137,104940,20260711,1347,1,22,1,4,1,9.5,3.6,9.5,3.6,5.9
8138,104940,20260711,1347,1,3,1,4,1,3.8,1.5,3.8,1.5,2.3
8139,104941,20260816,953,2,24,1,1,1,8.0,3.0,8.0,3.0,5.0
8140,104941,20260816,953,2,24,1,1,1,8.0,3.0,8.0,3.0,5.0
8141,104942,20260904,1720,2,14,1,1,1,13.5,4.6,13.5,4.6,8.9
8142,104943,20260711,936,3,2,1,1,1,4.0,1.6,4.0,1.6,2.4
8143,104943,20260711,936,3,13,1,1,1,12.5,4.3,12.5,4.3,8.2
8144,104944,20260606,1237,1,7,1,4,1,4.3,1.8,4.3,1.8,2.5
8145,104944,20260606,1237,1,18,1,4,1,5.0,1.8,5.0,1.8,3.2
8146,104945,20260702,1126,2,10,3,4,1,8.0,3.0,8.0,3.0,5.0
8147,104946,20260719,900,1,12,4,1,1,12.0,4.2,12.0,4.2,7.8
8148,104946,20260719,900,1,4,4,1,1,4.5,1.9,4.5,1.9,2.6
8149,104946,20260719,900,1,7,4,1,1,4.3,1.8,4.3,1.8,2.5
8150,104947,20260704,1759,4,11,1,3,1,10.5,3.8,10.5,3.8,6.7
8151,104948,20260321,2140,3,3,2,2,1,3.8,1.5,3.8,1.5,2.3
8152,104948,20260321,2140,3,11,2,2,1,10.5,3.8,10.5,3.8,6.7
8153,104949,20260406,1842,2,9,4,3,2,9.0,3.4,18.0,6.8,11.2
8154,104950,20260727,1233,4,3,2,3,2,3.8,1.5,7.6,3.0,4.6
8155,104950,20260727,1233,4,5,2,3,1,4.8,2.0,4.8,2.0,2.8
8156,104951,20260827,1340,3,17,1,2,1,4.5,1.6,4.5,1.6,2.9
8157,104952,20260511,1700,3,19,1,1,2,5.5,2.0,11.0,4.0,7.0
8158,104952,20260511,1700,3,5,1,1,1,4.8,2.0,4.8,2.0,2.8
8159,104953,20260730,1210,3,23,2,1,2,9.0,3.4,18.0,6.8,11.2
8160,104954,20260716,1718,3,12,1,1,1,12.0,4.2,12.0,4.2,7.8
8161,104954,20260716,1718,3,24,1,1,1,8.0,3.0,8.0,3.0,5.0
8162,104955,20260904,1800,3,14,1,1,1,13.5,4.6,13.5,4.6,8.9
8163,104955,20260904,1800,3,18,1,1,1,5.0,1.8,5.0,1.8,3.2
8164,104956,20260326,1712,1,9,2,4,1,9.0,3.4,9.0,3.4,5.6
8165,104956,20260326,1712,1,8,2,4,1,8.5,3.2,8.5,3.2,5.3
8166,104957,20260907,934,2,3,1,1,1,3.8,1.5,3.8,1.5,2.3
8167,104958,20260601,1909,2,17,1,2,1,4.5,1.6,4.5,1.6,2.9
8168,104959,20260830,900,2,1,2,1,1,3.5,1.4,3.5,1.4,2.1
8169,104960,20260817,1020,1,5,1,1,1,4.8,2.0,4.8,2.0,2.8
8170,104960,20260817,1020,1,19,1,1,2,5.5,2.0,11.0,4.0,7.0
8171,104961,20260908,2024,1,15,1,2,1,11.0,4.0,11.0,4.0,7.0
8172,104961,20260908,2024,1,16,1,2,1,11.5,4.1,11.5,4.1,7.4
8173,104962,20260330,830,3,8,1,4,1,8.5,3.2,8.5,3.2,5.3
8174,104962,20260330,830,3,2,1,4,2,4.0,1.6,8.0,3.2,4.8
8175,104963,20260831,1004,1,9,1,4,1,9.0,3.4,9.0,3.4,5.6
8176,104963,20260831,1004,1,2,1,4,1,4.0,1.6,4.0,1.6,2.4
8177,104963,20260831,1004,1,8,1,4,1,8.5,3.2,8.5,3.2,5.3
8178,104964,20260620,1646,1,17,2,4,1,4.5,1.6,4.5,1.6,2.9
8179,104965,20260630,1312,2,25,2,4,1,8.5,3.2,8.5,3.2,5.3
8180,104965,20260630,1312,2,21,2,4,1,9.0,3.2,9.0,3.2,5.8
8181,104966,20260612,901,4,21,3,2,1,9.0,3.2,9.0,3.2,5.8
8182,104967,20260516,1556,3,22,1,1,1,9.5,3.6,9.5,3.6,5.9
8183,104968,20260517,1809,4,9,2,4,1,9.0,3.4,9.0,3.4,5.6
8184,104969,20260726,1838,1,22,1,4,1,9.5,3.6,9.5,3.6,5.9
8185,104969,20260726,1838,1,11,1,4,1,10.5,3.8,10.5,3.8,6.7
8186,104970,20260524,852,4,17,1,1,1,4.5,1.6,4.5,1.6,2.9
8187,104970,20260524,852,4,1,1,1,2,3.5,1.4,7.0,2.8,4.2
8188,104971,20260721,1646,3,10,1,2,2,8.0,3.0,16.0,6.0,10.0
8189,104971,20260721,1646,3,6,1,2,1,5.0,2.1,5.0,2.1,2.9
8190,104971,20260721,1646,3,12,1,2,1,12.0,4.2,12.0,4.2,7.8
8191,104972,20260518,1850,2,24,1,4,1,8.0,3.0,8.0,3.0,5.0
8192,104972,20260518,1850,2,11,1,4,1,10.5,3.8,10.5,3.8,6.7
8193,104973,20260504,1645,4,10,1,1,2,8.0,3.0,16.0,6.0,10.0
8194,104974,20260806,1145,4,9,2,1,1,9.0,3.4,9.0,3.4,5.6
8195,104975,20260420,1005,4,18,1,3,1,5.0,1.8,5.0,1.8,3.2
8196,104976,20260826,1821,4,15,2,1,1,11.0,4.0,11.0,4.0,7.0
8197,104977,20260521,1657,2,19,1,4,2,5.5,2.0,11.0,4.0,7.0
8198,104978,20260517,1646,3,9,1,4,1,9.0,3.4,9.0,3.4,5.6
8199,104979,20260715,1726,4,20,1,1,1,6.5,2.4,6.5,2.4,4.1
8200,104979,20260715,1726,4,8,1,1,1,8.5,3.2,8.5,3.2,5.3
8201,104979,20260715,1726,4,16,1,1,1,11.5,4.1,11.5,4.1,7.4
8202,104980,20260612,806,4,7,1,2,1,4.3,1.8,4.3,1.8,2.5
8203,104981,20260521,932,3,6,2,1,1,5.0,2.1,5.0,2.1,2.9
8204,104981,20260521,932,3,17,2,1,1,4.5,1.6,4.5,1.6,2.9
8205,104982,20260603,1637,4,4,1,2,2,4.5,1.9,9.0,3.8,5.2
8206,104982,20260603,1637,4,18,1,2,1,5.0,1.8,5.0,1.8,3.2
8207,104983,20260911,936,1,19,4,1,1,5.5,2.0,5.5,2.0,3.5
8208,104984,20260316,1854,2,10,1,3,1,8.0,3.0,8.0,3.0,5.0
8209,104984,20260316,1854,2,6,1,3,1,5.0,2.1,5.0,2.1,2.9
8210,104985,20260323,840,2,3,1,1,1,3.8,1.5,3.8,1.5,2.3
8211,104985,20260323,840,2,3,1,1,1,3.8,1.5,3.8,1.5,2.3
8212,104986,20260315,1540,1,3,4,4,1,3.8,1.5,3.8,1.5,2.3
8213,104986,20260315,1540,1,4,4,4,2,4.5,1.9,9.0,3.8,5.2
8214,104986,20260315,1540,1,10,4,4,1,8.0,3.0,8.0,3.0,5.0
8215,104987,20260901,2025,3,18,2,4,1,5.0,1.8,5.0,1.8,3.2
8216,104987,20260901,2025,3,13,2,4,1,12.5,4.3,12.5,4.3,8.2
8217,104988,20260626,1339,3,20,2,1,1,6.5,2.4,6.5,2.4,4.1
8218,104989,20260525,1319,3,19,1,1,1,5.5,2.0,5.5,2.0,3.5
8219,104990,20260612,1122,2,7,2,2,1,4.3,1.8,4.3,1.8,2.5
8220,104991,20260421,1844,4,8,1,2,1,8.5,3.2,8.5,3.2,5.3
8221,104992,20260403,1631,2,24,2,1,1,8.0,3.0,8.0,3.0,5.0
8222,104992,20260403,1631,2,23,2,1,1,9.0,3.4,9.0,3.4,5.6
8223,104992,20260403,1631,2,3,2,1,1,3.8,1.5,3.8,1.5,2.3
8224,104993,20260425,1134,1,15,1,1,2,11.0,4.0,22.0,8.0,14.0
8225,104994,20260904,1831,4,2,1,1,1,4.0,1.6,4.0,1.6,2.4
8226,104994,20260904,1831,4,10,1,1,1,8.0,3.0,8.0,3.0,5.0
8227,104995,20260717,1639,3,17,1,3,1,4.5,1.6,4.5,1.6,2.9
8228,104995,20260717,1639,3,3,1,3,1,3.8,1.5,3.8,1.5,2.3
8229,104995,20260717,1639,3,16,1,3,1,11.5,4.1,11.5,4.1,7.4
8230,104996,20260829,1830,1,23,2,3,1,9.0,3.4,9.0,3.4,5.6
8231,104996,20260829,1830,1,11,2,3,1,10.5,3.8,10.5,3.8,6.7
8232,104997,20260905,1859,1,15,2,4,1,11.0,4.0,11.0,4.0,7.0
8233,104997,20260905,1859,1,16,2,4,2,11.5,4.1,23.0,8.2,14.8
8234,104997,20260905,1859,1,19,2,4,1,5.5,2.0,5.5,2.0,3.5
8235,104998,20260702,909,2,19,1,1,1,5.5,2.0,5.5,2.0,3.5
8236,104999,20260422,1330,4,18,3,2,1,5.0,1.8,5.0,1.8,3.2
8237,105000,20260516,1748,3,24,1,1,2,8.0,3.0,16.0,6.0,10.0
8238,105001,20260719,1736,4,5,1,1,1,4.8,2.0,4.8,2.0,2.8
8239,105001,20260719,1736,4,6,1,1,1,5.0,2.1,5.0,2.1,2.9
8240,105002,20260831,854,2,19,1,1,1,5.5,2.0,5.5,2.0,3.5
8241,105002,20260831,854,2,20,1,1,1,6.5,2.4,6.5,2.4,4.1
8242,105003,20260426,2108,4,13,2,1,1,12.5,4.3,12.5,4.3,8.2
8243,105003,20260426,2108,4,22,2,1,1,9.5,3.6,9.5,3.6,5.9
8244,105004,20260718,1658,1,4,1,4,1,4.5,1.9,4.5,1.9,2.6
8245,105005,20260521,925,2,4,1,1,1,4.5,1.9,4.5,1.9,2.6
8246,105005,20260521,925,2,19,1,1,1,5.5,2.0,5.5,2.0,3.5
8247,105006,20260801,1504,4,11,2,4,1,10.5,3.8,10.5,3.8,6.7
8248,105006,20260801,1504,4,16,2,4,1,11.5,4.1,11.5,4.1,7.4
8249,105007,20260906,1150,1,24,2,1,1,8.0,3.0,8.0,3.0,5.0
8250,105007,20260906,1150,1,18,2,1,1,5.0,1.8,5.0,1.8,3.2
8251,105008,20260912,907,3,3,4,1,1,3.8,1.5,3.8,1.5,2.3
8252,105009,20260722,1703,1,13,2,1,1,12.5,4.3,12.5,4.3,8.2
8253,105009,20260722,1703,1,6,2,1,1,5.0,2.1,5.0,2.1,2.9
8254,105010,20260803,1312,1,9,1,1,2,9.0,3.4,18.0,6.8,11.2
8255,105010,20260803,1312,1,1,1,1,1,3.5,1.4,3.5,1.4,2.1
8256,105011,20260430,1818,4,14,1,2,1,13.5,4.6,13.5,4.6,8.9
8257,105011,20260430,1818,4,13,1,2,1,12.5,4.3,12.5,4.3,8.2
8258,105012,20260818,941,1,2,2,1,1,4.0,1.6,4.0,1.6,2.4
8259,105012,20260818,941,1,14,2,1,1,13.5,4.6,13.5,4.6,8.9
8260,105013,20260505,1549,2,17,1,2,1,4.5,1.6,4.5,1.6,2.9
8261,105014,20260504,1814,3,15,1,2,1,11.0,4.0,11.0,4.0,7.0
8262,105014,20260504,1814,3,8,1,2,1,8.5,3.2,8.5,3.2,5.3
8263,105014,20260504,1814,3,13,1,2,1,12.5,4.3,12.5,4.3,8.2
8264,105015,20260323,2033,4,2,1,1,1,4.0,1.6,4.0,1.6,2.4
8265,105016,20260324,1707,3,1,1,3,1,3.5,1.4,3.5,1.4,2.1
8266,105017,20260612,1049,1,14,2,1,1,13.5,4.6,13.5,4.6,8.9
8267,105018,20260617,917,1,7,3,3,1,4.3,1.8,4.3,1.8,2.5
8268,105018,20260617,917,1,21,3,3,1,9.0,3.2,9.0,3.2,5.8
8269,105019,20260711,1707,3,25,2,4,1,8.5,3.2,8.5,3.2,5.3
8270,105019,20260711,1707,3,16,2,4,1,11.5,4.1,11.5,4.1,7.4
8271,105020,20260620,1304,2,7,2,1,1,4.3,1.8,4.3,1.8,2.5
8272,105020,20260620,1304,2,14,2,1,1,13.5,4.6,13.5,4.6,8.9
8273,105021,20260424,1139,3,2,1,1,1,4.0,1.6,4.0,1.6,2.4
8274,105021,20260424,1139,3,14,1,1,2,13.5,4.6,27.0,9.2,17.8
8275,105022,20260428,903,4,20,1,1,2,6.5,2.4,13.0,4.8,8.2
8276,105022,20260428,903,4,2,1,1,1,4.0,1.6,4.0,1.6,2.4
8277,105022,20260428,903,4,5,1,1,2,4.8,2.0,9.6,4.0,5.6
8278,105023,20260524,1627,4,8,1,1,2,8.5,3.2,17.0,6.4,10.6
8279,105024,20260708,1905,4,2,1,4,1,4.0,1.6,4.0,1.6,2.4
8280,105025,20260530,1211,1,6,1,1,1,5.0,2.1,5.0,2.1,2.9
8281,105025,20260530,1211,1,22,1,1,2,9.5,3.6,19.0,7.2,11.8
8282,105026,20260628,954,3,17,4,3,1,4.5,1.6,4.5,1.6,2.9
8283,105026,20260628,954,3,5,4,3,1,4.8,2.0,4.8,2.0,2.8
8284,105027,20260322,815,1,5,2,3,1,4.8,2.0,4.8,2.0,2.8
8285,105027,20260322,815,1,18,2,3,1,5.0,1.8,5.0,1.8,3.2
8286,105028,20260423,1740,3,23,1,1,1,9.0,3.4,9.0,3.4,5.6
8287,105028,20260423,1740,3,4,1,1,1,4.5,1.9,4.5,1.9,2.6
8288,105029,20260403,1644,2,6,1,1,1,5.0,2.1,5.0,2.1,2.9
8289,105029,20260403,1644,2,10,1,1,1,8.0,3.0,8.0,3.0,5.0
8290,105030,20260719,1715,4,8,1,4,1,8.5,3.2,8.5,3.2,5.3
8291,105031,20260823,1809,1,8,1,1,2,8.5,3.2,17.0,6.4,10.6
8292,105032,20260708,935,4,3,1,4,1,3.8,1.5,3.8,1.5,2.3
8293,105033,20260318,1015,3,5,4,1,1,4.8,2.0,4.8,2.0,2.8
8294,105034,20260705,1741,2,15,2,4,1,11.0,4.0,11.0,4.0,7.0
8295,105035,20260828,1824,3,8,1,4,1,8.5,3.2,8.5,3.2,5.3
8296,105036,20260422,1731,2,7,1,1,1,4.3,1.8,4.3,1.8,2.5
8297,105037,20260814,1046,4,3,1,1,1,3.8,1.5,3.8,1.5,2.3
8298,105037,20260814,1046,4,4,1,1,1,4.5,1.9,4.5,1.9,2.6
8299,105038,20260726,1830,4,5,3,3,1,4.8,2.0,4.8,2.0,2.8
8300,105039,20260619,1033,1,2,2,1,1,4.0,1.6,4.0,1.6,2.4
8301,105039,20260619,1033,1,3,2,1,1,3.8,1.5,3.8,1.5,2.3
8302,105039,20260619,1033,1,23,2,1,1,9.0,3.4,9.0,3.4,5.6
8303,105040,20260417,1852,3,23,1,2,1,9.0,3.4,9.0,3.4,5.6
8304,105041,20260806,1821,1,13,2,4,1,12.5,4.3,12.5,4.3,8.2
8305,105041,20260806,1821,1,22,2,4,1,9.5,3.6,9.5,3.6,5.9
8306,105041,20260806,1821,1,14,2,4,2,13.5,4.6,27.0,9.2,17.8
8307,105042,20260529,1246,2,15,1,1,1,11.0,4.0,11.0,4.0,7.0
8308,105042,20260529,1246,2,4,1,1,1,4.5,1.9,4.5,1.9,2.6
8309,105043,20260824,856,3,3,3,1,1,3.8,1.5,3.8,1.5,2.3
8310,105044,20260824,1138,2,4,2,2,1,4.5,1.9,4.5,1.9,2.6
8311,105044,20260824,1138,2,18,2,2,1,5.0,1.8,5.0,1.8,3.2
8312,105045,20260712,904,3,7,2,1,1,4.3,1.8,4.3,1.8,2.5
8313,105046,20260427,1144,1,19,1,3,1,5.5,2.0,5.5,2.0,3.5
8314,105047,20260718,912,2,18,4,1,1,5.0,1.8,5.0,1.8,3.2
8315,105048,20260713,1659,3,15,1,3,2,11.0,4.0,22.0,8.0,14.0
8316,105049,20260801,815,2,13,4,2,2,12.5,4.3,25.0,8.6,16.4
8317,105049,20260801,815,2,8,4,2,1,8.5,3.2,8.5,3.2,5.3
8318,105050,20260505,809,1,22,1,3,2,9.5,3.6,19.0,7.2,11.8
8319,105050,20260505,809,1,21,1,3,1,9.0,3.2,9.0,3.2,5.8
8320,105051,20260404,1657,3,11,1,3,2,10.5,3.8,21.0,7.6,13.4
8321,105051,20260404,1657,3,13,1,3,1,12.5,4.3,12.5,4.3,8.2
8322,105052,20260805,1823,1,8,1,3,1,8.5,3.2,8.5,3.2,5.3
8323,105053,20260725,1657,1,13,1,1,1,12.5,4.3,12.5,4.3,8.2
8324,105053,20260725,1657,1,12,1,1,1,12.0,4.2,12.0,4.2,7.8
8325,105054,20260517,1740,3,12,2,3,1,12.0,4.2,12.0,4.2,7.8
8326,105055,20260813,1804,1,21,2,1,1,9.0,3.2,9.0,3.2,5.8
8327,105056,20260615,1142,1,4,2,4,1,4.5,1.9,4.5,1.9,2.6
8328,105057,20260428,752,1,2,1,1,1,4.0,1.6,4.0,1.6,2.4
8329,105057,20260428,752,1,3,1,1,1,3.8,1.5,3.8,1.5,2.3
8330,105057,20260428,752,1,20,1,1,1,6.5,2.4,6.5,2.4,4.1
8331,105058,20260913,1119,2,10,1,1,2,8.0,3.0,16.0,6.0,10.0
8332,105058,20260913,1119,2,9,1,1,1,9.0,3.4,9.0,3.4,5.6
8333,105059,20260909,1846,2,9,3,3,2,9.0,3.4,18.0,6.8,11.2
8334,105059,20260909,1846,2,6,3,3,1,5.0,2.1,5.0,2.1,2.9
8335,105060,20260903,829,4,4,1,1,1,4.5,1.9,4.5,1.9,2.6
8336,105060,20260903,829,4,4,1,1,1,4.5,1.9,4.5,1.9,2.6
8337,105061,20260402,1105,2,2,1,1,1,4.0,1.6,4.0,1.6,2.4
8338,105061,20260402,1105,2,4,1,1,1,4.5,1.9,4.5,1.9,2.6
8339,105061,20260402,1105,2,16,1,1,1,11.5,4.1,11.5,4.1,7.4
8340,105062,20260421,1847,2,21,1,3,1,9.0,3.2,9.0,3.2,5.8
8341,105062,20260421,1847,2,12,1,3,1,12.0,4.2,12.0,4.2,7.8
8342,105063,20260501,1917,2,3,1,3,1,3.8,1.5,3.8,1.5,2.3
8343,105064,20260509,1721,1,8,4,1,1,8.5,3.2,8.5,3.2,5.3
8344,105065,20260724,1731,4,11,1,2,1,10.5,3.8,10.5,3.8,6.7
8345,105066,20260701,1740,2,10,1,3,1,8.0,3.0,8.0,3.0,5.0
8346,105067,20260326,816,1,1,2,1,1,3.5,1.4,3.5,1.4,2.1
8347,105068,20260728,1857,1,6,1,1,1,5.0,2.1,5.0,2.1,2.9
8348,105069,20260327,1042,2,3,1,2,1,3.8,1.5,3.8,1.5,2.3
8349,105069,20260327,1042,2,19,1,2,2,5.5,2.0,11.0,4.0,7.0
8350,105070,20260318,1143,1,3,1,1,1,3.8,1.5,3.8,1.5,2.3
8351,105070,20260318,1143,1,12,1,1,1,12.0,4.2,12.0,4.2,7.8
8352,105071,20260701,1010,2,11,2,3,1,10.5,3.8,10.5,3.8,6.7
8353,105071,20260701,1010,2,2,2,3,1,4.0,1.6,4.0,1.6,2.4
8354,105072,20260506,1212,4,12,1,3,2,12.0,4.2,24.0,8.4,15.6
8355,105072,20260506,1212,4,9,1,3,1,9.0,3.4,9.0,3.4,5.6
8356,105073,20260714,1926,1,21,2,3,1,9.0,3.2,9.0,3.2,5.8
8357,105073,20260714,1926,1,10,2,3,2,8.0,3.0,16.0,6.0,10.0
8358,105074,20260908,2108,4,11,4,1,1,10.5,3.8,10.5,3.8,6.7
8359,105075,20260617,1833,2,10,1,4,2,8.0,3.0,16.0,6.0,10.0
8360,105076,20260815,1705,2,9,1,1,1,9.0,3.4,9.0,3.4,5.6
8361,105077,20260909,940,2,20,1,1,1,6.5,2.4,6.5,2.4,4.1
8362,105078,20260806,1702,1,7,1,1,2,4.3,1.8,8.6,3.6,5.0
8363,105078,20260806,1702,1,3,1,1,1,3.8,1.5,3.8,1.5,2.3
8364,105079,20260810,1637,1,12,2,1,1,12.0,4.2,12.0,4.2,7.8
8365,105080,20260912,1531,2,3,2,1,1,3.8,1.5,3.8,1.5,2.3
8366,105080,20260912,1531,2,10,2,1,1,8.0,3.0,8.0,3.0,5.0
8367,105081,20260603,1716,2,13,1,3,1,12.5,4.3,12.5,4.3,8.2
8368,105081,20260603,1716,2,23,1,3,2,9.0,3.4,18.0,6.8,11.2
8369,105082,20260324,1621,1,14,2,1,2,13.5,4.6,27.0,9.2,17.8
8370,105082,20260324,1621,1,7,2,1,1,4.3,1.8,4.3,1.8,2.5
8371,105083,20260529,817,2,17,3,1,1,4.5,1.6,4.5,1.6,2.9
8372,105083,20260529,817,2,14,3,1,1,13.5,4.6,13.5,4.6,8.9
8373,105084,20260327,1753,2,4,1,2,2,4.5,1.9,9.0,3.8,5.2
8374,105084,20260327,1753,2,9,1,2,1,9.0,3.4,9.0,3.4,5.6
8375,105084,20260327,1753,2,7,1,2,2,4.3,1.8,8.6,3.6,5.0
8376,105085,20260708,1834,2,16,2,4,1,11.5,4.1,11.5,4.1,7.4
8377,105086,20260403,1534,2,22,1,2,1,9.5,3.6,9.5,3.6,5.9
8378,105087,20260702,1307,1,5,1,2,1,4.8,2.0,4.8,2.0,2.8
8379,105087,20260702,1307,1,1,1,2,1,3.5,1.4,3.5,1.4,2.1
8380,105088,20260627,1417,4,7,1,2,2,4.3,1.8,8.6,3.6,5.0
8381,105089,20260819,1002,1,22,1,1,1,9.5,3.6,9.5,3.6,5.9
8382,105089,20260819,1002,1,4,1,1,1,4.5,1.9,4.5,1.9,2.6
8383,105090,20260617,1341,2,11,1,1,1,10.5,3.8,10.5,3.8,6.7
8384,105091,20260424,1637,4,16,4,1,1,11.5,4.1,11.5,4.1,7.4
8385,105092,20260831,1636,1,1,2,1,1,3.5,1.4,3.5,1.4,2.1
8386,105092,20260831,1636,1,10,2,1,1,8.0,3.0,8.0,3.0,5.0
8387,105093,20260629,1817,2,2,2,3,1,4.0,1.6,4.0,1.6,2.4
8388,105094,20260623,927,3,7,1,2,1,4.3,1.8,4.3,1.8,2.5
8389,105095,20260725,1305,1,19,2,1,2,5.5,2.0,11.0,4.0,7.0
8390,105095,20260725,1305,1,6,2,1,1,5.0,2.1,5.0,2.1,2.9
8391,105096,20260517,942,1,25,2,2,1,8.5,3.2,8.5,3.2,5.3
8392,105097,20260610,1814,2,14,2,4,1,13.5,4.6,13.5,4.6,8.9
8393,105098,20260813,1248,3,9,1,2,1,9.0,3.4,9.0,3.4,5.6
8394,105098,20260813,1248,3,4,1,2,1,4.5,1.9,4.5,1.9,2.6
8395,105098,20260813,1248,3,23,1,2,1,9.0,3.4,9.0,3.4,5.6
8396,105099,20260601,959,3,17,2,1,1,4.5,1.6,4.5,1.6,2.9
8397,105099,20260601,959,3,3,2,1,1,3.8,1.5,3.8,1.5,2.3
8398,105100,20260526,1900,3,22,2,3,1,9.5,3.6,9.5,3.6,5.9
8399,105101,20260811,1732,1,6,2,2,1,5.0,2.1,5.0,2.1,2.9
8400,105101,20260811,1732,1,25,2,2,1,8.5,3.2,8.5,3.2,5.3
8401,105102,20260507,2014,4,18,1,3,1,5.0,1.8,5.0,1.8,3.2
8402,105103,20260704,1717,3,17,1,2,1,4.5,1.6,4.5,1.6,2.9
8403,105103,20260704,1717,3,16,1,2,1,11.5,4.1,11.5,4.1,7.4
8404,105103,20260704,1717,3,20,1,2,1,6.5,2.4,6.5,2.4,4.1
8405,105104,20260517,1640,1,9,2,1,1,9.0,3.4,9.0,3.4,5.6
8406,105105,20260811,857,2,18,1,1,1,5.0,1.8,5.0,1.8,3.2
8407,105105,20260811,857,2,7,1,1,2,4.3,1.8,8.6,3.6,5.0
8408,105105,20260811,857,2,5,1,1,2,4.8,2.0,9.6,4.0,5.6
8409,105106,20260821,1633,3,14,1,4,1,13.5,4.6,13.5,4.6,8.9
8410,105106,20260821,1633,3,23,1,4,1,9.0,3.4,9.0,3.4,5.6
8411,105106,20260821,1633,3,20,1,4,1,6.5,2.4,6.5,2.4,4.1
8412,105107,20260624,1854,2,13,1,4,1,12.5,4.3,12.5,4.3,8.2
8413,105107,20260624,1854,2,14,1,4,2,13.5,4.6,27.0,9.2,17.8
8414,105107,20260624,1854,2,12,1,4,1,12.0,4.2,12.0,4.2,7.8
8415,105108,20260629,1315,1,23,3,1,1,9.0,3.4,9.0,3.4,5.6
8416,105108,20260629,1315,1,9,3,1,1,9.0,3.4,9.0,3.4,5.6
8417,105109,20260530,1859,1,5,1,3,1,4.8,2.0,4.8,2.0,2.8
8418,105109,20260530,1859,1,15,1,3,1,11.0,4.0,11.0,4.0,7.0
8419,105110,20260517,838,3,4,1,4,1,4.5,1.9,4.5,1.9,2.6
8420,105111,20260512,2157,2,1,2,1,2,3.5,1.4,7.0,2.8,4.2
8421,105112,20260328,816,2,5,1,3,1,4.8,2.0,4.8,2.0,2.8
8422,105112,20260328,816,2,24,1,3,1,8.0,3.0,8.0,3.0,5.0
8423,105112,20260328,816,2,12,1,3,1,12.0,4.2,12.0,4.2,7.8
8424,105113,20260415,1736,1,12,3,4,1,12.0,4.2,12.0,4.2,7.8
8425,105113,20260415,1736,1,1,3,4,1,3.5,1.4,3.5,1.4,2.1
8426,105113,20260415,1736,1,10,3,4,2,8.0,3.0,16.0,6.0,10.0
8427,105114,20260714,1606,2,4,1,4,2,4.5,1.9,9.0,3.8,5.2
8428,105114,20260714,1606,2,3,1,4,1,3.8,1.5,3.8,1.5,2.3
8429,105115,20260510,1932,2,22,1,1,1,9.5,3.6,9.5,3.6,5.9
8430,105115,20260510,1932,2,4,1,1,2,4.5,1.9,9.0,3.8,5.2
8431,105115,20260510,1932,2,22,1,1,1,9.5,3.6,9.5,3.6,5.9
8432,105116,20260621,949,4,4,1,1,1,4.5,1.9,4.5,1.9,2.6
8433,105117,20260524,923,1,10,1,4,1,8.0,3.0,8.0,3.0,5.0
8434,105118,20260529,1130,2,4,1,1,2,4.5,1.9,9.0,3.8,5.2
8435,105118,20260529,1130,2,3,1,1,1,3.8,1.5,3.8,1.5,2.3
8436,105118,20260529,1130,2,4,1,1,1,4.5,1.9,4.5,1.9,2.6
8437,105119,20260420,1836,1,18,1,2,1,5.0,1.8,5.0,1.8,3.2
8438,105119,20260420,1836,1,10,1,2,1,8.0,3.0,8.0,3.0,5.0
8439,105120,20260328,913,1,1,3,1,1,3.5,1.4,3.5,1.4,2.1
8440,105120,20260328,913,1,13,3,1,2,12.5,4.3,25.0,8.6,16.4
8441,105121,20260705,715,4,7,2,1,1,4.3,1.8,4.3,1.8,2.5
8442,105121,20260705,715,4,8,2,1,1,8.5,3.2,8.5,3.2,5.3
8443,105122,20260429,1248,2,11,1,1,1,10.5,3.8,10.5,3.8,6.7
8444,105122,20260429,1248,2,3,1,1,2,3.8,1.5,7.6,3.0,4.6
8445,105123,20260319,1708,2,11,4,1,1,10.5,3.8,10.5,3.8,6.7
8446,105123,20260319,1708,2,13,4,1,2,12.5,4.3,25.0,8.6,16.4
8447,105124,20260421,1149,4,4,1,1,1,4.5,1.9,4.5,1.9,2.6
8448,105124,20260421,1149,4,18,1,1,1,5.0,1.8,5.0,1.8,3.2
8449,105125,20260531,1304,4,9,2,2,1,9.0,3.4,9.0,3.4,5.6
8450,105125,20260531,1304,4,6,2,2,1,5.0,2.1,5.0,2.1,2.9
8451,105126,20260721,1025,2,19,2,1,1,5.5,2.0,5.5,2.0,3.5
8452,105127,20260422,1838,4,19,1,4,2,5.5,2.0,11.0,4.0,7.0
8453,105128,20260523,1149,1,14,1,4,1,13.5,4.6,13.5,4.6,8.9
8454,105129,20260404,844,1,24,1,4,1,8.0,3.0,8.0,3.0,5.0
8455,105130,20260728,1004,3,6,2,1,1,5.0,2.1,5.0,2.1,2.9
8456,105130,20260728,1004,3,20,2,1,1,6.5,2.4,6.5,2.4,4.1
8457,105130,20260728,1004,3,7,2,1,1,4.3,1.8,4.3,1.8,2.5
8458,105131,20260822,1558,3,6,4,1,1,5.0,2.1,5.0,2.1,2.9
8459,105132,20260829,1937,4,14,1,1,1,13.5,4.6,13.5,4.6,8.9
8460,105132,20260829,1937,4,4,1,1,1,4.5,1.9,4.5,1.9,2.6
8461,105133,20260821,954,4,4,1,2,1,4.5,1.9,4.5,1.9,2.6
8462,105133,20260821,954,4,6,1,2,1,5.0,2.1,5.0,2.1,2.9
8463,105134,20260716,1816,3,12,2,2,2,12.0,4.2,24.0,8.4,15.6
8464,105135,20260511,1646,2,8,4,1,1,8.5,3.2,8.5,3.2,5.3
8465,105136,20260617,1844,4,9,1,4,1,9.0,3.4,9.0,3.4,5.6
8466,105137,20260718,1742,4,21,2,2,1,9.0,3.2,9.0,3.2,5.8
8467,105137,20260718,1742,4,15,2,2,1,11.0,4.0,11.0,4.0,7.0
8468,105138,20260530,1307,4,22,1,1,1,9.5,3.6,9.5,3.6,5.9
8469,105139,20260706,1807,1,14,1,2,1,13.5,4.6,13.5,4.6,8.9
8470,105139,20260706,1807,1,1,1,2,1,3.5,1.4,3.5,1.4,2.1
8471,105140,20260710,1450,4,11,2,1,1,10.5,3.8,10.5,3.8,6.7
8472,105140,20260710,1450,4,3,2,1,2,3.8,1.5,7.6,3.0,4.6
8473,105140,20260710,1450,4,20,2,1,1,6.5,2.4,6.5,2.4,4.1
8474,105141,20260601,841,3,1,2,1,1,3.5,1.4,3.5,1.4,2.1
8475,105142,20260907,1011,1,20,2,1,1,6.5,2.4,6.5,2.4,4.1
8476,105142,20260907,1011,1,4,2,1,1,4.5,1.9,4.5,1.9,2.6
8477,105142,20260907,1011,1,15,2,1,1,11.0,4.0,11.0,4.0,7.0
8478,105143,20260512,1329,2,19,2,1,1,5.5,2.0,5.5,2.0,3.5
8479,105144,20260509,1322,3,6,1,2,2,5.0,2.1,10.0,4.2,5.8
8480,105144,20260509,1322,3,1,1,2,2,3.5,1.4,7.0,2.8,4.2
8481,105145,20260531,1812,2,23,2,3,1,9.0,3.4,9.0,3.4,5.6
8482,105146,20260830,1821,3,17,2,3,1,4.5,1.6,4.5,1.6,2.9
8483,105146,20260830,1821,3,15,2,3,1,11.0,4.0,11.0,4.0,7.0
8484,105146,20260830,1821,3,1,2,3,1,3.5,1.4,3.5,1.4,2.1
8485,105147,20260429,1721,1,18,1,3,1,5.0,1.8,5.0,1.8,3.2
8486,105148,20260607,2056,1,3,1,2,1,3.8,1.5,3.8,1.5,2.3
8487,105149,20260723,1456,1,17,1,1,2,4.5,1.6,9.0,3.2,5.8
8488,105150,20260628,1855,3,20,1,4,1,6.5,2.4,6.5,2.4,4.1
8489,105150,20260628,1855,3,9,1,4,1,9.0,3.4,9.0,3.4,5.6
8490,105150,20260628,1855,3,16,1,4,1,11.5,4.1,11.5,4.1,7.4
8491,105151,20260315,1730,2,12,1,1,1,12.0,4.2,12.0,4.2,7.8
8492,105152,20260904,1556,2,11,1,1,1,10.5,3.8,10.5,3.8,6.7
8493,105152,20260904,1556,2,21,1,1,1,9.0,3.2,9.0,3.2,5.8
8494,105152,20260904,1556,2,4,1,1,1,4.5,1.9,4.5,1.9,2.6
8495,105153,20260319,2012,2,15,1,1,1,11.0,4.0,11.0,4.0,7.0
8496,105153,20260319,2012,2,22,1,1,1,9.5,3.6,9.5,3.6,5.9
8497,105153,20260319,2012,2,14,1,1,1,13.5,4.6,13.5,4.6,8.9
8498,105154,20260710,1126,1,16,1,3,2,11.5,4.1,23.0,8.2,14.8
8499,105155,20260622,1914,4,15,4,4,1,11.0,4.0,11.0,4.0,7.0
8500,105155,20260622,1914,4,9,4,4,1,9.0,3.4,9.0,3.4,5.6
8501,105155,20260622,1914,4,15,4,4,1,11.0,4.0,11.0,4.0,7.0
8502,105156,20260911,1024,3,5,2,2,2,4.8,2.0,9.6,4.0,5.6
8503,105157,20260811,920,4,19,1,2,1,5.5,2.0,5.5,2.0,3.5
8504,105158,20260823,2001,1,20,1,2,1,6.5,2.4,6.5,2.4,4.1
8505,105158,20260823,2001,1,5,1,2,2,4.8,2.0,9.6,4.0,5.6
8506,105159,20260425,1149,3,16,2,1,1,11.5,4.1,11.5,4.1,7.4
8507,105159,20260425,1149,3,3,2,1,2,3.8,1.5,7.6,3.0,4.6
8508,105160,20260910,1640,2,5,2,1,1,4.8,2.0,4.8,2.0,2.8
8509,105161,20260913,1755,3,18,1,1,1,5.0,1.8,5.0,1.8,3.2
8510,105161,20260913,1755,3,21,1,1,1,9.0,3.2,9.0,3.2,5.8
8511,105162,20260704,1146,2,3,1,2,1,3.8,1.5,3.8,1.5,2.3
8512,105163,20260530,1854,1,3,1,1,1,3.8,1.5,3.8,1.5,2.3
8513,105163,20260530,1854,1,9,1,1,1,9.0,3.4,9.0,3.4,5.6
8514,105164,20260531,833,1,6,3,3,1,5.0,2.1,5.0,2.1,2.9
8515,105164,20260531,833,1,6,3,3,1,5.0,2.1,5.0,2.1,2.9
8516,105164,20260531,833,1,7,3,3,1,4.3,1.8,4.3,1.8,2.5
8517,105165,20260405,1703,4,3,1,2,1,3.8,1.5,3.8,1.5,2.3
8518,105165,20260405,1703,4,17,1,2,2,4.5,1.6,9.0,3.2,5.8
8519,105165,20260405,1703,4,21,1,2,1,9.0,3.2,9.0,3.2,5.8
8520,105166,20260605,831,1,21,1,3,1,9.0,3.2,9.0,3.2,5.8
8521,105167,20260628,1652,2,15,1,2,1,11.0,4.0,11.0,4.0,7.0
8522,105168,20260514,918,1,21,2,2,1,9.0,3.2,9.0,3.2,5.8
8523,105168,20260514,918,1,6,2,2,1,5.0,2.1,5.0,2.1,2.9
8524,105168,20260514,918,1,17,2,2,1,4.5,1.6,4.5,1.6,2.9
8525,105169,20260805,1440,1,3,2,3,1,3.8,1.5,3.8,1.5,2.3
8526,105170,20260430,1447,1,20,1,2,1,6.5,2.4,6.5,2.4,4.1
8527,105170,20260430,1447,1,21,1,2,1,9.0,3.2,9.0,3.2,5.8
8528,105170,20260430,1447,1,13,1,2,1,12.5,4.3,12.5,4.3,8.2
8529,105171,20260430,905,1,3,1,3,1,3.8,1.5,3.8,1.5,2.3
8530,105172,20260607,1857,4,9,1,3,1,9.0,3.4,9.0,3.4,5.6
8531,105172,20260607,1857,4,20,1,3,1,6.5,2.4,6.5,2.4,4.1
8532,105173,20260810,1637,4,7,1,3,1,4.3,1.8,4.3,1.8,2.5
8533,105173,20260810,1637,4,6,1,3,1,5.0,2.1,5.0,2.1,2.9
8534,105173,20260810,1637,4,15,1,3,1,11.0,4.0,11.0,4.0,7.0
8535,105174,20260412,1650,1,10,2,4,1,8.0,3.0,8.0,3.0,5.0
8536,105174,20260412,1650,1,17,2,4,1,4.5,1.6,4.5,1.6,2.9
8537,105174,20260412,1650,1,6,2,4,1,5.0,2.1,5.0,2.1,2.9
8538,105175,20260718,1020,3,4,4,1,2,4.5,1.9,9.0,3.8,5.2
8539,105175,20260718,1020,3,22,4,1,1,9.5,3.6,9.5,3.6,5.9
8540,105176,20260521,939,3,6,3,2,1,5.0,2.1,5.0,2.1,2.9
8541,105176,20260521,939,3,1,3,2,1,3.5,1.4,3.5,1.4,2.1
8542,105176,20260521,939,3,6,3,2,1,5.0,2.1,5.0,2.1,2.9
8543,105177,20260903,1039,1,11,1,1,1,10.5,3.8,10.5,3.8,6.7
8544,105177,20260903,1039,1,8,1,1,1,8.5,3.2,8.5,3.2,5.3
8545,105177,20260903,1039,1,25,1,1,1,8.5,3.2,8.5,3.2,5.3
8546,105178,20260522,1906,3,17,1,2,2,4.5,1.6,9.0,3.2,5.8
8547,105179,20260405,1742,3,12,1,2,1,12.0,4.2,12.0,4.2,7.8
8548,105180,20260806,1738,4,12,1,2,1,12.0,4.2,12.0,4.2,7.8
8549,105181,20260808,1905,1,11,1,1,1,10.5,3.8,10.5,3.8,6.7
8550,105181,20260808,1905,1,12,1,1,1,12.0,4.2,12.0,4.2,7.8
8551,105182,20260513,1502,3,5,1,1,1,4.8,2.0,4.8,2.0,2.8
8552,105182,20260513,1502,3,24,1,1,2,8.0,3.0,16.0,6.0,10.0
8553,105183,20260521,1924,3,16,1,4,1,11.5,4.1,11.5,4.1,7.4
8554,105184,20260607,827,4,5,1,2,1,4.8,2.0,4.8,2.0,2.8
8555,105184,20260607,827,4,17,1,2,1,4.5,1.6,4.5,1.6,2.9
8556,105185,20260721,1321,1,4,1,1,2,4.5,1.9,9.0,3.8,5.2
8557,105186,20260805,706,3,2,1,2,1,4.0,1.6,4.0,1.6,2.4
8558,105187,20260909,847,3,3,4,1,1,3.8,1.5,3.8,1.5,2.3
8559,105187,20260909,847,3,19,4,1,1,5.5,2.0,5.5,2.0,3.5
8560,105187,20260909,847,3,9,4,1,1,9.0,3.4,9.0,3.4,5.6
8561,105188,20260621,2157,2,18,1,4,1,5.0,1.8,5.0,1.8,3.2
8562,105188,20260621,2157,2,3,1,4,1,3.8,1.5,3.8,1.5,2.3
8563,105189,20260623,1827,2,1,1,4,1,3.5,1.4,3.5,1.4,2.1
8564,105189,20260623,1827,2,13,1,4,2,12.5,4.3,25.0,8.6,16.4
8565,105189,20260623,1827,2,18,1,4,1,5.0,1.8,5.0,1.8,3.2
8566,105190,20260717,1827,2,14,3,4,1,13.5,4.6,13.5,4.6,8.9
8567,105190,20260717,1827,2,13,3,4,1,12.5,4.3,12.5,4.3,8.2
8568,105191,20260618,1700,3,25,1,1,2,8.5,3.2,17.0,6.4,10.6
8569,105192,20260709,1712,4,11,1,1,1,10.5,3.8,10.5,3.8,6.7
8570,105192,20260709,1712,4,15,1,1,1,11.0,4.0,11.0,4.0,7.0
8571,105193,20260608,717,3,24,3,1,1,8.0,3.0,8.0,3.0,5.0
8572,105193,20260608,717,3,12,3,1,1,12.0,4.2,12.0,4.2,7.8
8573,105194,20260812,1213,1,2,3,1,1,4.0,1.6,4.0,1.6,2.4
8574,105195,20260823,1955,4,2,2,4,1,4.0,1.6,4.0,1.6,2.4
8575,105196,20260704,1737,4,9,2,1,1,9.0,3.4,9.0,3.4,5.6
8576,105196,20260704,1737,4,6,2,1,1,5.0,2.1,5.0,2.1,2.9
8577,105197,20260613,1659,3,20,1,2,1,6.5,2.4,6.5,2.4,4.1
8578,105197,20260613,1659,3,23,1,2,1,9.0,3.4,9.0,3.4,5.6
8579,105198,20260326,817,1,7,2,2,1,4.3,1.8,4.3,1.8,2.5
8580,105199,20260612,1733,3,18,1,1,1,5.0,1.8,5.0,1.8,3.2
8581,105200,20260420,1051,2,4,4,1,1,4.5,1.9,4.5,1.9,2.6
8582,105200,20260420,1051,2,11,4,1,1,10.5,3.8,10.5,3.8,6.7
8583,105201,20260908,1826,3,2,1,3,1,4.0,1.6,4.0,1.6,2.4
8584,105201,20260908,1826,3,21,1,3,1,9.0,3.2,9.0,3.2,5.8
8585,105201,20260908,1826,3,14,1,3,1,13.5,4.6,13.5,4.6,8.9
8586,105202,20260712,1615,3,3,1,2,1,3.8,1.5,3.8,1.5,2.3
8587,105202,20260712,1615,3,21,1,2,2,9.0,3.2,18.0,6.4,11.6
8588,105202,20260712,1615,3,25,1,2,2,8.5,3.2,17.0,6.4,10.6
8589,105203,20260807,1759,3,3,4,1,1,3.8,1.5,3.8,1.5,2.3
8590,105204,20260810,919,1,4,1,1,2,4.5,1.9,9.0,3.8,5.2
8591,105204,20260810,919,1,18,1,1,1,5.0,1.8,5.0,1.8,3.2
8592,105205,20260710,1413,4,7,2,2,1,4.3,1.8,4.3,1.8,2.5
8593,105205,20260710,1413,4,24,2,2,1,8.0,3.0,8.0,3.0,5.0
8594,105205,20260710,1413,4,1,2,2,1,3.5,1.4,3.5,1.4,2.1
8595,105206,20260910,1117,2,11,1,2,1,10.5,3.8,10.5,3.8,6.7
8596,105206,20260910,1117,2,24,1,2,1,8.0,3.0,8.0,3.0,5.0
8597,105207,20260318,2128,3,5,2,2,1,4.8,2.0,4.8,2.0,2.8
8598,105208,20260330,1725,1,9,1,3,2,9.0,3.4,18.0,6.8,11.2
8599,105208,20260330,1725,1,8,1,3,1,8.5,3.2,8.5,3.2,5.3
8600,105208,20260330,1725,1,8,1,3,1,8.5,3.2,8.5,3.2,5.3
8601,105209,20260707,924,4,13,1,1,1,12.5,4.3,12.5,4.3,8.2
8602,105210,20260703,941,2,6,2,3,1,5.0,2.1,5.0,2.1,2.9
8603,105211,20260424,1913,2,7,1,2,1,4.3,1.8,4.3,1.8,2.5
8604,105211,20260424,1913,2,21,1,2,1,9.0,3.2,9.0,3.2,5.8
8605,105212,20260705,1701,1,20,1,1,1,6.5,2.4,6.5,2.4,4.1
8606,105213,20260701,1611,3,1,1,1,1,3.5,1.4,3.5,1.4,2.1
8607,105213,20260701,1611,3,13,1,1,1,12.5,4.3,12.5,4.3,8.2
8608,105214,20260709,1527,3,9,2,1,1,9.0,3.4,9.0,3.4,5.6
8609,105215,20260423,1524,2,1,1,4,1,3.5,1.4,3.5,1.4,2.1
8610,105216,20260718,1707,2,10,2,4,1,8.0,3.0,8.0,3.0,5.0
8611,105217,20260415,723,4,6,2,1,1,5.0,2.1,5.0,2.1,2.9
8612,105217,20260415,723,4,13,2,1,1,12.5,4.3,12.5,4.3,8.2
8613,105218,20260522,1826,4,9,2,2,1,9.0,3.4,9.0,3.4,5.6
8614,105218,20260522,1826,4,1,2,2,1,3.5,1.4,3.5,1.4,2.1
8615,105219,20260805,1753,1,13,1,3,1,12.5,4.3,12.5,4.3,8.2
8616,105220,20260901,1924,1,7,4,2,1,4.3,1.8,4.3,1.8,2.5
8617,105221,20260420,916,1,5,1,1,2,4.8,2.0,9.6,4.0,5.6
8618,105221,20260420,916,1,5,1,1,1,4.8,2.0,4.8,2.0,2.8
8619,105221,20260420,916,1,4,1,1,1,4.5,1.9,4.5,1.9,2.6
8620,105222,20260704,1918,4,13,1,3,2,12.5,4.3,25.0,8.6,16.4
8621,105223,20260410,1853,1,10,2,3,1,8.0,3.0,8.0,3.0,5.0
8622,105224,20260524,859,2,15,1,2,1,11.0,4.0,11.0,4.0,7.0
8623,105224,20260524,859,2,14,1,2,1,13.5,4.6,13.5,4.6,8.9
8624,105225,20260825,1833,4,15,2,1,1,11.0,4.0,11.0,4.0,7.0
8625,105225,20260825,1833,4,11,2,1,1,10.5,3.8,10.5,3.8,6.7
8626,105225,20260825,1833,4,25,2,1,1,8.5,3.2,8.5,3.2,5.3
8627,105226,20260826,921,2,20,1,2,2,6.5,2.4,13.0,4.8,8.2
8628,105226,20260826,921,2,3,1,2,1,3.8,1.5,3.8,1.5,2.3
8629,105226,20260826,921,2,21,1,2,1,9.0,3.2,9.0,3.2,5.8
8630,105227,20260612,1642,3,25,1,3,2,8.5,3.2,17.0,6.4,10.6
8631,105227,20260612,1642,3,11,1,3,1,10.5,3.8,10.5,3.8,6.7
8632,105227,20260612,1642,3,19,1,3,1,5.5,2.0,5.5,2.0,3.5
8633,105228,20260520,858,1,5,1,2,2,4.8,2.0,9.6,4.0,5.6
8634,105229,20260829,903,3,17,1,1,1,4.5,1.6,4.5,1.6,2.9
8635,105230,20260425,1714,4,24,1,3,2,8.0,3.0,16.0,6.0,10.0
8636,105231,20260530,919,4,4,1,1,1,4.5,1.9,4.5,1.9,2.6
8637,105231,20260530,919,4,6,1,1,1,5.0,2.1,5.0,2.1,2.9
8638,105232,20260621,1614,1,14,2,1,1,13.5,4.6,13.5,4.6,8.9
8639,105232,20260621,1614,1,3,2,1,1,3.8,1.5,3.8,1.5,2.3
8640,105233,20260818,1040,4,7,2,1,2,4.3,1.8,8.6,3.6,5.0
8641,105233,20260818,1040,4,6,2,1,1,5.0,2.1,5.0,2.1,2.9
8642,105234,20260427,1924,2,10,1,3,2,8.0,3.0,16.0,6.0,10.0
8643,105234,20260427,1924,2,15,1,3,1,11.0,4.0,11.0,4.0,7.0
8644,105235,20260815,1810,2,22,4,1,1,9.5,3.6,9.5,3.6,5.9
8645,105235,20260815,1810,2,9,4,1,1,9.0,3.4,9.0,3.4,5.6
8646,105235,20260815,1810,2,1,4,1,1,3.5,1.4,3.5,1.4,2.1
8647,105236,20260618,928,1,23,2,2,1,9.0,3.4,9.0,3.4,5.6
8648,105237,20260905,1745,2,12,1,3,1,12.0,4.2,12.0,4.2,7.8
8649,105237,20260905,1745,2,13,1,3,1,12.5,4.3,12.5,4.3,8.2
8650,105238,20260330,1729,2,14,1,4,1,13.5,4.6,13.5,4.6,8.9
8651,105239,20260419,1556,2,7,2,2,1,4.3,1.8,4.3,1.8,2.5
8652,105239,20260419,1556,2,22,2,2,1,9.5,3.6,9.5,3.6,5.9
8653,105240,20260830,940,2,18,1,2,1,5.0,1.8,5.0,1.8,3.2
8654,105241,20260723,1911,4,24,1,3,1,8.0,3.0,8.0,3.0,5.0
8655,105241,20260723,1911,4,15,1,3,1,11.0,4.0,11.0,4.0,7.0
8656,105241,20260723,1911,4,8,1,3,1,8.5,3.2,8.5,3.2,5.3
8657,105242,20260716,843,2,2,1,2,2,4.0,1.6,8.0,3.2,4.8
8658,105242,20260716,843,2,7,1,2,2,4.3,1.8,8.6,3.6,5.0
8659,105243,20260818,1823,1,9,1,1,1,9.0,3.4,9.0,3.4,5.6
8660,105243,20260818,1823,1,15,1,1,1,11.0,4.0,11.0,4.0,7.0
8661,105244,20260527,1743,1,13,2,3,1,12.5,4.3,12.5,4.3,8.2
8662,105245,20260609,1232,3,7,1,2,1,4.3,1.8,4.3,1.8,2.5
8663,105245,20260609,1232,3,21,1,2,1,9.0,3.2,9.0,3.2,5.8
8664,105246,20260831,1311,1,10,1,1,2,8.0,3.0,16.0,6.0,10.0
8665,105246,20260831,1311,1,12,1,1,1,12.0,4.2,12.0,4.2,7.8
8666,105247,20260414,821,1,3,2,1,1,3.8,1.5,3.8,1.5,2.3
8667,105248,20260329,1630,4,12,1,2,1,12.0,4.2,12.0,4.2,7.8
8668,105248,20260329,1630,4,25,1,2,1,8.5,3.2,8.5,3.2,5.3
8669,105248,20260329,1630,4,10,1,2,1,8.0,3.0,8.0,3.0,5.0
8670,105249,20260620,835,4,21,1,1,1,9.0,3.2,9.0,3.2,5.8
8671,105249,20260620,835,4,1,1,1,1,3.5,1.4,3.5,1.4,2.1
8672,105250,20260320,1009,1,2,4,1,1,4.0,1.6,4.0,1.6,2.4
8673,105250,20260320,1009,1,18,4,1,1,5.0,1.8,5.0,1.8,3.2
8674,105251,20260605,949,2,11,1,1,1,10.5,3.8,10.5,3.8,6.7
8675,105251,20260605,949,2,2,1,1,1,4.0,1.6,4.0,1.6,2.4
8676,105251,20260605,949,2,4,1,1,1,4.5,1.9,4.5,1.9,2.6
8677,105252,20260721,1721,4,6,1,1,1,5.0,2.1,5.0,2.1,2.9
8678,105253,20260506,1910,4,12,1,3,1,12.0,4.2,12.0,4.2,7.8
8679,105253,20260506,1910,4,18,1,3,2,5.0,1.8,10.0,3.6,6.4
8680,105254,20260423,1919,1,8,1,1,1,8.5,3.2,8.5,3.2,5.3
8681,105255,20260615,1638,3,8,1,1,1,8.5,3.2,8.5,3.2,5.3
8682,105256,20260403,1911,2,8,2,4,1,8.5,3.2,8.5,3.2,5.3
8683,105256,20260403,1911,2,22,2,4,2,9.5,3.6,19.0,7.2,11.8
8684,105257,20260629,1819,2,5,2,1,1,4.8,2.0,4.8,2.0,2.8
8685,105257,20260629,1819,2,8,2,1,1,8.5,3.2,8.5,3.2,5.3
8686,105257,20260629,1819,2,7,2,1,1,4.3,1.8,4.3,1.8,2.5
8687,105258,20260811,1717,1,16,3,1,1,11.5,4.1,11.5,4.1,7.4
8688,105259,20260514,1706,1,23,4,1,1,9.0,3.4,9.0,3.4,5.6
8689,105259,20260514,1706,1,13,4,1,1,12.5,4.3,12.5,4.3,8.2
8690,105260,20260704,1907,2,20,1,1,1,6.5,2.4,6.5,2.4,4.1
8691,105261,20260912,1659,1,16,2,4,1,11.5,4.1,11.5,4.1,7.4
8692,105262,20260712,1658,4,23,2,3,2,9.0,3.4,18.0,6.8,11.2
8693,105262,20260712,1658,4,25,2,3,2,8.5,3.2,17.0,6.4,10.6
8694,105262,20260712,1658,4,21,2,3,1,9.0,3.2,9.0,3.2,5.8
8695,105263,20260408,1018,1,17,2,2,1,4.5,1.6,4.5,1.6,2.9
8696,105263,20260408,1018,1,1,2,2,1,3.5,1.4,3.5,1.4,2.1
8697,105264,20260814,1514,3,7,1,2,1,4.3,1.8,4.3,1.8,2.5
8698,105264,20260814,1514,3,5,1,2,1,4.8,2.0,4.8,2.0,2.8
8699,105265,20260909,926,2,7,2,2,1,4.3,1.8,4.3,1.8,2.5
8700,105265,20260909,926,2,21,2,2,1,9.0,3.2,9.0,3.2,5.8
8701,105266,20260827,1722,1,11,1,2,1,10.5,3.8,10.5,3.8,6.7
8702,105267,20260601,1539,4,13,2,1,1,12.5,4.3,12.5,4.3,8.2
8703,105267,20260601,1539,4,21,2,1,1,9.0,3.2,9.0,3.2,5.8
8704,105268,20260415,800,1,4,2,3,1,4.5,1.9,4.5,1.9,2.6
8705,105268,20260415,800,1,21,2,3,1,9.0,3.2,9.0,3.2,5.8
8706,105269,20260321,836,2,1,2,2,2,3.5,1.4,7.0,2.8,4.2
8707,105269,20260321,836,2,4,2,2,1,4.5,1.9,4.5,1.9,2.6
8708,105269,20260321,836,2,19,2,2,2,5.5,2.0,11.0,4.0,7.0
8709,105270,20260810,808,4,4,1,1,1,4.5,1.9,4.5,1.9,2.6
8710,105270,20260810,808,4,19,1,1,2,5.5,2.0,11.0,4.0,7.0
8711,105270,20260810,808,4,18,1,1,2,5.0,1.8,10.0,3.6,6.4
8712,105271,20260427,840,2,4,3,2,1,4.5,1.9,4.5,1.9,2.6
8713,105271,20260427,840,2,4,3,2,1,4.5,1.9,4.5,1.9,2.6
8714,105272,20260402,1557,1,24,1,1,1,8.0,3.0,8.0,3.0,5.0
8715,105273,20260404,859,2,19,2,2,1,5.5,2.0,5.5,2.0,3.5
8716,105273,20260404,859,2,18,2,2,1,5.0,1.8,5.0,1.8,3.2
8717,105274,20260904,1730,4,13,1,4,1,12.5,4.3,12.5,4.3,8.2
8718,105275,20260812,2105,4,11,1,1,2,10.5,3.8,21.0,7.6,13.4
8719,105276,20260728,1801,2,4,2,3,1,4.5,1.9,4.5,1.9,2.6
8720,105277,20260617,2026,4,17,2,2,1,4.5,1.6,4.5,1.6,2.9
8721,105278,20260504,1831,4,12,1,1,1,12.0,4.2,12.0,4.2,7.8
8722,105279,20260318,850,1,4,2,1,2,4.5,1.9,9.0,3.8,5.2
8723,105279,20260318,850,1,25,2,1,1,8.5,3.2,8.5,3.2,5.3
8724,105280,20260731,1827,1,19,1,4,1,5.5,2.0,5.5,2.0,3.5
8725,105280,20260731,1827,1,25,1,4,1,8.5,3.2,8.5,3.2,5.3
8726,105280,20260731,1827,1,9,1,4,1,9.0,3.4,9.0,3.4,5.6
8727,105281,20260809,1857,2,10,3,3,1,8.0,3.0,8.0,3.0,5.0
8728,105282,20260731,1659,1,19,1,4,1,5.5,2.0,5.5,2.0,3.5
8729,105282,20260731,1659,1,14,1,4,1,13.5,4.6,13.5,4.6,8.9
8730,105283,20260719,1017,2,2,1,4,2,4.0,1.6,8.0,3.2,4.8
8731,105283,20260719,1017,2,1,1,4,1,3.5,1.4,3.5,1.4,2.1
8732,105283,20260719,1017,2,12,1,4,1,12.0,4.2,12.0,4.2,7.8
8733,105284,20260429,1721,1,20,1,1,1,6.5,2.4,6.5,2.4,4.1
8734,105284,20260429,1721,1,12,1,1,2,12.0,4.2,24.0,8.4,15.6
8735,105285,20260513,809,1,2,1,4,2,4.0,1.6,8.0,3.2,4.8
8736,105286,20260502,1630,4,20,1,2,1,6.5,2.4,6.5,2.4,4.1
8737,105286,20260502,1630,4,18,1,2,1,5.0,1.8,5.0,1.8,3.2
8738,105287,20260606,2050,3,15,2,2,1,11.0,4.0,11.0,4.0,7.0
8739,105287,20260606,2050,3,4,2,2,1,4.5,1.9,4.5,1.9,2.6
8740,105288,20260422,1443,1,1,2,3,2,3.5,1.4,7.0,2.8,4.2
8741,105289,20260413,823,1,19,1,2,1,5.5,2.0,5.5,2.0,3.5
8742,105289,20260413,823,1,22,1,2,1,9.5,3.6,9.5,3.6,5.9
8743,105290,20260815,1648,1,15,2,4,1,11.0,4.0,11.0,4.0,7.0
8744,105291,20260722,1212,3,10,4,1,1,8.0,3.0,8.0,3.0,5.0
8745,105292,20260721,839,2,1,1,1,1,3.5,1.4,3.5,1.4,2.1
8746,105293,20260726,740,4,13,3,3,1,12.5,4.3,12.5,4.3,8.2
8747,105293,20260726,740,4,21,3,3,1,9.0,3.2,9.0,3.2,5.8
8748,105293,20260726,740,4,19,3,3,1,5.5,2.0,5.5,2.0,3.5
8749,105294,20260502,1829,1,25,4,4,1,8.5,3.2,8.5,3.2,5.3
8750,105295,20260317,1818,2,22,4,4,1,9.5,3.6,9.5,3.6,5.9
8751,105296,20260418,1734,1,9,1,3,1,9.0,3.4,9.0,3.4,5.6
8752,105296,20260418,1734,1,15,1,3,1,11.0,4.0,11.0,4.0,7.0
8753,105297,20260626,946,1,1,1,1,2,3.5,1.4,7.0,2.8,4.2
8754,105297,20260626,946,1,11,1,1,1,10.5,3.8,10.5,3.8,6.7
8755,105298,20260713,1802,2,13,4,4,1,12.5,4.3,12.5,4.3,8.2
8756,105299,20260711,1726,1,9,1,3,2,9.0,3.4,18.0,6.8,11.2
8757,105300,20260429,2104,4,6,1,1,1,5.0,2.1,5.0,2.1,2.9
8758,105301,20260722,1928,3,10,1,1,2,8.0,3.0,16.0,6.0,10.0
8759,105302,20260513,1509,4,11,2,3,1,10.5,3.8,10.5,3.8,6.7
8760,105303,20260603,832,1,22,1,3,1,9.5,3.6,9.5,3.6,5.9
8761,105304,20260903,801,1,16,2,2,1,11.5,4.1,11.5,4.1,7.4
8762,105304,20260903,801,1,6,2,2,1,5.0,2.1,5.0,2.1,2.9
8763,105305,20260530,1912,2,15,1,1,1,11.0,4.0,11.0,4.0,7.0
8764,105305,20260530,1912,2,9,1,1,1,9.0,3.4,9.0,3.4,5.6
8765,105306,20260730,1651,3,15,2,4,1,11.0,4.0,11.0,4.0,7.0
8766,105306,20260730,1651,3,9,2,4,1,9.0,3.4,9.0,3.4,5.6
8767,105307,20260531,1817,1,6,1,3,1,5.0,2.1,5.0,2.1,2.9
8768,105307,20260531,1817,1,8,1,3,1,8.5,3.2,8.5,3.2,5.3
8769,105308,20260802,833,3,1,1,1,1,3.5,1.4,3.5,1.4,2.1
8770,105308,20260802,833,3,3,1,1,1,3.8,1.5,3.8,1.5,2.3
8771,105309,20260424,1703,4,1,1,3,1,3.5,1.4,3.5,1.4,2.1
8772,105309,20260424,1703,4,19,1,3,1,5.5,2.0,5.5,2.0,3.5
8773,105309,20260424,1703,4,14,1,3,1,13.5,4.6,13.5,4.6,8.9
8774,105310,20260819,953,4,25,1,1,1,8.5,3.2,8.5,3.2,5.3
8775,105311,20260613,804,2,6,1,3,1,5.0,2.1,5.0,2.1,2.9
8776,105312,20260614,739,1,3,2,4,1,3.8,1.5,3.8,1.5,2.3
8777,105312,20260614,739,1,14,2,4,2,13.5,4.6,27.0,9.2,17.8
8778,105313,20260514,1130,2,17,1,1,1,4.5,1.6,4.5,1.6,2.9
8779,105313,20260514,1130,2,7,1,1,1,4.3,1.8,4.3,1.8,2.5
8780,105314,20260615,1052,4,20,1,2,1,6.5,2.4,6.5,2.4,4.1
8781,105314,20260615,1052,4,3,1,2,1,3.8,1.5,3.8,1.5,2.3
8782,105314,20260615,1052,4,15,1,2,1,11.0,4.0,11.0,4.0,7.0
8783,105315,20260702,1245,1,18,2,2,2,5.0,1.8,10.0,3.6,6.4
8784,105316,20260412,1819,1,11,1,4,1,10.5,3.8,10.5,3.8,6.7
8785,105316,20260412,1819,1,11,1,4,1,10.5,3.8,10.5,3.8,6.7
8786,105317,20260513,1222,4,20,1,2,2,6.5,2.4,13.0,4.8,8.2
8787,105318,20260502,1751,4,10,1,3,1,8.0,3.0,8.0,3.0,5.0
8788,105319,20260723,1007,4,4,2,1,1,4.5,1.9,4.5,1.9,2.6
8789,105320,20260531,850,4,1,1,2,1,3.5,1.4,3.5,1.4,2.1
8790,105321,20260317,705,3,25,1,1,1,8.5,3.2,8.5,3.2,5.3
8791,105322,20260607,841,4,6,4,3,1,5.0,2.1,5.0,2.1,2.9
8792,105323,20260601,2103,1,20,2,3,1,6.5,2.4,6.5,2.4,4.1
8793,105323,20260601,2103,1,8,2,3,1,8.5,3.2,8.5,3.2,5.3
8794,105324,20260531,1715,3,5,1,4,2,4.8,2.0,9.6,4.0,5.6
8795,105324,20260531,1715,3,20,1,4,1,6.5,2.4,6.5,2.4,4.1
8796,105324,20260531,1715,3,24,1,4,1,8.0,3.0,8.0,3.0,5.0
8797,105325,20260624,1009,2,20,1,1,1,6.5,2.4,6.5,2.4,4.1
8798,105325,20260624,1009,2,3,1,1,1,3.8,1.5,3.8,1.5,2.3
8799,105325,20260624,1009,2,18,1,1,1,5.0,1.8,5.0,1.8,3.2
8800,105326,20260618,1711,1,14,2,1,1,13.5,4.6,13.5,4.6,8.9
8801,105327,20260607,940,4,2,2,2,1,4.0,1.6,4.0,1.6,2.4
8802,105328,20260523,1019,2,2,4,1,2,4.0,1.6,8.0,3.2,4.8
8803,105328,20260523,1019,2,7,4,1,1,4.3,1.8,4.3,1.8,2.5
8804,105328,20260523,1019,2,6,4,1,1,5.0,2.1,5.0,2.1,2.9
8805,105329,20260605,1006,4,7,2,1,1,4.3,1.8,4.3,1.8,2.5
8806,105330,20260910,1636,2,10,2,4,1,8.0,3.0,8.0,3.0,5.0
8807,105330,20260910,1636,2,5,2,4,1,4.8,2.0,4.8,2.0,2.8
8808,105331,20260729,751,2,3,1,1,1,3.8,1.5,3.8,1.5,2.3
8809,105332,20260621,811,3,3,1,4,1,3.8,1.5,3.8,1.5,2.3
8810,105333,20260502,2013,4,21,1,1,1,9.0,3.2,9.0,3.2,5.8
8811,105333,20260502,2013,4,15,1,1,1,11.0,4.0,11.0,4.0,7.0
8812,105334,20260907,1906,1,5,1,4,1,4.8,2.0,4.8,2.0,2.8
8813,105334,20260907,1906,1,13,1,4,2,12.5,4.3,25.0,8.6,16.4
8814,105335,20260604,1758,3,16,1,1,1,11.5,4.1,11.5,4.1,7.4
8815,105336,20260629,1621,3,17,2,2,1,4.5,1.6,4.5,1.6,2.9
8816,105336,20260629,1621,3,5,2,2,1,4.8,2.0,4.8,2.0,2.8
8817,105336,20260629,1621,3,6,2,2,2,5.0,2.1,10.0,4.2,5.8
8818,105337,20260414,1423,3,6,1,4,1,5.0,2.1,5.0,2.1,2.9
8819,105338,20260730,1013,2,20,2,1,1,6.5,2.4,6.5,2.4,4.1
8820,105338,20260730,1013,2,20,2,1,2,6.5,2.4,13.0,4.8,8.2
8821,105338,20260730,1013,2,6,2,1,1,5.0,2.1,5.0,2.1,2.9
8822,105339,20260804,819,4,17,1,1,2,4.5,1.6,9.0,3.2,5.8
8823,105340,20260430,1835,1,1,2,1,1,3.5,1.4,3.5,1.4,2.1
8824,105340,20260430,1835,1,9,2,1,1,9.0,3.4,9.0,3.4,5.6
8825,105341,20260815,1401,1,5,3,2,2,4.8,2.0,9.6,4.0,5.6
8826,105341,20260815,1401,1,1,3,2,1,3.5,1.4,3.5,1.4,2.1
8827,105342,20260322,1355,3,6,2,1,1,5.0,2.1,5.0,2.1,2.9
8828,105342,20260322,1355,3,19,2,1,1,5.5,2.0,5.5,2.0,3.5
8829,105343,20260522,1503,4,10,4,2,2,8.0,3.0,16.0,6.0,10.0
8830,105344,20260519,1905,4,8,1,1,1,8.5,3.2,8.5,3.2,5.3
8831,105345,20260725,1714,4,24,1,3,1,8.0,3.0,8.0,3.0,5.0
8832,105346,20260820,1908,2,4,1,1,1,4.5,1.9,4.5,1.9,2.6
8833,105347,20260827,1926,4,13,1,2,1,12.5,4.3,12.5,4.3,8.2
8834,105347,20260827,1926,4,13,1,2,2,12.5,4.3,25.0,8.6,16.4
8835,105347,20260827,1926,4,21,1,2,1,9.0,3.2,9.0,3.2,5.8
8836,105348,20260823,928,1,4,1,2,1,4.5,1.9,4.5,1.9,2.6
8837,105349,20260505,1220,1,3,1,2,1,3.8,1.5,3.8,1.5,2.3
8838,105349,20260505,1220,1,3,1,2,1,3.8,1.5,3.8,1.5,2.3
8839,105349,20260505,1220,1,1,1,2,1,3.5,1.4,3.5,1.4,2.1
8840,105350,20260416,1724,2,12,4,3,1,12.0,4.2,12.0,4.2,7.8
8841,105351,20260819,1356,2,15,1,1,1,11.0,4.0,11.0,4.0,7.0
8842,105352,20260825,1002,3,7,1,1,1,4.3,1.8,4.3,1.8,2.5
8843,105353,20260825,1201,3,3,1,1,1,3.8,1.5,3.8,1.5,2.3
8844,105353,20260825,1201,3,24,1,1,1,8.0,3.0,8.0,3.0,5.0
8845,105353,20260825,1201,3,22,1,1,1,9.5,3.6,9.5,3.6,5.9
8846,105354,20260728,848,2,2,4,1,1,4.0,1.6,4.0,1.6,2.4
8847,105355,20260601,1700,4,12,1,3,2,12.0,4.2,24.0,8.4,15.6
8848,105355,20260601,1700,4,15,1,3,1,11.0,4.0,11.0,4.0,7.0
8849,105356,20260807,1939,2,12,2,1,1,12.0,4.2,12.0,4.2,7.8
8850,105357,20260412,1329,4,16,1,3,2,11.5,4.1,23.0,8.2,14.8
8851,105358,20260710,1921,2,17,3,1,1,4.5,1.6,4.5,1.6,2.9
8852,105359,20260821,2033,2,16,4,1,1,11.5,4.1,11.5,4.1,7.4
8853,105360,20260609,1214,3,1,1,1,2,3.5,1.4,7.0,2.8,4.2
8854,105360,20260609,1214,3,21,1,1,1,9.0,3.2,9.0,3.2,5.8
8855,105361,20260618,806,2,11,1,2,1,10.5,3.8,10.5,3.8,6.7
8856,105361,20260618,806,2,18,1,2,1,5.0,1.8,5.0,1.8,3.2
8857,105362,20260623,904,4,6,1,1,1,5.0,2.1,5.0,2.1,2.9
8858,105363,20260716,1809,3,9,1,2,1,9.0,3.4,9.0,3.4,5.6
8859,105363,20260716,1809,3,9,1,2,1,9.0,3.4,9.0,3.4,5.6
8860,105363,20260716,1809,3,13,1,2,1,12.5,4.3,12.5,4.3,8.2
8861,105364,20260402,956,4,6,3,3,1,5.0,2.1,5.0,2.1,2.9
8862,105364,20260402,956,4,19,3,3,1,5.5,2.0,5.5,2.0,3.5
8863,105365,20260702,1309,3,19,4,3,1,5.5,2.0,5.5,2.0,3.5
8864,105365,20260702,1309,3,3,4,3,1,3.8,1.5,3.8,1.5,2.3
8865,105366,20260820,1756,1,10,2,1,1,8.0,3.0,8.0,3.0,5.0
8866,105367,20260403,907,3,21,1,1,1,9.0,3.2,9.0,3.2,5.8
8867,105368,20260717,2100,4,15,1,1,1,11.0,4.0,11.0,4.0,7.0
8868,105368,20260717,2100,4,9,1,1,1,9.0,3.4,9.0,3.4,5.6
8869,105369,20260615,723,3,16,1,1,1,11.5,4.1,11.5,4.1,7.4
8870,105369,20260615,723,3,17,1,1,1,4.5,1.6,4.5,1.6,2.9
8871,105370,20260708,1031,2,3,1,1,1,3.8,1.5,3.8,1.5,2.3
8872,105370,20260708,1031,2,3,1,1,1,3.8,1.5,3.8,1.5,2.3
8873,105371,20260810,1706,2,15,2,3,1,11.0,4.0,11.0,4.0,7.0
8874,105372,20260316,841,2,17,1,4,1,4.5,1.6,4.5,1.6,2.9
8875,105373,20260606,1248,4,25,1,1,1,8.5,3.2,8.5,3.2,5.3
8876,105374,20260316,1709,3,16,3,2,1,11.5,4.1,11.5,4.1,7.4
8877,105374,20260316,1709,3,24,3,2,1,8.0,3.0,8.0,3.0,5.0
8878,105375,20260824,813,2,19,1,4,1,5.5,2.0,5.5,2.0,3.5
8879,105376,20260319,1855,4,14,4,3,1,13.5,4.6,13.5,4.6,8.9
8880,105377,20260720,1356,1,7,2,1,1,4.3,1.8,4.3,1.8,2.5
8881,105378,20260508,1001,1,5,4,1,2,4.8,2.0,9.6,4.0,5.6
8882,105379,20260325,1919,2,14,1,1,1,13.5,4.6,13.5,4.6,8.9
8883,105380,20260423,845,2,14,2,1,1,13.5,4.6,13.5,4.6,8.9
8884,105381,20260724,1618,2,18,2,1,1,5.0,1.8,5.0,1.8,3.2
8885,105381,20260724,1618,2,11,2,1,1,10.5,3.8,10.5,3.8,6.7
8886,105382,20260905,1326,3,21,2,1,1,9.0,3.2,9.0,3.2,5.8
8887,105383,20260822,941,2,25,2,1,1,8.5,3.2,8.5,3.2,5.3
8888,105383,20260822,941,2,4,2,1,1,4.5,1.9,4.5,1.9,2.6
8889,105383,20260822,941,2,2,2,1,1,4.0,1.6,4.0,1.6,2.4
8890,105384,20260711,1739,2,17,1,4,1,4.5,1.6,4.5,1.6,2.9
8891,105384,20260711,1739,2,18,1,4,1,5.0,1.8,5.0,1.8,3.2
8892,105384,20260711,1739,2,1,1,4,1,3.5,1.4,3.5,1.4,2.1
8893,105385,20260910,959,1,17,1,1,1,4.5,1.6,4.5,1.6,2.9
8894,105386,20260911,1721,2,12,1,3,1,12.0,4.2,12.0,4.2,7.8
8895,105387,20260616,809,1,16,1,1,1,11.5,4.1,11.5,4.1,7.4
8896,105388,20260612,1929,3,4,1,1,1,4.5,1.9,4.5,1.9,2.6
8897,105389,20260810,841,2,3,2,2,1,3.8,1.5,3.8,1.5,2.3
8898,105389,20260810,841,2,21,2,2,1,9.0,3.2,9.0,3.2,5.8
8899,105389,20260810,841,2,3,2,2,1,3.8,1.5,3.8,1.5,2.3
8900,105390,20260818,1730,4,6,2,3,1,5.0,2.1,5.0,2.1,2.9
8901,105391,20260704,1010,1,25,1,1,1,8.5,3.2,8.5,3.2,5.3
8902,105392,20260503,1732,4,13,1,2,1,12.5,4.3,12.5,4.3,8.2
8903,105393,20260914,1226,4,23,1,1,1,9.0,3.4,9.0,3.4,5.6
8904,105393,20260914,1226,4,10,1,1,1,8.0,3.0,8.0,3.0,5.0
8905,105393,20260914,1226,4,24,1,1,1,8.0,3.0,8.0,3.0,5.0
8906,105394,20260730,831,2,16,1,2,1,11.5,4.1,11.5,4.1,7.4
8907,105395,20260416,1917,2,1,1,3,1,3.5,1.4,3.5,1.4,2.1
8908,105395,20260416,1917,2,11,1,3,1,10.5,3.8,10.5,3.8,6.7
8909,105396,20260502,1645,4,8,1,3,1,8.5,3.2,8.5,3.2,5.3
8910,105396,20260502,1645,4,15,1,3,2,11.0,4.0,22.0,8.0,14.0
8911,105396,20260502,1645,4,4,1,3,1,4.5,1.9,4.5,1.9,2.6
8912,105397,20260430,1949,3,2,3,1,1,4.0,1.6,4.0,1.6,2.4
8913,105397,20260430,1949,3,10,3,1,1,8.0,3.0,8.0,3.0,5.0
8914,105398,20260315,1734,1,19,1,1,2,5.5,2.0,11.0,4.0,7.0
8915,105399,20260717,1717,1,15,1,3,1,11.0,4.0,11.0,4.0,7.0
8916,105400,20260506,1308,1,1,1,2,1,3.5,1.4,3.5,1.4,2.1
8917,105400,20260506,1308,1,4,1,2,1,4.5,1.9,4.5,1.9,2.6
8918,105401,20260331,1711,4,9,2,3,1,9.0,3.4,9.0,3.4,5.6
8919,105401,20260331,1711,4,14,2,3,1,13.5,4.6,13.5,4.6,8.9
8920,105401,20260331,1711,4,11,2,3,1,10.5,3.8,10.5,3.8,6.7
8921,105402,20260905,839,4,8,2,1,1,8.5,3.2,8.5,3.2,5.3
8922,105402,20260905,839,4,2,2,1,1,4.0,1.6,4.0,1.6,2.4
8923,105402,20260905,839,4,13,2,1,1,12.5,4.3,12.5,4.3,8.2
8924,105403,20260629,819,3,1,1,3,1,3.5,1.4,3.5,1.4,2.1
8925,105404,20260603,957,3,24,1,1,2,8.0,3.0,16.0,6.0,10.0
8926,105404,20260603,957,3,4,1,1,1,4.5,1.9,4.5,1.9,2.6
8927,105405,20260320,1001,2,7,2,2,1,4.3,1.8,4.3,1.8,2.5
8928,105406,20260830,1913,2,11,1,3,1,10.5,3.8,10.5,3.8,6.7
8929,105407,20260606,1322,3,8,1,1,1,8.5,3.2,8.5,3.2,5.3
8930,105408,20260525,1118,3,10,1,1,1,8.0,3.0,8.0,3.0,5.0
8931,105409,20260406,1446,4,2,1,1,1,4.0,1.6,4.0,1.6,2.4
8932,105409,20260406,1446,4,12,1,1,1,12.0,4.2,12.0,4.2,7.8
8933,105410,20260830,923,1,1,2,3,1,3.5,1.4,3.5,1.4,2.1
8934,105411,20260514,1719,3,16,1,1,1,11.5,4.1,11.5,4.1,7.4
8935,105412,20260907,1301,3,4,1,2,1,4.5,1.9,4.5,1.9,2.6
8936,105412,20260907,1301,3,17,1,2,1,4.5,1.6,4.5,1.6,2.9
8937,105412,20260907,1301,3,2,1,2,1,4.0,1.6,4.0,1.6,2.4
8938,105413,20260329,1649,3,8,1,1,1,8.5,3.2,8.5,3.2,5.3
8939,105413,20260329,1649,3,9,1,1,1,9.0,3.4,9.0,3.4,5.6
8940,105414,20260612,1830,4,25,2,4,1,8.5,3.2,8.5,3.2,5.3
8941,105414,20260612,1830,4,15,2,4,2,11.0,4.0,22.0,8.0,14.0
8942,105414,20260612,1830,4,11,2,4,2,10.5,3.8,21.0,7.6,13.4
8943,105415,20260705,1652,2,7,1,1,2,4.3,1.8,8.6,3.6,5.0
8944,105415,20260705,1652,2,16,1,1,1,11.5,4.1,11.5,4.1,7.4
8945,105416,20260518,1659,3,20,1,4,1,6.5,2.4,6.5,2.4,4.1
8946,105416,20260518,1659,3,8,1,4,1,8.5,3.2,8.5,3.2,5.3
8947,105416,20260518,1659,3,2,1,4,1,4.0,1.6,4.0,1.6,2.4
8948,105417,20260816,831,3,1,1,3,1,3.5,1.4,3.5,1.4,2.1
8949,105418,20260904,1738,1,15,1,1,1,11.0,4.0,11.0,4.0,7.0
8950,105418,20260904,1738,1,22,1,1,1,9.5,3.6,9.5,3.6,5.9
8951,105419,20260809,1712,2,13,2,3,1,12.5,4.3,12.5,4.3,8.2
8952,105420,20260521,849,1,4,2,1,1,4.5,1.9,4.5,1.9,2.6
8953,105420,20260521,849,1,21,2,1,1,9.0,3.2,9.0,3.2,5.8
8954,105420,20260521,849,1,17,2,1,1,4.5,1.6,4.5,1.6,2.9
8955,105421,20260509,1819,4,14,3,1,1,13.5,4.6,13.5,4.6,8.9
8956,105422,20260625,1903,2,6,1,1,1,5.0,2.1,5.0,2.1,2.9
8957,105423,20260623,737,4,20,1,2,1,6.5,2.4,6.5,2.4,4.1
8958,105423,20260623,737,4,18,1,2,1,5.0,1.8,5.0,1.8,3.2
8959,105424,20260725,1801,2,9,2,3,1,9.0,3.4,9.0,3.4,5.6
8960,105425,20260811,914,3,5,4,3,2,4.8,2.0,9.6,4.0,5.6
8961,105426,20260410,1446,4,12,3,1,1,12.0,4.2,12.0,4.2,7.8
8962,105427,20260420,1745,2,2,2,2,1,4.0,1.6,4.0,1.6,2.4
8963,105427,20260420,1745,2,13,2,2,1,12.5,4.3,12.5,4.3,8.2
8964,105427,20260420,1745,2,20,2,2,1,6.5,2.4,6.5,2.4,4.1
8965,105428,20260610,1028,3,4,1,3,1,4.5,1.9,4.5,1.9,2.6
8966,105428,20260610,1028,3,9,1,3,2,9.0,3.4,18.0,6.8,11.2
8967,105429,20260807,1149,3,4,1,1,1,4.5,1.9,4.5,1.9,2.6
8968,105429,20260807,1149,3,22,1,1,1,9.5,3.6,9.5,3.6,5.9
8969,105430,20260606,1728,3,6,2,3,1,5.0,2.1,5.0,2.1,2.9
8970,105431,20260731,1702,1,20,1,3,1,6.5,2.4,6.5,2.4,4.1
8971,105432,20260424,1239,3,20,1,3,1,6.5,2.4,6.5,2.4,4.1
8972,105432,20260424,1239,3,18,1,3,1,5.0,1.8,5.0,1.8,3.2
8973,105433,20260619,814,4,3,1,1,1,3.8,1.5,3.8,1.5,2.3
8974,105434,20260804,1012,4,2,1,3,1,4.0,1.6,4.0,1.6,2.4
8975,105434,20260804,1012,4,15,1,3,1,11.0,4.0,11.0,4.0,7.0
8976,105435,20260530,1252,1,24,1,1,1,8.0,3.0,8.0,3.0,5.0
8977,105436,20260822,2012,2,8,2,1,1,8.5,3.2,8.5,3.2,5.3
8978,105436,20260822,2012,2,10,2,1,1,8.0,3.0,8.0,3.0,5.0
8979,105436,20260822,2012,2,14,2,1,1,13.5,4.6,13.5,4.6,8.9
8980,105437,20260819,1845,3,15,2,1,1,11.0,4.0,11.0,4.0,7.0
8981,105437,20260819,1845,3,3,2,1,2,3.8,1.5,7.6,3.0,4.6
8982,105437,20260819,1845,3,17,2,1,1,4.5,1.6,4.5,1.6,2.9
8983,105438,20260329,907,1,18,2,2,1,5.0,1.8,5.0,1.8,3.2
8984,105439,20260810,1301,1,8,1,1,1,8.5,3.2,8.5,3.2,5.3
8985,105440,20260806,953,2,17,2,2,1,4.5,1.6,4.5,1.6,2.9
8986,105440,20260806,953,2,5,2,2,1,4.8,2.0,4.8,2.0,2.8
8987,105441,20260726,1742,2,16,1,3,1,11.5,4.1,11.5,4.1,7.4
8988,105441,20260726,1742,2,4,1,3,1,4.5,1.9,4.5,1.9,2.6
8989,105442,20260527,1912,3,16,3,4,1,11.5,4.1,11.5,4.1,7.4
8990,105443,20260317,1845,1,11,1,2,1,10.5,3.8,10.5,3.8,6.7
8991,105443,20260317,1845,1,11,1,2,2,10.5,3.8,21.0,7.6,13.4
8992,105444,20260530,2028,3,7,1,2,2,4.3,1.8,8.6,3.6,5.0
8993,105445,20260820,1846,1,2,1,2,2,4.0,1.6,8.0,3.2,4.8
8994,105445,20260820,1846,1,8,1,2,1,8.5,3.2,8.5,3.2,5.3
8995,105446,20260819,1702,1,12,1,3,1,12.0,4.2,12.0,4.2,7.8
8996,105447,20260428,706,1,3,2,1,1,3.8,1.5,3.8,1.5,2.3
8997,105448,20260814,1939,2,25,1,1,1,8.5,3.2,8.5,3.2,5.3
8998,105449,20260814,951,4,12,2,1,1,12.0,4.2,12.0,4.2,7.8
8999,105449,20260814,951,4,18,2,1,1,5.0,1.8,5.0,1.8,3.2
9000,105450,20260719,1235,4,25,1,4,1,8.5,3.2,8.5,3.2,5.3
9001,105450,20260719,1235,4,11,1,4,1,10.5,3.8,10.5,3.8,6.7
9002,105451,20260413,1135,2,22,1,1,1,9.5,3.6,9.5,3.6,5.9
9003,105451,20260413,1135,2,10,1,1,1,8.0,3.0,8.0,3.0,5.0
9004,105452,20260530,1649,4,10,1,1,1,8.0,3.0,8.0,3.0,5.0
9005,105452,20260530,1649,4,14,1,1,1,13.5,4.6,13.5,4.6,8.9
9006,105452,20260530,1649,4,9,1,1,1,9.0,3.4,9.0,3.4,5.6
9007,105453,20260907,1910,3,6,4,3,1,5.0,2.1,5.0,2.1,2.9
9008,105453,20260907,1910,3,16,4,3,1,11.5,4.1,11.5,4.1,7.4
9009,105454,20260827,1840,2,13,2,3,2,12.5,4.3,25.0,8.6,16.4
9010,105455,20260601,2054,1,12,1,1,1,12.0,4.2,12.0,4.2,7.8
9011,105456,20260429,1714,2,16,1,4,1,11.5,4.1,11.5,4.1,7.4
9012,105456,20260429,1714,2,21,1,4,1,9.0,3.2,9.0,3.2,5.8
9013,105457,20260613,1729,3,11,1,2,1,10.5,3.8,10.5,3.8,6.7
9014,105457,20260613,1729,3,7,1,2,1,4.3,1.8,4.3,1.8,2.5
9015,105458,20260404,852,1,4,1,2,1,4.5,1.9,4.5,1.9,2.6
9016,105459,20260430,1757,4,15,1,1,1,11.0,4.0,11.0,4.0,7.0
9017,105460,20260430,839,2,18,1,3,1,5.0,1.8,5.0,1.8,3.2
9018,105461,20260409,1853,4,8,2,1,1,8.5,3.2,8.5,3.2,5.3
9019,105461,20260409,1853,4,9,2,1,1,9.0,3.4,9.0,3.4,5.6
9020,105461,20260409,1853,4,17,2,1,1,4.5,1.6,4.5,1.6,2.9
9021,105462,20260820,1812,4,6,1,2,1,5.0,2.1,5.0,2.1,2.9
9022,105463,20260822,831,3,21,1,1,1,9.0,3.2,9.0,3.2,5.8
9023,105463,20260822,831,3,15,1,1,1,11.0,4.0,11.0,4.0,7.0
9024,105464,20260404,1707,2,15,1,1,1,11.0,4.0,11.0,4.0,7.0
9025,105464,20260404,1707,2,8,1,1,1,8.5,3.2,8.5,3.2,5.3
9026,105465,20260501,1909,2,13,1,1,1,12.5,4.3,12.5,4.3,8.2
9027,105465,20260501,1909,2,16,1,1,1,11.5,4.1,11.5,4.1,7.4
9028,105466,20260706,1138,4,12,4,2,1,12.0,4.2,12.0,4.2,7.8
9029,105467,20260801,933,4,18,1,1,2,5.0,1.8,10.0,3.6,6.4
9030,105467,20260801,933,4,8,1,1,1,8.5,3.2,8.5,3.2,5.3
9031,105468,20260603,1019,2,2,1,1,1,4.0,1.6,4.0,1.6,2.4
9032,105469,20260504,1825,3,18,2,3,1,5.0,1.8,5.0,1.8,3.2
9033,105469,20260504,1825,3,3,2,3,1,3.8,1.5,3.8,1.5,2.3
9034,105470,20260829,1022,2,15,1,1,2,11.0,4.0,22.0,8.0,14.0
9035,105471,20260906,1623,1,17,1,2,1,4.5,1.6,4.5,1.6,2.9
9036,105472,20260905,1917,1,8,1,1,1,8.5,3.2,8.5,3.2,5.3
9037,105473,20260718,1752,4,3,2,4,1,3.8,1.5,3.8,1.5,2.3
9038,105474,20260801,1635,1,13,2,4,2,12.5,4.3,25.0,8.6,16.4
9039,105475,20260508,1509,1,18,1,1,1,5.0,1.8,5.0,1.8,3.2
9040,105476,20260823,1905,1,24,1,3,1,8.0,3.0,8.0,3.0,5.0
9041,105477,20260821,938,2,4,1,1,1,4.5,1.9,4.5,1.9,2.6
9042,105477,20260821,938,2,3,1,1,1,3.8,1.5,3.8,1.5,2.3
9043,105478,20260722,726,2,4,1,3,1,4.5,1.9,4.5,1.9,2.6
9044,105478,20260722,726,2,5,1,3,2,4.8,2.0,9.6,4.0,5.6
9045,105479,20260412,1837,1,13,1,4,1,12.5,4.3,12.5,4.3,8.2
9046,105479,20260412,1837,1,9,1,4,1,9.0,3.4,9.0,3.4,5.6
9047,105480,20260624,1857,1,25,2,4,1,8.5,3.2,8.5,3.2,5.3
9048,105481,20260527,949,3,9,1,2,1,9.0,3.4,9.0,3.4,5.6
9049,105482,20260322,1822,2,11,1,1,1,10.5,3.8,10.5,3.8,6.7
9050,105483,20260911,1736,2,11,1,1,1,10.5,3.8,10.5,3.8,6.7
9051,105483,20260911,1736,2,14,1,1,1,13.5,4.6,13.5,4.6,8.9
9052,105483,20260911,1736,2,6,1,1,1,5.0,2.1,5.0,2.1,2.9
9053,105484,20260810,1106,1,22,3,1,1,9.5,3.6,9.5,3.6,5.9
9054,105484,20260810,1106,1,13,3,1,1,12.5,4.3,12.5,4.3,8.2
9055,105484,20260810,1106,1,22,3,1,1,9.5,3.6,9.5,3.6,5.9
9056,105485,20260623,1045,4,12,1,3,2,12.0,4.2,24.0,8.4,15.6
9057,105486,20260510,839,1,24,1,2,2,8.0,3.0,16.0,6.0,10.0
9058,105486,20260510,839,1,25,1,2,2,8.5,3.2,17.0,6.4,10.6
9059,105486,20260510,839,1,17,1,2,1,4.5,1.6,4.5,1.6,2.9
9060,105487,20260902,1656,3,25,2,3,1,8.5,3.2,8.5,3.2,5.3
9061,105488,20260609,1817,2,23,1,3,1,9.0,3.4,9.0,3.4,5.6
9062,105489,20260527,1642,1,13,3,2,1,12.5,4.3,12.5,4.3,8.2
9063,105490,20260804,812,1,1,1,1,1,3.5,1.4,3.5,1.4,2.1
9064,105490,20260804,812,1,2,1,1,1,4.0,1.6,4.0,1.6,2.4
9065,105491,20260730,1727,1,15,1,1,1,11.0,4.0,11.0,4.0,7.0
9066,105492,20260331,822,2,23,2,3,1,9.0,3.4,9.0,3.4,5.6
9067,105493,20260504,705,2,1,2,2,1,3.5,1.4,3.5,1.4,2.1
9068,105494,20260828,1801,1,3,4,1,1,3.8,1.5,3.8,1.5,2.3
9069,105494,20260828,1801,1,18,4,1,1,5.0,1.8,5.0,1.8,3.2
9070,105495,20260412,1008,4,7,3,1,1,4.3,1.8,4.3,1.8,2.5
9071,105495,20260412,1008,4,7,3,1,2,4.3,1.8,8.6,3.6,5.0
9072,105496,20260504,1722,3,21,1,2,1,9.0,3.2,9.0,3.2,5.8
9073,105497,20260421,1200,3,25,1,2,1,8.5,3.2,8.5,3.2,5.3
9074,105497,20260421,1200,3,12,1,2,1,12.0,4.2,12.0,4.2,7.8
9075,105497,20260421,1200,3,11,1,2,1,10.5,3.8,10.5,3.8,6.7
9076,105498,20260830,1513,2,25,2,2,1,8.5,3.2,8.5,3.2,5.3
9077,105499,20260528,1324,2,18,1,1,2,5.0,1.8,10.0,3.6,6.4
9078,105499,20260528,1324,2,3,1,1,1,3.8,1.5,3.8,1.5,2.3
9079,105499,20260528,1324,2,14,1,1,1,13.5,4.6,13.5,4.6,8.9
9080,105500,20260505,1247,2,12,3,2,1,12.0,4.2,12.0,4.2,7.8
9081,105501,20260418,1309,1,8,2,1,1,8.5,3.2,8.5,3.2,5.3
9082,105502,20260829,1007,3,20,1,1,1,6.5,2.4,6.5,2.4,4.1
9083,105503,20260508,1807,4,9,1,2,1,9.0,3.4,9.0,3.4,5.6
9084,105503,20260508,1807,4,23,1,2,1,9.0,3.4,9.0,3.4,5.6
9085,105504,20260722,1111,2,9,1,2,1,9.0,3.4,9.0,3.4,5.6
9086,105505,20260813,1954,1,21,1,2,1,9.0,3.2,9.0,3.2,5.8
9087,105506,20260913,1515,4,5,1,2,1,4.8,2.0,4.8,2.0,2.8
9088,105506,20260913,1515,4,12,1,2,1,12.0,4.2,12.0,4.2,7.8
9089,105507,20260812,1032,1,22,1,1,2,9.5,3.6,19.0,7.2,11.8
9090,105508,20260501,901,1,19,1,2,1,5.5,2.0,5.5,2.0,3.5
9091,105509,20260612,1122,1,17,1,1,1,4.5,1.6,4.5,1.6,2.9
9092,105510,20260503,1708,2,8,1,3,1,8.5,3.2,8.5,3.2,5.3
9093,105510,20260503,1708,2,11,1,3,2,10.5,3.8,21.0,7.6,13.4
9094,105511,20260612,1901,3,16,2,1,1,11.5,4.1,11.5,4.1,7.4
9095,105512,20260402,1351,2,19,4,2,2,5.5,2.0,11.0,4.0,7.0
9096,105513,20260426,914,4,16,2,2,1,11.5,4.1,11.5,4.1,7.4
9097,105514,20260726,821,1,7,2,4,1,4.3,1.8,4.3,1.8,2.5
9098,105515,20260404,1128,1,6,2,1,1,5.0,2.1,5.0,2.1,2.9
9099,105515,20260404,1128,1,18,2,1,1,5.0,1.8,5.0,1.8,3.2
9100,105516,20260410,815,2,6,2,1,2,5.0,2.1,10.0,4.2,5.8
9101,105516,20260410,815,2,22,2,1,1,9.5,3.6,9.5,3.6,5.9
9102,105517,20260722,1458,2,11,1,2,2,10.5,3.8,21.0,7.6,13.4
9103,105517,20260722,1458,2,3,1,2,1,3.8,1.5,3.8,1.5,2.3
9104,105518,20260622,1810,3,11,3,2,1,10.5,3.8,10.5,3.8,6.7
9105,105519,20260819,1221,2,21,1,4,1,9.0,3.2,9.0,3.2,5.8
9106,105520,20260912,1143,4,20,1,1,2,6.5,2.4,13.0,4.8,8.2
9107,105520,20260912,1143,4,15,1,1,2,11.0,4.0,22.0,8.0,14.0
9108,105521,20260821,1627,4,18,1,1,1,5.0,1.8,5.0,1.8,3.2
9109,105522,20260418,1822,4,14,3,3,1,13.5,4.6,13.5,4.6,8.9
9110,105523,20260611,1702,2,8,1,1,1,8.5,3.2,8.5,3.2,5.3
9111,105524,20260707,1524,1,6,1,1,1,5.0,2.1,5.0,2.1,2.9
9112,105525,20260604,1739,1,1,4,3,1,3.5,1.4,3.5,1.4,2.1
9113,105526,20260829,850,3,20,2,3,2,6.5,2.4,13.0,4.8,8.2
9114,105527,20260626,932,1,19,1,2,2,5.5,2.0,11.0,4.0,7.0
9115,105527,20260626,932,1,2,1,2,2,4.0,1.6,8.0,3.2,4.8
9116,105528,20260604,1853,1,17,2,3,1,4.5,1.6,4.5,1.6,2.9
9117,105529,20260421,851,3,3,1,4,1,3.8,1.5,3.8,1.5,2.3
9118,105530,20260722,1754,1,8,2,3,1,8.5,3.2,8.5,3.2,5.3
9119,105530,20260722,1754,1,5,2,3,1,4.8,2.0,4.8,2.0,2.8
9120,105531,20260802,837,4,21,2,1,1,9.0,3.2,9.0,3.2,5.8
9121,105531,20260802,837,4,3,2,1,1,3.8,1.5,3.8,1.5,2.3
9122,105532,20260908,921,1,6,1,1,1,5.0,2.1,5.0,2.1,2.9
9123,105532,20260908,921,1,5,1,1,2,4.8,2.0,9.6,4.0,5.6
9124,105533,20260515,1909,1,20,1,1,1,6.5,2.4,6.5,2.4,4.1
9125,105534,20260318,1239,4,7,2,1,1,4.3,1.8,4.3,1.8,2.5
9126,105534,20260318,1239,4,15,2,1,1,11.0,4.0,11.0,4.0,7.0
9127,105535,20260330,1758,4,9,2,4,1,9.0,3.4,9.0,3.4,5.6
9128,105535,20260330,1758,4,14,2,4,1,13.5,4.6,13.5,4.6,8.9
9129,105536,20260807,1635,2,8,1,4,1,8.5,3.2,8.5,3.2,5.3
9130,105536,20260807,1635,2,9,1,4,2,9.0,3.4,18.0,6.8,11.2
9131,105537,20260808,1828,3,9,1,3,1,9.0,3.4,9.0,3.4,5.6
9132,105537,20260808,1828,3,14,1,3,1,13.5,4.6,13.5,4.6,8.9
9133,105538,20260323,1925,4,10,1,3,1,8.0,3.0,8.0,3.0,5.0
9134,105538,20260323,1925,4,10,1,3,1,8.0,3.0,8.0,3.0,5.0
9135,105539,20260727,824,2,7,2,1,1,4.3,1.8,4.3,1.8,2.5
9136,105540,20260912,1804,1,4,1,2,2,4.5,1.9,9.0,3.8,5.2
9137,105541,20260327,1951,2,24,2,1,1,8.0,3.0,8.0,3.0,5.0
9138,105541,20260327,1951,2,3,2,1,1,3.8,1.5,3.8,1.5,2.3
9139,105542,20260824,1726,1,13,1,4,1,12.5,4.3,12.5,4.3,8.2
9140,105542,20260824,1726,1,11,1,4,1,10.5,3.8,10.5,3.8,6.7
9141,105543,20260328,1220,1,8,1,2,1,8.5,3.2,8.5,3.2,5.3
9142,105543,20260328,1220,1,6,1,2,2,5.0,2.1,10.0,4.2,5.8
9143,105543,20260328,1220,1,18,1,2,1,5.0,1.8,5.0,1.8,3.2
9144,105544,20260424,1740,3,8,1,3,1,8.5,3.2,8.5,3.2,5.3
9145,105544,20260424,1740,3,10,1,3,1,8.0,3.0,8.0,3.0,5.0
9146,105545,20260719,928,2,14,1,1,1,13.5,4.6,13.5,4.6,8.9
9147,105545,20260719,928,2,2,1,1,1,4.0,1.6,4.0,1.6,2.4
9148,105545,20260719,928,2,19,1,1,1,5.5,2.0,5.5,2.0,3.5
9149,105546,20260509,1740,1,9,3,3,1,9.0,3.4,9.0,3.4,5.6
9150,105547,20260612,1850,4,11,1,4,1,10.5,3.8,10.5,3.8,6.7
9151,105547,20260612,1850,4,8,1,4,1,8.5,3.2,8.5,3.2,5.3
9152,105548,20260817,2013,1,16,2,1,1,11.5,4.1,11.5,4.1,7.4
9153,105549,20260825,1040,3,3,1,2,1,3.8,1.5,3.8,1.5,2.3
9154,105550,20260706,1916,2,15,1,3,1,11.0,4.0,11.0,4.0,7.0
9155,105550,20260706,1916,2,13,1,3,1,12.5,4.3,12.5,4.3,8.2
9156,105551,20260710,908,3,7,1,2,1,4.3,1.8,4.3,1.8,2.5
9157,105551,20260710,908,3,15,1,2,1,11.0,4.0,11.0,4.0,7.0
9158,105552,20260627,814,4,2,1,1,1,4.0,1.6,4.0,1.6,2.4
9159,105552,20260627,814,4,5,1,1,1,4.8,2.0,4.8,2.0,2.8
9160,105553,20260911,1830,1,12,3,1,1,12.0,4.2,12.0,4.2,7.8
9161,105553,20260911,1830,1,22,3,1,1,9.5,3.6,9.5,3.6,5.9
9162,105554,20260617,2142,4,17,2,1,1,4.5,1.6,4.5,1.6,2.9
9163,105555,20260614,801,3,22,1,2,1,9.5,3.6,9.5,3.6,5.9
9164,105556,20260803,1330,4,18,2,1,1,5.0,1.8,5.0,1.8,3.2
9165,105557,20260611,1656,3,9,2,4,1,9.0,3.4,9.0,3.4,5.6
9166,105557,20260611,1656,3,17,2,4,1,4.5,1.6,4.5,1.6,2.9
9167,105558,20260829,943,2,23,1,2,1,9.0,3.4,9.0,3.4,5.6
9168,105559,20260909,1922,3,19,2,3,2,5.5,2.0,11.0,4.0,7.0
9169,105559,20260909,1922,3,14,2,3,1,13.5,4.6,13.5,4.6,8.9
9170,105560,20260512,1429,4,8,2,1,1,8.5,3.2,8.5,3.2,5.3
9171,105560,20260512,1429,4,3,2,1,2,3.8,1.5,7.6,3.0,4.6
9172,105560,20260512,1429,4,5,2,1,1,4.8,2.0,4.8,2.0,2.8
9173,105561,20260909,857,4,21,2,2,2,9.0,3.2,18.0,6.4,11.6
9174,105561,20260909,857,4,6,2,2,2,5.0,2.1,10.0,4.2,5.8
9175,105562,20260527,932,1,25,1,2,1,8.5,3.2,8.5,3.2,5.3
9176,105563,20260509,1817,1,16,2,1,1,11.5,4.1,11.5,4.1,7.4
9177,105564,20260701,840,1,3,2,2,1,3.8,1.5,3.8,1.5,2.3
9178,105565,20260724,1000,2,18,1,2,1,5.0,1.8,5.0,1.8,3.2
9179,105566,20260830,1132,2,22,1,2,2,9.5,3.6,19.0,7.2,11.8
9180,105567,20260609,1727,1,23,1,2,1,9.0,3.4,9.0,3.4,5.6
9181,105568,20260903,1720,2,3,2,4,1,3.8,1.5,3.8,1.5,2.3
9182,105569,20260417,1231,1,18,1,1,1,5.0,1.8,5.0,1.8,3.2
9183,105570,20260420,1140,2,6,1,2,1,5.0,2.1,5.0,2.1,2.9
9184,105571,20260507,1726,1,9,4,1,1,9.0,3.4,9.0,3.4,5.6
9185,105572,20260819,1124,1,12,2,1,1,12.0,4.2,12.0,4.2,7.8
9186,105572,20260819,1124,1,21,2,1,1,9.0,3.2,9.0,3.2,5.8
9187,105573,20260821,1026,2,10,2,2,1,8.0,3.0,8.0,3.0,5.0
9188,105574,20260411,1540,1,2,1,1,1,4.0,1.6,4.0,1.6,2.4
9189,105575,20260513,2147,2,20,2,2,1,6.5,2.4,6.5,2.4,4.1
9190,105575,20260513,2147,2,5,2,2,1,4.8,2.0,4.8,2.0,2.8
9191,105576,20260813,1539,1,15,1,1,1,11.0,4.0,11.0,4.0,7.0
9192,105577,20260601,1021,2,25,2,1,1,8.5,3.2,8.5,3.2,5.3
9193,105577,20260601,1021,2,23,2,1,1,9.0,3.4,9.0,3.4,5.6
9194,105578,20260516,1234,4,1,1,1,1,3.5,1.4,3.5,1.4,2.1
9195,105578,20260516,1234,4,2,1,1,1,4.0,1.6,4.0,1.6,2.4
9196,105578,20260516,1234,4,8,1,1,1,8.5,3.2,8.5,3.2,5.3
9197,105579,20260506,1830,4,1,1,3,1,3.5,1.4,3.5,1.4,2.1
9198,105579,20260506,1830,4,22,1,3,1,9.5,3.6,9.5,3.6,5.9
9199,105580,20260909,831,3,18,1,1,1,5.0,1.8,5.0,1.8,3.2
9200,105580,20260909,831,3,17,1,1,1,4.5,1.6,4.5,1.6,2.9
9201,105581,20260801,1006,2,17,4,4,1,4.5,1.6,4.5,1.6,2.9
9202,105582,20260608,947,3,14,2,3,1,13.5,4.6,13.5,4.6,8.9
9203,105583,20260327,1721,4,3,2,1,1,3.8,1.5,3.8,1.5,2.3
9204,105584,20260712,841,3,7,3,4,1,4.3,1.8,4.3,1.8,2.5
9205,105584,20260712,841,3,17,3,4,2,4.5,1.6,9.0,3.2,5.8
9206,105584,20260712,841,3,24,3,4,1,8.0,3.0,8.0,3.0,5.0
9207,105585,20260728,1413,1,18,1,1,1,5.0,1.8,5.0,1.8,3.2
9208,105585,20260728,1413,1,13,1,1,2,12.5,4.3,25.0,8.6,16.4
9209,105586,20260519,1946,4,6,3,4,1,5.0,2.1,5.0,2.1,2.9
9210,105587,20260517,1104,1,24,1,1,2,8.0,3.0,16.0,6.0,10.0
9211,105587,20260517,1104,1,11,1,1,1,10.5,3.8,10.5,3.8,6.7
9212,105587,20260517,1104,1,17,1,1,1,4.5,1.6,4.5,1.6,2.9
9213,105588,20260414,1012,4,6,2,1,1,5.0,2.1,5.0,2.1,2.9
9214,105588,20260414,1012,4,9,2,1,1,9.0,3.4,9.0,3.4,5.6
9215,105589,20260523,1848,1,12,2,4,1,12.0,4.2,12.0,4.2,7.8
9216,105589,20260523,1848,1,22,2,4,1,9.5,3.6,9.5,3.6,5.9
9217,105590,20260425,1725,1,24,1,4,2,8.0,3.0,16.0,6.0,10.0
9218,105590,20260425,1725,1,3,1,4,1,3.8,1.5,3.8,1.5,2.3
9219,105591,20260406,1739,4,8,2,2,2,8.5,3.2,17.0,6.4,10.6
9220,105591,20260406,1739,4,18,2,2,1,5.0,1.8,5.0,1.8,3.2
9221,105592,20260901,725,4,9,2,1,1,9.0,3.4,9.0,3.4,5.6
9222,105592,20260901,725,4,10,2,1,1,8.0,3.0,8.0,3.0,5.0
9223,105593,20260619,2105,4,21,1,1,1,9.0,3.2,9.0,3.2,5.8
9224,105593,20260619,2105,4,24,1,1,1,8.0,3.0,8.0,3.0,5.0
9225,105594,20260714,1856,4,14,1,4,2,13.5,4.6,27.0,9.2,17.8
9226,105595,20260520,1355,3,7,2,2,1,4.3,1.8,4.3,1.8,2.5
9227,105596,20260428,1744,3,17,3,1,1,4.5,1.6,4.5,1.6,2.9
9228,105597,20260912,1138,1,10,1,1,1,8.0,3.0,8.0,3.0,5.0
9229,105598,20260404,854,2,6,1,1,1,5.0,2.1,5.0,2.1,2.9
9230,105598,20260404,854,2,20,1,1,1,6.5,2.4,6.5,2.4,4.1
9231,105599,20260903,1909,3,12,3,4,1,12.0,4.2,12.0,4.2,7.8
9232,105599,20260903,1909,3,21,3,4,1,9.0,3.2,9.0,3.2,5.8
9233,105600,20260729,1800,4,20,1,3,1,6.5,2.4,6.5,2.4,4.1
9234,105601,20260808,804,1,7,4,2,1,4.3,1.8,4.3,1.8,2.5
9235,105601,20260808,804,1,20,4,2,1,6.5,2.4,6.5,2.4,4.1
9236,105602,20260413,1903,2,17,2,3,2,4.5,1.6,9.0,3.2,5.8
9237,105602,20260413,1903,2,24,2,3,1,8.0,3.0,8.0,3.0,5.0
9238,105603,20260411,1148,2,15,2,2,1,11.0,4.0,11.0,4.0,7.0
9239,105604,20260623,1640,1,9,2,3,1,9.0,3.4,9.0,3.4,5.6
9240,105605,20260420,854,3,19,2,1,1,5.5,2.0,5.5,2.0,3.5
9241,105606,20260411,1710,3,7,2,1,1,4.3,1.8,4.3,1.8,2.5
9242,105607,20260620,1854,4,9,1,1,1,9.0,3.4,9.0,3.4,5.6
9243,105607,20260620,1854,4,10,1,1,1,8.0,3.0,8.0,3.0,5.0
9244,105608,20260717,914,4,21,4,1,1,9.0,3.2,9.0,3.2,5.8
9245,105608,20260717,914,4,18,4,1,2,5.0,1.8,10.0,3.6,6.4
9246,105608,20260717,914,4,7,4,1,1,4.3,1.8,4.3,1.8,2.5
9247,105609,20260625,1736,3,1,1,1,1,3.5,1.4,3.5,1.4,2.1
9248,105609,20260625,1736,3,3,1,1,1,3.8,1.5,3.8,1.5,2.3
9249,105610,20260316,822,3,2,1,3,1,4.0,1.6,4.0,1.6,2.4
9250,105610,20260316,822,3,15,1,3,1,11.0,4.0,11.0,4.0,7.0
9251,105611,20260505,2123,2,18,2,4,1,5.0,1.8,5.0,1.8,3.2
9252,105611,20260505,2123,2,5,2,4,1,4.8,2.0,4.8,2.0,2.8
9253,105611,20260505,2123,2,20,2,4,1,6.5,2.4,6.5,2.4,4.1
9254,105612,20260404,1021,1,25,2,1,2,8.5,3.2,17.0,6.4,10.6
9255,105613,20260504,842,3,3,1,1,1,3.8,1.5,3.8,1.5,2.3
9256,105613,20260504,842,3,3,1,1,1,3.8,1.5,3.8,1.5,2.3
9257,105614,20260501,813,1,13,2,4,1,12.5,4.3,12.5,4.3,8.2
9258,105614,20260501,813,1,5,2,4,1,4.8,2.0,4.8,2.0,2.8
9259,105614,20260501,813,1,3,2,4,1,3.8,1.5,3.8,1.5,2.3
9260,105615,20260614,1730,4,23,4,4,1,9.0,3.4,9.0,3.4,5.6
9261,105616,20260809,1752,2,7,1,1,1,4.3,1.8,4.3,1.8,2.5
9262,105616,20260809,1752,2,5,1,1,1,4.8,2.0,4.8,2.0,2.8
9263,105616,20260809,1752,2,14,1,1,1,13.5,4.6,13.5,4.6,8.9
9264,105617,20260530,934,3,21,3,1,1,9.0,3.2,9.0,3.2,5.8
9265,105617,20260530,934,3,2,3,1,2,4.0,1.6,8.0,3.2,4.8
9266,105618,20260725,853,3,5,4,1,1,4.8,2.0,4.8,2.0,2.8
9267,105619,20260420,906,4,21,1,1,1,9.0,3.2,9.0,3.2,5.8
9268,105619,20260420,906,4,18,1,1,1,5.0,1.8,5.0,1.8,3.2
9269,105620,20260905,1053,4,22,1,2,1,9.5,3.6,9.5,3.6,5.9
9270,105621,20260601,1813,2,14,4,4,1,13.5,4.6,13.5,4.6,8.9
9271,105622,20260426,856,2,7,1,1,1,4.3,1.8,4.3,1.8,2.5
9272,105623,20260618,1624,1,7,1,1,1,4.3,1.8,4.3,1.8,2.5
9273,105623,20260618,1624,1,5,1,1,1,4.8,2.0,4.8,2.0,2.8
9274,105623,20260618,1624,1,10,1,1,1,8.0,3.0,8.0,3.0,5.0
9275,105624,20260521,1418,2,9,2,1,1,9.0,3.4,9.0,3.4,5.6
9276,105624,20260521,1418,2,3,2,1,1,3.8,1.5,3.8,1.5,2.3
9277,105624,20260521,1418,2,1,2,1,1,3.5,1.4,3.5,1.4,2.1
9278,105625,20260606,1123,1,9,1,1,1,9.0,3.4,9.0,3.4,5.6
9279,105625,20260606,1123,1,16,1,1,1,11.5,4.1,11.5,4.1,7.4
9280,105625,20260606,1123,1,2,1,1,1,4.0,1.6,4.0,1.6,2.4
9281,105626,20260520,1815,4,10,1,1,1,8.0,3.0,8.0,3.0,5.0
9282,105626,20260520,1815,4,21,1,1,1,9.0,3.2,9.0,3.2,5.8
9283,105626,20260520,1815,4,6,1,1,1,5.0,2.1,5.0,2.1,2.9
9284,105627,20260412,1328,4,4,2,1,1,4.5,1.9,4.5,1.9,2.6
9285,105628,20260612,1807,4,13,1,2,1,12.5,4.3,12.5,4.3,8.2
9286,105628,20260612,1807,4,6,1,2,1,5.0,2.1,5.0,2.1,2.9
9287,105629,20260331,1910,1,7,2,4,1,4.3,1.8,4.3,1.8,2.5
9288,105629,20260331,1910,1,11,2,4,1,10.5,3.8,10.5,3.8,6.7
9289,105630,20260401,801,3,17,2,2,1,4.5,1.6,4.5,1.6,2.9
9290,105630,20260401,801,3,25,2,2,1,8.5,3.2,8.5,3.2,5.3
9291,105631,20260801,1658,4,10,2,1,1,8.0,3.0,8.0,3.0,5.0
9292,105631,20260801,1658,4,19,2,1,1,5.5,2.0,5.5,2.0,3.5
9293,105632,20260511,1856,2,4,1,2,1,4.5,1.9,4.5,1.9,2.6
9294,105633,20260605,1850,3,10,4,4,1,8.0,3.0,8.0,3.0,5.0
9295,105634,20260510,1833,4,16,1,1,1,11.5,4.1,11.5,4.1,7.4
9296,105634,20260510,1833,4,12,1,1,1,12.0,4.2,12.0,4.2,7.8
9297,105635,20260814,1051,4,8,2,4,1,8.5,3.2,8.5,3.2,5.3
9298,105636,20260818,1631,4,17,4,1,1,4.5,1.6,4.5,1.6,2.9
9299,105636,20260818,1631,4,9,4,1,1,9.0,3.4,9.0,3.4,5.6
9300,105637,20260530,1927,4,16,1,2,1,11.5,4.1,11.5,4.1,7.4
9301,105637,20260530,1927,4,9,1,2,1,9.0,3.4,9.0,3.4,5.6
9302,105638,20260827,805,4,13,1,2,1,12.5,4.3,12.5,4.3,8.2
9303,105639,20260717,956,4,21,2,4,1,9.0,3.2,9.0,3.2,5.8
9304,105640,20260503,1925,3,8,2,4,2,8.5,3.2,17.0,6.4,10.6
9305,105640,20260503,1925,3,13,2,4,1,12.5,4.3,12.5,4.3,8.2
9306,105641,20260731,1019,2,1,4,2,1,3.5,1.4,3.5,1.4,2.1
9307,105641,20260731,1019,2,6,4,2,1,5.0,2.1,5.0,2.1,2.9
9308,105642,20260518,1721,2,11,2,2,1,10.5,3.8,10.5,3.8,6.7
9309,105643,20260319,1259,4,5,2,2,2,4.8,2.0,9.6,4.0,5.6
9310,105643,20260319,1259,4,19,2,2,1,5.5,2.0,5.5,2.0,3.5
9311,105643,20260319,1259,4,16,2,2,1,11.5,4.1,11.5,4.1,7.4
9312,105644,20260714,902,4,5,1,3,1,4.8,2.0,4.8,2.0,2.8
9313,105644,20260714,902,4,11,1,3,1,10.5,3.8,10.5,3.8,6.7
9314,105645,20260318,804,1,5,1,1,1,4.8,2.0,4.8,2.0,2.8
9315,105645,20260318,804,1,25,1,1,1,8.5,3.2,8.5,3.2,5.3
9316,105646,20260521,1026,2,21,1,2,1,9.0,3.2,9.0,3.2,5.8
9317,105647,20260821,800,1,6,1,4,1,5.0,2.1,5.0,2.1,2.9
9318,105648,20260626,1015,3,2,2,1,1,4.0,1.6,4.0,1.6,2.4
9319,105648,20260626,1015,3,14,2,1,1,13.5,4.6,13.5,4.6,8.9
9320,105649,20260818,1543,4,19,3,3,1,5.5,2.0,5.5,2.0,3.5
9321,105649,20260818,1543,4,17,3,3,1,4.5,1.6,4.5,1.6,2.9
9322,105649,20260818,1543,4,10,3,3,1,8.0,3.0,8.0,3.0,5.0
9323,105650,20260602,1943,4,11,1,1,1,10.5,3.8,10.5,3.8,6.7
9324,105650,20260602,1943,4,20,1,1,1,6.5,2.4,6.5,2.4,4.1
9325,105651,20260410,946,2,3,1,1,1,3.8,1.5,3.8,1.5,2.3
9326,105652,20260401,1647,4,7,3,3,1,4.3,1.8,4.3,1.8,2.5
9327,105653,20260620,931,4,7,4,3,1,4.3,1.8,4.3,1.8,2.5
9328,105654,20260618,1352,2,13,2,1,1,12.5,4.3,12.5,4.3,8.2
9329,105654,20260618,1352,2,4,2,1,1,4.5,1.9,4.5,1.9,2.6
9330,105655,20260627,1745,4,3,1,1,1,3.8,1.5,3.8,1.5,2.3
9331,105656,20260509,1038,2,19,2,2,2,5.5,2.0,11.0,4.0,7.0
9332,105657,20260910,1727,2,14,1,4,1,13.5,4.6,13.5,4.6,8.9
9333,105658,20260407,1551,1,11,2,1,1,10.5,3.8,10.5,3.8,6.7
9334,105659,20260722,1813,2,8,1,3,1,8.5,3.2,8.5,3.2,5.3
9335,105659,20260722,1813,2,13,1,3,1,12.5,4.3,12.5,4.3,8.2
9336,105660,20260529,910,3,4,1,1,1,4.5,1.9,4.5,1.9,2.6
9337,105661,20260904,1839,2,12,1,1,1,12.0,4.2,12.0,4.2,7.8
9338,105661,20260904,1839,2,14,1,1,1,13.5,4.6,13.5,4.6,8.9
9339,105662,20260514,1749,1,11,4,4,1,10.5,3.8,10.5,3.8,6.7
9340,105663,20260531,1807,2,10,2,4,1,8.0,3.0,8.0,3.0,5.0
9341,105664,20260801,1111,4,12,1,2,1,12.0,4.2,12.0,4.2,7.8
9342,105665,20260820,854,4,19,2,3,1,5.5,2.0,5.5,2.0,3.5
9343,105666,20260402,1637,4,15,1,1,1,11.0,4.0,11.0,4.0,7.0
9344,105666,20260402,1637,4,3,1,1,1,3.8,1.5,3.8,1.5,2.3
9345,105667,20260715,809,4,7,1,3,1,4.3,1.8,4.3,1.8,2.5
9346,105667,20260715,809,4,21,1,3,1,9.0,3.2,9.0,3.2,5.8
9347,105668,20260807,2133,3,16,1,1,1,11.5,4.1,11.5,4.1,7.4
9348,105669,20260602,1800,4,14,1,2,1,13.5,4.6,13.5,4.6,8.9
9349,105669,20260602,1800,4,11,1,2,1,10.5,3.8,10.5,3.8,6.7
9350,105670,20260512,1823,1,22,1,3,1,9.5,3.6,9.5,3.6,5.9
9351,105671,20260715,1933,3,18,1,1,1,5.0,1.8,5.0,1.8,3.2
9352,105672,20260819,1433,1,16,3,1,1,11.5,4.1,11.5,4.1,7.4
9353,105673,20260512,1155,2,9,2,1,1,9.0,3.4,9.0,3.4,5.6
9354,105674,20260606,906,3,21,2,1,1,9.0,3.2,9.0,3.2,5.8
9355,105674,20260606,906,3,4,2,1,1,4.5,1.9,4.5,1.9,2.6
9356,105674,20260606,906,3,20,2,1,2,6.5,2.4,13.0,4.8,8.2
9357,105675,20260418,1857,3,9,1,3,1,9.0,3.4,9.0,3.4,5.6
9358,105676,20260816,1637,3,9,2,3,1,9.0,3.4,9.0,3.4,5.6
9359,105676,20260816,1637,3,15,2,3,1,11.0,4.0,11.0,4.0,7.0
9360,105676,20260816,1637,3,1,2,3,1,3.5,1.4,3.5,1.4,2.1
9361,105677,20260509,1831,3,4,1,2,1,4.5,1.9,4.5,1.9,2.6
9362,105678,20260831,1722,2,13,1,3,1,12.5,4.3,12.5,4.3,8.2
9363,105679,20260909,1923,1,8,2,3,2,8.5,3.2,17.0,6.4,10.6
9364,105679,20260909,1923,1,16,2,3,1,11.5,4.1,11.5,4.1,7.4
9365,105680,20260629,1749,2,14,2,4,1,13.5,4.6,13.5,4.6,8.9
9366,105681,20260712,1853,2,4,2,3,1,4.5,1.9,4.5,1.9,2.6
9367,105681,20260712,1853,2,8,2,3,1,8.5,3.2,8.5,3.2,5.3
9368,105682,20260424,1701,4,12,1,3,1,12.0,4.2,12.0,4.2,7.8
9369,105683,20260331,917,2,9,1,1,1,9.0,3.4,9.0,3.4,5.6
9370,105683,20260331,917,2,4,1,1,1,4.5,1.9,4.5,1.9,2.6
9371,105684,20260321,833,1,1,4,2,1,3.5,1.4,3.5,1.4,2.1
9372,105684,20260321,833,1,23,4,2,1,9.0,3.4,9.0,3.4,5.6
9373,105685,20260402,1858,3,12,2,4,1,12.0,4.2,12.0,4.2,7.8
9374,105686,20260726,838,2,1,1,2,1,3.5,1.4,3.5,1.4,2.1
9375,105687,20260415,1806,3,10,4,1,1,8.0,3.0,8.0,3.0,5.0
9376,105687,20260415,1806,3,13,4,1,1,12.5,4.3,12.5,4.3,8.2
9377,105687,20260415,1806,3,8,4,1,1,8.5,3.2,8.5,3.2,5.3
9378,105688,20260824,1028,2,17,1,1,1,4.5,1.6,4.5,1.6,2.9
9379,105688,20260824,1028,2,18,1,1,2,5.0,1.8,10.0,3.6,6.4
9380,105689,20260909,1840,3,24,1,3,1,8.0,3.0,8.0,3.0,5.0
9381,105689,20260909,1840,3,14,1,3,1,13.5,4.6,13.5,4.6,8.9
9382,105690,20260811,1554,2,20,4,1,1,6.5,2.4,6.5,2.4,4.1
9383,105691,20260617,1450,3,25,1,1,1,8.5,3.2,8.5,3.2,5.3
9384,105691,20260617,1450,3,3,1,1,1,3.8,1.5,3.8,1.5,2.3
9385,105691,20260617,1450,3,19,1,1,1,5.5,2.0,5.5,2.0,3.5
9386,105692,20260430,1811,4,14,3,3,1,13.5,4.6,13.5,4.6,8.9
9387,105692,20260430,1811,4,4,3,3,1,4.5,1.9,4.5,1.9,2.6
9388,105692,20260430,1811,4,17,3,3,1,4.5,1.6,4.5,1.6,2.9
9389,105693,20260412,1953,4,1,1,2,1,3.5,1.4,3.5,1.4,2.1
9390,105694,20260826,1903,3,7,2,4,1,4.3,1.8,4.3,1.8,2.5
9391,105694,20260826,1903,3,23,2,4,2,9.0,3.4,18.0,6.8,11.2
9392,105695,20260906,1132,2,24,4,1,1,8.0,3.0,8.0,3.0,5.0
9393,105696,20260418,839,1,21,2,4,1,9.0,3.2,9.0,3.2,5.8
9394,105696,20260418,839,1,14,2,4,1,13.5,4.6,13.5,4.6,8.9
9395,105696,20260418,839,1,2,2,4,1,4.0,1.6,4.0,1.6,2.4
9396,105697,20260810,1302,4,22,1,2,1,9.5,3.6,9.5,3.6,5.9
9397,105697,20260810,1302,4,4,1,2,1,4.5,1.9,4.5,1.9,2.6
9398,105698,20260911,818,1,6,1,1,1,5.0,2.1,5.0,2.1,2.9
9399,105698,20260911,818,1,3,1,1,1,3.8,1.5,3.8,1.5,2.3
9400,105698,20260911,818,1,6,1,1,1,5.0,2.1,5.0,2.1,2.9
9401,105699,20260530,1705,2,25,1,1,1,8.5,3.2,8.5,3.2,5.3
9402,105699,20260530,1705,2,12,1,1,1,12.0,4.2,12.0,4.2,7.8
9403,105700,20260512,1302,3,15,1,1,1,11.0,4.0,11.0,4.0,7.0
9404,105701,20260718,1016,1,21,1,1,1,9.0,3.2,9.0,3.2,5.8
9405,105701,20260718,1016,1,1,1,1,1,3.5,1.4,3.5,1.4,2.1
9406,105701,20260718,1016,1,24,1,1,1,8.0,3.0,8.0,3.0,5.0
9407,105702,20260730,1013,1,18,1,4,1,5.0,1.8,5.0,1.8,3.2
9408,105702,20260730,1013,1,13,1,4,1,12.5,4.3,12.5,4.3,8.2
9409,105702,20260730,1013,1,4,1,4,1,4.5,1.9,4.5,1.9,2.6
9410,105703,20260613,1653,1,8,1,1,2,8.5,3.2,17.0,6.4,10.6
9411,105704,20260408,1014,2,19,2,1,1,5.5,2.0,5.5,2.0,3.5
9412,105705,20260609,1511,1,9,4,1,1,9.0,3.4,9.0,3.4,5.6
9413,105706,20260901,1325,3,21,1,2,1,9.0,3.2,9.0,3.2,5.8
9414,105707,20260710,1834,3,5,1,4,1,4.8,2.0,4.8,2.0,2.8
9415,105708,20260516,2118,2,16,1,3,1,11.5,4.1,11.5,4.1,7.4
9416,105708,20260516,2118,2,21,1,3,1,9.0,3.2,9.0,3.2,5.8
9417,105709,20260610,1105,1,9,1,2,2,9.0,3.4,18.0,6.8,11.2
9418,105709,20260610,1105,1,12,1,2,1,12.0,4.2,12.0,4.2,7.8
9419,105709,20260610,1105,1,4,1,2,1,4.5,1.9,4.5,1.9,2.6
9420,105710,20260829,755,4,6,1,1,1,5.0,2.1,5.0,2.1,2.9
9421,105711,20260324,841,4,7,2,2,2,4.3,1.8,8.6,3.6,5.0
9422,105712,20260716,1802,1,4,2,2,1,4.5,1.9,4.5,1.9,2.6
9423,105712,20260716,1802,1,6,2,2,2,5.0,2.1,10.0,4.2,5.8
9424,105713,20260426,1721,4,14,2,1,1,13.5,4.6,13.5,4.6,8.9
9425,105714,20260630,1836,4,12,1,3,1,12.0,4.2,12.0,4.2,7.8
9426,105714,20260630,1836,4,9,1,3,1,9.0,3.4,9.0,3.4,5.6
9427,105714,20260630,1836,4,8,1,3,1,8.5,3.2,8.5,3.2,5.3
9428,105715,20260705,1844,4,21,2,3,1,9.0,3.2,9.0,3.2,5.8
9429,105716,20260324,901,4,19,1,1,2,5.5,2.0,11.0,4.0,7.0
9430,105717,20260609,1938,4,9,1,4,1,9.0,3.4,9.0,3.4,5.6
9431,105718,20260428,1838,2,4,2,2,1,4.5,1.9,4.5,1.9,2.6
9432,105719,20260816,2006,1,7,2,1,1,4.3,1.8,4.3,1.8,2.5
9433,105719,20260816,2006,1,5,2,1,1,4.8,2.0,4.8,2.0,2.8
9434,105719,20260816,2006,1,13,2,1,1,12.5,4.3,12.5,4.3,8.2
9435,105720,20260424,1823,4,19,2,1,1,5.5,2.0,5.5,2.0,3.5
9436,105721,20260806,1637,3,23,1,2,1,9.0,3.4,9.0,3.4,5.6
9437,105722,20260827,1648,3,13,1,3,1,12.5,4.3,12.5,4.3,8.2
9438,105722,20260827,1648,3,10,1,3,1,8.0,3.0,8.0,3.0,5.0
9439,105723,20260418,918,4,17,1,1,1,4.5,1.6,4.5,1.6,2.9
9440,105723,20260418,918,4,20,1,1,1,6.5,2.4,6.5,2.4,4.1
9441,105724,20260608,1734,1,10,1,1,2,8.0,3.0,16.0,6.0,10.0
9442,105725,20260903,921,4,17,3,1,1,4.5,1.6,4.5,1.6,2.9
9443,105725,20260903,921,4,20,3,1,1,6.5,2.4,6.5,2.4,4.1
9444,105726,20260528,1732,4,13,3,1,1,12.5,4.3,12.5,4.3,8.2
9445,105727,20260409,1846,1,11,1,1,1,10.5,3.8,10.5,3.8,6.7
9446,105728,20260616,1103,2,14,1,4,1,13.5,4.6,13.5,4.6,8.9
9447,105728,20260616,1103,2,7,1,4,2,4.3,1.8,8.6,3.6,5.0
9448,105729,20260621,1750,3,11,2,4,1,10.5,3.8,10.5,3.8,6.7
9449,105729,20260621,1750,3,6,2,4,1,5.0,2.1,5.0,2.1,2.9
9450,105729,20260621,1750,3,5,2,4,1,4.8,2.0,4.8,2.0,2.8
9451,105730,20260527,1731,1,16,2,2,1,11.5,4.1,11.5,4.1,7.4
9452,105731,20260619,829,2,17,1,2,1,4.5,1.6,4.5,1.6,2.9
9453,105732,20260409,1922,4,19,2,3,1,5.5,2.0,5.5,2.0,3.5
9454,105733,20260616,1903,1,13,2,2,1,12.5,4.3,12.5,4.3,8.2
9455,105734,20260316,844,4,9,1,1,2,9.0,3.4,18.0,6.8,11.2
9456,105735,20260409,1837,3,13,2,3,2,12.5,4.3,25.0,8.6,16.4
9457,105736,20260321,851,2,20,2,1,2,6.5,2.4,13.0,4.8,8.2
9458,105737,20260327,1633,3,5,1,4,1,4.8,2.0,4.8,2.0,2.8
9459,105737,20260327,1633,3,13,1,4,1,12.5,4.3,12.5,4.3,8.2
9460,105737,20260327,1633,3,6,1,4,1,5.0,2.1,5.0,2.1,2.9
9461,105738,20260802,801,1,3,1,2,1,3.8,1.5,3.8,1.5,2.3
9462,105738,20260802,801,1,20,1,2,1,6.5,2.4,6.5,2.4,4.1
9463,105739,20260422,1403,1,25,2,1,1,8.5,3.2,8.5,3.2,5.3
9464,105740,20260525,2055,1,14,3,1,2,13.5,4.6,27.0,9.2,17.8
9465,105740,20260525,2055,1,2,3,1,1,4.0,1.6,4.0,1.6,2.4
9466,105741,20260810,1731,1,9,1,4,1,9.0,3.4,9.0,3.4,5.6
9467,105741,20260810,1731,1,9,1,4,1,9.0,3.4,9.0,3.4,5.6
9468,105741,20260810,1731,1,16,1,4,1,11.5,4.1,11.5,4.1,7.4
9469,105742,20260501,1859,2,10,1,3,1,8.0,3.0,8.0,3.0,5.0
9470,105742,20260501,1859,2,5,1,3,1,4.8,2.0,4.8,2.0,2.8
9471,105742,20260501,1859,2,8,1,3,1,8.5,3.2,8.5,3.2,5.3
9472,105743,20260906,1511,2,18,1,3,1,5.0,1.8,5.0,1.8,3.2
9473,105744,20260823,1836,1,11,2,4,1,10.5,3.8,10.5,3.8,6.7
9474,105745,20260717,1412,2,21,2,1,2,9.0,3.2,18.0,6.4,11.6
9475,105746,20260904,1212,2,5,1,1,1,4.8,2.0,4.8,2.0,2.8
9476,105746,20260904,1212,2,23,1,1,1,9.0,3.4,9.0,3.4,5.6
9477,105746,20260904,1212,2,8,1,1,1,8.5,3.2,8.5,3.2,5.3
9478,105747,20260415,1837,3,3,1,3,1,3.8,1.5,3.8,1.5,2.3
9479,105747,20260415,1837,3,6,1,3,1,5.0,2.1,5.0,2.1,2.9
9480,105748,20260726,948,4,6,1,4,1,5.0,2.1,5.0,2.1,2.9
9481,105749,20260619,1720,1,8,2,2,1,8.5,3.2,8.5,3.2,5.3
9482,105749,20260619,1720,1,14,2,2,1,13.5,4.6,13.5,4.6,8.9
9483,105750,20260415,1716,1,4,2,3,1,4.5,1.9,4.5,1.9,2.6
9484,105751,20260503,1222,4,8,4,2,1,8.5,3.2,8.5,3.2,5.3
9485,105751,20260503,1222,4,24,4,2,1,8.0,3.0,8.0,3.0,5.0
9486,105751,20260503,1222,4,10,4,2,1,8.0,3.0,8.0,3.0,5.0
9487,105752,20260904,1007,4,19,1,1,2,5.5,2.0,11.0,4.0,7.0
9488,105753,20260621,1712,2,13,2,3,1,12.5,4.3,12.5,4.3,8.2
9489,105754,20260612,1928,1,23,1,2,1,9.0,3.4,9.0,3.4,5.6
9490,105755,20260427,1227,3,23,1,4,1,9.0,3.4,9.0,3.4,5.6
9491,105755,20260427,1227,3,14,1,4,1,13.5,4.6,13.5,4.6,8.9
9492,105755,20260427,1227,3,18,1,4,1,5.0,1.8,5.0,1.8,3.2
9493,105756,20260510,1218,1,12,1,1,1,12.0,4.2,12.0,4.2,7.8
9494,105757,20260824,922,1,2,2,2,1,4.0,1.6,4.0,1.6,2.4
9495,105758,20260607,1902,2,13,3,1,1,12.5,4.3,12.5,4.3,8.2
9496,105759,20260731,1753,1,25,2,3,1,8.5,3.2,8.5,3.2,5.3
9497,105759,20260731,1753,1,14,2,3,1,13.5,4.6,13.5,4.6,8.9
9498,105760,20260607,912,1,13,2,1,1,12.5,4.3,12.5,4.3,8.2
9499,105760,20260607,912,1,17,2,1,1,4.5,1.6,4.5,1.6,2.9
9500,105761,20260701,846,2,2,1,1,1,4.0,1.6,4.0,1.6,2.4
9501,105762,20260510,1839,2,11,3,1,1,10.5,3.8,10.5,3.8,6.7
9502,105762,20260510,1839,2,17,3,1,1,4.5,1.6,4.5,1.6,2.9
9503,105762,20260510,1839,2,14,3,1,1,13.5,4.6,13.5,4.6,8.9
9504,105763,20260703,1704,1,20,1,3,1,6.5,2.4,6.5,2.4,4.1
9505,105764,20260417,911,4,9,1,1,1,9.0,3.4,9.0,3.4,5.6
9506,105765,20260724,1214,3,6,1,1,1,5.0,2.1,5.0,2.1,2.9
9507,105766,20260803,1827,1,15,3,1,1,11.0,4.0,11.0,4.0,7.0
9508,105766,20260803,1827,1,10,3,1,1,8.0,3.0,8.0,3.0,5.0
9509,105767,20260828,1730,4,3,1,1,1,3.8,1.5,3.8,1.5,2.3
9510,105767,20260828,1730,4,19,1,1,1,5.5,2.0,5.5,2.0,3.5
9511,105768,20260723,1644,1,9,3,3,1,9.0,3.4,9.0,3.4,5.6
9512,105769,20260730,1638,3,15,2,3,1,11.0,4.0,11.0,4.0,7.0
9513,105769,20260730,1638,3,19,2,3,1,5.5,2.0,5.5,2.0,3.5
9514,105770,20260501,820,1,18,1,3,1,5.0,1.8,5.0,1.8,3.2
9515,105771,20260708,1747,3,6,2,1,1,5.0,2.1,5.0,2.1,2.9
9516,105771,20260708,1747,3,15,2,1,2,11.0,4.0,22.0,8.0,14.0
9517,105772,20260611,1836,1,2,1,3,1,4.0,1.6,4.0,1.6,2.4
9518,105772,20260611,1836,1,13,1,3,1,12.5,4.3,12.5,4.3,8.2
9519,105773,20260701,1837,4,23,1,3,1,9.0,3.4,9.0,3.4,5.6
9520,105773,20260701,1837,4,10,1,3,1,8.0,3.0,8.0,3.0,5.0
9521,105774,20260730,1920,3,8,1,1,1,8.5,3.2,8.5,3.2,5.3
9522,105774,20260730,1920,3,13,1,1,1,12.5,4.3,12.5,4.3,8.2
9523,105775,20260331,1743,4,20,1,4,1,6.5,2.4,6.5,2.4,4.1
9524,105775,20260331,1743,4,18,1,4,2,5.0,1.8,10.0,3.6,6.4
9525,105775,20260331,1743,4,16,1,4,1,11.5,4.1,11.5,4.1,7.4
9526,105776,20260417,1225,3,19,1,1,1,5.5,2.0,5.5,2.0,3.5
9527,105777,20260718,935,1,11,1,4,2,10.5,3.8,21.0,7.6,13.4
9528,105778,20260902,1718,4,22,2,3,2,9.5,3.6,19.0,7.2,11.8
9529,105778,20260902,1718,4,15,2,3,1,11.0,4.0,11.0,4.0,7.0
9530,105778,20260902,1718,4,22,2,3,2,9.5,3.6,19.0,7.2,11.8
9531,105779,20260801,849,4,7,1,2,1,4.3,1.8,4.3,1.8,2.5
9532,105779,20260801,849,4,13,1,2,1,12.5,4.3,12.5,4.3,8.2
9533,105780,20260610,1400,4,6,1,3,1,5.0,2.1,5.0,2.1,2.9
9534,105780,20260610,1400,4,14,1,3,1,13.5,4.6,13.5,4.6,8.9
9535,105780,20260610,1400,4,19,1,3,1,5.5,2.0,5.5,2.0,3.5
9536,105781,20260406,1656,4,11,1,3,1,10.5,3.8,10.5,3.8,6.7
9537,105781,20260406,1656,4,8,1,3,1,8.5,3.2,8.5,3.2,5.3
9538,105781,20260406,1656,4,12,1,3,2,12.0,4.2,24.0,8.4,15.6
9539,105782,20260330,1743,4,1,1,1,1,3.5,1.4,3.5,1.4,2.1
9540,105783,20260616,1730,3,9,3,3,2,9.0,3.4,18.0,6.8,11.2
9541,105783,20260616,1730,3,6,3,3,1,5.0,2.1,5.0,2.1,2.9
9542,105784,20260417,1659,4,8,1,4,1,8.5,3.2,8.5,3.2,5.3
9543,105784,20260417,1659,4,12,1,4,1,12.0,4.2,12.0,4.2,7.8
9544,105785,20260423,1246,2,19,1,1,1,5.5,2.0,5.5,2.0,3.5
9545,105785,20260423,1246,2,4,1,1,1,4.5,1.9,4.5,1.9,2.6
9546,105785,20260423,1246,2,21,1,1,1,9.0,3.2,9.0,3.2,5.8
9547,105786,20260508,1906,3,3,1,4,2,3.8,1.5,7.6,3.0,4.6
9548,105786,20260508,1906,3,16,1,4,1,11.5,4.1,11.5,4.1,7.4
9549,105787,20260606,703,4,13,2,3,1,12.5,4.3,12.5,4.3,8.2
9550,105788,20260713,1851,2,10,2,1,1,8.0,3.0,8.0,3.0,5.0
9551,105789,20260626,1022,2,7,2,1,2,4.3,1.8,8.6,3.6,5.0
9552,105789,20260626,1022,2,25,2,1,1,8.5,3.2,8.5,3.2,5.3
9553,105789,20260626,1022,2,20,2,1,1,6.5,2.4,6.5,2.4,4.1
9554,105790,20260806,1331,3,9,2,1,1,9.0,3.4,9.0,3.4,5.6
9555,105790,20260806,1331,3,25,2,1,1,8.5,3.2,8.5,3.2,5.3
9556,105791,20260414,1825,3,11,1,3,1,10.5,3.8,10.5,3.8,6.7
9557,105791,20260414,1825,3,16,1,3,1,11.5,4.1,11.5,4.1,7.4
9558,105791,20260414,1825,3,15,1,3,2,11.0,4.0,22.0,8.0,14.0
9559,105792,20260731,857,3,1,4,1,2,3.5,1.4,7.0,2.8,4.2
9560,105792,20260731,857,3,17,4,1,2,4.5,1.6,9.0,3.2,5.8
9561,105793,20260609,933,4,6,2,1,1,5.0,2.1,5.0,2.1,2.9
9562,105793,20260609,933,4,3,2,1,1,3.8,1.5,3.8,1.5,2.3
9563,105794,20260827,1005,2,20,2,1,1,6.5,2.4,6.5,2.4,4.1
9564,105795,20260626,2155,1,3,1,1,1,3.8,1.5,3.8,1.5,2.3
9565,105795,20260626,2155,1,14,1,1,1,13.5,4.6,13.5,4.6,8.9
9566,105796,20260823,1153,4,15,2,1,1,11.0,4.0,11.0,4.0,7.0
9567,105796,20260823,1153,4,1,2,1,1,3.5,1.4,3.5,1.4,2.1
9568,105796,20260823,1153,4,6,2,1,1,5.0,2.1,5.0,2.1,2.9
9569,105797,20260912,812,3,17,4,1,1,4.5,1.6,4.5,1.6,2.9
9570,105798,20260910,1729,4,6,1,1,1,5.0,2.1,5.0,2.1,2.9
9571,105798,20260910,1729,4,10,1,1,1,8.0,3.0,8.0,3.0,5.0
9572,105799,20260324,1730,2,25,2,1,1,8.5,3.2,8.5,3.2,5.3
9573,105799,20260324,1730,2,12,2,1,1,12.0,4.2,12.0,4.2,7.8
9574,105800,20260816,917,2,4,1,3,2,4.5,1.9,9.0,3.8,5.2
9575,105800,20260816,917,2,21,1,3,1,9.0,3.2,9.0,3.2,5.8
9576,105800,20260816,917,2,6,1,3,1,5.0,2.1,5.0,2.1,2.9
9577,105801,20260427,1606,3,3,1,2,1,3.8,1.5,3.8,1.5,2.3
9578,105802,20260607,1838,1,1,1,4,1,3.5,1.4,3.5,1.4,2.1
9579,105802,20260607,1838,1,15,1,4,1,11.0,4.0,11.0,4.0,7.0
9580,105803,20260908,1214,1,7,2,1,1,4.3,1.8,4.3,1.8,2.5
9581,105804,20260819,709,3,5,1,2,1,4.8,2.0,4.8,2.0,2.8
9582,105805,20260812,1123,1,21,2,2,1,9.0,3.2,9.0,3.2,5.8
9583,105805,20260812,1123,1,5,2,2,2,4.8,2.0,9.6,4.0,5.6
9584,105806,20260418,1757,4,24,1,2,1,8.0,3.0,8.0,3.0,5.0
9585,105806,20260418,1757,4,9,1,2,1,9.0,3.4,9.0,3.4,5.6
9586,105807,20260802,2008,1,6,2,1,1,5.0,2.1,5.0,2.1,2.9
9587,105807,20260802,2008,1,5,2,1,1,4.8,2.0,4.8,2.0,2.8
9588,105808,20260629,1658,2,15,3,4,1,11.0,4.0,11.0,4.0,7.0
9589,105809,20260801,1234,1,11,1,1,1,10.5,3.8,10.5,3.8,6.7
9590,105809,20260801,1234,1,17,1,1,1,4.5,1.6,4.5,1.6,2.9
9591,105810,20260907,1655,4,15,1,2,1,11.0,4.0,11.0,4.0,7.0
9592,105811,20260325,1745,4,5,1,1,1,4.8,2.0,4.8,2.0,2.8
9593,105812,20260402,1306,4,9,1,2,1,9.0,3.4,9.0,3.4,5.6
9594,105813,20260412,1908,1,16,1,3,1,11.5,4.1,11.5,4.1,7.4
9595,105813,20260412,1908,1,5,1,3,1,4.8,2.0,4.8,2.0,2.8
9596,105814,20260318,857,3,1,1,2,2,3.5,1.4,7.0,2.8,4.2
9597,105815,20260914,1452,2,11,2,2,1,10.5,3.8,10.5,3.8,6.7
9598,105816,20260703,1905,2,17,1,1,1,4.5,1.6,4.5,1.6,2.9
9599,105817,20260417,931,3,3,2,2,2,3.8,1.5,7.6,3.0,4.6
9600,105818,20260321,1835,1,16,2,3,2,11.5,4.1,23.0,8.2,14.8
9601,105819,20260329,1649,4,15,2,3,1,11.0,4.0,11.0,4.0,7.0
9602,105819,20260329,1649,4,14,2,3,1,13.5,4.6,13.5,4.6,8.9
9603,105820,20260615,948,3,5,1,2,1,4.8,2.0,4.8,2.0,2.8
9604,105821,20260904,1700,1,10,2,1,1,8.0,3.0,8.0,3.0,5.0
9605,105821,20260904,1700,1,13,2,1,2,12.5,4.3,25.0,8.6,16.4
9606,105822,20260721,803,1,25,1,4,2,8.5,3.2,17.0,6.4,10.6
9607,105822,20260721,803,1,7,1,4,2,4.3,1.8,8.6,3.6,5.0
9608,105822,20260721,803,1,6,1,4,1,5.0,2.1,5.0,2.1,2.9
9609,105823,20260828,923,1,17,1,1,1,4.5,1.6,4.5,1.6,2.9
9610,105823,20260828,923,1,3,1,1,1,3.8,1.5,3.8,1.5,2.3
9611,105824,20260829,1804,4,12,1,4,1,12.0,4.2,12.0,4.2,7.8
9612,105824,20260829,1804,4,10,1,4,1,8.0,3.0,8.0,3.0,5.0
9613,105825,20260724,1423,1,20,1,2,1,6.5,2.4,6.5,2.4,4.1
9614,105825,20260724,1423,1,1,1,2,1,3.5,1.4,3.5,1.4,2.1
9615,105826,20260501,1353,4,16,1,1,2,11.5,4.1,23.0,8.2,14.8
9616,105826,20260501,1353,4,20,1,1,2,6.5,2.4,13.0,4.8,8.2
9617,105827,20260429,1523,4,3,1,3,1,3.8,1.5,3.8,1.5,2.3
9618,105827,20260429,1523,4,1,1,3,2,3.5,1.4,7.0,2.8,4.2
9619,105828,20260828,1014,3,17,1,1,2,4.5,1.6,9.0,3.2,5.8
9620,105828,20260828,1014,3,3,1,1,1,3.8,1.5,3.8,1.5,2.3
9621,105829,20260730,1754,3,20,1,1,1,6.5,2.4,6.5,2.4,4.1
9622,105830,20260417,1010,2,4,1,1,1,4.5,1.9,4.5,1.9,2.6
9623,105830,20260417,1010,2,20,1,1,1,6.5,2.4,6.5,2.4,4.1
9624,105831,20260821,1512,3,11,1,2,1,10.5,3.8,10.5,3.8,6.7
9625,105831,20260821,1512,3,17,1,2,1,4.5,1.6,4.5,1.6,2.9
9626,105832,20260905,945,2,20,1,1,1,6.5,2.4,6.5,2.4,4.1
9627,105833,20260408,1750,2,6,1,4,1,5.0,2.1,5.0,2.1,2.9
9628,105833,20260408,1750,2,11,1,4,1,10.5,3.8,10.5,3.8,6.7
9629,105834,20260316,1913,1,3,1,4,1,3.8,1.5,3.8,1.5,2.3
9630,105834,20260316,1913,1,9,1,4,1,9.0,3.4,9.0,3.4,5.6
9631,105835,20260418,915,2,24,1,1,2,8.0,3.0,16.0,6.0,10.0
9632,105835,20260418,915,2,9,1,1,2,9.0,3.4,18.0,6.8,11.2
9633,105836,20260820,1741,2,14,1,2,2,13.5,4.6,27.0,9.2,17.8
9634,105837,20260905,816,4,18,1,1,1,5.0,1.8,5.0,1.8,3.2
9635,105837,20260905,816,4,22,1,1,1,9.5,3.6,9.5,3.6,5.9
9636,105838,20260319,1742,1,11,1,4,1,10.5,3.8,10.5,3.8,6.7
9637,105838,20260319,1742,1,9,1,4,1,9.0,3.4,9.0,3.4,5.6
9638,105838,20260319,1742,1,7,1,4,1,4.3,1.8,4.3,1.8,2.5
9639,105839,20260816,1735,3,3,1,3,1,3.8,1.5,3.8,1.5,2.3
9640,105839,20260816,1735,3,5,1,3,1,4.8,2.0,4.8,2.0,2.8
9641,105839,20260816,1735,3,23,1,3,1,9.0,3.4,9.0,3.4,5.6
9642,105840,20260808,1659,4,12,4,2,1,12.0,4.2,12.0,4.2,7.8
9643,105841,20260418,1808,1,8,1,4,2,8.5,3.2,17.0,6.4,10.6
9644,105841,20260418,1808,1,19,1,4,1,5.5,2.0,5.5,2.0,3.5
9645,105842,20260512,1827,2,9,1,3,1,9.0,3.4,9.0,3.4,5.6
9646,105842,20260512,1827,2,15,1,3,1,11.0,4.0,11.0,4.0,7.0
9647,105842,20260512,1827,2,4,1,3,1,4.5,1.9,4.5,1.9,2.6
9648,105843,20260418,934,2,19,1,1,2,5.5,2.0,11.0,4.0,7.0
9649,105844,20260801,1926,1,6,1,3,2,5.0,2.1,10.0,4.2,5.8
9650,105845,20260821,1636,4,21,2,3,1,9.0,3.2,9.0,3.2,5.8
9651,105845,20260821,1636,4,8,2,3,1,8.5,3.2,8.5,3.2,5.3
9652,105846,20260804,940,1,2,2,1,1,4.0,1.6,4.0,1.6,2.4
9653,105846,20260804,940,1,7,2,1,1,4.3,1.8,4.3,1.8,2.5
9654,105847,20260613,1638,1,9,3,2,1,9.0,3.4,9.0,3.4,5.6
9655,105848,20260316,1701,3,2,3,3,1,4.0,1.6,4.0,1.6,2.4
9656,105849,20260712,1044,2,15,2,2,2,11.0,4.0,22.0,8.0,14.0
9657,105849,20260712,1044,2,18,2,2,1,5.0,1.8,5.0,1.8,3.2
9658,105850,20260515,848,1,17,1,2,1,4.5,1.6,4.5,1.6,2.9
9659,105851,20260807,1150,3,5,1,1,1,4.8,2.0,4.8,2.0,2.8
9660,105852,20260824,1910,3,10,1,3,1,8.0,3.0,8.0,3.0,5.0
9661,105853,20260627,1752,1,7,2,3,1,4.3,1.8,4.3,1.8,2.5
9662,105853,20260627,1752,1,8,2,3,1,8.5,3.2,8.5,3.2,5.3
9663,105854,20260520,1446,2,7,1,3,1,4.3,1.8,4.3,1.8,2.5
9664,105855,20260719,1640,2,16,1,3,2,11.5,4.1,23.0,8.2,14.8
9665,105856,20260828,1713,4,23,1,4,1,9.0,3.4,9.0,3.4,5.6
9666,105856,20260828,1713,4,24,1,4,1,8.0,3.0,8.0,3.0,5.0
9667,105856,20260828,1713,4,14,1,4,1,13.5,4.6,13.5,4.6,8.9
9668,105857,20260813,1459,4,5,1,1,1,4.8,2.0,4.8,2.0,2.8
9669,105858,20260727,1756,1,3,1,4,1,3.8,1.5,3.8,1.5,2.3
9670,105859,20260601,1633,2,14,1,3,1,13.5,4.6,13.5,4.6,8.9
9671,105859,20260601,1633,2,22,1,3,1,9.5,3.6,9.5,3.6,5.9
9672,105860,20260530,1413,3,23,2,3,1,9.0,3.4,9.0,3.4,5.6
9673,105861,20260421,827,2,5,1,1,1,4.8,2.0,4.8,2.0,2.8
9674,105861,20260421,827,2,7,1,1,2,4.3,1.8,8.6,3.6,5.0
9675,105862,20260506,1600,4,6,1,1,2,5.0,2.1,10.0,4.2,5.8
9676,105862,20260506,1600,4,9,1,1,2,9.0,3.4,18.0,6.8,11.2
9677,105862,20260506,1600,4,13,1,1,2,12.5,4.3,25.0,8.6,16.4
9678,105863,20260618,932,4,7,2,1,1,4.3,1.8,4.3,1.8,2.5
9679,105863,20260618,932,4,20,2,1,1,6.5,2.4,6.5,2.4,4.1
9680,105864,20260806,854,2,18,1,2,1,5.0,1.8,5.0,1.8,3.2
9681,105865,20260805,808,1,6,1,2,1,5.0,2.1,5.0,2.1,2.9
9682,105865,20260805,808,1,4,1,2,1,4.5,1.9,4.5,1.9,2.6
9683,105866,20260425,844,1,6,1,4,1,5.0,2.1,5.0,2.1,2.9
9684,105867,20260526,1633,4,8,1,3,1,8.5,3.2,8.5,3.2,5.3
9685,105868,20260803,827,3,6,1,1,1,5.0,2.1,5.0,2.1,2.9
9686,105869,20260720,1023,1,17,1,1,1,4.5,1.6,4.5,1.6,2.9
9687,105870,20260727,816,3,1,2,1,1,3.5,1.4,3.5,1.4,2.1
9688,105870,20260727,816,3,4,2,1,1,4.5,1.9,4.5,1.9,2.6
9689,105871,20260807,1029,4,7,2,1,1,4.3,1.8,4.3,1.8,2.5
9690,105871,20260807,1029,4,5,2,1,1,4.8,2.0,4.8,2.0,2.8
9691,105872,20260827,1614,2,7,1,4,1,4.3,1.8,4.3,1.8,2.5
9692,105873,20260731,909,2,21,1,3,1,9.0,3.2,9.0,3.2,5.8
9693,105874,20260319,914,4,1,1,4,2,3.5,1.4,7.0,2.8,4.2
9694,105874,20260319,914,4,5,1,4,1,4.8,2.0,4.8,2.0,2.8
9695,105874,20260319,914,4,25,1,4,1,8.5,3.2,8.5,3.2,5.3
9696,105875,20260501,1016,3,19,2,4,2,5.5,2.0,11.0,4.0,7.0
9697,105876,20260430,1634,1,15,1,1,1,11.0,4.0,11.0,4.0,7.0
9698,105877,20260725,836,2,24,2,1,1,8.0,3.0,8.0,3.0,5.0
9699,105877,20260725,836,2,17,2,1,1,4.5,1.6,4.5,1.6,2.9
9700,105878,20260423,1817,4,19,1,4,1,5.5,2.0,5.5,2.0,3.5
9701,105878,20260423,1817,4,10,1,4,1,8.0,3.0,8.0,3.0,5.0
9702,105879,20260502,1448,3,11,1,1,1,10.5,3.8,10.5,3.8,6.7
9703,105880,20260708,837,4,18,1,1,1,5.0,1.8,5.0,1.8,3.2
9704,105881,20260911,1858,3,3,3,1,1,3.8,1.5,3.8,1.5,2.3
9705,105881,20260911,1858,3,9,3,1,1,9.0,3.4,9.0,3.4,5.6
9706,105881,20260911,1858,3,9,3,1,1,9.0,3.4,9.0,3.4,5.6
9707,105882,20260826,1745,1,16,1,4,1,11.5,4.1,11.5,4.1,7.4
9708,105882,20260826,1745,1,14,1,4,1,13.5,4.6,13.5,4.6,8.9
9709,105883,20260430,940,4,10,1,2,2,8.0,3.0,16.0,6.0,10.0
9710,105883,20260430,940,4,1,1,2,1,3.5,1.4,3.5,1.4,2.1
9711,105884,20260517,1314,1,5,2,1,1,4.8,2.0,4.8,2.0,2.8
9712,105884,20260517,1314,1,20,2,1,2,6.5,2.4,13.0,4.8,8.2
9713,105884,20260517,1314,1,7,2,1,1,4.3,1.8,4.3,1.8,2.5
9714,105885,20260524,738,1,13,4,1,2,12.5,4.3,25.0,8.6,16.4
9715,105886,20260402,1841,1,9,3,1,1,9.0,3.4,9.0,3.4,5.6
9716,105886,20260402,1841,1,15,3,1,1,11.0,4.0,11.0,4.0,7.0
9717,105887,20260814,1740,4,4,2,3,1,4.5,1.9,4.5,1.9,2.6
9718,105888,20260728,811,3,3,1,2,1,3.8,1.5,3.8,1.5,2.3
9719,105889,20260421,1714,3,19,2,4,1,5.5,2.0,5.5,2.0,3.5
9720,105890,20260404,942,2,16,4,1,1,11.5,4.1,11.5,4.1,7.4
9721,105891,20260629,1813,2,9,3,3,1,9.0,3.4,9.0,3.4,5.6
9722,105891,20260629,1813,2,9,3,3,1,9.0,3.4,9.0,3.4,5.6
9723,105891,20260629,1813,2,8,3,3,1,8.5,3.2,8.5,3.2,5.3
9724,105892,20260809,849,2,3,4,1,2,3.8,1.5,7.6,3.0,4.6
9725,105892,20260809,849,2,3,4,1,2,3.8,1.5,7.6,3.0,4.6
9726,105893,20260316,1628,3,5,1,1,1,4.8,2.0,4.8,2.0,2.8
9727,105893,20260316,1628,3,16,1,1,1,11.5,4.1,11.5,4.1,7.4
9728,105894,20260320,1709,2,16,1,3,2,11.5,4.1,23.0,8.2,14.8
9729,105894,20260320,1709,2,6,1,3,1,5.0,2.1,5.0,2.1,2.9
9730,105895,20260523,1920,2,8,2,3,1,8.5,3.2,8.5,3.2,5.3
9731,105896,20260407,1347,4,18,1,3,1,5.0,1.8,5.0,1.8,3.2
9732,105897,20260530,2006,1,11,1,1,1,10.5,3.8,10.5,3.8,6.7
9733,105897,20260530,2006,1,6,1,1,1,5.0,2.1,5.0,2.1,2.9
9734,105898,20260911,1825,3,12,1,4,1,12.0,4.2,12.0,4.2,7.8
9735,105898,20260911,1825,3,19,1,4,1,5.5,2.0,5.5,2.0,3.5
9736,105898,20260911,1825,3,6,1,4,1,5.0,2.1,5.0,2.1,2.9
9737,105899,20260329,1716,4,12,1,1,1,12.0,4.2,12.0,4.2,7.8
9738,105900,20260430,1123,1,7,1,3,2,4.3,1.8,8.6,3.6,5.0
9739,105901,20260524,759,1,18,2,1,1,5.0,1.8,5.0,1.8,3.2
9740,105902,20260904,831,3,14,1,1,1,13.5,4.6,13.5,4.6,8.9
9741,105902,20260904,831,3,1,1,1,1,3.5,1.4,3.5,1.4,2.1
9742,105903,20260912,1740,4,24,1,4,1,8.0,3.0,8.0,3.0,5.0
9743,105903,20260912,1740,4,20,1,4,1,6.5,2.4,6.5,2.4,4.1
9744,105904,20260702,1324,1,15,1,1,1,11.0,4.0,11.0,4.0,7.0
9745,105904,20260702,1324,1,15,1,1,1,11.0,4.0,11.0,4.0,7.0
9746,105904,20260702,1324,1,11,1,1,1,10.5,3.8,10.5,3.8,6.7
9747,105905,20260326,1434,3,15,2,2,2,11.0,4.0,22.0,8.0,14.0
9748,105906,20260530,1802,3,16,2,1,1,11.5,4.1,11.5,4.1,7.4
9749,105907,20260605,1136,3,12,1,2,1,12.0,4.2,12.0,4.2,7.8
9750,105908,20260731,1036,1,10,1,2,1,8.0,3.0,8.0,3.0,5.0
9751,105909,20260730,1029,1,2,2,2,1,4.0,1.6,4.0,1.6,2.4
9752,105909,20260730,1029,1,7,2,2,1,4.3,1.8,4.3,1.8,2.5
9753,105909,20260730,1029,1,2,2,2,2,4.0,1.6,8.0,3.2,4.8
9754,105910,20260826,1832,1,8,1,1,1,8.5,3.2,8.5,3.2,5.3
9755,105910,20260826,1832,1,24,1,1,1,8.0,3.0,8.0,3.0,5.0
9756,105910,20260826,1832,1,14,1,1,1,13.5,4.6,13.5,4.6,8.9
9757,105911,20260320,2137,3,17,1,4,2,4.5,1.6,9.0,3.2,5.8
9758,105911,20260320,2137,3,21,1,4,2,9.0,3.2,18.0,6.4,11.6
9759,105912,20260503,1752,2,7,3,1,1,4.3,1.8,4.3,1.8,2.5
9760,105912,20260503,1752,2,12,3,1,1,12.0,4.2,12.0,4.2,7.8
9761,105913,20260315,906,4,4,2,1,1,4.5,1.9,4.5,1.9,2.6
9762,105914,20260420,2133,3,12,1,1,1,12.0,4.2,12.0,4.2,7.8
9763,105915,20260615,1131,1,8,2,1,1,8.5,3.2,8.5,3.2,5.3
9764,105916,20260715,1731,4,8,3,3,1,8.5,3.2,8.5,3.2,5.3
9765,105917,20260830,1352,2,15,3,1,1,11.0,4.0,11.0,4.0,7.0
9766,105918,20260322,1604,2,14,1,1,1,13.5,4.6,13.5,4.6,8.9
9767,105918,20260322,1604,2,23,1,1,1,9.0,3.4,9.0,3.4,5.6
9768,105919,20260829,1923,1,12,1,4,1,12.0,4.2,12.0,4.2,7.8
9769,105920,20260826,937,1,19,2,1,1,5.5,2.0,5.5,2.0,3.5
9770,105920,20260826,937,1,20,2,1,1,6.5,2.4,6.5,2.4,4.1
9771,105920,20260826,937,1,21,2,1,1,9.0,3.2,9.0,3.2,5.8
9772,105921,20260911,1841,2,15,2,1,1,11.0,4.0,11.0,4.0,7.0
9773,105921,20260911,1841,2,9,2,1,1,9.0,3.4,9.0,3.4,5.6
9774,105922,20260530,2133,1,9,1,1,1,9.0,3.4,9.0,3.4,5.6
9775,105922,20260530,2133,1,1,1,1,1,3.5,1.4,3.5,1.4,2.1
9776,105922,20260530,2133,1,8,1,1,1,8.5,3.2,8.5,3.2,5.3
9777,105923,20260506,1735,3,16,1,1,1,11.5,4.1,11.5,4.1,7.4
9778,105924,20260318,1635,3,15,1,1,1,11.0,4.0,11.0,4.0,7.0
9779,105925,20260421,1906,3,9,2,3,1,9.0,3.4,9.0,3.4,5.6
9780,105926,20260520,849,1,16,1,2,1,11.5,4.1,11.5,4.1,7.4
9781,105927,20260402,1752,3,7,2,1,1,4.3,1.8,4.3,1.8,2.5
9782,105927,20260402,1752,3,15,2,1,1,11.0,4.0,11.0,4.0,7.0
9783,105928,20260910,945,4,11,4,1,1,10.5,3.8,10.5,3.8,6.7
9784,105929,20260611,945,1,7,1,1,1,4.3,1.8,4.3,1.8,2.5
9785,105929,20260611,945,1,3,1,1,2,3.8,1.5,7.6,3.0,4.6
9786,105929,20260611,945,1,4,1,1,1,4.5,1.9,4.5,1.9,2.6
9787,105930,20260822,1702,1,8,2,4,2,8.5,3.2,17.0,6.4,10.6
9788,105930,20260822,1702,1,2,2,4,1,4.0,1.6,4.0,1.6,2.4
9789,105931,20260702,1340,3,14,2,1,1,13.5,4.6,13.5,4.6,8.9
9790,105932,20260912,1659,1,14,1,1,1,13.5,4.6,13.5,4.6,8.9
9791,105933,20260626,947,1,2,1,1,1,4.0,1.6,4.0,1.6,2.4
9792,105933,20260626,947,1,21,1,1,1,9.0,3.2,9.0,3.2,5.8
9793,105934,20260520,1839,4,16,1,3,1,11.5,4.1,11.5,4.1,7.4
9794,105934,20260520,1839,4,23,1,3,1,9.0,3.4,9.0,3.4,5.6
9795,105934,20260520,1839,4,20,1,3,1,6.5,2.4,6.5,2.4,4.1
9796,105935,20260902,1816,2,14,1,4,1,13.5,4.6,13.5,4.6,8.9
9797,105935,20260902,1816,2,14,1,4,1,13.5,4.6,13.5,4.6,8.9
9798,105935,20260902,1816,2,12,1,4,1,12.0,4.2,12.0,4.2,7.8
9799,105936,20260405,930,2,2,1,4,1,4.0,1.6,4.0,1.6,2.4
9800,105937,20260809,838,1,19,1,3,1,5.5,2.0,5.5,2.0,3.5
9801,105937,20260809,838,1,7,1,3,1,4.3,1.8,4.3,1.8,2.5
9802,105938,20260621,1841,3,10,1,4,1,8.0,3.0,8.0,3.0,5.0
9803,105938,20260621,1841,3,16,1,4,1,11.5,4.1,11.5,4.1,7.4
9804,105939,20260717,1415,1,6,1,1,1,5.0,2.1,5.0,2.1,2.9
9805,105939,20260717,1415,1,8,1,1,2,8.5,3.2,17.0,6.4,10.6
9806,105940,20260903,818,3,23,2,2,1,9.0,3.4,9.0,3.4,5.6
9807,105940,20260903,818,3,21,2,2,1,9.0,3.2,9.0,3.2,5.8
9808,105940,20260903,818,3,14,2,2,1,13.5,4.6,13.5,4.6,8.9
9809,105941,20260707,929,2,1,4,2,1,3.5,1.4,3.5,1.4,2.1
9810,105941,20260707,929,2,20,4,2,1,6.5,2.4,6.5,2.4,4.1
9811,105942,20260801,1822,2,21,2,4,1,9.0,3.2,9.0,3.2,5.8
9812,105942,20260801,1822,2,6,2,4,1,5.0,2.1,5.0,2.1,2.9
9813,105943,20260806,1320,4,21,1,1,1,9.0,3.2,9.0,3.2,5.8
9814,105943,20260806,1320,4,9,1,1,1,9.0,3.4,9.0,3.4,5.6
9815,105944,20260627,1923,3,13,2,3,2,12.5,4.3,25.0,8.6,16.4
9816,105944,20260627,1923,3,12,2,3,1,12.0,4.2,12.0,4.2,7.8
9817,105945,20260415,1636,3,6,2,1,1,5.0,2.1,5.0,2.1,2.9
9818,105945,20260415,1636,3,5,2,1,2,4.8,2.0,9.6,4.0,5.6
9819,105946,20260509,906,4,8,1,2,1,8.5,3.2,8.5,3.2,5.3
9820,105946,20260509,906,4,4,1,2,1,4.5,1.9,4.5,1.9,2.6
9821,105947,20260604,1651,3,16,1,2,1,11.5,4.1,11.5,4.1,7.4
9822,105948,20260423,944,3,5,1,1,1,4.8,2.0,4.8,2.0,2.8
9823,105949,20260520,839,1,21,4,1,1,9.0,3.2,9.0,3.2,5.8
9824,105949,20260520,839,1,3,4,1,1,3.8,1.5,3.8,1.5,2.3
9825,105950,20260711,744,2,12,1,1,1,12.0,4.2,12.0,4.2,7.8
9826,105951,20260503,1802,2,6,1,3,1,5.0,2.1,5.0,2.1,2.9
9827,105951,20260503,1802,2,16,1,3,1,11.5,4.1,11.5,4.1,7.4
9828,105952,20260410,804,2,4,1,3,1,4.5,1.9,4.5,1.9,2.6
9829,105952,20260410,804,2,23,1,3,1,9.0,3.4,9.0,3.4,5.6
9830,105953,20260630,1720,3,20,1,2,2,6.5,2.4,13.0,4.8,8.2
9831,105954,20260414,1502,2,15,2,1,1,11.0,4.0,11.0,4.0,7.0
9832,105955,20260904,1758,2,13,1,1,1,12.5,4.3,12.5,4.3,8.2
9833,105956,20260507,2000,1,17,1,1,2,4.5,1.6,9.0,3.2,5.8
9834,105957,20260405,1552,3,12,1,2,1,12.0,4.2,12.0,4.2,7.8
9835,105958,20260711,703,2,5,1,1,1,4.8,2.0,4.8,2.0,2.8
9836,105958,20260711,703,2,4,1,1,1,4.5,1.9,4.5,1.9,2.6
9837,105959,20260522,1001,1,1,1,1,1,3.5,1.4,3.5,1.4,2.1
9838,105960,20260806,1456,1,18,4,1,1,5.0,1.8,5.0,1.8,3.2
9839,105961,20260810,912,3,7,2,1,2,4.3,1.8,8.6,3.6,5.0
9840,105961,20260810,912,3,21,2,1,1,9.0,3.2,9.0,3.2,5.8
9841,105962,20260615,1925,4,10,2,1,1,8.0,3.0,8.0,3.0,5.0
9842,105963,20260406,1007,2,20,2,2,1,6.5,2.4,6.5,2.4,4.1
9843,105963,20260406,1007,2,5,2,2,1,4.8,2.0,4.8,2.0,2.8
9844,105964,20260423,857,4,5,1,2,1,4.8,2.0,4.8,2.0,2.8
9845,105964,20260423,857,4,2,1,2,2,4.0,1.6,8.0,3.2,4.8
9846,105965,20260330,1103,4,14,1,1,1,13.5,4.6,13.5,4.6,8.9
9847,105965,20260330,1103,4,6,1,1,1,5.0,2.1,5.0,2.1,2.9
9848,105965,20260330,1103,4,6,1,1,1,5.0,2.1,5.0,2.1,2.9
9849,105966,20260705,847,4,8,2,2,1,8.5,3.2,8.5,3.2,5.3
9850,105966,20260705,847,4,14,2,2,1,13.5,4.6,13.5,4.6,8.9
9851,105967,20260408,941,2,10,1,2,1,8.0,3.0,8.0,3.0,5.0
9852,105967,20260408,941,2,14,1,2,1,13.5,4.6,13.5,4.6,8.9
9853,105967,20260408,941,2,19,1,2,1,5.5,2.0,5.5,2.0,3.5
9854,105968,20260701,1644,1,18,1,1,2,5.0,1.8,10.0,3.6,6.4
9855,105968,20260701,1644,1,11,1,1,1,10.5,3.8,10.5,3.8,6.7
9856,105969,20260807,1750,2,10,1,2,1,8.0,3.0,8.0,3.0,5.0
9857,105969,20260807,1750,2,13,1,2,1,12.5,4.3,12.5,4.3,8.2
9858,105970,20260505,2004,1,21,1,3,1,9.0,3.2,9.0,3.2,5.8
9859,105970,20260505,2004,1,11,1,3,2,10.5,3.8,21.0,7.6,13.4
9860,105970,20260505,2004,1,5,1,3,1,4.8,2.0,4.8,2.0,2.8
9861,105971,20260902,1027,2,6,1,1,1,5.0,2.1,5.0,2.1,2.9
9862,105971,20260902,1027,2,17,1,1,1,4.5,1.6,4.5,1.6,2.9
9863,105972,20260902,936,2,15,1,1,1,11.0,4.0,11.0,4.0,7.0
9864,105972,20260902,936,2,17,1,1,1,4.5,1.6,4.5,1.6,2.9
9865,105973,20260523,1747,1,12,1,1,1,12.0,4.2,12.0,4.2,7.8
9866,105973,20260523,1747,1,12,1,1,1,12.0,4.2,12.0,4.2,7.8
9867,105974,20260813,1713,3,24,1,1,1,8.0,3.0,8.0,3.0,5.0
9868,105974,20260813,1713,3,25,1,1,1,8.5,3.2,8.5,3.2,5.3
9869,105975,20260402,1655,2,20,2,1,1,6.5,2.4,6.5,2.4,4.1
9870,105975,20260402,1655,2,22,2,1,1,9.5,3.6,9.5,3.6,5.9
9871,105976,20260426,1745,4,14,1,2,1,13.5,4.6,13.5,4.6,8.9
9872,105977,20260905,1651,3,9,4,3,1,9.0,3.4,9.0,3.4,5.6
9873,105978,20260626,1531,2,20,1,2,1,6.5,2.4,6.5,2.4,4.1
9874,105978,20260626,1531,2,13,1,2,1,12.5,4.3,12.5,4.3,8.2
9875,105978,20260626,1531,2,6,1,2,1,5.0,2.1,5.0,2.1,2.9
9876,105979,20260831,1219,3,14,2,2,1,13.5,4.6,13.5,4.6,8.9
9877,105980,20260825,1015,1,18,1,1,2,5.0,1.8,10.0,3.6,6.4
9878,105980,20260825,1015,1,6,1,1,1,5.0,2.1,5.0,2.1,2.9
9879,105981,20260813,915,2,4,4,1,1,4.5,1.9,4.5,1.9,2.6
9880,105981,20260813,915,2,6,4,1,2,5.0,2.1,10.0,4.2,5.8
9881,105982,20260727,849,1,3,1,4,1,3.8,1.5,3.8,1.5,2.3
9882,105983,20260531,1726,1,14,1,4,1,13.5,4.6,13.5,4.6,8.9
9883,105984,20260912,921,2,18,2,1,1,5.0,1.8,5.0,1.8,3.2
9884,105985,20260421,1652,4,9,1,3,1,9.0,3.4,9.0,3.4,5.6
9885,105985,20260421,1652,4,24,1,3,1,8.0,3.0,8.0,3.0,5.0
9886,105986,20260814,941,4,21,1,2,1,9.0,3.2,9.0,3.2,5.8
9887,105986,20260814,941,4,20,1,2,1,6.5,2.4,6.5,2.4,4.1
9888,105987,20260706,848,2,19,2,2,1,5.5,2.0,5.5,2.0,3.5
9889,105988,20260912,1817,1,22,2,2,1,9.5,3.6,9.5,3.6,5.9
9890,105988,20260912,1817,1,12,2,2,1,12.0,4.2,12.0,4.2,7.8
9891,105989,20260723,1630,3,10,2,4,1,8.0,3.0,8.0,3.0,5.0
9892,105989,20260723,1630,3,16,2,4,1,11.5,4.1,11.5,4.1,7.4
9893,105990,20260719,1848,4,2,1,1,2,4.0,1.6,8.0,3.2,4.8
9894,105990,20260719,1848,4,21,1,1,2,9.0,3.2,18.0,6.4,11.6
9895,105991,20260805,1151,1,19,2,1,1,5.5,2.0,5.5,2.0,3.5
9896,105992,20260531,948,2,18,1,2,1,5.0,1.8,5.0,1.8,3.2
9897,105992,20260531,948,2,5,1,2,1,4.8,2.0,4.8,2.0,2.8
9898,105993,20260321,1248,2,8,2,1,1,8.5,3.2,8.5,3.2,5.3
9899,105994,20260501,1241,4,16,1,3,1,11.5,4.1,11.5,4.1,7.4
9900,105995,20260612,1752,2,2,2,1,1,4.0,1.6,4.0,1.6,2.4
9901,105995,20260612,1752,2,13,2,1,1,12.5,4.3,12.5,4.3,8.2
9902,105996,20260429,1041,2,16,1,1,2,11.5,4.1,23.0,8.2,14.8
9903,105996,20260429,1041,2,6,1,1,1,5.0,2.1,5.0,2.1,2.9
9904,105997,20260504,1732,2,15,1,1,1,11.0,4.0,11.0,4.0,7.0
9905,105997,20260504,1732,2,12,1,1,2,12.0,4.2,24.0,8.4,15.6
9906,105998,20260820,1434,1,10,2,1,1,8.0,3.0,8.0,3.0,5.0
9907,105998,20260820,1434,1,3,2,1,1,3.8,1.5,3.8,1.5,2.3
9908,105999,20260703,1740,1,21,2,3,1,9.0,3.2,9.0,3.2,5.8
9909,105999,20260703,1740,1,9,2,3,1,9.0,3.4,9.0,3.4,5.6
9910,106000,20260901,943,2,7,3,1,1,4.3,1.8,4.3,1.8,2.5
9911,106000,20260901,943,2,7,3,1,1,4.3,1.8,4.3,1.8,2.5
9912,106001,20260327,1115,2,18,1,1,1,5.0,1.8,5.0,1.8,3.2
9913,106002,20260520,1356,2,25,2,1,1,8.5,3.2,8.5,3.2,5.3
9914,106002,20260520,1356,2,15,2,1,1,11.0,4.0,11.0,4.0,7.0
9915,106003,20260804,1639,3,3,4,4,1,3.8,1.5,3.8,1.5,2.3
9916,106004,20260715,2156,1,23,1,1,1,9.0,3.4,9.0,3.4,5.6
9917,106005,20260828,1838,2,12,1,3,1,12.0,4.2,12.0,4.2,7.8
9918,106006,20260702,828,2,5,1,1,2,4.8,2.0,9.6,4.0,5.6
9919,106007,20260909,1522,1,12,1,4,2,12.0,4.2,24.0,8.4,15.6
9920,106008,20260525,1830,1,17,1,3,1,4.5,1.6,4.5,1.6,2.9
9921,106009,20260620,1647,3,23,1,1,1,9.0,3.4,9.0,3.4,5.6
9922,106009,20260620,1647,3,9,1,1,1,9.0,3.4,9.0,3.4,5.6
9923,106010,20260516,1803,1,14,2,1,1,13.5,4.6,13.5,4.6,8.9
9924,106010,20260516,1803,1,8,2,1,1,8.5,3.2,8.5,3.2,5.3
9925,106010,20260516,1803,1,11,2,1,1,10.5,3.8,10.5,3.8,6.7
9926,106011,20260704,2019,1,1,2,1,1,3.5,1.4,3.5,1.4,2.1
9927,106012,20260324,1655,2,4,1,3,1,4.5,1.9,4.5,1.9,2.6
9928,106013,20260731,1859,4,13,1,3,1,12.5,4.3,12.5,4.3,8.2
9929,106014,20260318,1855,1,15,3,2,1,11.0,4.0,11.0,4.0,7.0
9930,106015,20260802,1907,1,20,3,3,1,6.5,2.4,6.5,2.4,4.1
9931,106016,20260517,930,2,3,3,1,1,3.8,1.5,3.8,1.5,2.3
9932,106016,20260517,930,2,2,3,1,1,4.0,1.6,4.0,1.6,2.4
9933,106016,20260517,930,2,3,3,1,1,3.8,1.5,3.8,1.5,2.3
9934,106017,20260509,1301,3,5,1,1,1,4.8,2.0,4.8,2.0,2.8
9935,106018,20260515,1104,1,21,4,4,1,9.0,3.2,9.0,3.2,5.8
9936,106019,20260621,1759,1,23,1,1,1,9.0,3.4,9.0,3.4,5.6
9937,106019,20260621,1759,1,13,1,1,1,12.5,4.3,12.5,4.3,8.2
9938,106020,20260321,834,3,18,1,1,1,5.0,1.8,5.0,1.8,3.2
9939,106020,20260321,834,3,5,1,1,1,4.8,2.0,4.8,2.0,2.8
9940,106020,20260321,834,3,1,1,1,1,3.5,1.4,3.5,1.4,2.1
9941,106021,20260619,1534,3,2,1,3,1,4.0,1.6,4.0,1.6,2.4
9942,106022,20260626,830,3,1,1,3,1,3.5,1.4,3.5,1.4,2.1
9943,106023,20260607,1030,3,15,2,2,1,11.0,4.0,11.0,4.0,7.0
9944,106023,20260607,1030,3,3,2,2,2,3.8,1.5,7.6,3.0,4.6
9945,106024,20260519,1719,1,9,1,3,1,9.0,3.4,9.0,3.4,5.6
9946,106024,20260519,1719,1,3,1,3,1,3.8,1.5,3.8,1.5,2.3
9947,106025,20260622,1907,1,14,1,4,1,13.5,4.6,13.5,4.6,8.9
9948,106025,20260622,1907,1,4,1,4,1,4.5,1.9,4.5,1.9,2.6
9949,106025,20260622,1907,1,23,1,4,1,9.0,3.4,9.0,3.4,5.6
9950,106026,20260713,1724,1,3,1,4,1,3.8,1.5,3.8,1.5,2.3
9951,106027,20260627,1404,2,1,1,4,1,3.5,1.4,3.5,1.4,2.1
9952,106028,20260714,952,2,18,2,1,1,5.0,1.8,5.0,1.8,3.2
9953,106029,20260419,1935,1,2,1,1,1,4.0,1.6,4.0,1.6,2.4
9954,106030,20260616,1010,2,1,2,1,1,3.5,1.4,3.5,1.4,2.1
9955,106030,20260616,1010,2,12,2,1,1,12.0,4.2,12.0,4.2,7.8
9956,106031,20260711,1006,4,1,2,1,1,3.5,1.4,3.5,1.4,2.1
9957,106032,20260418,2049,3,7,1,3,2,4.3,1.8,8.6,3.6,5.0
9958,106033,20260330,730,2,5,1,1,1,4.8,2.0,4.8,2.0,2.8
9959,106034,20260721,1814,4,3,1,1,1,3.8,1.5,3.8,1.5,2.3
9960,106034,20260721,1814,4,21,1,1,2,9.0,3.2,18.0,6.4,11.6
9961,106035,20260517,2110,3,9,2,1,1,9.0,3.4,9.0,3.4,5.6
9962,106036,20260604,1652,3,14,2,3,1,13.5,4.6,13.5,4.6,8.9
9963,106036,20260604,1652,3,21,2,3,1,9.0,3.2,9.0,3.2,5.8
9964,106037,20260802,946,3,21,1,1,1,9.0,3.2,9.0,3.2,5.8
9965,106037,20260802,946,3,25,1,1,1,8.5,3.2,8.5,3.2,5.3
9966,106038,20260419,900,1,7,4,2,1,4.3,1.8,4.3,1.8,2.5
9967,106039,20260731,1024,2,8,1,1,1,8.5,3.2,8.5,3.2,5.3
9968,106040,20260530,1846,3,8,1,1,1,8.5,3.2,8.5,3.2,5.3
9969,106041,20260814,734,1,6,1,3,1,5.0,2.1,5.0,2.1,2.9
9970,106042,20260806,1734,3,2,1,1,1,4.0,1.6,4.0,1.6,2.4
9971,106043,20260523,2143,1,4,1,1,1,4.5,1.9,4.5,1.9,2.6
9972,106043,20260523,2143,1,11,1,1,1,10.5,3.8,10.5,3.8,6.7
9973,106043,20260523,2143,1,2,1,1,1,4.0,1.6,4.0,1.6,2.4
9974,106044,20260726,830,1,4,1,1,1,4.5,1.9,4.5,1.9,2.6
9975,106045,20260902,1717,1,3,1,4,1,3.8,1.5,3.8,1.5,2.3
9976,106046,20260427,1641,4,14,1,1,1,13.5,4.6,13.5,4.6,8.9
9977,106047,20260503,1100,2,11,1,1,1,10.5,3.8,10.5,3.8,6.7
9978,106047,20260503,1100,2,4,1,1,1,4.5,1.9,4.5,1.9,2.6
9979,106047,20260503,1100,2,15,1,1,1,11.0,4.0,11.0,4.0,7.0
9980,106048,20260527,708,1,15,2,1,1,11.0,4.0,11.0,4.0,7.0
9981,106049,20260713,913,3,1,2,2,1,3.5,1.4,3.5,1.4,2.1
9982,106049,20260713,913,3,2,2,2,1,4.0,1.6,4.0,1.6,2.4
9983,106049,20260713,913,3,3,2,2,2,3.8,1.5,7.6,3.0,4.6
9984,106050,20260416,1658,1,14,2,4,1,13.5,4.6,13.5,4.6,8.9
9985,106050,20260416,1658,1,13,2,4,1,12.5,4.3,12.5,4.3,8.2
9986,106051,20260511,1632,1,9,2,4,1,9.0,3.4,9.0,3.4,5.6
9987,106052,20260328,1914,1,14,1,4,1,13.5,4.6,13.5,4.6,8.9
9988,106052,20260328,1914,1,23,1,4,1,9.0,3.4,9.0,3.4,5.6
9989,106053,20260907,1817,1,9,1,4,1,9.0,3.4,9.0,3.4,5.6
9990,106053,20260907,1817,1,15,1,4,2,11.0,4.0,22.0,8.0,14.0
9991,106054,20260602,1858,1,13,4,1,1,12.5,4.3,12.5,4.3,8.2
9992,106054,20260602,1858,1,14,4,1,1,13.5,4.6,13.5,4.6,8.9
9993,106055,20260525,827,1,2,2,4,2,4.0,1.6,8.0,3.2,4.8
9994,106056,20260503,915,4,5,3,4,1,4.8,2.0,4.8,2.0,2.8
9995,106056,20260503,915,4,19,3,4,1,5.5,2.0,5.5,2.0,3.5
9996,106056,20260503,915,4,5,3,4,1,4.8,2.0,4.8,2.0,2.8
9997,106057,20260411,836,1,20,1,1,1,6.5,2.4,6.5,2.4,4.1
9998,106057,20260411,836,1,8,1,1,1,8.5,3.2,8.5,3.2,5.3
9999,106058,20260420,914,3,2,4,2,1,4.0,1.6,4.0,1.6,2.4
10000,106058,20260420,914,3,6,4,2,1,5.0,2.1,5.0,2.1,2.9
